cycle,ambient_temperature,capacity,voltage_measured,current_measured,temperature_measured,current_load,voltage_load,time,RUL
1,24,1.847011162956716,4.006175033569777,-0.0010517259941501,31.087455248297665,0.0004,3.995,408.829,27
1,24,1.847011162956716,3.5560187814233792,-4.026331157911664,31.13362487352937,3.996,1.67,418.766,27
1,24,1.847011162956716,4.000765665327166,0.0004148389619958,31.245238372807894,0.0004,3.99,428.735,27
1,24,1.847011162956716,3.55196044607364,-4.024614621384827,31.29693666311433,3.996,1.666,438.735,27
1,24,1.847011162956716,3.99525949279041,-0.0016830650185732,31.410541660405368,0.0004,3.986,448.704,27
1,24,1.847011162956716,3.548054056084547,-4.024297824543902,31.466991402638595,3.996,1.663,458.657,27
1,24,1.847011162956716,3.98995781165253,-0.0010085027719278,31.599668511771117,0.0004,3.98,468.594,27
1,24,1.847011162956716,3.5441406994004843,-4.023465367029278,31.643657529822768,3.996,1.657,478.532,27
1,24,1.847011162956716,4.029194782623415,-0.0009437665224838,30.35353705119947,0.0004,4.018,329.11,27
1,24,1.847011162956716,3.5724974469698805,-4.026410161392101,30.436836461212906,3.996,1.685,339.079,27
1,24,1.847011162956716,4.023393540537055,0.0002954059914284,30.559364610734733,0.0004,4.013,349.079,27
1,24,1.847011162956716,3.568293108191776,-4.0255179405035575,30.631413157150444,3.996,1.682,359.032,27
1,24,1.847011162956716,4.01737281554123,-0.0002492316510397,30.740790497877374,0.0004,4.007,368.969,27
1,24,1.847011162956716,3.5641431420576635,-4.024124589543825,30.821220378878937,3.996,1.678,378.922,27
1,24,1.847011162956716,4.011744672884936,0.0005130598761201,30.911397573708072,0.0004,4.001,388.86,27
1,24,1.847011162956716,3.559923395848376,-4.024730594470039,30.99157815978728,3.996,1.672,398.875,27
1,24,1.847011162956716,4.054581003444061,0.0031927169445259,29.5677621218688,0.0004,4.044,249.204,27
1,24,1.847011162956716,3.5908488052156704,-4.026608940543546,29.65052277953189,3.996,1.702,259.172,27
1,24,1.847011162956716,4.047961853771934,-2.662774025805775e-05,29.76948282384268,0.0004,4.037,269.219,27
1,24,1.847011162956716,3.5860447628225773,-4.02570888073405,29.855889931425043,3.996,1.696,279.141,27
1,24,1.847011162956716,4.041481015337419,-0.0007448654363136,29.967221732114577,0.0004,4.03,289.079,27
1,24,1.847011162956716,3.5813118392147283,-4.027112772161667,30.05258817709248,3.996,1.692,299.032,27
1,24,1.847011162956716,4.035226022247745,-0.0004011991223171,30.17536942055314,0.0004,4.025,309.094,27
1,24,1.847011162956716,3.5765331126890967,-4.0245100897410655,30.250940705302416,3.996,1.687,319.11,27
1,24,1.847011162956716,3.352761793462916,-4.025083043243402,35.30542830630746,3.996,1.479,1475.75,27
1,24,1.847011162956716,3.614100867931631,-4.0248497037816975,28.759125966509867,3.996,1.719,179.36,27
1,24,1.847011162956716,4.076076968866088,-0.0021708671492848,28.894748963612823,0.0004,4.067,189.313,27
1,24,1.847011162956716,3.607613072030228,-4.025215838333531,28.986472096963247,3.996,1.714,199.282,27
1,24,1.847011162956716,4.068662398075191,0.0001279881223691,29.11650896505688,0.0004,4.059,209.235,27
1,24,1.847011162956716,3.6011948681091166,-4.026278230450389,29.21005266381685,3.996,1.708,219.282,27
1,24,1.847011162956716,4.061596997898258,0.0009336154704751,29.34086243498328,0.0004,4.052,229.266,27
1,24,1.847011162956716,3.5959314035315044,-4.026231426704955,29.42714025705266,3.996,1.705,239.266,27
1,24,1.847011162956716,3.3462032711774405,-4.025314845426499,35.386552589802164,3.996,1.473,1515.797,27
1,24,1.847011162956716,3.763844929098503,-0.0002295205348529,35.44862814208322,0.0004,3.756,1525.766,27
1,24,1.847011162956716,3.342993504976892,-4.023998810420511,35.43766429560135,3.996,1.471,1535.782,27
1,24,1.847011162956716,3.7605809623604025,-0.0005842370514855,35.47495868928305,0.0004,3.754,1545.75,27
1,24,1.847011162956716,3.339511383375781,-4.023974259973716,35.437286939198806,3.996,1.468,1555.719,27
1,24,1.847011162956716,3.756964160453693,-0.0004143576085549,35.508147043974134,0.0004,3.75,1565.641,27
1,24,1.847011162956716,3.336275102101068,-4.024649247878116,35.51170875383871,3.996,1.463,1575.657,27
1,24,1.847011162956716,3.754012180977508,-0.0023404545388242,35.55814766691009,0.0004,3.746,1585.625,27
1,24,1.847011162956716,3.478607239118971,-4.025639787848657,33.40630876685374,3.996,1.594,797.5,27
1,24,1.847011162956716,3.905490929102264,-0.0015217288612429,33.49653687281561,0.0004,3.897,807.5,27
1,24,1.847011162956716,3.474696354898521,-4.024534178478062,33.51300892022742,3.996,1.589,817.516,27
1,24,1.847011162956716,3.9008127956304697,-0.000889581317799,33.60058546215446,0.0004,3.893,827.438,27
1,24,1.847011162956716,3.470623700521963,-4.025773927386347,33.56976485605414,3.996,1.586,837.375,27
1,24,1.847011162956716,3.770664713955543,-0.0013215680383597,35.36650782479673,0.0004,3.763,1485.672,27
1,24,1.847011162956716,3.34898074184969,-4.025428154823614,35.33079144099191,3.996,1.476,1495.75,27
1,24,1.847011162956716,3.7673727552699465,-0.0008885043413572,35.37306643337104,0.0004,3.76,1505.844,27
1,24,1.847011162956716,3.663663398911116,-4.0256194758440165,27.47107058635712,3.996,1.762,79.344,27
1,24,1.847011162956716,4.120950582506464,-0.0013469950147198,27.634188682888357,0.0004,4.116,89.375,27
1,24,1.847011162956716,3.6500013507798834,-4.025803339522865,27.747896052906533,3.996,1.752,99.391,27
1,24,1.847011162956716,4.110325241843474,-0.0002743411887083,27.903911854531053,0.0004,4.103,109.422,27
1,24,1.847011162956716,3.487249542282168,-4.024327693805546,33.205125460848514,3.996,1.601,757.641,27
1,24,1.847011162956716,3.914465584176853,-0.0005635527594931,33.35014554210636,0.0004,3.906,767.579,27
1,24,1.847011162956716,3.482766403902249,-4.026871170613957,33.36563603721691,3.996,1.597,777.594,27
1,24,1.847011162956716,3.909900742528209,0.000165806007177,33.36210693579392,0.0004,3.901,787.532,27
1,24,1.847011162956716,3.9847018251275776,-0.001410924674683,31.75943137797177,0.0004,3.974,488.532,27
1,24,1.847011162956716,4.196965327364252,-0.0003889979488141,26.503791065076168,0.0004,4.212,9.36,27
1,24,1.847011162956716,3.728471012532279,-4.025040955407335,26.58547328908521,3.996,1.806,19.547,27
1,24,1.847011162956716,4.1661026353693655,-0.0020777911606234,26.76021315418967,0.0004,4.168,29.5,27
1,24,1.847011162956716,3.700859788517792,-4.025401735537931,26.88881088235775,3.996,1.792,39.469,27
1,24,1.847011162956716,4.147485522833674,0.0005452480814731,27.064287205391555,0.0004,4.146,49.375,27
1,24,1.847011162956716,3.679868964077493,-4.026141920823944,27.19333031741948,3.996,1.774,59.407,27
1,24,1.847011162956716,4.132849954695282,0.0010524327957412,27.35650907421728,0.0004,4.129,69.375,27
1,24,1.847011162956716,3.257547923943314,-4.025238889146293,36.70383287882344,3.996,1.387,2154.688,27
1,24,1.847011162956716,3.677910077076643,0.0010038807176905,36.80889624609314,0.0004,3.672,2164.641,27
1,24,1.847011162956716,3.2549582908733665,-4.02610187025547,36.76915395816916,3.996,1.382,2174.688,27
1,24,1.847011162956716,3.676071282927994,-0.0002454371892567,36.82887348144305,0.0004,3.668,2184.657,27
1,24,1.847011162956716,3.252797506546232,-4.026700960363382,36.85266819581456,3.996,1.381,2194.688,27
1,24,1.847011162956716,3.673684337996359,-0.0013360925812192,36.86636383254523,0.0004,3.667,2204.61,27
1,24,1.847011162956716,3.250965431422732,-4.0262463569397005,36.893331631416736,3.996,1.38,2214.563,27
1,24,1.847011162956716,3.6721137387604426,-0.0013709847731101,36.8884267045789,0.0004,3.665,2224.594,27
1,24,1.847011162956716,3.266358635399365,-4.024036087188267,36.556448211654455,3.996,1.395,2074.985,27
1,24,1.847011162956716,3.685930913919259,-0.0001647679086957,36.57173532811409,0.0004,3.68,2084.938,27
1,24,1.847011162956716,3.26391734835489,-4.0247672684706925,36.59432503208381,3.996,1.393,2094.954,27
1,24,1.847011162956716,3.6837361694513295,-0.0016544427293891,36.66406920499329,0.0004,3.676,2104.891,27
1,24,1.847011162956716,3.261876397353513,-4.026082525111992,36.67200322665578,3.996,1.389,2114.844,27
1,24,1.847011162956716,3.681883211544229,-0.0007997150601352,36.67442843336261,0.0004,3.674,2124.813,27
1,24,1.847011162956716,3.259702573121889,-4.025316043544908,36.71460635275277,3.996,1.388,2134.782,27
1,24,1.847011162956716,3.6799536448839807,0.0006121278441963,36.69241541226543,0.0004,3.674,2144.75,27
1,24,1.847011162956716,3.275661562679965,-4.027266072176434,36.40485272140183,3.996,1.405,1995.11,27
1,24,1.847011162956716,3.694734681661165,-0.0015569099711929,36.50573674620398,0.0004,3.687,2005.125,27
1,24,1.847011162956716,3.2733866158957285,-4.024535629002847,36.45087446288643,3.996,1.401,2015.063,27
1,24,1.847011162956716,3.692786103272733,-0.0011018391048021,36.4901306647307,0.0004,3.686,2025.157,27
1,24,1.847011162956716,3.271214633239989,-4.02704342985445,36.5006046990494,3.996,1.399,2035.125,27
1,24,1.847011162956716,3.6903487788905474,0.0017037799891914,36.50365286003843,0.0004,3.684,2045.094,27
1,24,1.847011162956716,3.2687303056634907,-4.025158737966259,36.48356482226068,3.996,1.397,2055.079,27
1,24,1.847011162956716,3.688058126722363,-0.0009877757041591,36.52270018079591,0.0004,3.682,2065.032,27
1,24,1.847011162956716,3.286094975605057,-4.026257403954006,36.27899196469135,3.996,1.414,1915.235,27
1,24,1.847011162956716,3.704470380932063,-0.0010967090239384,36.290944083186815,0.0004,3.698,1925.172,27
1,24,1.847011162956716,3.283331443620632,-4.02547193838895,36.2151808750157,3.996,1.412,1935.172,27
1,24,1.847011162956716,3.702164313110732,-0.0009093328161846,36.35109533354205,0.0004,3.695,1945.204,27
1,24,1.847011162956716,3.281159189219462,-4.027293693735233,36.363925777774526,3.996,1.409,1955.157,27
1,24,1.847011162956716,3.699762402919304,-0.0007778117637028,36.37223883920035,0.0004,3.694,1965.125,27
1,24,1.847011162956716,3.278441283252437,-4.024639234615579,36.406561127300186,3.996,1.407,1975.11,27
1,24,1.847011162956716,3.6973735041017504,-0.0010333044281062,36.439603474307184,0.0004,3.691,1985.079,27
1,24,1.847011162956716,3.2229855663529765,-4.025996522173162,37.46368648574965,3.996,1.354,2474.11,27
1,24,1.847011162956716,3.6485488927715752,-9.292143301186252e-05,37.510854726570784,0.0004,3.639,2484.047,27
1,24,1.847011162956716,3.2202311500836176,-4.024169532235488,37.47639096436045,3.996,1.352,2494.0,27
1,24,1.847011162956716,3.6460080106377375,-0.00614371144552,37.558578976476014,0.0004,3.638,2503.954,27
1,24,1.847011162956716,3.2182144239561694,-4.027210727327667,37.57600453555504,3.996,1.351,2513.891,27
1,24,1.847011162956716,3.644367060139642,0.002596251604301,37.61312368150679,0.0004,3.636,2523.844,27
1,24,1.847011162956716,3.2159356723213124,-4.026429371598895,37.60895732801603,3.996,1.349,2533.75,27
1,24,1.847011162956716,3.6420406500551854,0.0002431535775262,37.66219559278925,0.0004,3.634,2543.672,27
1,24,1.847011162956716,3.2318014775331823,-4.024461175225151,37.22503394088297,3.996,1.362,2394.375,27
1,24,1.847011162956716,3.65554568947567,-0.0018884067798423,37.30058067734515,0.0004,3.647,2404.313,27
1,24,1.847011162956716,3.2295946680661696,-4.024345749891871,37.26881118720711,3.996,1.36,2414.266,27
1,24,1.847011162956716,3.653581670169179,0.002409527647214,37.32536797149407,0.0004,3.647,2424.204,27
1,24,1.847011162956716,3.22742754881365,-4.024983935768622,37.31244233866384,3.996,1.359,2434.172,27
1,24,1.847011162956716,3.652177581807112,-0.0018092086233065,37.40761669338305,0.0004,3.644,2444.172,27
1,24,1.847011162956716,3.224901901310801,-4.024839940401982,37.42581423924633,3.996,1.357,2454.157,27
1,24,1.847011162956716,3.650081622810312,-0.0011184609999889,37.51880426253807,0.0004,3.641,2464.188,27
1,24,1.847011162956716,3.2408048660388094,-4.026772066427451,37.12116367162129,3.996,1.371,2314.5,27
1,24,1.847011162956716,3.6627593041976767,-0.0021162311159119,37.136227046079625,0.0004,3.655,2324.438,27
1,24,1.847011162956716,3.238275433849489,-4.024867400705757,37.1407224078733,3.996,1.369,2334.375,27
1,24,1.847011162956716,3.661531291671026,0.0002646738153789,37.17954433753077,0.0004,3.653,2344.407,27
1,24,1.847011162956716,3.236416180881596,-4.025102445573121,37.1541217327115,3.996,1.366,2354.375,27
1,24,1.847011162956716,3.659352401674727,-0.0008839562819039,37.22472095720674,0.0004,3.651,2364.329,27
1,24,1.847011162956716,3.233857770314594,-4.026384843190899,37.23732023260576,3.996,1.365,2374.375,27
1,24,1.847011162956716,3.657488464612629,-0.0014798368557897,37.26472218492538,0.0004,3.649,2384.422,27
1,24,1.847011162956716,3.2490591977889136,-4.025624492220882,36.95168577165333,3.996,1.377,2234.547,27
1,24,1.847011162956716,3.670339835435419,-0.0004654654782061,36.95188644683394,0.0004,3.663,2244.532,27
1,24,1.847011162956716,3.2469869257196478,-4.025607414652418,36.98390893681468,3.996,1.375,2254.485,27
1,24,1.847011162956716,3.668606660993424,-0.0025030267236109,36.98643620493605,0.0004,3.66,2264.516,27
1,24,1.847011162956716,3.244881495062789,-4.024388150107959,37.01593689409334,3.996,1.375,2274.485,27
1,24,1.847011162956716,3.666633395747255,-0.0007261743140823,37.04394719591419,0.0004,3.659,2284.438,27
1,24,1.847011162956716,3.242687514457971,-4.025679531348,37.03597623996306,3.996,1.371,2294.5,27
1,24,1.847011162956716,3.664970070439785,-0.0015016209718829,37.08835450309857,0.0004,3.658,2304.516,27
1,24,1.847011162956716,3.1771658906852007,-4.025123041601117,38.377807389936734,3.996,1.314,2793.157,27
1,24,1.847011162956716,3.610133195761818,0.0011131307251468,38.487537915222696,0.0004,3.598,2803.125,27
1,24,1.847011162956716,3.173065191813434,-4.022120349171309,38.46467509523377,3.996,1.311,2813.094,27
1,24,1.847011162956716,3.606622161892529,8.650687582142447e-06,38.52346439765897,0.0004,3.594,2823.047,27
1,24,1.847011162956716,3.168633567969784,-4.0254570054244425,38.51811198071505,3.996,1.308,2833.0320000000065,27
1,24,1.847011162956716,3.603217304552385,-0.0012330145596151,38.57241594145177,0.0004,3.589,2842.9850000000006,27
1,24,1.847011162956716,3.164507367409335,-4.025585634889514,38.54039299467316,3.996,1.304,2852.922000000006,27
1,24,1.847011162956716,3.5994830114698537,-0.0008068204105254,38.66616298183664,0.0004,3.587,2862.875,27
1,24,1.847011162956716,3.190717545239916,-4.024375159080678,38.150035560726224,3.996,1.327,2713.36,27
1,24,1.847011162956716,3.621792192618332,5.495159796727112e-06,38.18490434225891,0.0004,3.611,2723.391,27
1,24,1.847011162956716,3.1876048874351928,-4.026065146250207,38.17375235148329,3.996,1.323,2733.36,27
1,24,1.847011162956716,3.618782466467101,-0.001040713328685,38.25062176030744,0.0004,3.607,2743.297,27
1,24,1.847011162956716,3.1840046422308306,-4.025313599465555,38.23325236222389,3.996,1.32,2753.313,27
1,24,1.847011162956716,3.6159116899124455,-0.0015464948886333,38.29930325619303,0.0004,3.603,2763.266,27
1,24,1.847011162956716,3.180304568846062,-4.025768474186685,38.30264854753253,3.996,1.318,2773.25,27
1,24,1.847011162956716,3.613222548359921,-0.0002756270723397,38.37808836802343,0.0004,3.601,2783.266,27
1,24,1.847011162956716,3.202449668778628,-4.024083335357226,37.87175640499736,3.996,1.336,2633.547,27
1,24,1.847011162956716,3.631396848316456,-0.0004289918940276,37.964720990000565,0.0004,3.621,2643.516,27
1,24,1.847011162956716,3.1999040937671674,-4.025797642498458,37.955418817302686,3.996,1.335,2653.469,27
1,24,1.847011162956716,3.629005433777557,-0.0034475667962362,38.01671708511077,0.0004,3.619,2663.469,27
1,24,1.847011162956716,3.196653830030316,-4.026365824413503,37.99689367085647,3.996,1.333,2673.438,27
1,24,1.847011162956716,3.6267523862725057,-0.000283511746703,38.04370567198437,0.0004,3.616,2683.422,27
1,24,1.847011162956716,3.193716041792419,-4.025065563034105,38.0572295092356,3.996,1.329,2693.407,27
1,24,1.847011162956716,3.62419455475651,-0.0012724046819698,38.15303548226736,0.0004,3.613,2703.391,27
1,24,1.847011162956716,3.212931121328976,-4.02606323712045,37.62188803824704,3.996,1.347,2553.672,27
1,24,1.847011162956716,3.6401791582487215,-0.0006638983252837,37.68782287473024,0.0004,3.631,2563.641,27
1,24,1.847011162956716,3.2108011359991746,-4.024768825194185,37.68122920326135,3.996,1.345,2573.563,27
1,24,1.847011162956716,3.638216233144131,0.000754237570879,37.68588986966256,0.0004,3.629,2583.563,27
1,24,1.847011162956716,3.207887897893451,-4.026673934094204,37.76383566687571,3.996,1.341,2593.594,27
1,24,1.847011162956716,3.636115018207692,0.0010983757018604,37.84162085264823,0.0004,3.627,2603.625,27
1,24,1.847011162956716,3.205616915786784,-4.024323883717595,37.83929837987429,3.996,1.341,2613.563,27
1,24,1.847011162956716,3.633845817489561,0.0005202563415497,37.88819966561197,0.0004,3.624,2623.516,27
1,24,1.847011162956716,3.0527594262590103,-4.025119141906117,39.498359342801145,3.996,1.212,3112.4689999999973,27
1,24,1.847011162956716,3.507331693014708,-0.0033177744162803,39.60840486271012,0.0004,3.487,3122.3910000000037,27
1,24,1.847011162956716,3.034704669671324,-4.025083344055204,39.609297011361576,3.996,1.194,3132.437999999994,27
1,24,1.847011162956716,3.492451241524837,-0.0019088336846395,39.67200457484898,0.0006,3.473,3142.422000000006,27
1,24,1.847011162956716,3.0147291976368824,-4.027028928195914,39.69301548214675,3.996,1.179,3152.422000000006,27
1,24,1.847011162956716,3.475157025557144,-0.0010343621333197,39.78067548056648,0.0004,3.453,3162.3910000000037,27
1,24,1.847011162956716,2.991578002785501,-4.026339564432088,39.80853802003108,3.996,1.156,3172.375,27
1,24,1.847011162956716,3.4556281909815856,-0.0006164516189962,39.86930627136193,0.0004,3.433,3182.3439999999973,27
1,24,1.847011162956716,3.104118629008965,-4.025829877287106,39.1712240369333,3.996,1.254,3032.7350000000006,27
1,24,1.847011162956716,3.550099688216497,-0.0026631797911533,39.25931267718647,0.0004,3.533,3042.6410000000037,27
1,24,1.847011162956716,3.093753764195408,-4.02524120866844,39.24840989706159,3.996,1.243,3052.578999999998,27
1,24,1.847011162956716,3.5413656936561475,-0.002738752040089,39.29931358098519,0.0004,3.524,3062.5,27
1,24,1.847011162956716,3.0817095454355163,-4.024503914155266,39.32774305364079,3.996,1.233,3072.453999999998,27
1,24,1.847011162956716,3.5318278539451766,-0.0013949776111636,39.41662594213882,0.0004,3.513,3082.5,27
1,24,1.847011162956716,3.0686793329550506,-4.026457351416208,39.38039564712015,3.996,1.224,3092.4689999999973,27
1,24,1.847011162956716,3.5204423562915386,0.0002483318550179,39.47098744584195,0.0004,3.503,3102.422000000006,27
1,24,1.847011162956716,3.136234303825919,-4.02607493667314,38.906340240427454,3.996,1.279,2952.7350000000006,27
1,24,1.847011162956716,3.576973746511213,-0.0017586550057354,38.95885854271685,0.0004,3.561,2962.75,27
1,24,1.847011162956716,3.129321407218148,-4.025403092721904,38.972318428321984,3.996,1.275,2972.7820000000065,27
1,24,1.847011162956716,3.571306002215993,-0.0015004196601152,39.05921922640032,0.0004,3.556,2982.812999999994,27
1,24,1.847011162956716,3.1222723183000425,-4.026343430630408,39.05511415395181,3.996,1.268,2992.7660000000037,27
1,24,1.847011162956716,3.5650800097486006,-0.0001575337278046,39.089578083547536,0.0004,3.548,3002.7820000000065,27
1,24,1.847011162956716,3.114050472220097,-4.026261764066617,39.103924862246565,3.996,1.262,3012.7189999999973,27
1,24,1.847011162956716,3.5581668939619018,0.0003329091725179,39.12732976445489,0.0004,3.543,3022.703999999998,27
1,24,1.847011162956716,3.159361935407535,-4.024019616143811,38.62583463835463,3.996,1.3,2872.922000000006,27
1,24,1.847011162956716,3.595320462077728,-0.0030887960146052,38.69116988054546,0.0004,3.582,2882.8439999999973,27
1,24,1.847011162956716,3.154341201053511,-4.024464150300557,38.71789875397409,3.996,1.294,2892.828999999998,27
1,24,1.847011162956716,3.5913926966947574,-0.0019981874395641,38.75777393554435,0.0004,3.577,2902.828999999998,27
1,24,1.847011162956716,3.148781508536513,-4.027752295794555,38.79265220695745,3.996,1.291,2912.828999999998,27
1,24,1.847011162956716,3.586894091782492,0.0002513202614846,38.8330439761299,0.0004,3.573,2922.7820000000065,27
1,24,1.847011162956716,3.1426547063159127,-4.0260726926719865,38.78957194844903,3.996,1.286,2932.828999999998,27
1,24,1.847011162956716,3.581790394110986,0.000152072183828,38.89569325367343,0.0004,3.567,2942.75,27
1,24,1.847011162956716,2.96156268386037,-0.0032565419820764,41.440311237646696,0.0004,0.0,3434.922000000006,27
1,24,1.847011162956716,2.9890016452696258,-0.0002682687383205,41.21648782705472,0.0004,0.0,3445.312999999994,27
1,24,1.847011162956716,3.0115960763866294,-0.0003131125193104,40.96430131096365,0.0004,0.0,3455.7189999999973,27
1,24,1.847011162956716,3.0312060404423096,-0.0014958481703922,40.78271280031311,0.0004,0.0,3466.0939999999973,27
1,24,1.847011162956716,3.048121648518855,-0.0014214322133696,40.58538989571856,0.0004,-0.0,3476.5160000000037,27
1,24,1.847011162956716,3.0629648851978097,-0.0019230615370154,40.37616037781475,0.0004,0.0,3486.922000000006,27
1,24,1.847011162956716,3.07603727920124,-0.0039607838900218,40.2066772347666,0.0004,-0.0,3497.312999999994,27
1,24,1.847011162956716,3.0884190187323366,-0.0015922634782348,39.998038128754,0.0004,0.0,3507.797000000006,27
1,24,1.847011162956716,2.4250012848456657,-4.023317618861941,41.02757976430672,3.996,0.719,3352.5320000000065,27
1,24,1.847011162956716,3.0074466464235496,0.0006263805365324,41.23339988502816,0.0004,2.94,3362.672000000006,27
1,24,1.847011162956716,2.1850718906653115,-4.025838119373942,41.3385054307461,3.996,0.581,3372.75,27
1,24,1.847011162956716,2.890305774028893,-8.416070984343207e-05,41.51454721118421,0.0004,2.776,3383.062999999994,27
1,24,1.847011162956716,1.9182683747066007,-3.9051317313104703,41.61629302550386,3.996,0.39,3393.328999999998,27
1,24,1.847011162956716,2.787578767135423,0.0007036681820559,41.81748104839704,0.0004,0.0,3403.7189999999973,27
1,24,1.847011162956716,2.8779736806656246,-0.0004062944723567,41.73628504940437,0.0004,0.0,3414.1570000000065,27
1,24,1.847011162956716,2.9268933859522286,-0.000730698578174,41.61624998077387,0.0004,0.0,3424.5,27
1,24,1.847011162956716,2.810318391350192,-4.02664548909602,40.40541063948704,3.996,1.0,3272.2660000000037,27
1,24,1.847011162956716,3.2978511256584917,0.0017766618317596,40.486667481401376,0.0004,3.266,3282.25,27
1,24,1.847011162956716,2.7514129400066536,-4.025091891330328,40.51299350465775,3.996,0.955,3292.312999999994,27
1,24,1.847011162956716,3.2470387942141,-0.0009587398080569,40.62007134920087,0.0004,3.214,3302.312999999994,27
1,24,1.847011162956716,2.6780187805086983,-4.026425394035296,40.66897880227344,3.996,0.893,3312.3439999999973,27
1,24,1.847011162956716,3.1860585622242943,-0.0020128075902708,40.76930675585562,0.0004,3.15,3322.297000000006,27
1,24,1.847011162956716,2.578858078544333,-4.0261273175991175,40.8279932221397,3.996,0.824,3332.2660000000037,27
1,24,1.847011162956716,3.107516691296759,-0.0008347571683112,40.99118034261081,0.0004,3.061,3342.437999999994,27
1,24,1.847011162956716,2.965295245661725,-4.025602489132389,39.905869417388416,3.996,1.135,3192.328999999998,27
1,24,1.847011162956716,3.4330321061525115,-9.647076336535842e-05,40.00506818813556,0.0004,3.41,3202.312999999994,27
1,24,1.847011162956716,2.9351148208000426,-4.024585998676894,40.0402660000366,3.996,1.11,3212.2660000000037,27
1,24,1.847011162956716,3.4067229456226125,0.0009790342049425,40.11280386861852,0.0004,3.382,3222.25,27
1,24,1.847011162956716,2.8997617319361098,-4.026408871294403,40.1502485374239,3.996,1.078,3232.25,27
1,24,1.847011162956716,3.376248905401441,-0.0006550107598549,40.25255863401616,0.0004,3.349,3242.2189999999973,27
1,24,1.847011162956716,2.858747404057085,-4.027240629642112,40.27259084075479,3.996,1.044,3252.2189999999973,27
1,24,1.847011162956716,3.3403450574655085,-0.0003345225672684,40.35528885130201,0.0004,3.314,3262.2350000000006,27
1,24,1.847011162956716,3.20463553547662,-0.0003125475828267,36.138989338634296,0.0004,-0.0,3767.875,27
1,24,1.847011162956716,3.2064126718288533,-0.0034067442321296,36.01860517361483,0.0004,0.0,3778.218999999997,27
1,24,1.847011162956716,3.208279886076443,0.0009470845638073,35.91352355775228,0.0004,0.0,3788.657000000007,27
1,24,1.847011162956716,3.209907489967007,-0.0011800255269906,35.759366674346566,0.0004,0.0,3799.062999999994,27
1,24,1.847011162956716,3.2118609033328367,-0.0006517097963824,35.633784968081805,0.0004,-0.0,3809.453999999998,27
1,24,1.847011162956716,3.2134298027832053,-0.0029215279931971,35.51242356367888,0.0004,0.0,3819.8910000000033,27
1,24,1.847011162956716,3.215118153491884,-0.0008568675080023,35.424807360157345,0.0004,0.0,3830.297000000006,27
1,24,1.847011162956716,3.216628671446444,-0.0010644309907949,35.30588704992067,0.0004,0.0,3840.7350000000006,27
1,24,1.847011162956716,3.185212549934579,-0.0029515407386898,37.232623796700416,0.0004,0.0,3684.547000000006,27
1,24,1.847011162956716,3.187934576253019,-0.0024118349106071,37.08413580047849,0.0004,-0.0,3694.968999999997,27
1,24,1.847011162956716,3.190678454397054,0.0006536512336216,36.946253219157455,0.0004,0.0,3705.312999999994,27
1,24,1.847011162956716,3.193134257721581,-0.0020107955170906,36.80839970484911,0.0004,0.0,3715.718999999997,27
1,24,1.847011162956716,3.19585007177587,-0.0001887020597293,36.65754298061602,0.0004,0.0,3726.1410000000033,27
1,24,1.847011162956716,3.1980724989213805,-0.0013913847650784,36.5459263198016,0.0004,-0.0,3736.672000000006,27
1,24,1.847011162956716,3.2002199465231613,-0.0013275075029965,36.42925585482734,0.0004,0.0,3747.032000000007,27
1,24,1.847011162956716,3.2026213279975457,9.030167554113674e-05,36.28270857410546,0.0004,-0.0,3757.422000000006,27
1,24,1.847011162956716,3.1549264915248028,-0.0012847037792216,38.43660924726541,0.0004,-0.0,3601.3439999999973,27
1,24,1.847011162956716,3.1598480335858463,2.126148483479595e-06,38.27062008341819,0.0004,0.0,3611.703999999998,27
1,24,1.847011162956716,3.1639337850020137,-0.0021726423538128,38.09617297985746,0.0004,0.0,3622.1100000000006,27
1,24,1.847011162956716,3.168107624954559,-0.002832007999062,37.9707043358653,0.0004,0.0,3632.5160000000033,27
1,24,1.847011162956716,3.171897291142488,-0.0012753181950784,37.81111276491957,0.0004,0.0,3642.8910000000033,27
1,24,1.847011162956716,3.1754884989914687,-0.0012502231272686,37.66283618662588,0.0004,0.0,3653.312999999994,27
1,24,1.847011162956716,3.1789519633454044,-0.0037758015952869,37.497246981417184,0.0004,0.0,3663.718999999997,27
1,24,1.847011162956716,3.182176900174508,-0.0023523053228943,37.35266098164848,0.0004,0.0,3674.1100000000006,27
1,24,1.847011162956716,3.0989803467773878,0.0006007360873967,39.8049049666053,0.0004,0.0,3518.187999999994,27
1,24,1.847011162956716,3.108668682489716,0.0003953806978142,39.63641171042616,0.0004,-0.0,3528.5939999999973,27
1,24,1.847011162956716,3.1174103703713323,-0.0005224364065713,39.46282079328451,0.0004,0.0,3538.9850000000006,27
1,24,1.847011162956716,3.1247373729584647,-0.0023780736366384,39.27939970464956,0.0004,0.0,3549.3910000000037,27
1,24,1.847011162956716,3.1321048477587983,0.0001019659348786,39.094275735431786,0.0004,0.0,3559.7660000000037,27
1,24,1.847011162956716,3.138624613101156,-0.0025487685812765,38.9053579244509,0.0004,0.0,3570.0939999999973,27
1,24,1.847011162956716,3.144438288235204,0.0003444213613136,38.748447742177326,0.0004,-0.0,3580.5320000000065,27
1,24,1.847011162956716,3.149977417001894,-0.0002536441494063,38.60991539256025,0.0004,0.0,3590.922000000006,27
1,24,1.847011162956716,3.24225850884134,-0.0019659931204248,32.941420579583166,0.0004,0.0,4100.672000000006,27
1,24,1.847011162956716,3.243002147009061,-0.0009695884678613,32.87290960064684,0.0004,0.0,4111.047000000006,27
1,24,1.847011162956716,3.2436726667825604,-0.0006118836730988,32.79701477338375,0.0004,0.0,4121.468999999997,27
1,24,1.847011162956716,3.244305669556285,-0.0029064316989662,32.701205209381776,0.0004,0.0,4131.843999999997,27
1,24,1.847011162956716,3.244773921159928,-0.0018165272968955,32.63265513782508,0.0004,-0.0,4142.266000000003,27
1,24,1.847011162956716,3.2455495878848133,0.0001132353058034,32.55508126866234,0.0004,0.0,4152.766000000003,27
1,24,1.847011162956716,3.24619922277658,0.0003938769476299,32.49449458394594,0.0004,0.0,4163.218999999997,27
1,24,1.847011162956716,3.2469247685519877,-0.0004515014787356,32.43493242408651,0.0004,-0.0,4173.625,27
1,24,1.847011162956716,3.2360806286821693,-0.0020400057180438,33.62203086614665,0.0004,0.0,4017.3910000000033,27
1,24,1.847011162956716,3.236857404254037,-0.0021019519993257,33.53647123289091,0.0004,0.0,4027.812999999994,27
1,24,1.847011162956716,3.237748468820815,0.0003512281883023,33.45577692821852,0.0004,-0.0,4038.203999999998,27
1,24,1.847011162956716,3.238474317051292,-0.0031370716332162,33.36995588249209,0.0004,0.0,4048.6410000000033,27
1,24,1.847011162956716,3.2394308070870177,-9.192263272158904e-05,33.28256729121479,0.0004,-0.0,4059.078999999998,27
1,24,1.847011162956716,3.240135345606483,-0.0003638096017232,33.2025085480177,0.0004,0.0,4069.468999999997,27
1,24,1.847011162956716,3.240854689482496,-0.0019390696417492,33.108685955631444,0.0004,-0.0,4079.875,27
1,24,1.847011162956716,3.2417096144043835,-0.0024930145841767,33.03131713605135,0.0004,-0.0,4090.282000000007,27
1,24,1.847011162956716,3.228071117549212,-0.0001869931264105,34.37993181398154,0.0004,0.0,3934.25,27
1,24,1.847011162956716,3.229210266886325,-0.0010450976209204,34.25877611502055,0.0004,-0.0,3944.6410000000033,27
1,24,1.847011162956716,3.230327480880698,0.0011586524365211,34.16878383153275,0.0004,0.0,3955.0,27
1,24,1.847011162956716,3.2313461688016103,-0.001056033547708,34.07173233756973,0.0004,0.0,3965.375,27
1,24,1.847011162956716,3.232235081146664,-0.0003593175214201,33.98691274987774,0.0004,-0.0,3975.843999999997,27
1,24,1.847011162956716,3.233360220069732,-0.0011899254531871,33.88736072945997,0.0004,0.0,3986.2350000000006,27
1,24,1.847011162956716,3.2342446667583684,0.0004158151315821,33.78940673313076,0.0004,-0.0,3996.625,27
1,24,1.847011162956716,3.235218561535417,-0.0024785236935281,33.70400637806166,0.0004,-0.0,4007.047000000006,27
1,24,1.847011162956716,3.2180665213811253,0.0020000109451942,35.19197844038091,0.0004,-0.0,3851.1100000000006,27
1,24,1.847011162956716,3.219520809699955,-0.0011092528202936,35.10850021316448,0.0004,0.0,3861.468999999997,27
1,24,1.847011162956716,3.221091569925277,-0.0011366185027545,34.970304303136174,0.0004,-0.0,3871.8910000000033,27
1,24,1.847011162956716,3.222460347783005,-0.0015211260485648,34.86299142893777,0.0004,-0.0,3882.297000000006,27
1,24,1.847011162956716,3.223342179992302,-0.0001097748642888,34.74957864054712,0.0004,0.0,3892.672000000006,27
1,24,1.847011162956716,3.2248389805590705,0.000646184546204,34.64756315929406,0.0004,0.0,3903.078999999998,27
1,24,1.847011162956716,3.225987313088602,-0.0005987829142855,34.55412277975867,0.0004,-0.0,3913.5,27
1,24,1.847011162956716,3.2270110511939456,-0.0017595686002387,34.4595142645108,0.0004,-0.0,3923.875,27
1,24,1.847011162956716,3.258799261014281,-0.0004723442014086,30.912581960636142,0.0004,-0.0,4433.797000000006,27
1,24,1.847011162956716,3.2591590812358,-0.0008553060960377,30.88697373389481,0.0002,0.0,4444.203999999998,27
1,24,1.847011162956716,3.2594627154825253,-0.002145595786514,30.841000247162835,0.0004,0.0,4454.578999999998,27
1,24,1.847011162956716,3.2599693398192318,0.0003523928761485,30.79482032200264,0.0004,0.0,4464.937999999995,27
1,24,1.847011162956716,3.260155928249369,0.0009464244204513,30.733924514739275,0.0004,0.0,4475.312999999995,27
1,24,1.847011162956716,3.260545815814148,-0.0010183700500367,30.68622251555384,0.0004,0.0,4485.75,27
1,24,1.847011162956716,3.2610527361954995,0.0004273967526111,30.645236404183198,0.0004,0.0,4496.110000000001,27
1,24,1.847011162956716,3.261195047018489,-0.0001038303838901,30.586721498817603,0.0004,0.0,4506.562999999995,27
1,24,1.847011162956716,3.2556668713438133,0.0018510379485394,31.344329040656053,0.0004,0.0,4350.641000000003,27
1,24,1.847011162956716,3.256126715003534,0.0011348251870642,31.28160070236901,0.0004,0.0,4361.047000000006,27
1,24,1.847011162956716,3.2564138541492245,-0.0001257809508099,31.24560107970555,0.0004,-0.0,4371.407000000007,27
1,24,1.847011162956716,3.2569242232012767,0.0003203351258383,31.17319531927084,0.0004,0.0,4381.766000000003,27
1,24,1.847011162956716,3.257136162133916,-0.0009053438961493,31.129374562555707,0.0004,-0.0,4392.218999999997,27
1,24,1.847011162956716,3.257531352780233,-0.0005495168452766,31.06977770312346,0.0004,-0.0,4402.578999999998,27
1,24,1.847011162956716,3.257980049164659,-0.0005780087365446,31.012275503839348,0.0004,0.0,4413.0,27
1,24,1.847011162956716,3.258328829174012,-0.0015296588289037,30.97118250393836,0.0004,0.0,4423.343999999997,27
1,24,1.847011162956716,3.2520006466800444,0.0007699066235535,31.830845221699157,0.0004,-0.0,4267.360000000001,27
1,24,1.847011162956716,3.2525312903870187,-0.0005050598906385,31.76864053483665,0.0004,0.0,4277.782000000007,27
1,24,1.847011162956716,3.252779923056786,0.0002198072036037,31.70537106421036,0.0004,-0.0,4288.172000000006,27
1,24,1.847011162956716,3.253360841225879,-2.826476808824537e-05,31.636134504233265,0.0004,0.0,4298.562999999995,27
1,24,1.847011162956716,3.2535079636146285,0.0002195325825162,31.58098221617828,0.0004,0.0,4308.937999999995,27
1,24,1.847011162956716,3.254404326170359,0.0003148753174724,31.51609509079973,0.0004,0.0,4319.312999999995,27
1,24,1.847011162956716,3.2548414702584374,0.0004043162552156,31.451303110965096,0.0004,-0.0,4329.766000000003,27
1,24,1.847011162956716,3.2551351018967223,-0.0041115553253652,31.40612111823021,0.0004,0.0,4340.172000000006,27
1,24,1.847011162956716,3.247438041996774,-0.002424150963511,32.36373983498684,0.0004,0.0,4184.0,27
1,24,1.847011162956716,3.247996775538002,-0.0014665293193987,32.275853228221635,0.0004,0.0,4194.407000000007,27
1,24,1.847011162956716,3.2486125797234244,0.000371332095714,32.2083903648136,0.0004,0.0,4204.860000000001,27
1,24,1.847011162956716,3.24923005399417,-0.0023465325174232,32.14940201414847,0.0002,-0.0,4215.328999999998,27
1,24,1.847011162956716,3.2496443610691834,-0.0019157778724891,32.09326613414317,0.0004,0.0,4225.687999999995,27
1,24,1.847011162956716,3.2503902307359582,-0.0001110201160254,32.034894233392805,0.0004,0.0,4236.110000000001,27
1,24,1.847011162956716,3.250719094060404,0.0002948488575692,31.975875987254724,0.0004,0.0,4246.485000000001,27
1,24,1.847011162956716,3.251452182675162,-0.0003139385227534,31.88812993175929,0.0002,0.0,4256.937999999995,27
1,24,1.847011162956716,3.2686890499399204,-0.0015048987738842,29.612982936255083,0.0004,-0.0,4766.985000000001,27
1,24,1.847011162956716,3.269101581116599,0.0001137096251502,29.5705592953032,0.0004,0.0,4777.343999999997,27
1,24,1.847011162956716,3.26906231017228,-0.0001241799435761,29.534172620050057,0.0004,0.0,4787.703999999998,27
1,24,1.847011162956716,3.2693891882541046,-0.0006201121993502,29.498328934293475,0.0004,0.0,4798.172000000006,27
1,24,1.847011162956716,3.2697296620081517,-0.0012203061188821,29.47514097662312,0.0004,0.0,4808.625,27
1,24,1.847011162956716,3.269924972574021,-0.001006515957141,29.45565593591332,0.0004,0.0,4819.016000000003,27
1,24,1.847011162956716,3.270211392113986,-0.0011559249900959,29.40682508164933,0.0004,0.0,4829.422000000006,27
1,24,1.847011162956716,3.270415774941631,0.0005549510969862,29.369218644340453,0.0004,0.0,4839.782000000007,27
1,24,1.847011162956716,3.266486249130533,-0.000532709959693,29.8922672275733,0.0004,-0.0,4683.407000000007,27
1,24,1.847011162956716,3.2667343935125186,-0.0004290458785394,29.8468288959233,0.0004,0.0,4693.875,27
1,24,1.847011162956716,3.2670260285387918,-0.0019683556451459,29.817286248432268,0.0004,0.0,4704.25,27
1,24,1.847011162956716,3.267462581541949,-0.0008530686796502,29.78613296585402,0.0004,0.0,4714.641000000003,27
1,24,1.847011162956716,3.2675271273129263,-0.000807135632425,29.74137844080432,0.0004,0.0,4725.110000000001,27
1,24,1.847011162956716,3.267695333210229,-0.002214578000345,29.703626708093918,0.0004,0.0,4735.562999999995,27
1,24,1.847011162956716,3.268139242665236,-0.0013065050281041,29.664714888090906,0.0004,0.0,4746.062999999995,27
1,24,1.847011162956716,3.26832313610394,0.0021468351703331,29.644911609643685,0.0004,0.0,4756.516000000003,27
1,24,1.847011162956716,3.263931595803585,0.000162442808124,30.207803605558126,0.0004,0.0,4600.235000000001,27
1,24,1.847011162956716,3.2645501356370668,-0.0027590343327829,30.17498866465696,0.0004,0.0,4610.578999999998,27
1,24,1.847011162956716,3.264800480826237,-0.0027839755192482,30.13095607220656,0.0004,0.0,4621.016000000003,27
1,24,1.847011162956716,3.2649407099202814,0.0020808644794168,30.07935064857993,0.0004,0.0,4631.391000000003,27
1,24,1.847011162956716,3.2653354044679026,0.000526620732672,30.05017958281512,0.0004,0.0,4641.766000000003,27
1,24,1.847011162956716,3.2657544162324674,-0.0023911695443913,30.01200442429297,0.0002,-0.0,4652.187999999995,27
1,24,1.847011162956716,3.265856052218594,2.691021098051136e-05,29.97728778449336,0.0004,0.0,4662.593999999997,27
1,24,1.847011162956716,3.266263348362913,-0.002009055798332,29.93019847217005,0.0004,-0.0,4672.937999999995,27
1,24,1.847011162956716,3.2617005571050743,-0.0003805804104239,30.54826319453667,0.0004,-0.0,4516.968999999997,27
1,24,1.847011162956716,3.2620699651272527,-0.0009412024470299,30.512325892426755,0.0004,0.0,4527.343999999997,27
1,24,1.847011162956716,3.262364096247782,-0.0019005538936028,30.47288551082064,0.0004,0.0,4537.797000000006,27
1,24,1.847011162956716,3.262454751039216,0.0020062346875153,30.424848287378925,0.0004,0.0,4548.218999999997,27
1,24,1.847011162956716,3.2629461611922626,-0.0012995181487202,30.372718585232573,0.0004,0.0,4558.625,27
1,24,1.847011162956716,3.263037163246131,0.0036224513860078,30.321701364911437,0.0004,0.0,4569.062999999995,27
1,24,1.847011162956716,3.263416454628135,0.0002914884269715,30.278352838933404,0.0004,0.0,4579.422000000006,27
1,24,1.847011162956716,3.2639217912945804,-0.0004024376271535,30.2444171152048,0.0004,-0.0,4589.812999999995,27
1,24,1.847011162956716,3.275798337040009,-0.0004299749831771,28.70564126203393,0.0004,0.0,5100.016000000003,27
1,24,1.847011162956716,3.275841876659447,-0.0019696677836592,28.684776286039533,0.0004,0.0,5110.407000000007,27
1,24,1.847011162956716,3.276041896408992,-9.024792344381345e-05,28.65494372229588,0.0004,0.0,5120.985000000001,27
1,24,1.847011162956716,3.27645995847779,-0.0023079898642038,28.64460590860746,0.0004,0.0,5131.375,27
1,24,1.847011162956716,3.276431095691839,0.0003210198966628,28.626383835247484,0.0004,0.0,5141.766000000003,27
1,24,1.847011162956716,3.276642839740359,-0.0023949350256083,28.59989260761996,0.0004,0.0,5152.172000000006,27
1,24,1.847011162956716,3.2769316117026706,-0.0006514287927118,28.58035383014544,0.0004,-0.0,5162.578999999998,27
1,24,1.847011162956716,3.277043548222679,-0.0034835715637554,28.558232522260123,0.0004,0.0,5173.0,27
1,24,1.847011162956716,3.274076282355968,-0.0022127143327258,28.894069153775625,0.0004,-0.0,5016.860000000001,27
1,24,1.847011162956716,3.274341234461448,-0.0015315208033317,28.859489991037908,0.0004,0.0,5027.235000000001,27
1,24,1.847011162956716,3.274381546369093,0.0007645803224093,28.839495309968964,0.0004,-0.0,5037.641000000003,27
1,24,1.847011162956716,3.2749629384779597,-0.0017398303674233,28.82328976816206,0.0004,0.0,5048.032000000007,27
1,24,1.847011162956716,3.274884290887748,-0.0018281875058603,28.79468733292246,0.0002,0.0,5058.437999999995,27
1,24,1.847011162956716,3.2751490222723643,-0.0016244411851365,28.778375492069607,0.0004,-0.0,5068.812999999995,27
1,24,1.847011162956716,3.2754141846907943,-0.0007877487905562,28.758512508164984,0.0004,0.0,5079.203999999998,27
1,24,1.847011162956716,3.275687806341486,0.001627544523939,28.723254397153624,0.0004,0.0,5089.593999999997,27
1,24,1.847011162956716,3.2723517277908445,-0.0019512302433617,29.10575098613188,0.0004,0.0,4933.578999999998,27
1,24,1.847011162956716,3.272639879963506,-0.0014076547977431,29.07978396493549,0.0004,0.0,4943.953999999998,27
1,24,1.847011162956716,3.272861106370313,0.0007225788049018,29.05251484572411,0.0004,0.0,4954.375,27
1,24,1.847011162956716,3.273105455281704,-0.0026929721778231,29.013826670460983,0.0002,-0.0,4964.843999999997,27
1,24,1.847011162956716,3.27327784056851,-0.0011281427321181,28.987847076319785,0.0004,-0.0,4975.266000000003,27
1,24,1.847011162956716,3.273725347652763,-0.0005322015603314,28.969217157172324,0.0004,0.0,4985.672000000006,27
1,24,1.847011162956716,3.2737654944318133,-0.0005536405492851,28.939233865574096,0.0004,0.0,4996.047000000006,27
1,24,1.847011162956716,3.274088120338557,-0.0016393373995747,28.91278250813193,0.0004,0.0,5006.485000000001,27
1,24,1.847011162956716,3.270577557196207,-0.001063823772281,29.3406173446188,0.0004,-0.0,4850.203999999998,27
1,24,1.847011162956716,3.2707934179067046,-0.0024205024039981,29.30455949306985,0.0004,-0.0,4860.578999999998,27
1,24,1.847011162956716,3.2709742827666206,-0.0011670670500105,29.275674778866502,0.0004,-0.0,4870.985000000001,27
1,24,1.847011162956716,3.271324737322247,-0.0004765481804128,29.254715711158788,0.0004,-0.0,4881.422000000006,27
1,24,1.847011162956716,3.2716586026037917,0.0002535341555582,29.21862092512536,0.0004,-0.0,4891.812999999995,27
1,24,1.847011162956716,3.2717505325219585,-0.0016969710107006,29.190076455972218,0.0004,0.0,4902.218999999997,27
1,24,1.847011162956716,3.2718207884778643,-0.0006536449620989,29.157458747855383,0.0004,0.0,4912.703999999998,27
1,24,1.847011162956716,3.272248243551407,-0.0005166389932878,29.137423566435665,0.0004,0.0,4923.157000000007,27
1,24,1.847011162956716,3.281201877167821,0.0005998148698197,28.12486720374225,0.0004,-0.0,5433.343999999997,27
1,24,1.847011162956716,3.281498722500696,-0.000218170358167,28.10515460394452,0.0004,0.0,5443.687999999995,27
1,24,1.847011162956716,3.2816399689358566,-0.0001847544659347,28.10457757290091,0.0004,-0.0,5454.078999999998,27
1,24,1.847011162956716,3.2819300594040106,0.0001810096191157,28.08102717025147,0.0002,0.0,5464.485000000001,27
1,24,1.847011162956716,3.282012260334767,-0.0002908172273803,28.067396563605715,0.0004,0.0,5474.937999999995,27
1,24,1.847011162956716,3.282153278571144,-0.0026858750108557,28.05254243400521,0.0004,0.0,5485.312999999995,27
1,24,1.847011162956716,3.282179820442203,-0.0008455443706262,28.038979985413786,0.0004,0.0,5495.703999999998,27
1,24,1.847011162956716,3.2824434585518323,-0.0012844604118089,28.021183738236285,0.0004,0.0,5506.141000000003,27
1,24,1.847011162956716,3.280042883290163,0.0012927961434176,28.262033152669503,0.0004,0.0,5349.891000000003,27
1,24,1.847011162956716,3.280183376323575,-0.0003653544686896,28.234987205902986,0.0002,0.0,5360.343999999997,27
1,24,1.847011162956716,3.2804429152472125,-0.0009191217465104,28.21026470582155,0.0004,0.0,5370.766000000003,27
1,24,1.847011162956716,3.280692082837773,0.0001034145823681,28.19930138944362,0.0004,0.0,5381.187999999995,27
1,24,1.847011162956716,3.280731650472333,0.000127094568419,28.18328322600226,0.0004,0.0,5391.593999999997,27
1,24,1.847011162956716,3.2808284662674185,-0.0020077699503969,28.17115604900451,0.0004,0.0,5402.047000000006,27
1,24,1.847011162956716,3.281047445048596,0.0002788362276523,28.156699950310184,0.0004,0.0,5412.516000000003,27
1,24,1.847011162956716,3.2812785617765217,0.0004670789064275,28.13775285388232,0.0004,0.0,5422.953999999998,27
1,24,1.847011162956716,3.2787629941794774,-0.0011348786999393,28.379295778067466,0.0004,0.0,5266.593999999997,27
1,24,1.847011162956716,3.27891916227309,-0.0006862141281231,28.367490801278954,0.0004,0.0,5276.968999999997,27
1,24,1.847011162956716,3.2790354604632754,-0.0016837160393389,28.35426444439995,0.0004,-0.0,5287.391000000003,27
1,24,1.847011162956716,3.279203933603001,-0.0021947584662917,28.347350102598217,0.0004,0.0,5297.812999999995,27
1,24,1.847011162956716,3.279429047718598,-0.0011657016767573,28.313367780372257,0.0004,-0.0,5308.203999999998,27
1,24,1.847011162956716,3.2795576208633093,-0.001157915351982,28.305211067653136,0.0004,0.0,5318.687999999995,27
1,24,1.847011162956716,3.279627037058506,-0.0011845759327681,28.280773492914463,0.0004,-0.0,5329.062999999995,27
1,24,1.847011162956716,3.279804962653252,-0.0026600879830441,28.27227591966538,0.0002,0.0,5339.485000000001,27
1,24,1.847011162956716,3.277308466939518,-0.0013437401144463,28.542074588046592,0.0004,0.0,5183.422000000006,27
1,24,1.847011162956716,3.2774840297395675,-0.0006146951255164,28.52495192462225,0.0004,0.0,5193.860000000001,27
1,24,1.847011162956716,3.2774817655359763,-0.0005578059182922,28.509439261539995,0.0004,-0.0,5204.282000000007,27
1,24,1.847011162956716,3.277836779542494,-0.0035856573269831,28.48290205202781,0.0004,0.0,5214.593999999997,27
1,24,1.847011162956716,3.277948070225888,-0.0024102586914491,28.46345613784069,0.0004,0.0,5225.032000000007,27
1,24,1.847011162956716,3.2782236336000183,-0.0017424739326485,28.44717387902864,0.0004,0.0,5235.391000000003,27
1,24,1.847011162956716,3.2785009191138426,-0.000955629300215,28.43234365024526,0.0004,-0.0,5245.797000000006,27
1,24,1.847011162956716,3.278574118082048,-0.0024195886526723,28.40680819558987,0.0004,0.0,5256.203999999998,27
1,24,1.847011162956716,3.2859584109402284,-0.0025071418995336,27.708895070349463,0.0004,-0.0,5766.047000000006,27
1,24,1.847011162956716,3.2861343415456457,-0.0019969159983108,27.69534363136567,0.0004,0.0,5776.422000000006,27
1,24,1.847011162956716,3.2860853057567407,-0.0007760696033811,27.68673855014501,0.0004,-0.0,5786.766000000003,27
1,24,1.847011162956716,3.2862424575063587,-0.000560426557595,27.674649883045223,0.0004,-0.0,5797.125,27
1,24,1.847011162956716,3.2863084781470704,-0.0010494663493253,27.66263588491121,0.0004,0.0,5807.562999999995,27
1,24,1.847011162956716,3.286493037608805,-0.0004465492147526,27.65254646157861,0.0004,0.0,5817.922000000006,27
1,24,1.847011162956716,3.286608975358116,-0.0012931094206563,27.634616087506892,0.0004,-0.0,5828.437999999995,27
1,24,1.847011162956716,3.286758593386416,-0.0014930333624908,27.626066812934173,0.0004,0.0,5838.828999999998,27
1,24,1.847011162956716,3.2847902152365838,0.0002476249695797,27.80229479205012,0.0004,0.0,5682.875,27
1,24,1.847011162956716,3.284955727242021,-0.0025736989228526,27.790108354277567,0.0004,0.0,5693.235000000001,27
1,24,1.847011162956716,3.28513791547162,8.755615702082481e-05,27.77587868974891,0.0004,-0.0,5703.625,27
1,24,1.847011162956716,3.285195699636523,0.0001837904927124,27.760228472290592,0.0004,-0.0,5714.016000000003,27
1,24,1.847011162956716,3.285274673502564,5.967928204180189e-05,27.7501935986176,0.0004,0.0,5724.437999999995,27
1,24,1.847011162956716,3.285370244405995,-0.0009367616727736,27.74076822143894,0.0004,0.0,5734.907000000007,27
1,24,1.847011162956716,3.2854552584538297,-0.0007666273450862,27.729072354494047,0.0004,0.0,5745.297000000006,27
1,24,1.847011162956716,3.285868156807408,0.0003796065020512,27.715745695488945,0.0004,0.0,5755.687999999995,27
1,24,1.847011162956716,3.283610762274921,-0.0027917483313452,27.90452250396269,0.0004,-0.0,5599.672000000006,27
1,24,1.847011162956716,3.283896944619612,-0.0017881156934363,27.890124843892806,0.0004,0.0,5610.062999999995,27
1,24,1.847011162956716,3.283921015005385,0.0018553387711385,27.877460633324613,0.0004,0.0,5620.547000000006,27
1,24,1.847011162956716,3.2842056890743985,0.0004453828093467,27.86162176893067,0.0004,0.0,5630.953999999998,27
1,24,1.847011162956716,3.2842628798733253,-0.0002635811749472,27.845852626662705,0.0004,0.0,5641.360000000001,27
1,24,1.847011162956716,3.284349069295411,-0.001184069092208,27.836076049760717,0.0004,0.0,5651.75,27
1,24,1.847011162956716,3.284528765623037,-0.0008587009672787,27.82265411209456,0.0004,-0.0,5662.125,27
1,24,1.847011162956716,3.2847429602325726,-0.0020922246999962,27.814493099921982,0.0004,0.0,5672.532000000007,27
1,24,1.847011162956716,3.2824962437967624,0.0010546759827195,28.012135853371632,0.0004,0.0,5516.516000000003,27
1,24,1.847011162956716,3.2825751179650933,-0.0018008591863306,27.99332335272312,0.0004,0.0,5526.891000000003,27
1,24,1.847011162956716,3.282779147022165,-0.0021844119956077,27.983034232379733,0.0004,0.0,5537.266000000003,27
1,24,1.847011162956716,3.282961215940359,-0.0027459260104301,27.972051460751526,0.0004,0.0,5547.687999999995,27
1,24,1.847011162956716,3.28303340759662,-0.0012064900780674,27.951720109957908,0.0004,0.0,5558.078999999998,27
1,24,1.847011162956716,3.2832992176182008,7.28702920786147e-05,27.941857712487256,0.0004,0.0,5568.468999999997,27
1,24,1.847011162956716,3.2834570115873545,0.0005114312877851,27.927199146619675,0.0004,0.0,5578.828999999998,27
1,24,1.847011162956716,3.283608978199518,0.0004863953393428,27.924391310442807,0.0004,0.0,5589.218999999997,27
1,24,1.847011162956716,3.289849773087283,-0.0014587090472077,27.394688982022465,0.0004,0.0,6099.203999999998,27
1,24,1.847011162956716,3.2900730166903287,-0.0024347843670606,27.38772078173773,0.0004,0.0,6109.562999999995,27
1,24,1.847011162956716,3.2901403640749938,-0.0035152062504456,27.37034610527876,0.0004,0.0,6119.985000000001,27
1,24,1.847011162956716,3.2901428507718986,-0.0028695903987002,27.369875159168764,0.0004,0.0,6130.360000000001,27
1,24,1.847011162956716,3.290348210788802,0.0003483045243936,27.35827892946046,0.0004,0.0,6140.735000000001,27
1,24,1.847011162956716,3.290337269731017,-0.0012708957537394,27.36107099491331,0.0004,0.0,6151.125,27
1,24,1.847011162956716,3.2905150505200025,-0.0023154446063176,27.36112468399137,0.0004,0.0,6161.5,27
1,24,1.847011162956716,3.29033118148901,0.000783345691756,27.34222556668284,0.0004,0.0,6171.907000000007,27
1,24,1.847011162956716,3.288851674493909,-0.0004397056927666,27.45721344684895,0.0004,0.0,6016.0,27
1,24,1.847011162956716,3.2891481872094244,-0.0027352345590024,27.454599181755217,0.0004,0.0,6026.468999999997,27
1,24,1.847011162956716,3.289069383035076,-0.00216373438831,27.43974017391136,0.0004,0.0,6036.875,27
1,24,1.847011162956716,3.28938873032064,-0.0003238937518811,27.42843723939895,0.0004,0.0,6047.25,27
1,24,1.847011162956716,3.28932536267922,-0.0002680260668205,27.42119138797497,0.0004,0.0,6057.625,27
1,24,1.847011162956716,3.289515634866046,-0.0015319712459602,27.41783906021162,0.0004,0.0,6068.016000000003,27
1,24,1.847011162956716,3.289741272994005,-0.0013114535725707,27.40867539460777,0.0004,0.0,6078.375,27
1,24,1.847011162956716,3.289741069170172,-0.0005922213486685,27.40441271303736,0.0004,0.0,6088.828999999998,27
1,24,1.847011162956716,3.2879101756540057,-0.0009921813319095,27.535267836282348,0.0004,0.0,5932.703999999998,27
1,24,1.847011162956716,3.287996046985442,-0.0016508985963775,27.52815806629449,0.0004,0.0,5943.078999999998,27
1,24,1.847011162956716,3.28814306161119,-0.000640586428086,27.5132233207901,0.0004,0.0,5953.468999999997,27
1,24,1.847011162956716,3.288204473980109,-0.0026749843730103,27.509424526646328,0.0004,-0.0,5963.860000000001,27
1,24,1.847011162956716,3.2882361964256703,-0.0027520521957348,27.49735121627152,0.0004,0.0,5974.266000000003,27
1,24,1.847011162956716,3.288635651295887,-0.0017929286414,27.487308711589584,0.0004,0.0,5984.672000000006,27
1,24,1.847011162956716,3.288622460307073,0.000729680901442,27.473590587642267,0.0004,-0.0,5995.187999999995,27
1,24,1.847011162956716,3.2886864299324854,0.0006635925184016,27.461024998408693,0.0004,-0.0,6005.641000000003,27
1,24,1.847011162956716,3.287074671508257,-0.0015997372735783,27.62275936670465,0.0004,-0.0,5849.25,27
1,24,1.847011162956716,3.286984364922289,-0.0003844177498506,27.60320248434852,0.0004,0.0,5859.657000000007,27
1,24,1.847011162956716,3.287044560306584,-0.000905937110577,27.59485231511832,0.0004,0.0,5870.078999999998,27
1,24,1.847011162956716,3.2872878983636094,-0.0002108718240031,27.57792241194771,0.0004,-0.0,5880.547000000006,27
1,24,1.847011162956716,3.287275410756159,-0.0010987314091895,27.574439136429152,0.0004,-0.0,5891.032000000007,27
1,24,1.847011162956716,3.2874212664656586,-0.0005271885126864,27.564849770898544,0.0004,0.0,5901.485000000001,27
1,24,1.847011162956716,3.2875990727729167,-0.0025005842447183,27.560262401704207,0.0004,0.0,5911.843999999997,27
1,24,1.847011162956716,3.287919757723694,-0.0033427654288333,27.54714534770434,0.0004,0.0,5922.266000000003,27
1,24,1.847011162956716,3.293374537242176,-0.0023783897927383,27.1749273491508,0.0004,0.0,6432.187999999995,27
1,24,1.847011162956716,3.293305049718036,0.0009738334290142,27.173060915055785,0.0004,-0.0,6442.578999999998,27
1,24,1.847011162956716,3.293501974298426,-0.0014612257112366,27.170392531730105,0.0004,-0.0,6452.968999999997,27
1,24,1.847011162956716,3.293578678765798,-0.0024429013794652,27.157426542699223,0.0004,-0.0,6463.437999999995,27
1,24,1.847011162956716,3.293705621208795,0.0007465014108012,27.15316876458804,0.0004,0.0,6473.843999999997,27
1,24,1.847011162956716,3.2939374079341897,-0.0006384196265051,27.148275140484188,0.0004,0.0,6484.235000000001,27
1,24,1.847011162956716,3.2939379925797105,-0.0022646649146518,27.14894085772082,0.0004,0.0,6494.593999999997,27
1,24,1.847011162956716,3.294085041034074,0.0022906430548408,27.138386276776533,0.0004,0.0,6504.968999999997,27
1,24,1.847011162956716,3.292470273207348,0.0012059964584618,27.2296289526978,0.0004,0.0,6348.843999999997,27
1,24,1.847011162956716,3.29252893274696,-0.001167590993728,27.222770907092265,0.0004,0.0,6359.266000000003,27
1,24,1.847011162956716,3.29264157608721,-0.0003740387801854,27.207953317167718,0.0004,0.0,6369.703999999998,27
1,24,1.847011162956716,3.292794075211241,-0.000348390917679,27.213921801134678,0.0004,0.0,6380.141000000003,27
1,24,1.847011162956716,3.293053244821047,5.012253986217399e-05,27.19599679544519,0.0004,0.0,6390.5,27
1,24,1.847011162956716,3.2929049558974937,-0.0005608195234366,27.192256056483437,0.0004,-0.0,6400.968999999997,27
1,24,1.847011162956716,3.29304715634368,-0.0001286234293722,27.18865149462292,0.0004,-0.0,6411.360000000001,27
1,24,1.847011162956716,3.29321208658861,-0.0007362122838129,27.19136587684144,0.0004,0.0,6421.75,27
1,24,1.847011162956716,3.29158795795489,-0.0009452457344691,27.2782656766192,0.0004,0.0,6265.75,27
1,24,1.847011162956716,3.291858306679178,-0.0009745085127916,27.275883752730007,0.0004,0.0,6276.125,27
1,24,1.847011162956716,3.2918582160190657,-0.0016674706663669,27.26743193551387,0.0004,0.0,6286.516000000003,27
1,24,1.847011162956716,3.291804585165904,5.664423867281536e-05,27.25644696964937,0.0004,0.0,6296.891000000003,27
1,24,1.847011162956716,3.292083649134282,-0.0003206426509942,27.25714255566669,0.0004,-0.0,6307.282000000007,27
1,24,1.847011162956716,3.2921400349120638,-0.0007480963636044,27.24951184074509,0.0004,0.0,6317.703999999998,27
1,24,1.847011162956716,3.292234616592125,-0.0004081036084019,27.23823089759965,0.0004,0.0,6328.093999999997,27
1,24,1.847011162956716,3.2923801374041832,-0.0007639713204411,27.24224364289405,0.0004,0.0,6338.485000000001,27
1,24,1.847011162956716,3.2906837738763306,-0.0009064905973075,27.342196528447165,0.0004,0.0,6182.360000000001,27
1,24,1.847011162956716,3.2908599013132065,-0.0019522449921073,27.33463125874607,0.0004,0.0,6192.797000000006,27
1,24,1.847011162956716,3.2909100078655578,-0.0024788637181644,27.322486755990877,0.0004,-0.0,6203.218999999997,27
1,24,1.847011162956716,3.2910585009343687,-0.0016302992410921,27.308432756846564,0.0004,0.0,6213.610000000001,27
1,24,1.847011162956716,3.291110975379941,-0.0013766366714041,27.29878690869819,0.0004,-0.0,6224.078999999998,27
1,24,1.847011162956716,3.2913714459087986,-0.0015800537910385,27.29919205963589,0.0004,0.0,6234.532000000007,27
1,24,1.847011162956716,3.291345146221442,-0.0018111141100244,27.29784911099387,0.0004,-0.0,6244.922000000006,27
1,24,1.847011162956716,3.291639428780305,-0.0019627330345699,27.280036037249733,0.0004,0.0,6255.312999999995,27
1,24,1.847011162956716,3.4125013967253657,-4.023885429737245,34.41497811791726,3.996,1.533,1136.61,27
1,24,1.847011162956716,3.83366798185768,-0.0016809778899167,34.45169573904734,0.0004,3.826,1146.594,27
1,24,1.847011162956716,3.408834932991565,-4.025697309493014,34.48557131280712,3.996,1.53,1156.547,27
1,24,1.847011162956716,3.829802576457581,-0.0006880172262899,34.51490442727868,0.0004,3.821,1166.516,27
1,24,1.847011162956716,3.404990562503089,-4.026065437812536,34.55680363756409,3.996,1.528,1176.594,27
1,24,1.847011162956716,3.825763570506054,-0.0017605454158776,34.56867643223417,0.0004,3.818,1186.516,27
1,24,1.847011162956716,3.4012959650111787,-4.026168826185657,34.562561653643286,3.996,1.526,1196.532,27
1,24,1.847011162956716,3.821893327845176,-0.0007171450774825,34.624818085848624,0.0004,3.814,1206.485,27
1,24,1.847011162956716,3.4277091836385374,-4.0248173893669525,34.160092237769035,3.996,1.548,1056.766,27
1,24,1.847011162956716,3.849905664476207,-0.0028503759130629,34.17667848808309,0.0004,3.842,1066.735,27
1,24,1.847011162956716,3.423967560581961,-4.024312059401769,34.22734570427654,3.996,1.543,1076.719,27
1,24,1.847011162956716,3.845712277578826,0.0011562566058126,34.261803056084204,0.0006,3.838,1086.657,27
1,24,1.847011162956716,3.4196330721867314,-4.0272443889694,34.27066301776764,3.996,1.541,1096.75,27
1,24,1.847011162956716,3.841650251875239,-0.0003169568730663,34.33436505182439,0.0004,3.834,1106.704,27
1,24,1.847011162956716,3.4161915404174046,-4.025228767775481,34.3631098817555,3.996,1.538,1116.688,27
1,24,1.847011162956716,3.837507979621997,-0.0022935259059039,34.40284210182734,0.0004,3.83,1126.641,27
1,24,1.847011162956716,3.4430342578846505,-4.025056809509604,33.922742671490134,3.996,1.561,976.954,27
1,24,1.847011162956716,3.866553285958747,-0.0016165288192389,33.991024467798866,0.0004,3.859,986.954,27
1,24,1.847011162956716,3.438795777056441,-4.026419356378308,33.94688796714802,3.996,1.559,997.016,27
1,24,1.847011162956716,3.86211500980502,-0.0011695073783271,34.001407988484814,0.0004,3.854,1006.969,27
1,24,1.847011162956716,3.4350681249823007,-4.025215081292007,34.03012379099781,3.996,1.555,1016.938,27
1,24,1.847011162956716,3.857999954591401,-0.0011940577610787,34.12485914869067,0.0004,3.849,1026.86,27
1,24,1.847011162956716,3.4313472923390487,-4.025719274174811,34.116438282883244,3.996,1.551,1036.86,27
1,24,1.847011162956716,3.853986770977004,-0.0007211190790289,34.14237817674642,0.0004,3.846,1046.829,27
1,24,1.847011162956716,3.293908154465751,0.0003847263248043,27.133202559401333,0.0004,0.0,6515.422000000006,27
1,24,1.847011162956716,3.8835052542879622,-0.0017986420641317,33.75454819775398,0.0004,3.875,907.313,27
1,24,1.847011162956716,3.4550842417240446,-4.026805271335886,33.72617807895379,3.996,1.571,917.235,27
1,24,1.847011162956716,3.8791730920623255,0.0007755632683397,33.84375939179774,0.0004,3.871,927.172,27
1,24,1.847011162956716,3.4509011111538843,-4.0241596875037375,33.808219193109295,3.996,1.568,937.125,27
1,24,1.847011162956716,3.874955565723098,-9.748651043828664e-05,33.86353695442166,0.0004,3.866,947.063,27
1,24,1.847011162956716,3.446964568692428,-4.027070694154987,33.85588488624667,3.996,1.564,957.0,27
1,24,1.847011162956716,3.870789034531647,-0.0004554271301226,33.90531064918998,0.0004,3.862,966.954,27
1,24,1.847011162956716,3.937954529371938,-0.0001326629991942,32.93230923461115,0.0004,3.93,668.016,27
1,24,1.847011162956716,3.503435299971593,-4.02569387459248,32.95231866247718,3.996,1.618,677.985,27
1,24,1.847011162956716,3.9332912934591335,-0.0005198205434836,33.038773802969686,0.0004,3.924,687.969,27
1,24,1.847011162956716,3.499420952279219,-4.02550958224095,33.048621684459185,3.996,1.612,697.922,27
1,24,1.847011162956716,3.928446539860888,-0.0009685311971731,33.12140126449371,0.0004,3.919,707.86,27
1,24,1.847011162956716,3.49533251830636,-4.026585627425337,33.07420229740437,3.996,1.608,717.797,27
1,24,1.847011162956716,3.923772059786239,0.00041471869033,33.16891029091299,0.0004,3.914,727.75,27
1,24,1.847011162956716,3.4910691409756915,-4.025444583222943,33.11447531574113,3.996,1.605,737.719,27
1,24,1.847011162956716,3.957919112651087,0.000452515687293,32.43475828293563,0.0004,3.949,588.266,27
1,24,1.847011162956716,3.519402306355094,-4.02655638492026,32.49463125828637,3.996,1.635,598.266,27
1,24,1.847011162956716,3.953175114060404,-0.0014000523454923,32.57274398829655,0.0004,3.943,608.313,27
1,24,1.847011162956716,3.5158066238792465,-4.025260757985473,32.60471622247707,3.996,1.63,618.266,27
1,24,1.847011162956716,3.9479604299376416,-0.0002289685326825,32.70246692105955,0.0004,3.938,628.219,27
1,24,1.847011162956716,3.5116263279343705,-4.0251587360344585,32.69514822451551,3.996,1.627,638.219,27
1,24,1.847011162956716,3.942885134665934,-0.0025642359903438,32.78813331109306,0.0004,3.934,648.141,27
1,24,1.847011162956716,3.507616343538496,-4.025508710624938,32.845136198397554,3.996,1.623,658.079,27
1,24,1.847011162956716,3.9792622060501226,5.357980980184216e-05,31.891497315860896,0.0004,3.969,508.422,27
1,24,1.847011162956716,3.535775300171012,-4.027182489574682,31.952442324111058,3.996,1.649,518.485,27
1,24,1.847011162956716,3.97375563704159,0.0004177006495315,32.05467582095637,0.0004,3.964,528.422,27
1,24,1.847011162956716,3.5314444485376795,-4.025388552733561,32.080746322972225,3.996,1.647,538.485,27
1,24,1.847011162956716,3.9684937447178696,-0.0007661022472113,32.19372984337612,0.0004,3.958,548.485,27
1,24,1.847011162956716,3.528101567315525,-4.025739886855687,32.23482574434592,3.996,1.643,558.485,27
1,24,1.847011162956716,3.963282900153143,-0.000904631194051,32.34927537132816,0.0004,3.954,568.422,27
1,24,1.847011162956716,3.523970659209336,-4.0248135093136375,32.377189616544165,3.996,1.64,578.36,27
1,24,1.847011162956716,3.398014211787947,-4.026472412067907,34.661840762058326,3.996,1.521,1216.438,27
1,24,1.847011162956716,3.638863368693549,-4.024928299736051,28.02017508193189,3.996,1.741,119.407,27
1,24,1.847011162956716,4.100824647427553,-0.0014296233702664,28.172915701783857,0.0004,4.094,129.438,27
1,24,1.847011162956716,3.6296343715479873,-4.0255405559593385,28.2741924576756,3.996,1.731,139.391,27
1,24,1.847011162956716,4.092252753964254,-0.0012114780388732,28.412478485070093,0.0004,4.083,149.407,27
1,24,1.847011162956716,3.621550132324269,-4.02353023429897,28.51890686631858,3.996,1.725,159.36,27
1,24,1.847011162956716,4.083925621525824,-0.0006193673538689,28.66023253147005,0.0004,4.076,169.36,27
1,24,1.847011162956716,3.5403989016613835,-4.023897539805328,31.809719488228207,3.996,1.653,498.485,27
1,24,1.847011162956716,3.3665362224843403,-4.025471917355797,35.11915928113809,3.996,1.492,1396.047,27
1,24,1.847011162956716,3.7845735463673216,-0.0012025009524872,35.15451378622054,0.0004,3.777,1405.985,27
1,24,1.847011162956716,3.3630904181966343,-4.026705018250088,35.147248472219616,3.996,1.489,1415.938,27
1,24,1.847011162956716,3.7811944907190655,-0.0009724659905477,35.19519483413772,0.0004,3.773,1425.86,27
1,24,1.847011162956716,3.359350348194724,-4.027931217882849,35.18209540302398,3.996,1.486,1435.86,27
1,24,1.847011162956716,3.77759689007268,-0.0005814287718731,35.24593244180771,0.0004,3.771,1445.797,27
1,24,1.847011162956716,3.355863593596062,-4.025773413387525,35.25240635591163,3.996,1.483,1455.797,27
1,24,1.847011162956716,3.7741466666904726,-6.936998128238034e-05,35.277806052205,0.0004,3.767,1465.797,27
1,24,1.847011162956716,3.380567442062788,-4.026611279556708,34.89531973326077,3.996,1.505,1316.329,27
1,24,1.847011162956716,3.799298953016628,0.0007283019093287,34.961305673335424,0.0004,3.791,1326.266,27
1,24,1.847011162956716,3.3768729015280403,-4.02592267468604,34.96480283589348,3.996,1.502,1336.266,27
1,24,1.847011162956716,3.7956607093307246,0.0005022424343216,34.996863364031206,0.0004,3.789,1346.235,27
1,24,1.847011162956716,3.373408068267313,-4.024118475519812,35.00504637992803,3.996,1.5,1356.204,27
1,24,1.847011162956716,3.791944688551648,-0.0006479210464487,35.052169797051235,0.0004,3.785,1366.188,27
1,24,1.847011162956716,3.370011193305791,-4.025650212178539,35.0385102077647,3.996,1.495,1376.11,27
1,24,1.847011162956716,3.788381598753736,-0.0003314517691546,35.08005975676019,0.0004,3.781,1386.079,27
1,24,1.847011162956716,3.394388185157519,-4.0270219019278,34.71328611834207,3.996,1.519,1236.36,27
1,24,1.847011162956716,3.81415432195167,-0.0005517678195866,34.74871085959698,0.0004,3.807,1246.375,27
1,24,1.847011162956716,3.390820909819885,-4.026342238152444,34.76688715654499,3.996,1.517,1256.391,27
1,24,1.847011162956716,3.810414813555235,-0.001728701243083,34.80069172446083,0.0004,3.802,1266.391,27
1,24,1.847011162956716,3.3873617909851768,-4.024326509181245,34.7820070221095,3.996,1.512,1276.344,27
1,24,1.847011162956716,3.80666707595584,-0.0015349255879055,34.83520004754441,0.0004,3.8,1286.329,27
1,24,1.847011162956716,3.383794738882675,-4.026531588412535,34.856193244392415,3.996,1.509,1296.297,27
1,24,1.847011162956716,3.803204145472488,0.0007283294127292,34.914570478814994,0.0004,3.796,1306.375,27
1,24,1.847011162956716,3.9191585639408153,-0.0003343487784034,33.261274212093134,0.0004,3.91,747.719,27
1,24,1.847011162956716,3.8964738259956455,-0.0005982405175459,33.5733580105921,0.0004,3.889,847.36,27
1,24,1.847011162956716,3.466443459029018,-4.025491664490963,33.59449936939505,3.996,1.583,857.375,27
1,24,1.847011162956716,3.892174977204745,-0.0013450956401324,33.64158571663852,0.0004,3.883,867.36,27
1,24,1.847011162956716,3.462567692579629,-4.024951670455007,33.622113382364226,3.996,1.578,877.329,27
1,24,1.847011162956716,3.887866535950805,0.0005307347488255,33.73128057538957,0.0004,3.88,887.36,27
1,24,1.847011162956716,3.4589442183369714,-4.025418012935929,33.720404659454886,3.996,1.576,897.297,27
1,24,1.847011162956716,3.817934028235101,-0.0010977580829643,34.67153202720826,0.0004,3.81,1226.391,27
1,24,1.847011162956716,3.2970503394326696,-4.024594113287316,36.12371196909327,3.996,1.424,1835.375,27
1,24,1.847011162956716,3.71518754285448,-0.0022671549092213,36.13725995522953,0.0004,3.708,1845.391,27
1,24,1.847011162956716,3.2944962506594555,-4.02582011039202,36.17211527946168,3.996,1.421,1855.313,27
1,24,1.847011162956716,3.712812894520628,-0.0003641113010406,36.17198908076553,0.0006,3.706,1865.36,27
1,24,1.847011162956716,3.291718444866869,-4.027046954200316,36.17201584179724,3.996,1.42,1875.313,27
1,24,1.847011162956716,3.710115261977688,-0.0005021115627522,36.19408406592167,0.0004,3.703,1885.313,27
1,24,1.847011162956716,3.28906119580785,-4.025961358478327,36.26656906639643,3.996,1.416,1895.266,27
1,24,1.847011162956716,3.707289473479548,-0.0012555829554551,36.24229919450113,0.0004,3.7,1905.235,27
1,24,1.847011162956716,3.308155142634407,-4.023942246434666,35.94244739330841,3.996,1.435,1755.532,27
1,24,1.847011162956716,3.726183568775396,0.0002311587974289,35.94260756295435,0.0004,3.719,1765.469,27
1,24,1.847011162956716,3.305167411989791,-4.0233060397970295,35.95232868228472,3.996,1.434,1775.485,27
1,24,1.847011162956716,3.723079572145183,5.157626754859509e-05,35.976394913848424,0.0006,3.716,1785.422,27
1,24,1.847011162956716,3.3024562338871037,-4.024110374098389,35.99717361862635,3.996,1.429,1795.36,27
1,24,1.847011162956716,3.720642366515641,-0.0022740689385698,36.04790287010168,0.0004,3.714,1805.391,27
1,24,1.847011162956716,3.299603547186128,-4.024300154365419,36.07444788992193,3.996,1.427,1815.375,27
1,24,1.847011162956716,3.7178803074217,-0.0007350198741292,36.13692566431048,0.0004,3.711,1825.438,27
1,24,1.847011162956716,3.320550450817341,-4.027243626692903,35.77517521203882,3.996,1.447,1675.594,27
1,24,1.847011162956716,3.7382330841141287,0.0013510303994727,35.77187587847249,0.0004,3.73,1685.547,27
1,24,1.847011162956716,3.3172489958041878,-4.027851128457816,35.79612002672472,3.996,1.444,1695.579,27
1,24,1.847011162956716,3.7350120207620745,0.0009799747293932,35.85453727948727,0.0004,3.728,1705.532,27
1,24,1.847011162956716,3.31418786027432,-4.025820394298092,35.885617130894616,3.996,1.442,1715.516,27
1,24,1.847011162956716,3.732103513827756,-0.0001046007971941,35.8736542051111,0.0004,3.725,1725.454,27
1,24,1.847011162956716,3.31090683264344,-4.024639218263017,35.87063415677753,3.996,1.437,1735.5,27
1,24,1.847011162956716,3.7290556493006144,0.0014556886752485,35.921631647453715,0.0004,3.721,1745.516,27
1,24,1.847011162956716,3.3328730591588696,-4.025479169017109,35.572907925803825,3.996,1.461,1595.657,27
1,24,1.847011162956716,3.750686793919936,-0.002339218307475,35.606986092250494,0.0004,3.744,1605.641,27
1,24,1.847011162956716,3.3300938717802966,-4.026163779256163,35.60688654906767,3.996,1.458,1615.547,27
1,24,1.847011162956716,3.7478052813483194,-0.0004503463048614,35.611161743189726,0.0004,3.741,1625.594,27
1,24,1.847011162956716,3.3270912107186565,-4.025207507186648,35.66134029160387,3.996,1.454,1635.61,27
1,24,1.847011162956716,3.7447477820579897,-0.0003102349101607,35.72171465578082,0.0004,3.736,1645.61,27
1,24,1.847011162956716,3.32388030835943,-4.026083931258029,35.70354120566929,3.996,1.451,1655.563,27
1,24,1.847011162956716,3.74133845134343,-0.0031928228986402,35.75657703602376,0.0004,3.734,1665.625,27
1,24,1.847011162956716,4.196831409847343,0.0002960063370787,26.51514107879548,0.0004,0.0,0.0,27
2,24,1.8485654344528384,3.787519778084013,0.0003759072546525,34.768499377679674,0.0004,3.78,1396.5,26
2,24,1.8485654344528384,3.397023859636293,-4.027072615830671,34.36247571817938,3.996,1.516,1245.844,26
2,24,1.8485654344528384,3.813582758240906,-0.0023993604107888,34.41083495188655,0.0004,3.806,1255.969,26
2,24,1.8485654344528384,3.3937702574016897,-4.024657017247226,34.397491739812104,3.996,1.513,1265.969,26
2,24,1.8485654344528384,3.809722686540369,0.0013902862204338,34.47173479057958,0.0006,3.803,1276.0,26
2,24,1.8485654344528384,3.583522963100572,-4.026909100594627,29.930141513632368,3.996,1.692,321.563,26
2,24,1.8485654344528384,4.030873149694958,-0.0012377607741937,30.045600847210128,0.0004,4.021,331.657,26
2,24,1.8485654344528384,3.5789717958448533,-4.024700874894805,30.120514423528427,3.996,1.686,341.719,26
2,24,1.8485654344528384,3.773223048023405,-5.9857416664754016e-05,34.970842162898926,0.0004,3.766,1476.782,26
2,24,1.8485654344528384,3.3829407823685296,-4.024568500241803,34.53192477968294,3.996,1.502,1326.188,26
2,24,1.8485654344528384,3.798496196557749,-0.0009131571997715,34.62365153545543,0.0004,3.791,1336.282,26
2,24,1.8485654344528384,3.379282263822564,-4.026095354399832,34.61721149681338,3.996,1.498,1346.344,26
2,24,1.8485654344528384,3.794602068793764,-0.0005800136414652,34.64716204788097,0.0004,3.788,1356.328,26
2,24,1.8485654344528384,3.375748159919082,-4.025842856194277,34.666309876179795,3.996,1.493,1366.391,26
2,24,1.8485654344528384,3.790879972219835,9.419061079303856e-05,34.71792482120515,0.0004,3.783,1376.375,26
2,24,1.8485654344528384,3.372164832411422,-4.0257514608505005,34.70510712411418,3.996,1.491,1386.422,26
2,24,1.8485654344528384,3.882877397708996,0.0002926652433709,33.40499671312565,0.0004,3.874,914.141,26
2,24,1.8485654344528384,3.3687078358232347,-4.024773785544201,34.77557318819159,3.996,1.487,1406.563,26
2,24,1.8485654344528384,3.783908342175935,0.000944204134578,34.819139278217314,0.0004,3.777,1416.594,26
2,24,1.8485654344528384,3.3654020075239712,-4.026576232445319,34.818450221773034,3.996,1.48,1426.625,26
2,24,1.8485654344528384,3.7803913335484784,0.0014969217961577,34.8509699312089,0.0004,3.774,1436.688,26
2,24,1.8485654344528384,3.3621836107281498,-4.026061347733671,34.87219444673775,3.996,1.475,1446.719,26
2,24,1.8485654344528384,3.776842146879949,-0.0011078506711698,34.95486382602981,0.0004,3.769,1456.782,26
2,24,1.8485654344528384,3.3586787179202746,-4.025840356096472,34.93827371652652,3.996,1.476,1466.797,26
2,24,1.8485654344528384,3.865877872674506,-0.0017199890072866,33.63150271848768,0.0004,3.858,994.703,26
2,24,1.8485654344528384,3.473653165395694,-4.025569810000875,33.151987952321136,3.996,1.587,843.953,26
2,24,1.8485654344528384,3.8959176604822336,-0.0004851946220015,33.21571951804426,0.0004,3.887,854.016,26
2,24,1.8485654344528384,3.4698049428131603,-4.025452933036663,33.213534124284294,3.996,1.585,864.032,26
2,24,1.8485654344528384,3.891560153953329,0.0006651781831695,33.23731737324094,0.0004,3.883,874.063,26
2,24,1.8485654344528384,3.465685989020897,-4.025864040053723,33.261787272749416,3.996,1.58,884.078,26
2,24,1.8485654344528384,3.887267441837908,-0.0011516898161952,33.354900330201666,0.0004,3.88,894.141,26
2,24,1.8485654344528384,3.4618424089379416,-4.025160754904647,33.32139251627225,3.996,1.575,904.141,26
2,24,1.8485654344528384,3.4115569906360887,-4.025840805674572,34.12162971656531,3.996,1.529,1165.641,26
2,24,1.8485654344528384,3.828918605702527,0.0016620005813421,34.13942334359351,0.0004,3.82,1175.672,26
2,24,1.8485654344528384,3.407800160071402,-4.025162048065565,34.17394053084696,3.996,1.528,1185.735,26
2,24,1.8485654344528384,3.824856939225162,-0.0014210024370514,34.22114940614833,0.0004,3.817,1195.75,26
2,24,1.8485654344528384,3.40416263725071,-4.025529178586569,34.237849627536924,3.996,1.523,1205.766,26
2,24,1.8485654344528384,3.8211221470105383,-0.0013887863536758,34.29758833025494,0.0006,3.814,1215.782,26
2,24,1.8485654344528384,3.400538347884371,-4.023797797733463,34.30089753515461,3.996,1.519,1225.828,26
2,24,1.8485654344528384,3.817139792734345,-0.0015898436248725,34.38023477532221,0.0004,3.809,1235.828,26
2,24,1.8485654344528384,3.457352574086165,-4.026747028829307,33.378206403853234,3.996,1.572,924.235,26
2,24,1.8485654344528384,3.8786603903992343,-4.577519663983104e-05,33.44819148601732,0.0004,3.87,934.36,26
2,24,1.8485654344528384,3.4537728777954158,-4.0275947109177,33.45212997105464,3.996,1.569,944.422,26
2,24,1.8485654344528384,3.874489186950448,-0.0020037052871529,33.52278457509393,0.0004,3.866,954.532,26
2,24,1.8485654344528384,3.390029956449944,-4.025817173730856,34.45100219016443,3.996,1.508,1286.047,26
2,24,1.8485654344528384,3.805972434475431,-0.0013465452193159,34.494790342325295,0.0004,3.8,1296.094,26
2,24,1.8485654344528384,3.386462473357485,-4.024474712613459,34.484705861319895,3.996,1.507,1306.125,26
2,24,1.8485654344528384,3.802039377233055,0.0008123334354457,34.54019975670983,0.0004,3.794,1316.157,26
2,24,1.8485654344528384,3.4415049202756185,-4.025931005609456,33.66234017079293,3.996,1.555,1004.875,26
2,24,1.8485654344528384,3.8614192702229952,-0.0013227400720869,33.708179651509795,0.0006,3.853,1014.938,26
2,24,1.8485654344528384,3.4379518554783397,-4.025050988636249,33.67130528995008,3.996,1.553,1024.938,26
2,24,1.8485654344528384,3.857280870343514,-0.0007972598581564,33.77016413022821,0.0004,3.85,1034.985,26
2,24,1.8485654344528384,3.433741751620905,-4.02600070682746,33.731678722166464,3.996,1.549,1045.078,26
2,24,1.8485654344528384,3.852959399516919,0.0002085871310888,33.77515770934166,0.0004,3.846,1055.094,26
2,24,1.8485654344528384,3.430374882520153,-4.025809367687436,33.80027568276801,3.996,1.546,1065.078,26
2,24,1.8485654344528384,3.848884475414241,-0.0020376980110829,33.87845827745244,0.0004,3.841,1075.11,26
2,24,1.8485654344528384,4.024841992926607,-0.001656262593699,30.23177059237631,0.0004,4.013,351.75,26
2,24,1.8485654344528384,3.845081945782925,-0.0012134925532692,33.911382463114215,0.0004,3.838,1095.219,26
2,24,1.8485654344528384,3.422585993801477,-4.026096226737491,33.93330880862781,3.996,1.541,1105.328,26
2,24,1.8485654344528384,3.8408894814137593,-0.0002196795885122,33.99289210714727,0.0006,3.833,1115.344,26
2,24,1.8485654344528384,3.4186120682575183,-4.024954380830004,33.97509997354596,3.996,1.537,1125.407,26
2,24,1.8485654344528384,3.836878207856989,0.0014598181941221,34.037176286087515,0.0004,3.83,1135.485,26
2,24,1.8485654344528384,3.415596373862269,-4.026029824630799,34.03858032569524,3.996,1.534,1145.547,26
2,24,1.8485654344528384,3.8331522935623767,-0.0004141915590548,34.116077846722995,0.0004,3.826,1155.61,26
2,24,1.8485654344528384,3.3049642075071834,-4.025975399062945,35.704285527216605,3.996,1.426,1808.203,26
2,24,1.8485654344528384,3.720037766316477,-0.0022618891417792,35.7201751270214,0.0006,3.714,1818.266,26
2,24,1.8485654344528384,3.302391572548425,-4.025848565416318,35.73496412388311,3.996,1.424,1828.36,26
2,24,1.8485654344528384,3.717267546144045,-0.0016071870841845,35.762770361711226,0.0004,3.711,1838.422,26
2,24,1.8485654344528384,3.299634709229424,-4.026837989931146,35.78209089678425,3.996,1.421,1848.422,26
2,24,1.8485654344528384,3.714490542650884,-0.0005393260271608,35.81277286828221,0.0004,3.707,1858.422,26
2,24,1.8485654344528384,3.2967269921143925,-4.026268599645471,35.82619309032533,3.996,1.419,1868.485,26
2,24,1.8485654344528384,3.71189649773964,0.0007077126055994,35.871043122789565,0.0004,3.705,1878.516,26
2,24,1.8485654344528384,3.294017455997149,-4.025395285054595,35.86781860489368,3.996,1.415,1888.578,26
2,24,1.8485654344528384,3.709290688956062,0.0003728617681477,35.87266657432452,0.0004,3.702,1898.688,26
2,24,1.8485654344528384,3.2910717746872584,-4.025410450523849,35.93216389259805,3.996,1.413,1908.828,26
2,24,1.8485654344528384,3.706601563972165,-0.0008762457477323,35.89602087527545,0.0004,3.7,1918.922,26
2,24,1.8485654344528384,3.288578110830493,-4.025532602404995,35.95948076194293,3.996,1.411,1928.953,26
2,24,1.8485654344528384,3.704126883132771,-0.0010338112338957,35.95867627705983,0.0004,3.698,1938.938,26
2,24,1.8485654344528384,3.2857598286718748,-4.025169595543273,35.98055749547967,3.996,1.407,1949.032,26
2,24,1.8485654344528384,3.701353592628537,-0.0011459989371806,35.9791266074533,0.0004,3.695,1959.032,26
2,24,1.8485654344528384,3.283140507885149,-4.0259533028520575,36.03444399755309,3.996,1.407,1969.094,26
2,24,1.8485654344528384,3.6991702238141686,0.0009238952857142,36.11819986421873,0.0004,3.692,1979.11,26
2,24,1.8485654344528384,3.2807419714394737,-4.025149902659189,36.118201849636606,3.996,1.403,1989.141,26
2,24,1.8485654344528384,3.6970712881059,0.0012427200981431,36.12266935741536,0.0004,3.69,1999.282,26
2,24,1.8485654344528384,3.2784278391250257,-4.026846151922285,36.13155029185868,3.996,1.401,2009.313,26
2,24,1.8485654344528384,3.694684926083783,-0.000924707149178,36.15102228631597,0.0004,3.688,2019.422,26
2,24,1.8485654344528384,3.276022311332855,-4.025480660440218,36.21022028892622,3.996,1.399,2029.5,26
2,24,1.8485654344528384,3.692175800632429,0.0002787464079907,36.20489026997264,0.0004,3.685,2039.547,26
2,24,1.8485654344528384,3.273570620463682,-4.025825923426116,36.196417195594286,3.996,1.397,2049.594,26
2,24,1.8485654344528384,3.6898807738476456,0.000312183375382,36.23556195733104,0.0004,3.683,2059.625,26
2,24,1.8485654344528384,3.2707815614145512,-4.0276095445778965,36.25426003828054,3.996,1.394,2069.766,26
2,24,1.8485654344528384,3.687515339962112,0.00056261511141,36.23806822742442,0.0004,3.681,2079.75,26
2,24,1.8485654344528384,3.268486418642573,-4.024933767146982,36.29544468288875,3.996,1.391,2089.797,26
2,24,1.8485654344528384,3.685548091647646,-0.0002441643073068,36.31246790847644,0.0004,3.68,2099.891,26
2,24,1.8485654344528384,3.2666125446068195,-4.02684619548013,36.343964123701845,3.996,1.39,2109.985,26
2,24,1.8485654344528384,3.683579279443838,0.0004889310914267,36.36204416904155,0.0004,3.678,2120.047,26
2,24,1.8485654344528384,3.2643264667350484,-4.02614111555816,36.38796093426445,3.996,1.387,2130.078,26
2,24,1.8485654344528384,3.681770318623472,-0.0027256121465204,36.37609239990374,0.0004,3.674,2140.141,26
2,24,1.8485654344528384,3.262212103678888,-4.026275097260568,36.40557700055319,3.996,1.388,2150.203,26
2,24,1.8485654344528384,3.679733037768756,0.0010029959870444,36.4280027572655,0.0004,3.672,2160.313,26
2,24,1.8485654344528384,3.2602505436248626,-4.026443918036684,36.45515196847856,3.996,1.384,2170.407,26
2,24,1.8485654344528384,3.677706618652103,0.000445332745973,36.46352648814295,0.0004,3.672,2180.438,26
2,24,1.8485654344528384,3.2580216701802787,-4.025387453658388,36.45459963646074,3.996,1.384,2190.438,26
2,24,1.8485654344528384,3.67586259031844,-0.0013603318295102,36.49019363328461,0.0004,3.669,2200.5,26
2,24,1.8485654344528384,3.255993101147532,-4.026613418436468,36.48058039902024,3.996,1.381,2210.5,26
2,24,1.8485654344528384,3.673873396416476,-0.000241966498927,36.597504728122495,0.0004,3.667,2220.532,26
2,24,1.8485654344528384,3.253461504436663,-4.025323617892751,36.60673022839276,3.996,1.378,2230.641,26
2,24,1.8485654344528384,3.6719518040029904,-0.0007617774485597,36.62625878147557,0.0004,3.665,2240.657,26
2,24,1.8485654344528384,3.251367537461084,-4.026083713840482,36.61544668221055,3.996,1.379,2250.703,26
2,24,1.8485654344528384,3.670237441186442,2.401013558660834e-05,36.675232580601,0.0004,3.662,2260.828,26
2,24,1.8485654344528384,3.2496308338112114,-4.026342876188,36.6424765114786,3.996,1.377,2270.828,26
2,24,1.8485654344528384,3.668550108685874,0.0006927654760071,36.70484630898654,0.0004,3.661,2280.875,26
2,24,1.8485654344528384,3.2472351370315566,-4.02488912852014,36.69825457103649,3.996,1.375,2290.907,26
2,24,1.8485654344528384,3.666772456342369,8.667903513222787e-05,36.821787787878655,0.0004,3.659,2301.016,26
2,24,1.8485654344528384,3.24515082366218,-4.025794715314116,36.76284854664105,3.996,1.373,2311.078,26
2,24,1.8485654344528384,3.664894294669274,0.0016953332674019,36.75242215968913,0.0004,3.657,2321.125,26
2,24,1.8485654344528384,3.242896129515652,-4.025274568589693,36.80551385395755,3.996,1.371,2331.219,26
2,24,1.8485654344528384,3.66322061612496,-0.0034276637455779,36.85957806890688,0.0004,3.655,2341.25,26
2,24,1.8485654344528384,3.240872103383979,-4.025568593074267,36.82814440168461,3.996,1.368,2351.282,26
2,24,1.8485654344528384,3.660928320094468,-0.0011871169734703,36.90909092332939,0.0004,3.654,2361.313,26
2,24,1.8485654344528384,3.2384800496100663,-4.026200355694843,36.91713668458625,3.996,1.368,2371.391,26
2,24,1.8485654344528384,3.659109415351365,-0.0013602691703588,36.96443338519006,0.0004,3.651,2381.422,26
2,24,1.8485654344528384,3.2363435656523647,-4.025379712870303,36.95988529754889,3.996,1.365,2391.438,26
2,24,1.8485654344528384,3.6574718420320314,0.0007414917271072,36.9832640462388,0.0004,3.649,2401.469,26
2,24,1.8485654344528384,3.2342855905375893,-4.026849570592312,36.97768251924831,3.996,1.363,2411.5,26
2,24,1.8485654344528384,3.65552227467225,-0.001030258797974,37.04432692207306,0.0004,3.648,2421.532,26
2,24,1.8485654344528384,3.2320416737360413,-4.026131113216373,37.05578122292676,3.996,1.36,2431.563,26
2,24,1.8485654344528384,3.653826706590956,-0.0003208717618064,37.00648634874924,0.0004,3.645,2441.594,26
2,24,1.8485654344528384,3.229753236586804,-4.025313581164409,37.089733780598976,3.996,1.36,2451.625,26
2,24,1.8485654344528384,3.651756896925906,-0.0016970553830908,37.1335662103966,0.0004,3.643,2461.641,26
2,24,1.8485654344528384,3.2272348180638235,-4.025617978640035,37.14647434395842,3.996,1.357,2471.688,26
2,24,1.8485654344528384,3.650018636817803,-0.0007981918089332,37.18326020065406,0.0006,3.641,2481.75,26
2,24,1.8485654344528384,3.2251756421821045,-4.026083460451137,37.18337961718911,3.996,1.355,2491.75,26
2,24,1.8485654344528384,3.648232817646269,-0.0015311480884879,37.27084031258913,0.0004,3.639,2501.797,26
2,24,1.8485654344528384,3.222573152242031,-4.0263006607021765,37.26678243824847,3.996,1.355,2511.891,26
2,24,1.8485654344528384,3.6461527055275536,-0.0016847679843711,37.30181742751531,0.0006,3.636,2521.938,26
2,24,1.8485654344528384,3.220439343577677,-4.025487227971808,37.30525535281467,3.996,1.352,2531.938,26
2,24,1.8485654344528384,3.64405320927181,-0.0024009824189637,37.29488057723541,0.0004,3.635,2541.985,26
2,24,1.8485654344528384,3.21771131009689,-4.026875395752096,37.32094809620549,3.996,1.349,2552.0,26
2,24,1.8485654344528384,3.642017933854815,-0.0003036582510872,37.35942556897491,0.0004,3.633,2562.032,26
2,24,1.8485654344528384,3.2152335572476205,-4.024930628650238,37.38107084692488,3.996,1.349,2572.032,26
2,24,1.8485654344528384,3.6400311141632034,-7.622830684903802e-05,37.487602455777335,0.0004,3.63,2582.047,26
2,24,1.8485654344528384,3.212726254948128,-4.025055713639,37.41121035120869,3.996,1.345,2592.078,26
2,24,1.8485654344528384,3.638169865935708,-0.00049331680526,37.51807671504004,0.0004,3.628,2602.235,26
2,24,1.8485654344528384,3.2102644940063056,-4.025239338446399,37.52634282972377,3.996,1.343,2612.266,26
2,24,1.8485654344528384,3.6358007890280266,-0.0014930075445938,37.54362620867597,0.0004,3.626,2622.297,26
2,24,1.8485654344528384,3.207438999514373,-4.025489284754313,37.53883701802385,3.996,1.341,2632.297,26
2,24,1.8485654344528384,3.633576938605675,-0.0009542303682611,37.57858564568936,0.0004,3.623,2642.297,26
2,24,1.8485654344528384,3.2042694069851447,-4.024272774415035,37.64390873874299,3.996,1.339,2652.375,26
2,24,1.8485654344528384,3.63129668563218,0.0003383801302662,37.64484306493684,0.0006,3.62,2662.422,26
2,24,1.8485654344528384,3.201637232846524,-4.0255424650402425,37.67000237925346,3.996,1.336,2672.438,26
2,24,1.8485654344528384,3.628769101052809,-0.0005629743453929,37.718731275944,0.0004,3.618,2682.485,26
2,24,1.8485654344528384,3.198596858331323,-4.02730112318128,37.70814709170936,3.996,1.333,2692.5,26
2,24,1.8485654344528384,3.626358403934612,0.0005376950769096,37.78398087204673,0.0004,3.616,2702.532,26
2,24,1.8485654344528384,3.195463270459068,-4.025879944653884,37.798401874994326,3.996,1.332,2712.578,26
2,24,1.8485654344528384,3.623680301266083,0.0012856808703927,37.84226979689549,0.0004,3.612,2722.594,26
2,24,1.8485654344528384,3.192023191628781,-4.0283470601196845,37.87047849587157,3.996,1.328,2732.625,26
2,24,1.8485654344528384,3.62100794387788,-0.000663960138219,37.91622923736452,0.0004,3.609,2742.688,26
2,24,1.8485654344528384,3.18896980150794,-4.025944769046438,37.90627663653028,3.996,1.326,2752.703,26
2,24,1.8485654344528384,3.6182779540538887,0.0003163200787857,37.96481972871055,0.0006,3.607,2762.719,26
2,24,1.8485654344528384,3.185106792869789,-4.026276242986347,37.97764328013929,3.996,1.324,2772.735,26
2,24,1.8485654344528384,3.6153698705280894,-0.0002586740940808,38.018822798651456,0.0004,3.603,2782.735,26
2,24,1.8485654344528384,3.1814222786984785,-4.025312028028313,38.0419492960602,3.996,1.32,2792.797,26
2,24,1.8485654344528384,3.612484401135041,0.0011296537603611,38.12442926819421,0.0006,3.6,2802.875,26
2,24,1.8485654344528384,3.1779407512500337,-4.025724262444226,38.0986555133783,3.996,1.316,2812.875,26
2,24,1.8485654344528384,3.609087475400648,-0.0005120026691419,38.13936233173143,0.0004,3.597,2822.907,26
2,24,1.8485654344528384,3.173727670130132,-4.025708500773163,38.14511459705472,3.996,1.312,2832.922,26
2,24,1.8485654344528384,3.605735255403498,-0.0011143242883511,38.223404103678696,0.0004,3.592,2842.938,26
2,24,1.8485654344528384,3.1691088670419543,-4.025299324185385,38.21192756821576,3.996,1.309,2853.0,26
2,24,1.8485654344528384,3.602248600760057,0.0013577152828314,38.28063624405256,0.0004,3.589,2863.016,26
2,24,1.8485654344528384,3.16434792893641,-4.025680936107688,38.342000136086405,3.996,1.304,2873.063,26
2,24,1.8485654344528384,3.5981391590763963,-0.000274281068165,38.38850590936693,0.0004,3.585,2883.078,26
2,24,1.8485654344528384,3.15945685878266,-4.024136634845297,38.40489275404092,3.996,1.3,2893.141,26
2,24,1.8485654344528384,3.594115786262755,-5.193210628534895e-05,38.44293350135486,0.0004,3.579,2903.157,26
2,24,1.8485654344528384,3.1540043045516466,-4.025892448212019,38.443221620977965,3.996,1.297,2913.188,26
2,24,1.8485654344528384,3.5899470710215797,-0.0015550592340141,38.49517779302677,0.0004,3.575,2923.219,26
2,24,1.8485654344528384,3.14836006663603,-4.025788563578017,38.525354552386375,3.996,1.291,2933.25,26
2,24,1.8485654344528384,3.585463964726181,0.0004245361141975,38.58925514705353,0.0004,3.571,2943.344,26
2,24,1.8485654344528384,3.142436203701294,-4.024443807278538,38.60108410536642,3.996,1.286,2953.36,26
2,24,1.8485654344528384,3.5804870715927453,-0.0008292100755351,38.64518695926799,0.0004,3.566,2963.469,26
2,24,1.8485654344528384,3.1354424609558347,-4.025654216367473,38.64881046096878,3.996,1.28,2973.547,26
2,24,1.8485654344528384,3.574742077356686,-0.0015730284649806,38.71437188892223,0.0004,3.56,2983.594,26
2,24,1.8485654344528384,3.1280385352788063,-4.024420887998276,38.68895692889235,3.996,1.274,2993.625,26
2,24,1.8485654344528384,3.5687653473515124,-0.0021999272707208,38.78747225955958,0.0004,3.552,3003.641,26
2,24,1.8485654344528384,3.1194109448339145,-4.026412292400272,38.795874215356925,3.996,1.268,3013.703,26
2,24,1.8485654344528384,3.561786362510756,-0.000647145619424,38.86210517088797,0.0004,3.545,3023.75,26
2,24,1.8485654344528384,3.110611339759473,-4.026087862432239,38.90388641307226,3.996,1.26,3033.75,26
2,24,1.8485654344528384,3.5545234274005866,-0.0009976583151239,38.96356939354489,0.0004,3.538,3043.75,26
2,24,1.8485654344528384,3.100199918606718,-4.0236488684996825,38.95034163763024,3.996,1.25,3053.797,26
2,24,1.8485654344528384,3.546473589251451,-0.0009831761851819,39.00936564063675,0.0004,3.53,3063.907,26
2,24,1.8485654344528384,3.088062717232792,-4.024204718352851,39.02828319392679,3.996,1.24,3074.063,26
2,24,1.8485654344528384,3.5366892743838725,-0.0021009269783444,39.06513612147928,0.0004,3.519,3084.141,26
2,24,1.8485654344528384,3.0750666846077173,-4.025077822211764,39.11564501629711,3.996,1.228,3094.219,26
2,24,1.8485654344528384,3.526014536432231,-0.0001284320850691,39.18182769566409,0.0004,3.507,3104.313,26
2,24,1.8485654344528384,3.0604674516938792,-4.025636327586055,39.20547004590535,3.996,1.213,3114.328,26
2,24,1.8485654344528384,3.513509693965044,-0.0003132876291684,39.27215534731016,0.0004,3.495,3124.391,26
2,24,1.8485654344528384,3.043197432015399,-4.02685680396256,39.26443998269975,3.996,1.201,3134.469,26
2,24,1.8485654344528384,3.498794909745955,-0.0010487429800405,39.41419146488269,0.0006,3.477,3144.469,26
2,24,1.8485654344528384,3.023110393188836,-4.02394192586265,39.38598697178426,3.996,1.184,3154.516,26
2,24,1.8485654344528384,3.4826582653277773,-0.0024255811438945,39.48232836809011,0.0004,3.461,3164.625,26
2,24,1.8485654344528384,3.000835505620107,-4.026467328599011,39.51011917606158,3.996,1.166,3174.672,26
2,24,1.8485654344528384,3.4636477864404496,-0.0004157010557496,39.56535959703626,0.0004,3.44,3184.766,26
2,24,1.8485654344528384,2.974985545369809,-4.026637150033246,39.59468275788848,3.996,1.144,3194.782,26
2,24,1.8485654344528384,3.440966645261132,0.0007640438010493,39.63981871996142,0.0004,3.417,3204.766,26
2,24,1.8485654344528384,2.9446327356915343,-4.026329053606851,39.68206023478138,3.996,1.116,3214.766,26
2,24,1.8485654344528384,3.415045404219752,-0.0029399386206105,39.80340708221075,0.0004,3.391,3224.813,26
2,24,1.8485654344528384,2.9088957006521925,-4.022610166901139,39.80318724153347,3.996,1.084,3234.907,26
2,24,1.8485654344528384,3.384667008968189,-0.0026921291738282,39.92406643151641,0.0004,3.357,3244.953,26
2,24,1.8485654344528384,2.8681563937336216,-4.024559684960351,39.97078513291786,3.996,1.054,3254.985,26
2,24,1.8485654344528384,3.3491581595576987,-5.0394406960916855e-05,40.01798127745813,0.0004,3.32,3265.0,26
2,24,1.8485654344528384,2.8195593076574474,-4.025595529170915,40.067156393082094,3.996,1.012,3275.078,26
2,24,1.8485654344528384,3.3069003708686795,-0.000780173963197,40.22674289933402,0.0004,3.276,3285.094,26
2,24,1.8485654344528384,2.76170488896213,-4.022499506416492,40.22435372255967,3.996,0.962,3295.141,26
2,24,1.8485654344528384,3.2568174647361072,-0.0001093790842058,40.32276344224916,0.0004,3.224,3305.141,26
2,24,1.8485654344528384,2.689350551641412,-4.026230945208856,40.3757907715279,3.996,0.908,3315.172,26
2,24,1.8485654344528384,3.196590212711852,-1.3659558737724984e-05,40.49700020996408,0.0006,3.157,3325.203,26
2,24,1.8485654344528384,2.5903960759286164,-4.025843591115767,40.524338384279865,3.996,0.835,3335.25,26
2,24,1.8485654344528384,3.118357804747604,-0.0003068570343945,40.64905685860588,0.0004,3.068,3345.375,26
2,24,1.8485654344528384,2.4388174953999564,-4.027036165477779,40.71016481021722,3.996,0.732,3355.516,26
2,24,1.8485654344528384,3.017375304916486,-0.0012509967023855,40.879502594292056,0.0004,2.949,3365.735,26
2,24,1.8485654344528384,2.1859657543759328,-4.0256401040179695,41.0073000791803,3.996,0.599,3375.86,26
2,24,1.8485654344528384,2.8932324085399816,-0.0005580933159724,41.17692253844495,0.0004,2.769,3386.157,26
2,24,1.8485654344528384,1.8939610306669548,-3.8604263699635832,41.27574485601519,3.996,0.377,3396.438,26
2,24,1.8485654344528384,2.786244681815669,-0.0013291327883159,41.50441060959557,0.0004,0.0,3406.875,26
2,24,1.8485654344528384,2.882810124712078,-0.0004862760173572,41.45861993900808,0.0006,0.0,3417.375,26
2,24,1.8485654344528384,2.934457253403369,-0.0006257392966251,41.31316478885734,0.0004,0.0,3427.813,26
2,24,1.8485654344528384,2.971185653021074,-3.733119153567679e-05,41.13648114123016,0.0004,-0.0,3438.313,26
2,24,1.8485654344528384,2.999975147008649,0.0002910021043141,40.947023477366784,0.0004,0.0,3448.719,26
2,24,1.8485654344528384,3.0239817510296745,-0.0007006262978843,40.711726486706766,0.0004,-0.0,3459.172,26
2,24,1.8485654344528384,3.044792390798892,-0.0007714989830967,40.50872418265007,0.0004,0.0,3469.672,26
2,24,1.8485654344528384,3.0626743743128544,-0.0017287937339871,40.323950710624544,0.0004,0.0,3480.188,26
2,24,1.8485654344528384,3.0783999697201807,-0.0015137504063398,40.15634248924528,0.0004,0.0,3490.625,26
2,24,1.8485654344528384,3.092257873813397,-0.0022053918172094,39.95055145516682,0.0004,-0.0,3501.063,26
2,24,1.8485654344528384,3.1045565558346278,-0.0008014737481865,39.77296404646115,0.0004,0.0,3511.578,26
2,24,1.8485654344528384,3.115378112236918,-0.0014407490760933,39.59503204333542,0.0004,-0.0,3522.063,26
2,24,1.8485654344528384,3.1253328534577625,-0.000780034951273,39.4099511392612,0.0004,-0.0,3532.594,26
2,24,1.8485654344528384,3.133839820686072,-0.0008267538844337,39.22318259903151,0.0004,0.0,3543.016,26
2,24,1.8485654344528384,3.1415033688677902,-0.0037359202869501,39.04522046610166,0.0004,0.0,3553.469,26
2,24,1.8485654344528384,3.148696066908962,-0.0010202632404005,38.86349826407668,0.0004,0.0,3563.969,26
2,24,1.8485654344528384,3.1550303369565174,-0.0015831516635564,38.693404660847975,0.0004,0.0,3574.375,26
2,24,1.8485654344528384,3.160841242957791,-0.0001993753899202,38.53419013914209,0.0004,0.0,3584.875,26
2,24,1.8485654344528384,3.166442402018055,0.0001188304520867,38.34950879407584,0.0004,0.0,3595.391,26
2,24,1.8485654344528384,3.171181511664509,8.23476161170837e-05,38.18264384164387,0.0004,0.0,3605.875,26
2,24,1.8485654344528384,3.175851038285709,-0.0014652596149351,38.01351501931781,0.0004,0.0,3616.297,26
2,24,1.8485654344528384,3.180024599235032,-0.0003118096225521,37.86155364865819,0.0004,0.0,3626.766,26
2,24,1.8485654344528384,3.1842621929885686,0.0003444139218597,37.69563510900631,0.0004,0.0,3637.266,26
2,24,1.8485654344528384,3.1878347152761144,-0.0029548770314043,37.56281427902293,0.0004,0.0,3647.703,26
2,24,1.8485654344528384,3.191487591121535,0.0002337798474695,37.38097321151633,0.0004,0.0,3658.172,26
2,24,1.8485654344528384,3.194823643289681,-0.002381250914074,37.24486690099667,0.0004,0.0,3668.641,26
2,24,1.8485654344528384,3.1982413957329245,-0.0020710382715999,37.0849826153377,0.0004,-0.0,3679.032,26
2,24,1.8485654344528384,3.2010770906708355,-0.0018640130896797,36.947683438984605,0.0004,0.0,3689.485,26
2,24,1.8485654344528384,3.20369505544339,-0.0002885317374541,36.80918670578806,0.0004,0.0,3700.0,26
2,24,1.8485654344528384,3.206259717127399,-0.0004367134908352,36.66494672672614,0.0004,-0.0,3710.453,26
2,24,1.8485654344528384,3.208662894063257,-0.0017028307121773,36.52658740665064,0.0004,-0.0,3720.985,26
2,24,1.8485654344528384,3.2111207052606248,-0.0002720989911142,36.40113945393827,0.0004,0.0,3731.5,26
2,24,1.8485654344528384,3.213379236899667,0.0022404253211061,36.25546274777157,0.0004,0.0,3741.922,26
2,24,1.8485654344528384,3.2155183642693475,-9.56567706084309e-05,36.11089028996744,0.0004,0.0,3752.453,26
2,24,1.8485654344528384,3.217527239987807,-0.0016591498923291,35.9980505659078,0.0004,0.0,3762.907,26
2,24,1.8485654344528384,3.219419543057531,-2.383982759153638e-05,35.85036781846028,0.0004,-0.0,3773.36,26
2,24,1.8485654344528384,3.221420138483387,0.0020648756752431,35.73045673896651,0.0004,-0.0,3783.813,26
2,24,1.8485654344528384,3.223141129507349,0.00062992833363,35.600536005352225,0.0004,0.0,3794.297,26
2,24,1.8485654344528384,3.224842499849427,-0.0017355123341991,35.48455044267876,0.0004,0.0,3804.766,26
2,24,1.8485654344528384,3.2265566289377645,0.0001192600645801,35.358169368508946,0.0004,-0.0,3815.282,26
2,24,1.8485654344528384,3.228029819393569,-5.479356318052376e-05,35.24431641905281,0.0004,-0.0,3825.719,26
2,24,1.8485654344528384,3.229849203819872,-0.0014468537540762,35.13543072075316,0.0004,0.0,3836.141,26
2,24,1.8485654344528384,3.2310994390178944,-0.0037244423946477,35.01725757893213,0.0004,0.0,3846.547,26
2,24,1.8485654344528384,3.2323266596807607,-0.0026441417094218,34.906820239671106,0.0004,-0.0,3856.969,26
2,24,1.8485654344528384,3.2338975183934155,-9.841406081012276e-05,34.78745627203625,0.0004,0.0,3867.547,26
2,24,1.8485654344528384,3.2353370789570484,-0.0014666578926915,34.68985178406664,0.0004,-0.0,3878.0,26
2,24,1.8485654344528384,3.2364652829897227,-0.003184497485514,34.58702841597099,0.0004,0.0,3888.422,26
2,24,1.8485654344528384,3.2375545561600454,-0.0001305102633529,34.47959755649109,0.0004,-0.0,3898.844,26
2,24,1.8485654344528384,3.238741734584065,-0.0016285775597003,34.36927388747973,0.0004,0.0,3909.313,26
2,24,1.8485654344528384,3.2398124566838145,0.0004256029636973,34.272544104617026,0.0004,-0.0,3919.782,26
2,24,1.8485654344528384,3.2408251914435864,-0.0001229019301193,34.204936486589695,0.0004,0.0,3930.266,26
2,24,1.8485654344528384,3.242166653278696,-0.000405625707221,34.06883851256019,0.0004,0.0,3940.688,26
2,24,1.8485654344528384,3.243115940673752,-0.0015027529348104,33.97150727825127,0.0004,-0.0,3951.172,26
2,24,1.8485654344528384,3.2441201732978167,0.0034559388466898,33.871670559879625,0.0004,0.0,3961.641,26
2,24,1.8485654344528384,3.244978826692791,-0.0017528698375178,33.77680192198654,0.0004,0.0,3972.078,26
2,24,1.8485654344528384,3.24585773106092,-0.0008616999647519,33.70740392975359,0.0004,0.0,3982.625,26
2,24,1.8485654344528384,3.246920843909516,0.0035074256665322,33.587502302587346,0.0004,0.0,3993.078,26
2,24,1.8485654344528384,3.247697851121484,0.0004369250461918,33.51854888340036,0.0004,0.0,4003.625,26
2,24,1.8485654344528384,3.2486025043045843,-0.0028632624620817,33.43031944961431,0.0004,-0.0,4014.157,26
2,24,1.8485654344528384,3.249373501459637,-0.0015119465292802,33.32172978103003,0.0004,0.0,4024.641,26
2,24,1.8485654344528384,3.2504139433427137,-0.0017764057268149,33.2505967411987,0.0004,0.0,4035.141,26
2,24,1.8485654344528384,3.251148604712027,-0.0010288858054125,33.158018518788,0.0004,0.0,4045.641,26
2,24,1.8485654344528384,3.25165849697404,0.0015436517105152,33.076584101929555,0.0004,0.0,4056.063,26
2,24,1.8485654344528384,3.252572999907522,-0.0040162404264236,32.99168586044177,0.0004,-0.0,4066.532,26
2,24,1.8485654344528384,3.2532991213834785,-0.0030401247348024,32.89617820093335,0.0004,0.0,4077.016,26
2,24,1.8485654344528384,3.2538804037929765,-1.808201267675339e-05,32.8199861092078,0.0004,-0.0,4087.422,26
2,24,1.8485654344528384,3.2544486238934374,-0.0016665940844854,32.750788019766176,0.0004,0.0,4097.813,26
2,24,1.8485654344528384,3.255081548062482,-0.0004818516179803,32.67994053557423,0.0004,-0.0,4108.235,26
2,24,1.8485654344528384,3.25585751747693,0.0005003363403391,32.583114722385254,0.0004,0.0,4118.703,26
2,24,1.8485654344528384,3.256449682665216,-0.0029069478239897,32.51114980607504,0.0004,0.0,4129.188,26
2,24,1.8485654344528384,3.2569457461619886,-0.0036868170513275,32.42046792623587,0.0004,-0.0,4139.625,26
2,24,1.8485654344528384,3.2574137811358392,0.0001788282699231,32.35262143483027,0.0002,0.0,4150.125,26
2,24,1.8485654344528384,3.258052058747024,-0.0012195095020285,32.27281611924247,0.0004,0.0,4160.594,26
2,24,1.8485654344528384,3.258649006813992,-0.0001048709690263,32.23641473883737,0.0004,-0.0,4171.032,26
2,24,1.8485654344528384,3.259122007654161,-0.0036473235349811,32.177217782806146,0.0004,0.0,4181.516,26
2,24,1.8485654344528384,3.2596452101310005,-0.0012776644474898,32.121882171963954,0.0004,0.0,4192.016,26
2,24,1.8485654344528384,3.260190453389201,-0.0003814341544175,32.05282775458865,0.0004,0.0,4202.5,26
2,24,1.8485654344528384,3.260646446244736,-0.0017878856469391,31.969620868247816,0.0004,0.0,4212.922,26
2,24,1.8485654344528384,3.26113735106292,-0.0008652332661306,31.88542750542352,0.0004,0.0,4223.407,26
2,24,1.8485654344528384,3.261596964158126,0.0011761886757876,31.837250754680703,0.0004,0.0,4233.875,26
2,24,1.8485654344528384,3.2622889849205965,0.001891386983894,31.760762939797097,0.0004,0.0,4244.282,26
2,24,1.8485654344528384,3.262498364646649,0.0016320691971111,31.695643572523053,0.0004,0.0,4254.703,26
2,24,1.8485654344528384,3.2630407556162524,-0.0005596167866672,31.63619171756448,0.0004,0.0,4265.157,26
2,24,1.8485654344528384,3.2634651628923947,0.0005517298308624,31.57548864657244,0.0004,-0.0,4275.61,26
2,24,1.8485654344528384,3.263976425008664,0.0019456128046816,31.52204703538301,0.0004,0.0,4286.078,26
2,24,1.8485654344528384,3.264242665269546,-0.0013668100624089,31.44380120205273,0.0004,0.0,4296.563,26
2,24,1.8485654344528384,3.2647937386266617,-0.0029837105654384,31.35389070304396,0.0004,0.0,4307.032,26
2,24,1.8485654344528384,3.2651872013410124,-0.0016396718738301,31.30235641760476,0.0004,0.0,4317.5,26
2,24,1.8485654344528384,3.265508582615116,-0.0010618067771517,31.24080880328428,0.0004,0.0,4327.969,26
2,24,1.8485654344528384,3.266004048567817,4.277641155048073e-05,31.19292400673957,0.0002,-0.0,4338.375,26
2,24,1.8485654344528384,3.2662099464970016,0.0008486124835689,31.135415478428342,0.0004,0.0,4348.875,26
2,24,1.8485654344528384,3.2666702710478828,1.6573204824915945e-05,31.088911608067665,0.0004,-0.0,4359.438,26
2,24,1.8485654344528384,3.267133745919597,-0.000327097593046,31.036258002475293,0.0004,0.0,4369.891,26
2,24,1.8485654344528384,3.267406569558588,-0.0013885486204186,30.997328369601867,0.0004,-0.0,4380.328,26
2,24,1.8485654344528384,3.267740519729206,0.0001759752169486,30.941570023051984,0.0004,0.0,4390.797,26
2,24,1.8485654344528384,3.26818439404155,-0.0007126670866647,30.881811911357723,0.0004,-0.0,4401.25,26
2,24,1.8485654344528384,3.2685298555401983,0.0005609294499199,30.81630873496448,0.0004,0.0,4411.719,26
2,24,1.8485654344528384,3.268706512957673,-0.000988429345353,30.770981328724144,0.0004,0.0,4422.141,26
2,24,1.8485654344528384,3.269240426010323,-0.0017456598657634,30.717596793707013,0.0004,0.0,4432.563,26
2,24,1.8485654344528384,3.2694772204583926,0.0007699200866874,30.672781640035808,0.0004,-0.0,4443.047,26
2,24,1.8485654344528384,3.269799666864793,-0.0006791704852029,30.621474517745146,0.0004,0.0,4453.594,26
2,24,1.8485654344528384,3.2701375677279785,-0.0007625066743152,30.57673438058882,0.0004,0.0,4464.063,26
2,24,1.8485654344528384,3.270473463349927,-0.0015357275080161,30.536824054371483,0.0004,0.0,4474.5,26
2,24,1.8485654344528384,3.2708057398378507,-0.0016706353740104,30.483928537896347,0.0004,0.0,4485.016,26
2,24,1.8485654344528384,3.271155150777304,-0.0016231343937687,30.433593480420303,0.0004,-0.0,4495.61,26
2,24,1.8485654344528384,3.2715837013934523,-0.0042792361494543,30.38971499430346,0.0004,0.0,4506.078,26
2,24,1.8485654344528384,3.271849435682657,-0.0016205430759445,30.333296864873592,0.0004,0.0,4516.594,26
2,24,1.8485654344528384,3.272111763284745,-0.0026793567185155,30.280748416685867,0.0004,0.0,4527.032,26
2,24,1.8485654344528384,3.272425249473051,-0.0010387644652109,30.245819636020627,0.0004,0.0,4537.469,26
2,24,1.8485654344528384,3.272582832811463,-0.0005673985663554,30.199693340585608,0.0004,0.0,4547.969,26
2,24,1.8485654344528384,3.273012978458409,-0.001132953835961,30.165747859099653,0.0004,-0.0,4558.485,26
2,24,1.8485654344528384,3.2732801508749345,-0.0010766299383731,30.11171771407017,0.0004,0.0,4569.0,26
2,24,1.8485654344528384,3.2735831405634945,-0.0030119360768635,30.065589792264124,0.0004,0.0,4579.422,26
2,24,1.8485654344528384,3.2738640485521477,-0.0015771791271449,30.015992674891532,0.0004,-0.0,4589.875,26
2,24,1.8485654344528384,3.2742016737160986,-0.0004943640010781,29.97394294027849,0.0004,0.0,4600.36,26
2,24,1.8485654344528384,3.2743018381183813,0.0004865751969436,29.935943089463404,0.0004,0.0,4610.782,26
2,24,1.8485654344528384,3.2748381436740317,-0.0012730788249368,29.893454935721618,0.0002,0.0,4621.313,26
2,24,1.8485654344528384,3.2749446790679198,-0.0011234938510925,29.86728558892132,0.0004,0.0,4631.75,26
2,24,1.8485654344528384,3.2752231271726524,-0.0017917857235041,29.813125441531245,0.0004,-0.0,4642.266,26
2,24,1.8485654344528384,3.275481461093452,-0.00083073469338,29.77827535104397,0.0004,-0.0,4652.688,26
2,24,1.8485654344528384,3.275755656753866,0.0003490681678959,29.736998528006666,0.0004,0.0,4663.172,26
2,24,1.8485654344528384,3.2760533329929324,-0.0019082547582558,29.695916046348135,0.0004,0.0,4673.625,26
2,24,1.8485654344528384,3.276440707384704,-0.0005825395474254,29.66366523493536,0.0004,0.0,4684.188,26
2,24,1.8485654344528384,3.276580795565875,-3.0087107733365748e-05,29.6207875616471,0.0004,-0.0,4694.782,26
2,24,1.8485654344528384,3.2769117713583875,-0.000551757965903,29.58856370559565,0.0004,0.0,4705.266,26
2,24,1.8485654344528384,3.277106465793433,-0.0015103194541751,29.546624227417468,0.0004,-0.0,4715.719,26
2,24,1.8485654344528384,3.2774810081786736,-0.0005827554233476,29.512251536748742,0.0004,0.0,4726.141,26
2,24,1.8485654344528384,3.2774814122828158,0.0004368965025492,29.47359560072092,0.0004,0.0,4736.594,26
2,24,1.8485654344528384,3.277989712995858,0.0001630911345877,29.43488155802583,0.0004,0.0,4747.047,26
2,24,1.8485654344528384,3.278054381811909,0.001233096821876,29.405729229570262,0.0004,0.0,4757.469,26
2,24,1.8485654344528384,3.278406693986776,-0.0013376228589777,29.37357096354817,0.0004,0.0,4767.907,26
2,24,1.8485654344528384,3.2786701604543764,-0.0005987362789008,29.33801495435213,0.0004,-0.0,4778.422,26
2,24,1.8485654344528384,3.2787496658750777,-0.0009395251237951,29.302809949595964,0.0004,0.0,4788.891,26
2,24,1.8485654344528384,3.2790731168519325,-0.0004028480569235,29.27902933807911,0.0004,0.0,4799.36,26
2,24,1.8485654344528384,3.2793198041186176,-0.0035807703392916,29.24380025632578,0.0004,-0.0,4809.828,26
2,24,1.8485654344528384,3.279608541389958,-0.0043858138375927,29.201078759177715,0.0004,0.0,4820.297,26
2,24,1.8485654344528384,3.279707554752642,0.000483291871085,29.17899657780849,0.0004,-0.0,4830.86,26
2,24,1.8485654344528384,3.279999904686332,0.0006282955740574,29.138422929416045,0.0004,0.0,4841.407,26
2,24,1.8485654344528384,3.280399704522611,-0.0001414311402002,29.106116730772065,0.0004,0.0,4851.875,26
2,24,1.8485654344528384,3.280352547998915,-0.0005317326097466,29.060827304021828,0.0004,-0.0,4862.36,26
2,24,1.8485654344528384,3.2807048347777314,0.0004741445914934,29.04077357881121,0.0004,0.0,4872.797,26
2,24,1.8485654344528384,3.280996995635632,-0.0018507091050075,29.02103741325471,0.0004,0.0,4883.235,26
2,24,1.8485654344528384,3.281293415473297,-0.0035231538417506,28.985276969863005,0.0004,0.0,4893.688,26
2,24,1.8485654344528384,3.2813743120880017,-0.0006687045293214,28.95067781537727,0.0004,0.0,4904.125,26
2,24,1.8485654344528384,3.281630744379768,-0.0001860503544124,28.921082527431324,0.0004,0.0,4914.641,26
2,24,1.8485654344528384,3.2815834070177035,-0.0007644644723624,28.893322264650983,0.0004,0.0,4925.125,26
2,24,1.8485654344528384,3.2820267775574483,-0.0003502829776987,28.862320190663706,0.0004,-0.0,4935.563,26
2,24,1.8485654344528384,3.2822446160405936,0.0002975028520701,28.84895525272146,0.0004,0.0,4946.063,26
2,24,1.8485654344528384,3.2824804817303117,0.0005515576813705,28.81464832082894,0.0004,0.0,4956.516,26
2,24,1.8485654344528384,3.2824279087212878,0.0011971943256687,28.7973609631998,0.0004,0.0,4966.938,26
2,24,1.8485654344528384,3.2827772512343385,-0.002248902456089,28.763648089168985,0.0004,0.0,4977.328,26
2,24,1.8485654344528384,3.282945537748145,-0.0018566785835389,28.740604602455665,0.0004,-0.0,4987.75,26
2,24,1.8485654344528384,3.283329870803674,-0.002542645520213,28.704839731755257,0.0004,0.0,4998.219,26
2,24,1.8485654344528384,3.283425628672202,-0.0003984133157682,28.683037705175195,0.0004,-0.0,5008.703,26
2,24,1.8485654344528384,3.283361967378029,0.0001912680446275,28.65305679063602,0.0004,0.0,5019.141,26
2,24,1.8485654344528384,3.283778618313182,0.0001317811244696,28.629131882558696,0.0004,0.0,5029.657,26
2,24,1.8485654344528384,3.2839612337572133,-0.000422973358542,28.608994875675947,0.0004,0.0,5040.11,26
2,24,1.8485654344528384,3.2840850988861003,-0.0006882101990019,28.59145252062129,0.0004,0.0,5050.563,26
2,24,1.8485654344528384,3.2845570781013307,-0.0001673315356322,28.56126023936383,0.0004,0.0,5061.016,26
2,24,1.8485654344528384,3.284439688481174,-0.0007276199446513,28.528734784455,0.0004,0.0,5071.563,26
2,24,1.8485654344528384,3.2846778672587558,-0.0016817814739828,28.51589098712505,0.0004,0.0,5082.032,26
2,24,1.8485654344528384,3.2849810248029034,-7.480271757032264e-05,28.49570553990982,0.0004,0.0,5092.5,26
2,24,1.8485654344528384,3.285151362051659,-0.0030867956341551,28.466225285560014,0.0004,-0.0,5102.969,26
2,24,1.8485654344528384,3.2851845403145856,0.0013956286685607,28.446017574209318,0.0004,0.0,5113.516,26
2,24,1.8485654344528384,3.2854230200922507,-0.0009916407298427,28.421776172626178,0.0004,0.0,5123.969,26
2,24,1.8485654344528384,3.285615892041264,0.000262738122821,28.398474159228705,0.0006,0.0,5134.422,26
2,24,1.8485654344528384,3.285646375994419,-0.0017867158418223,28.378633336687912,0.0004,0.0,5144.86,26
2,24,1.8485654344528384,3.2856481242023534,-0.0001079770579315,28.34493375110415,0.0004,0.0,5155.313,26
2,24,1.8485654344528384,3.2863264053807018,-0.0042626755103426,28.341687727085255,0.0004,0.0,5165.735,26
2,24,1.8485654344528384,3.286113543389003,0.0009892919249017,28.31185775666155,0.0004,0.0,5176.219,26
2,24,1.8485654344528384,3.286471357646344,-0.0002916030473699,28.287695003341646,0.0004,0.0,5186.672,26
2,24,1.8485654344528384,3.2864507188897902,-0.0013719741330313,28.265213971278538,0.0004,0.0,5197.078,26
2,24,1.8485654344528384,3.2865791126765704,-0.001949548711508,28.240501837033893,0.0004,0.0,5207.547,26
2,24,1.8485654344528384,3.2866376708758693,0.0020792930622608,28.230779535523297,0.0004,-0.0,5218.0,26
2,24,1.8485654344528384,3.286845175275308,-0.0006695919378556,28.206549528552816,0.0004,0.0,5228.438,26
2,24,1.8485654344528384,3.2870695693055643,-0.0015064126929033,28.183354904900703,0.0004,0.0,5238.969,26
2,24,1.8485654344528384,3.28742984991442,8.543776908953082e-05,28.17003627529272,0.0004,-0.0,5249.422,26
2,24,1.8485654344528384,3.2874998594934803,-0.003864429952654,28.158638480960967,0.0004,0.0,5259.86,26
2,24,1.8485654344528384,3.287615864753111,-0.0002502512161139,28.141449421033798,0.0004,-0.0,5270.266,26
2,24,1.8485654344528384,3.287711322799075,-0.0006509722318293,28.13084257474092,0.0004,0.0,5280.735,26
2,24,1.8485654344528384,3.288003014896379,-0.0004694638479515,28.11129171068071,0.0004,-0.0,5291.203,26
2,24,1.8485654344528384,3.288121721428382,-0.0020306308489312,28.102335778572964,0.0004,0.0,5301.703,26
2,24,1.8485654344528384,3.288271917079326,-0.0062170003649156,28.08148785794243,0.0004,0.0,5312.203,26
2,24,1.8485654344528384,3.2883639945614345,-0.0006487940108302,28.05802266733353,0.0004,0.0,5322.688,26
2,24,1.8485654344528384,3.288535852058594,-0.002717109376686,28.05367815863488,0.0004,0.0,5333.11,26
2,24,1.8485654344528384,3.288592766812405,0.0028163954131378,28.03199318729299,0.0004,0.0,5343.563,26
2,24,1.8485654344528384,3.288980378997468,-0.0005728798400426,28.01570341298492,0.0004,-0.0,5353.985,26
2,24,1.8485654344528384,3.289028236858565,-0.0005612816236359,27.988391807123996,0.0004,0.0,5364.438,26
2,24,1.8485654344528384,3.2891607650164616,0.001379484340894,27.978553116967035,0.0004,-0.0,5374.875,26
2,24,1.8485654344528384,3.289334767133931,-0.0014529991910758,27.97156221095279,0.0004,0.0,5385.36,26
2,24,1.8485654344528384,3.289410399416412,-0.003863915853955,27.9548814739602,0.0004,0.0,5395.797,26
2,24,1.8485654344528384,3.289529391699271,-0.0022385813466585,27.93342589608085,0.0004,0.0,5406.235,26
2,24,1.8485654344528384,3.289854252100544,0.0003593252094472,27.91447673061386,0.0004,0.0,5416.703,26
2,24,1.8485654344528384,3.289902972105516,0.0032314949960463,27.902626543805823,0.0004,0.0,5427.157,26
2,24,1.8485654344528384,3.290005056904141,-0.0029972756258633,27.893635188947204,0.0004,0.0,5437.61,26
2,24,1.8485654344528384,3.2899587972659847,-0.0017402688359885,27.866452945908023,0.0004,-0.0,5448.11,26
2,24,1.8485654344528384,3.2902757054324496,-0.0040951119724544,27.85301406664008,0.0004,-0.0,5458.578,26
2,24,1.8485654344528384,3.290436161043941,0.0012249273523406,27.843113270986336,0.0004,0.0,5469.094,26
2,24,1.8485654344528384,3.2906935472573613,-0.0019811389563533,27.822912647121832,0.0004,-0.0,5479.5,26
2,24,1.8485654344528384,3.29088834645943,-0.0013165664004774,27.80397296560828,0.0004,0.0,5489.985,26
2,24,1.8485654344528384,3.2908545746749165,-0.0032905088554221,27.802099583932996,0.0004,0.0,5500.469,26
2,24,1.8485654344528384,3.291028997270232,0.0038947878766607,27.785031041998018,0.0004,0.0,5510.938,26
2,24,1.8485654344528384,3.291225441617466,-0.0017311603366612,27.77756396964894,0.0004,0.0,5521.375,26
2,24,1.8485654344528384,3.2913127528519985,-0.0001355584608676,27.75709008623486,0.0004,0.0,5531.875,26
2,24,1.8485654344528384,3.2913903085413625,-0.0058865858200702,27.754582336216835,0.0004,0.0,5542.36,26
2,24,1.8485654344528384,3.291638079850652,-0.0034243617550168,27.727772809704167,0.0004,0.0,5552.797,26
2,24,1.8485654344528384,3.291642112836328,-0.0017010658398009,27.709891434833743,0.0004,0.0,5563.282,26
2,24,1.8485654344528384,3.2919926333996825,0.0028668108605654,27.70230655531769,0.0004,0.0,5573.797,26
2,24,1.8485654344528384,3.291716028627771,-0.0003909696188465,27.69883988454804,0.0004,-0.0,5584.25,26
2,24,1.8485654344528384,3.292080427232723,-0.0021132144928597,27.67921825584411,0.0004,0.0,5594.657,26
2,24,1.8485654344528384,3.2923779581500936,-0.0019435474697842,27.670325839505004,0.0004,0.0,5605.157,26
2,24,1.8485654344528384,3.292512533224243,-1.4073910952012491e-05,27.65247696752301,0.0004,-0.0,5615.672,26
2,24,1.8485654344528384,3.2925565867688458,-0.0063321454821707,27.646208225342438,0.0004,0.0,5626.094,26
2,24,1.8485654344528384,3.2927216402144164,-0.0003927920355979,27.62939742901413,0.0004,0.0,5636.594,26
2,24,1.8485654344528384,3.292912477662288,-0.002431900510054,27.61624764208206,0.0004,-0.0,5647.047,26
2,24,1.8485654344528384,3.292893002979689,-0.0023612934550104,27.60938714259,0.0004,0.0,5657.469,26
2,24,1.8485654344528384,3.293074884846406,-0.0003981367343226,27.59027798274304,0.0004,-0.0,5667.985,26
2,24,1.8485654344528384,3.2930222294540465,-0.0017484286969019,27.57920872209223,0.0004,0.0,5678.407,26
2,24,1.8485654344528384,3.2933933899302184,0.0017988213345157,27.566812422202148,0.0004,-0.0,5688.969,26
2,24,1.8485654344528384,3.2934503250494656,-0.001842889887645,27.559066354245324,0.0004,0.0,5699.422,26
2,24,1.8485654344528384,3.2934808927544883,-0.0043700695974251,27.53754165622022,0.0004,0.0,5710.0,26
2,24,1.8485654344528384,3.2938544581566016,-0.0045767865209317,27.532015454477097,0.0004,0.0,5720.5,26
2,24,1.8485654344528384,3.294067899065761,0.0019061555621544,27.51516888938328,0.0004,0.0,5731.0,26
2,24,1.8485654344528384,3.29401592587119,0.0019236988356822,27.498456444068484,0.0004,-0.0,5741.469,26
2,24,1.8485654344528384,3.2942789078037467,0.0014684433094622,27.49351137263748,0.0004,0.0,5752.0,26
2,24,1.8485654344528384,3.294328956257346,0.0004153128299165,27.478876553917782,0.0004,0.0,5762.407,26
2,24,1.8485654344528384,3.2944875839059216,-0.0037569391693979,27.473160152240023,0.0004,-0.0,5772.875,26
2,24,1.8485654344528384,3.294590460038117,-0.0031769342883902,27.460380873188416,0.0004,0.0,5783.344,26
2,24,1.8485654344528384,3.294664812036639,-0.0005293533146969,27.45214051224557,0.0004,0.0,5793.797,26
2,24,1.8485654344528384,3.294749537536532,0.0013588111995862,27.438979794725316,0.0004,0.0,5804.282,26
2,24,1.8485654344528384,3.295064422318519,0.0011342309786511,27.424381450205605,0.0004,0.0,5814.735,26
2,24,1.8485654344528384,3.2950453702920224,-0.0005021341174257,27.412749369654787,0.0004,-0.0,5825.282,26
2,24,1.8485654344528384,3.295138439910553,-0.0017191287596442,27.39558155491026,0.0004,-0.0,5835.782,26
2,24,1.8485654344528384,3.2954574121792537,-0.0023079433582198,27.391850068302578,0.0004,0.0,5846.375,26
2,24,1.8485654344528384,3.2953118069307457,-0.0003485861547283,27.381567271993877,0.0004,0.0,5856.797,26
2,24,1.8485654344528384,3.295607804490662,0.0004346441026831,27.380074939893657,0.0004,0.0,5867.297,26
2,24,1.8485654344528384,3.295704818391187,-0.0032727604175711,27.369998118493324,0.0004,0.0,5877.75,26
2,24,1.8485654344528384,3.2958749881911547,-0.0008123310079754,27.352343832506744,0.0004,0.0,5888.266,26
2,24,1.8485654344528384,3.295902987887827,-0.0002824283361781,27.351691827998003,0.0004,-0.0,5898.703,26
2,24,1.8485654344528384,3.295997211383497,-0.0035969480574144,27.34165641493213,0.0004,0.0,5909.203,26
2,24,1.8485654344528384,3.2961694877475063,0.0013066794610722,27.3312373784144,0.0004,0.0,5919.672,26
2,24,1.8485654344528384,3.2964367262749725,-0.0017280709939305,27.31568965433221,0.0004,0.0,5930.11,26
2,24,1.8485654344528384,3.296396392596181,-0.0011495533158556,27.306798278981592,0.0004,0.0,5940.594,26
2,24,1.8485654344528384,3.296398627365802,-0.0015359486148259,27.30263426504151,0.0004,0.0,5951.11,26
2,24,1.8485654344528384,3.296621109752416,0.000850326382257,27.273244604926116,0.0004,0.0,5961.594,26
2,24,1.8485654344528384,3.296646609849869,-0.0044504942355985,27.275019101702824,0.0004,0.0,5972.016,26
2,24,1.8485654344528384,3.296846560945169,0.0002412265458652,27.264823591942957,0.0004,0.0,5982.5,26
2,24,1.8485654344528384,3.2969822842720857,-0.0011978261547499,27.255314116365778,0.0004,0.0,5992.953,26
2,24,1.8485654344528384,3.2971194963377,-0.0015019727942859,27.251598292732105,0.0004,0.0,6003.344,26
2,24,1.8485654344528384,3.296742140397232,-0.0022897460841095,27.24106898422347,0.0004,0.0,6013.797,26
2,24,1.8485654344528384,3.297223645917126,-2.6167713357857586e-05,27.22146488196057,0.0004,0.0,6024.219,26
2,24,1.8485654344528384,3.297214489244109,0.0004712997332461,27.21243171701168,0.0004,0.0,6034.672,26
2,24,1.8485654344528384,3.2976034198483832,0.0013530671653777,27.2068589170045,0.0004,0.0,6045.188,26
2,24,1.8485654344528384,3.2974446967065583,-0.0023135675152597,27.20145759948895,0.0004,0.0,6055.672,26
2,24,1.8485654344528384,3.297747025086631,-6.934779394670845e-05,27.1966378741807,0.0004,0.0,6066.125,26
2,24,1.8485654344528384,3.297710785233302,-0.0014745570208985,27.183789693071624,0.0004,0.0,6076.532,26
2,24,1.8485654344528384,3.297897842534425,-0.0001634831622058,27.18362418937848,0.0004,-0.0,6087.0,26
2,24,1.8485654344528384,3.2979305100730816,-0.0010814118809852,27.17373306371753,0.0004,0.0,6097.485,26
2,24,1.8485654344528384,3.2981561153662207,-0.0007721919588842,27.17398023131828,0.0004,0.0,6107.938,26
2,24,1.8485654344528384,3.298276952346565,-0.0014172474654872,27.15329735792452,0.0004,-0.0,6118.438,26
2,24,1.8485654344528384,3.298345390072469,0.0002916521456782,27.14785161004637,0.0004,0.0,6128.875,26
2,24,1.8485654344528384,3.2984183520775687,-0.0044850983379362,27.14518380504197,0.0004,0.0,6139.375,26
2,24,1.8485654344528384,3.2986864138809384,-0.0004740556242712,27.13462151455908,0.0004,0.0,6149.828,26
2,24,1.8485654344528384,3.2989052033250483,0.000154149844322,27.119285606720627,0.0004,-0.0,6160.266,26
2,24,1.8485654344528384,3.29879545440766,0.0017438405812135,27.116075610400085,0.0004,-0.0,6170.782,26
2,24,1.8485654344528384,3.298983494058897,-0.000271685219501,27.11639611697989,0.0004,0.0,6181.235,26
2,24,1.8485654344528384,3.299118851266931,0.0012126362888429,27.110881717673447,0.0004,0.0,6191.719,26
2,24,1.8485654344528384,3.299194965181742,-0.0011317398874443,27.09048126967961,0.0004,0.0,6202.157,26
2,24,1.8485654344528384,3.299459137882789,-0.0031965643657116,27.07625591491169,0.0004,0.0,6212.657,26
2,24,1.8485654344528384,3.29951973771489,-0.0058566713041745,27.076567631511026,0.0004,-0.0,6223.125,26
2,24,1.8485654344528384,3.299641379899925,-0.0041681738253992,27.068642240474247,0.0004,0.0,6233.578,26
2,24,1.8485654344528384,3.299562042772579,-0.0001750148379323,27.06415408754044,0.0004,0.0,6244.047,26
2,24,1.8485654344528384,3.2996980006130645,0.000680991023221,27.05583217276261,0.0004,-0.0,6254.532,26
2,24,1.8485654344528384,3.2997139486206923,0.0003191736729001,27.053000126857576,0.0004,-0.0,6265.032,26
2,24,1.8485654344528384,3.2997976120327626,-0.0032653810474467,27.048122504772497,0.0004,0.0,6275.438,26
2,24,1.8485654344528384,3.299703765202495,-0.0015865749906953,27.036566960878325,0.0004,0.0,6285.86,26
2,24,1.8485654344528384,3.30003035347078,-0.000794836122419,27.027777331931603,0.0004,-0.0,6296.282,26
2,24,1.8485654344528384,3.300214578608842,-4.3443627403606015e-05,27.032121557108372,0.0004,0.0,6306.719,26
2,24,1.8485654344528384,3.3004517951888155,-0.0043785030355652,27.017748956055545,0.0004,-0.0,6317.157,26
2,24,1.8485654344528384,3.3002115900318456,-0.0020966478608411,27.022434601887497,0.0004,0.0,6327.641,26
2,24,1.8485654344528384,3.30057877161079,-0.0039695420536198,27.007030869992583,0.0004,0.0,6338.125,26
2,24,1.8485654344528384,3.300805179186453,-0.0024177663568898,26.993355847034447,0.0004,0.0,6348.672,26
2,24,1.8485654344528384,3.3007894511067057,0.0001470117609026,26.991402377862308,0.0004,0.0,6359.047,26
2,24,1.8485654344528384,3.300647824093544,0.0006366659521728,26.991303652956777,0.0004,0.0,6369.547,26
2,24,1.8485654344528384,3.30100815017086,0.0005049021452153,26.98657449001479,0.0004,0.0,6380.016,26
2,24,1.8485654344528384,3.300938769383148,-0.0004459340533665,26.97496216634597,0.0004,-0.0,6390.5,26
2,24,1.8485654344528384,3.300944299561653,-0.0051264984139934,26.97599091371292,0.0004,0.0,6400.953,26
2,24,1.8485654344528384,3.300971764846512,-0.004388666864554,26.955683450035988,0.0004,0.0,6411.407,26
2,24,1.8485654344528384,3.301312549580767,-0.000541737286928,26.95724700490488,0.0004,0.0,6421.922,26
2,24,1.8485654344528384,4.0132822830086905,3.838562266773025e-05,30.6141655112546,0.0004,4.003,391.844,26
2,24,1.8485654344528384,3.5659310361467056,-4.024716441391122,30.670625942290176,3.996,1.674,401.891,26
2,24,1.8485654344528384,4.007445696325672,-0.0003230535557978,30.771514658552597,0.0004,3.997,411.891,26
2,24,1.8485654344528384,3.561742719697805,-4.025838422496786,30.843160222375285,3.996,1.672,421.907,26
2,24,1.8485654344528384,4.001943263527703,-0.0015172766050356,30.93580569921468,0.0004,3.992,431.953,26
2,24,1.8485654344528384,3.593458208528116,-4.026454476408425,29.550314233287025,3.996,1.697,281.266,26
2,24,1.8485654344528384,4.043394254553091,0.0009850098604682,29.67039999846227,0.0004,4.034,291.235,26
2,24,1.8485654344528384,3.5881454800938744,-4.026208613698538,29.73261299849964,3.996,1.696,301.36,26
2,24,1.8485654344528384,3.991186505756484,-0.0018884437392867,31.280621968074453,0.0004,3.981,472.032,26
2,24,1.8485654344528384,3.5494033548354995,-4.0254478177665085,31.356008257747984,3.996,1.66,482.094,26
2,24,1.8485654344528384,3.985453965590856,-0.0015581525589611,31.43391729601676,0.0004,3.976,492.172,26
2,24,1.8485654344528384,3.5454933068878334,-4.025721994214224,31.491196120141858,3.996,1.656,502.172,26
2,24,1.8485654344528384,3.9802668875124025,-0.0010344728284969,31.588969799990277,0.0004,3.971,512.203,26
2,24,1.8485654344528384,3.5746613633986706,-4.0255600462895895,30.30101056924118,3.996,1.684,361.766,26
2,24,1.8485654344528384,4.018736404895474,-0.0013413347765319,30.416260950716453,0.0004,4.009,371.782,26
2,24,1.8485654344528384,3.5702671178461016,-4.025429016348983,30.499233362486663,3.996,1.678,381.828,26
2,24,1.8485654344528384,3.969564149653453,-0.0014372739693585,31.887902610643547,0.0004,3.96,552.469,26
2,24,1.8485654344528384,3.5328124552748164,-4.0247204059692265,31.921837909566417,3.996,1.645,562.453,26
2,24,1.8485654344528384,3.9640580532648286,-5.83334614578813e-05,32.01742640181053,0.0006,3.954,572.5,26
2,24,1.8485654344528384,3.528334283058488,-4.02583937392961,32.07787109168497,3.996,1.64,582.578,26
2,24,1.8485654344528384,3.958346238810308,0.0001704162328389,32.15425443931447,0.0004,3.949,592.657,26
2,24,1.8485654344528384,3.5576186370825926,-4.025229063502722,30.99950553915077,3.996,1.668,441.985,26
2,24,1.8485654344528384,3.9963148838554985,0.0003997463112241,31.130000136277264,0.0006,3.987,451.985,26
2,24,1.8485654344528384,3.553482368269031,-4.026260073441793,31.168563944414817,3.996,1.665,462.016,26
2,24,1.8485654344528384,3.3021572673239152,-0.0019812270229887,26.91184868180041,0.0004,0.0,6516.219,26
2,24,1.8485654344528384,3.5150566284862133,-4.025430332223666,32.43364096185385,3.996,1.628,643.016,26
2,24,1.8485654344528384,3.942859705556732,0.0007756823121203,32.50232173990248,0.0004,3.934,653.11,26
2,24,1.8485654344528384,3.5107237854885653,-4.026431942907647,32.5294357025024,3.996,1.625,663.188,26
2,24,1.8485654344528384,3.9376608700289015,-2.563991050178079e-05,32.59443684463089,0.0004,3.93,673.219,26
2,24,1.8485654344528384,3.541024079669418,-4.025932290567077,31.625340457160235,3.996,1.651,522.25,26
2,24,1.8485654344528384,3.974651907895834,-0.0002778883899878,31.736662299446778,0.0004,3.964,532.297,26
2,24,1.8485654344528384,3.536806714624328,-4.026656797684544,31.796972851512788,3.996,1.649,542.344,26
2,24,1.8485654344528384,3.918620776851769,0.00142453834798,32.88392974448082,0.0004,3.91,753.563,26
2,24,1.8485654344528384,3.52338500703713,-4.02546827136162,32.19252984053684,3.996,1.636,602.75,26
2,24,1.8485654344528384,3.953331864367121,0.0012950166005388,32.266562785734486,0.0004,3.944,612.797,26
2,24,1.8485654344528384,3.5193709881868127,-4.024522521172691,32.30828843090356,3.996,1.633,622.844,26
2,24,1.8485654344528384,3.9481036954884448,0.0020367499483951,32.38961856491004,0.0004,3.94,632.907,26
2,24,1.8485654344528384,3.449843208641385,-4.024776274357354,33.520869101855176,3.996,1.564,964.578,26
2,24,1.8485654344528384,3.8699341924389534,-0.0020368814868893,33.60957173893875,0.0004,3.862,974.61,26
2,24,1.8485654344528384,3.44588131177547,-4.025679529257564,33.61707176023985,3.996,1.558,984.641,26
2,24,1.8485654344528384,3.9002478384792014,-0.0010402746607097,33.19752301208787,0.0004,3.892,833.938,26
2,24,1.8485654344528384,3.5069361521282185,-4.024813378811162,32.59851727413048,3.996,1.62,683.25,26
2,24,1.8485654344528384,3.933227140525549,0.0022733041339468,32.66588381316586,0.0004,3.924,693.344,26
2,24,1.8485654344528384,3.5027986508311617,-4.025239613530304,32.70250020087637,3.996,1.617,703.407,26
2,24,1.8485654344528384,3.928062241707732,-0.000866616064134,32.81045535747619,0.0004,3.919,713.407,26
2,24,1.8485654344528384,3.498257196471635,-4.023757963401517,32.7604313122245,3.996,1.611,723.5,26
2,24,1.8485654344528384,3.923264457851985,0.0006188169972542,32.80438060186936,0.0004,3.914,733.485,26
2,24,1.8485654344528384,3.4943608019711,-4.026311165392645,32.794541908070215,3.996,1.606,743.5,26
2,24,1.8485654344528384,3.3019302162292976,-0.0040041696450718,26.91137136658855,0.0004,0.0,6505.735,26
2,24,1.8485654344528384,3.4903165706019776,-4.027029540837425,32.903087347611304,3.996,1.602,763.563,26
2,24,1.8485654344528384,3.9141179130962818,-0.0005311410819542,32.9924450424532,0.0004,3.905,773.563,26
2,24,1.8485654344528384,3.486057938782547,-4.028208896935738,33.035649322796694,3.996,1.6,783.594,26
2,24,1.8485654344528384,3.909450932419945,-0.000132432487661,33.13101167575968,0.0004,3.902,793.641,26
2,24,1.8485654344528384,3.481697684914649,-4.026114025003627,33.085611163217,3.996,1.595,803.75,26
2,24,1.8485654344528384,3.904946512607411,-0.00237125124221,33.15554961038658,0.0004,3.896,813.828,26
2,24,1.8485654344528384,3.4775531911277957,-4.025921303667946,33.09263432245943,3.996,1.591,823.922,26
2,24,1.8485654344528384,4.037396642733506,0.0004406599639425,29.84992181264329,0.0004,4.026,311.453,26
2,24,1.8485654344528384,3.301398309709374,-0.003973096194156,26.94671753824006,0.0004,0.0,6432.36,26
2,24,1.8485654344528384,3.301547736760546,-0.00010510853891,26.938285803363872,0.0004,0.0,6442.844,26
2,24,1.8485654344528384,3.301480777554586,-0.0031404735244298,26.9433011746159,0.0004,0.0,6453.313,26
2,24,1.8485654344528384,3.301510898668177,-0.0027230193751277,26.931625914980035,0.0004,-0.0,6463.797,26
2,24,1.8485654344528384,3.301643297535733,-0.0015664547584079,26.93002149699261,0.0004,0.0,6474.235,26
2,24,1.8485654344528384,3.3017388810170125,0.0008703200346904,26.920499455113656,0.0004,0.0,6484.719,26
2,24,1.8485654344528384,3.3019973823284703,-0.002260179981902,26.91586386940155,0.0004,0.0,6495.266,26
2,24,1.8485654344528384,3.354957303422485,-4.02402211431711,34.97744615819071,3.996,1.471,1486.875,26
2,24,1.8485654344528384,3.769659069837139,-0.0008290170306495,35.02205182001689,0.0004,3.763,1496.875,26
2,24,1.8485654344528384,3.351618938338253,-4.026358552977149,35.00198460429722,3.996,1.468,1506.938,26
2,24,1.8485654344528384,3.766254071881456,-0.0018630650855403,35.09127482293392,0.0006,3.76,1516.969,26
2,24,1.8485654344528384,3.3483388610423312,-4.026262821263862,35.07951506195979,3.996,1.467,1527.016,26
2,24,1.8485654344528384,3.762997593591271,-0.0006085889922859,35.1103231320296,0.0006,3.756,1537.078,26
2,24,1.8485654344528384,3.3452033470760725,-4.025570923382677,35.14183581367312,3.996,1.464,1547.157,26
2,24,1.8485654344528384,3.759701568760889,-0.0004453187414576,35.164553531576615,0.0004,3.752,1557.25,26
2,24,1.8485654344528384,3.342007583740497,-4.0256713441342376,35.176513600862584,3.996,1.463,1567.313,26
2,24,1.8485654344528384,3.756588042917212,0.000904659166538,35.22759557351069,0.0004,3.75,1577.36,26
2,24,1.8485654344528384,3.3389625207753,-4.024846258293662,35.211597630916785,3.996,1.459,1587.391,26
2,24,1.8485654344528384,3.753264944263022,-0.0024248829748368,35.23044926502923,0.0004,3.746,1597.469,26
2,24,1.8485654344528384,3.3356498648974475,-4.024696102634175,35.27009255527107,3.996,1.456,1607.516,26
2,24,1.8485654344528384,3.749839807215285,-0.0008167879871437,35.28790184901416,0.0004,3.744,1617.516,26
2,24,1.8485654344528384,3.332494729298541,-4.024027774992903,35.32484998694724,3.996,1.454,1627.532,26
2,24,1.8485654344528384,3.746729290081849,-0.0001563517644057,35.39014040243724,0.0004,3.74,1637.563,26
2,24,1.8485654344528384,3.3293653777530263,-4.024967738029843,35.34888396963785,3.996,1.45,1647.578,26
2,24,1.8485654344528384,3.7434946053052736,-0.0009477246404149,35.358992440688475,0.0006,3.737,1657.547,26
2,24,1.8485654344528384,3.3261336520015883,-4.02708102228603,35.36537199452274,3.996,1.447,1667.625,26
2,24,1.8485654344528384,3.740646899440208,0.0002378667953515,35.39757750056951,0.0004,3.734,1677.719,26
2,24,1.8485654344528384,3.323200058957233,-4.025671401075294,35.47675781930262,3.996,1.443,1687.735,26
2,24,1.8485654344528384,3.7375790527165615,-0.0012610523695386,35.49271055205149,0.0004,3.73,1697.782,26
2,24,1.8485654344528384,3.3201092235098666,-4.025651396749674,35.5587265838321,3.996,1.442,1707.797,26
2,24,1.8485654344528384,3.73461358687701,-0.0003316546542693,35.56100235574261,0.0004,3.728,1717.86,26
2,24,1.8485654344528384,3.317013186968817,-4.025526259863226,35.527934071938944,3.996,1.438,1727.891,26
2,24,1.8485654344528384,3.7315345581582857,-0.0016024432810807,35.584319033751406,0.0004,3.725,1737.985,26
2,24,1.8485654344528384,3.3140951376801424,-4.024692217214888,35.57983508199785,3.996,1.435,1748.0,26
2,24,1.8485654344528384,3.728653648488536,0.0002337729032151,35.62805303847829,0.0004,3.722,1758.032,26
2,24,1.8485654344528384,3.3109729841558275,-4.026086342357703,35.62786699372582,3.996,1.433,1768.11,26
2,24,1.8485654344528384,3.72583332296458,1.7636481462190918e-05,35.6262925836744,0.0004,3.718,1778.125,26
2,24,1.8485654344528384,3.307861150634725,-4.024088602717481,35.718426600510305,3.996,1.43,1788.172,26
2,24,1.8485654344528384,3.7226358345928903,-0.0003145906348141,35.71118359261857,0.0006,3.716,1798.157,26
2,24,1.8485654344528384,3.6168234447222223,-4.025256820801895,28.65621278903358,3.996,1.712,200.657,26
2,24,1.8485654344528384,4.071558810686083,-0.0008664817227746,28.7947479787176,0.0004,4.062,210.75,26
2,24,1.8485654344528384,3.61012203769346,-4.025939613277902,28.895252361543434,3.996,1.708,220.844,26
2,24,1.8485654344528384,4.064163077671855,-0.0008976593877751,29.025962749121007,0.0004,4.055,230.922,26
2,24,1.8485654344528384,3.6048137604444417,-4.025740506847023,29.11788042726903,3.996,1.704,240.938,26
2,24,1.8485654344528384,4.057347755717983,-0.001354186190743,29.246618024881872,0.0004,4.048,251.016,26
2,24,1.8485654344528384,3.5991097005505344,-4.025179435230829,29.330569482361625,3.996,1.701,261.094,26
2,24,1.8485654344528384,4.050316463786748,0.0014487808108414,29.46343645634607,0.0006,4.041,271.172,26
2,24,1.8485654344528384,3.649153384575977,-4.025881935389526,27.700093626344827,3.996,1.737,120.032,26
2,24,1.8485654344528384,4.104402914409449,-0.0037296172419882,27.857233426162324,0.0006,4.097,130.141,26
2,24,1.8485654344528384,3.639497665367108,-4.024654072128862,27.95533731440795,3.996,1.731,140.219,26
2,24,1.8485654344528384,4.095417575878656,-0.0041160169032387,28.10045332799958,0.0004,4.087,150.313,26
2,24,1.8485654344528384,3.630574972664858,-4.0251108709264045,28.200978126640216,3.996,1.724,160.40699999999998,26
2,24,1.8485654344528384,4.087139431964977,-0.0019979540777328,28.3398246246546,0.0004,4.078,170.5,26
2,24,1.8485654344528384,3.623832986531424,-4.027432255005002,28.42825558299244,3.996,1.719,180.485,26
2,24,1.8485654344528384,4.079210921299317,-0.0014128603596156,28.57558592753238,0.0004,4.07,190.578,26
2,24,1.8485654344528384,3.71143005151588,-4.024910754680885,26.594689033855943,3.996,1.784,39.735,26
2,24,1.8485654344528384,4.151446495864036,-0.0016840350875065,26.77045533238966,0.0004,4.151,49.813,26
2,24,1.8485654344528384,3.6908668932886592,-4.0268508471228,26.8970983656827,3.996,1.77,59.813,26
2,24,1.8485654344528384,4.13670601501204,-0.002882151311981,27.06611242175516,0.0004,4.134,69.86,26
2,24,1.8485654344528384,3.67426535749892,-4.025537565938438,27.17308710660964,3.996,1.757,79.907,26
2,24,1.8485654344528384,4.124731533642895,0.0004784129860318,27.33928456779065,0.0004,4.121,89.969,26
2,24,1.8485654344528384,3.660610357566558,-4.026794766813418,27.449824363734532,3.996,1.745,99.985,26
2,24,1.8485654344528384,4.113889373012582,1.3026746014150611e-05,27.60400604311834,0.0004,4.107,110.0,26
2,24,1.8485654344528384,4.202484672945412,-0.001456847489375,26.21789049788759,0.0004,0.0,0.0,26
2,24,1.8485654344528384,4.202556431495687,-0.0008477900545177,26.22464067261599,0.0004,4.217,9.421999999999995,26
2,24,1.8485654344528384,3.73906929462494,-4.025758923292618,26.30824396351464,3.996,1.788,19.703,26
2,24,1.8485654344528384,4.170382920692809,-0.0001076457348584,26.47238828662148,0.0004,4.173,29.703,26
2,24,1.8485654344528384,3.426487247516305,-4.027176792923645,33.875760659082346,3.996,1.544,1085.11,26
3,24,1.847111177186175,3.848097707814974,-0.0006606938983884,34.016025868830525,0.0004,3.84,1079.625,25
3,24,1.847111177186175,3.428600671767355,-4.02481408692667,34.0113181082911,3.996,1.553,1089.734,25
3,24,1.847111177186175,3.844173191828215,-0.0003329047655449,34.057301162016735,0.0004,3.836,1099.859,25
3,24,1.847111177186175,3.424761870135388,-4.024290119155179,34.06407170336073,3.996,1.548,1109.984,25
3,24,1.847111177186175,3.873498192516035,-5.668353381195665e-05,33.65595842313675,0.0004,3.865,958.578,25
3,24,1.847111177186175,3.4519853500138526,-4.024264359162447,33.648100520335376,3.996,1.571,968.671,25
3,24,1.847111177186175,3.868931804273356,-0.0006472266779815,33.703896800749106,0.0004,3.861,978.75,25
3,24,1.847111177186175,3.448063100856848,-4.027163402908404,33.7448143888038,3.996,1.567,988.812,25
3,24,1.847111177186175,3.831950811356525,-8.725963009659266e-05,34.23760642203058,0.0004,3.825,1160.484,25
3,24,1.847111177186175,3.4138402409477537,-4.025926915365935,34.24089385785445,3.996,1.54,1170.531,25
3,24,1.847111177186175,3.827897263828429,4.660011195927069e-05,34.29248472811184,0.0006,3.821,1180.64,25
3,24,1.847111177186175,3.409577376890409,-4.026717466348905,34.30184917280958,3.996,1.536,1190.812,25
3,24,1.847111177186175,3.856375855348445,0.0004162143947468,33.878507449059526,0.0004,3.849,1039.203,25
3,24,1.847111177186175,3.436413590127853,-4.024405454033781,33.89652690643838,3.996,1.558,1049.281,25
3,24,1.847111177186175,3.852210735554008,0.0002009791078873,33.94956202252894,0.0004,3.845,1059.421,25
3,24,1.847111177186175,3.432548057271073,-4.025122282195523,33.96093825135265,3.996,1.555,1069.515,25
3,24,1.847111177186175,3.95817540982135,-0.0008023329252088,32.29128725323643,0.0004,3.949,595.046,25
3,24,1.847111177186175,3.5273593421575606,-4.02460311799873,32.30798746825427,3.996,1.647,605.14,25
3,24,1.847111177186175,3.952849689326543,0.0001922695947055,32.40385184755612,0.0004,3.944,615.218,25
3,24,1.847111177186175,3.5228890708719893,-4.024263376506895,32.4411870395184,3.996,1.643,625.328,25
3,24,1.847111177186175,3.839858940364537,0.0019371070229195,34.13823993255395,0.0004,3.833,1120.078,25
3,24,1.847111177186175,3.421120254070167,-4.024921234323736,34.137237606804135,3.996,1.545,1130.14,25
3,24,1.847111177186175,3.835941911443773,-0.0013355767237188,34.185621578195146,0.0004,3.83,1140.265,25
3,24,1.847111177186175,3.4173093010772218,-4.025225094326229,34.18635983903188,3.996,1.543,1150.359,25
3,24,1.847111177186175,3.937104578960843,-0.0004910401143561,32.730087669914376,0.0006,3.928,676.078,25
3,24,1.847111177186175,3.5099402652089045,-4.024799136464727,32.727455858978075,3.996,1.628,686.14,25
3,24,1.847111177186175,3.932262782066693,-0.001258215327815,32.79685396195225,0.0006,3.924,696.187,25
3,24,1.847111177186175,3.5056517803087077,-4.0253160863105775,32.83183476646284,3.996,1.623,706.281,25
3,24,1.847111177186175,3.969003840541157,-0.0009842182969316,32.00805040481295,0.0004,3.96,554.656,25
3,24,1.847111177186175,3.536096461849544,-4.026554445995045,32.06332130105978,3.996,1.654,564.75,25
3,24,1.847111177186175,3.963447134158986,-0.0009892646045027,32.155164985701866,0.0004,3.954,574.859,25
3,24,1.847111177186175,3.531560595722332,-4.025786746507962,32.19571618447106,3.996,1.651,584.984,25
3,24,1.847111177186175,3.785816486517877,-0.0003690826736524,34.97618275054701,0.0004,3.778,1402.89,25
3,24,1.847111177186175,3.370270009962465,-4.024418013837679,34.98664810349891,3.996,1.499,1412.968,25
3,24,1.847111177186175,3.782560360869892,0.0010569134142639,35.00670623316393,0.0004,3.776,1423.156,25
3,24,1.847111177186175,3.367129039518709,-4.025303732815619,35.03769049752538,3.996,1.495,1433.234,25
3,24,1.847111177186175,3.808395868938917,0.0011120434119793,34.60905696373566,0.0004,3.8,1281.625,25
3,24,1.847111177186175,3.391372541155168,-4.027257007779405,34.606211103406075,3.996,1.521,1291.796,25
3,24,1.847111177186175,3.804391966517505,-0.0011284756248309,34.658902917322905,0.0006,3.798,1301.89,25
3,24,1.847111177186175,3.387896929465069,-4.024682362552096,34.63784737170998,3.996,1.515,1312.015,25
3,24,1.847111177186175,3.772105235683689,-0.0005603338680816,35.15858144959001,0.0004,3.765,1483.796,25
3,24,1.847111177186175,3.3570970194897938,-4.025786871642727,35.14409758325715,3.996,1.486,1493.875,25
3,24,1.847111177186175,3.768574065498615,0.0019866637971542,35.19293602681764,0.0006,3.762,1503.953,25
3,24,1.847111177186175,3.353426990366948,-4.025640362873838,35.1926202155088,3.996,1.483,1514.078,25
3,24,1.847111177186175,3.793231525595264,-0.0016385372769954,34.87124942495941,0.0004,3.786,1362.531,25
3,24,1.847111177186175,3.3771864149671877,-4.027273008425648,34.85466655404178,3.996,1.506,1372.64,25
3,24,1.847111177186175,3.7895554314693136,0.0012005896887664,34.9010563677855,0.0004,3.782,1382.718,25
3,24,1.847111177186175,3.3737284634989564,-4.0250092502725945,34.92271249450979,3.996,1.503,1392.828,25
3,24,1.847111177186175,3.882194911272865,0.000819685324994,33.54526109951488,0.0004,3.875,918.218,25
3,24,1.847111177186175,3.460192024819737,-4.02571146724656,33.54257585446356,3.996,1.582,928.281,25
3,24,1.847111177186175,3.8778170761414494,-0.0007140669936421,33.63711884700934,0.0004,3.87,938.39,25
3,24,1.847111177186175,3.4560748922919644,-4.02614960227324,33.62954805076731,3.996,1.577,948.531,25
3,24,1.847111177186175,3.779042962075109,-0.0001696773031287,35.07759710812227,0.0004,3.772,1443.375,25
3,24,1.847111177186175,3.3637896204515507,-4.024998861384662,35.09400960572205,3.996,1.492,1453.453,25
3,24,1.847111177186175,3.775578368773921,3.8126474903742654e-05,35.10721449112391,0.0004,3.769,1463.578,25
3,24,1.847111177186175,3.3605102173008783,-4.0242641644324735,35.09932041245932,3.996,1.489,1473.64,25
3,24,1.847111177186175,3.864555795370368,-5.275661611365405e-05,33.79498835650747,0.0004,3.857,998.843,25
3,24,1.847111177186175,3.4440551158343062,-4.025404111900301,33.77881629171232,3.996,1.565,1008.921,25
3,24,1.847111177186175,3.860606380611845,0.0011923927184814,33.821083330089735,0.0006,3.853,1019.031,25
3,24,1.847111177186175,3.4401585855106416,-4.026411220839145,33.80247194976217,3.996,1.561,1029.125,25
3,24,1.847111177186175,3.890936891617924,-0.0002102215380684,33.43990136307868,0.0004,3.882,877.718,25
3,24,1.847111177186175,3.467976880561113,-4.025653654507159,33.44682501227726,3.996,1.591,887.89,25
3,24,1.847111177186175,3.886331109392852,-0.0006304667341697,33.45344818222216,0.0004,3.879,898.0,25
3,24,1.847111177186175,3.464019049284538,-4.024592638744551,33.4737761275603,3.996,1.585,908.078,25
3,24,1.847111177186175,3.7328920340595912,-0.0002591221276161,35.74531424359028,0.0006,3.726,1726.328,25
3,24,1.847111177186175,3.318159439228763,-4.027320132120274,35.72507978485588,3.996,1.443,1736.437,25
3,24,1.847111177186175,3.730152717017413,-0.0008737310028469,35.790499654441746,0.0004,3.723,1746.609,25
3,24,1.847111177186175,3.3153578006748905,-4.026586906229801,35.78291788806384,3.996,1.44,1756.765,25
3,24,1.847111177186175,3.7516862462246063,-0.0005228042807527,35.453119109739305,0.0004,3.745,1605.015,25
3,24,1.847111177186175,3.3370894496927126,-4.0251013433446285,35.457964662662626,3.996,1.458,1615.109,25
3,24,1.847111177186175,3.748640639891239,-0.0017135663220735,35.52536687827929,0.0004,3.742,1625.218,25
3,24,1.847111177186175,3.333945022348898,-4.0240766805369095,35.496510679926494,3.996,1.458,1635.312,25
3,24,1.847111177186175,3.721281441948092,-8.02689051658481e-05,35.90005128976881,0.0004,3.715,1807.187,25
3,24,1.847111177186175,3.3063051865763406,-4.024083998048036,35.90214276192529,3.996,1.431,1817.296,25
3,24,1.847111177186175,3.718244216995757,-0.0007377801324277,35.94049147095112,0.0004,3.712,1827.421,25
3,24,1.847111177186175,3.303516214083681,-4.024532481765226,35.94902739491598,3.996,1.429,1837.515,25
3,24,1.847111177186175,3.739226192847526,-0.0008952969054017,35.645524414455615,0.0006,3.733,1685.89,25
3,24,1.847111177186175,3.324262229259005,-4.024180447712743,35.64337783399618,3.996,1.448,1696.015,25
3,24,1.847111177186175,3.735937616250084,-0.0006535563342438,35.69485586486011,0.0006,3.73,1706.109,25
3,24,1.847111177186175,3.321255563819823,-4.025939542297842,35.67492831738221,3.996,1.445,1716.218,25
3,24,1.847111177186175,3.816148762042787,-0.0017386026320226,34.474983734709184,0.0006,3.808,1241.296,25
3,24,1.847111177186175,3.399095403040618,-4.026168601196461,34.50170573935037,3.996,1.527,1251.343,25
3,24,1.847111177186175,3.8123141666867513,-0.0014963576059024,34.564071017652125,0.0006,3.804,1261.437,25
3,24,1.847111177186175,3.3952834097169715,-4.025139839884984,34.56915960617065,3.996,1.523,1271.531,25
3,24,1.847111177186175,3.727206560368761,-0.001826471695241,35.84155852891743,0.0006,3.721,1766.859,25
3,24,1.847111177186175,3.31232842536498,-4.027279282512763,35.80464260412936,3.996,1.437,1776.953,25
3,24,1.847111177186175,3.7242156380081184,0.0013864535311544,35.88093503297785,0.0004,3.718,1787.062,25
3,24,1.847111177186175,3.309340149387017,-4.025742739590218,35.86934853777596,3.996,1.435,1797.14,25
3,24,1.847111177186175,3.800590750853745,-0.0004083248663189,34.713107909230224,0.0006,3.794,1322.093,25
3,24,1.847111177186175,3.3843006116516667,-4.025963277990003,34.718064168479145,3.996,1.512,1332.203,25
3,24,1.847111177186175,3.796953126030421,-0.0018313498193563,34.81157175909631,0.0004,3.79,1342.312,25
3,24,1.847111177186175,3.3807324687290827,-4.024889799454058,34.792070766193355,3.996,1.509,1352.437,25
3,24,1.847111177186175,3.823718027196496,-0.0002012380664442,34.35713284534437,0.0004,3.816,1200.89,25
3,24,1.847111177186175,3.40591758974793,-4.0248230683757535,34.38177005618512,3.996,1.533,1211.0,25
3,24,1.847111177186175,3.820002924901595,-0.0010892830496972,34.43793454938351,0.0004,3.812,1221.093,25
3,24,1.847111177186175,3.4023138802737463,-4.025940334014956,34.43198110186593,3.996,1.53,1231.203,25
3,24,1.847111177186175,3.691060351640493,0.0021688642754968,36.38583658080528,0.0006,3.684,2049.562,25
3,24,1.847111177186175,3.2749272706957955,-4.024805335034675,36.3806820565339,3.996,1.403,2059.64,25
3,24,1.847111177186175,3.6887296386997135,0.0010084980545286,36.4459465545662,0.0004,3.682,2069.718,25
3,24,1.847111177186175,3.272547942846036,-4.025509197334326,36.4450243819642,3.996,1.401,2079.812,25
3,24,1.847111177186175,3.705122010434768,0.0005956669092676,36.16561117424517,0.0004,3.699,1928.484,25
3,24,1.847111177186175,3.290046830433889,-4.0256213704045,36.16502482195779,3.996,1.417,1938.531,25
3,24,1.847111177186175,3.7025819766883488,-0.0025204247976499,36.2232536240908,0.0004,3.697,1948.562,25
3,24,1.847111177186175,3.287387609944913,-4.02526809311431,36.22266315787452,3.996,1.413,1958.625,25
3,24,1.847111177186175,3.6824538620902008,0.0004007971775704,36.5919901987278,0.0004,3.676,2130.39,25
3,24,1.847111177186175,3.2658822047923066,-4.026480380320353,36.58081803598776,3.996,1.393,2140.5,25
3,24,1.847111177186175,3.6807312808184296,1.1051063000277885e-05,36.617900946500775,0.0004,3.674,2150.609,25
3,24,1.847111177186175,3.2635098704656724,-4.026078486979677,36.61869589023028,3.996,1.392,2160.75,25
3,24,1.847111177186175,3.695404702899732,0.0001611859565221,36.34163057366767,0.0004,3.689,2009.156,25
3,24,1.847111177186175,3.2797738454213,-4.025280934335052,36.326484384943086,3.996,1.407,2019.234,25
3,24,1.847111177186175,3.693247509958593,-0.001882427719885,36.37688393788421,0.0004,3.687,2029.343,25
3,24,1.847111177186175,3.277204768057205,-4.026081151145989,36.350021765472974,3.996,1.405,2039.453,25
3,24,1.847111177186175,3.7582528382076967,-0.0007785861828168,35.34149280613994,0.0006,3.752,1564.64,25
3,24,1.847111177186175,3.3435527258389004,-4.025556650972807,35.37675239710289,3.996,1.47,1574.734,25
3,24,1.847111177186175,3.7549636642326063,0.0008999681589847,35.38928526299251,0.0004,3.749,1584.859,25
3,24,1.847111177186175,3.340339604326096,-4.027213903982213,35.38046000612852,3.996,1.462,1594.921,25
3,24,1.847111177186175,3.686797141291448,-7.320450354145652e-05,36.50157484091768,0.0006,3.68,2089.984,25
3,24,1.847111177186175,3.2704335326303617,-4.027444687251526,36.48564652876559,3.996,1.399,2100.062,25
3,24,1.847111177186175,3.684550444172957,0.0007335781119776,36.53161554306796,0.0004,3.677,2110.156,25
3,24,1.847111177186175,3.268033534384338,-4.025778306263713,36.544592177495375,3.996,1.395,2120.265,25
3,24,1.847111177186175,3.745333225578902,-0.0004335684945377,35.50191672010236,0.0004,3.738,1645.406,25
3,24,1.847111177186175,3.330590413299064,-4.024776972218253,35.52094337348297,3.996,1.455,1655.546,25
3,24,1.847111177186175,3.742153461617152,-0.001741249263153,35.58956937178935,0.0004,3.735,1665.64,25
3,24,1.847111177186175,3.327517679609464,-4.0262117507886845,35.59143429162586,3.996,1.453,1675.765,25
3,24,1.847111177186175,3.764916326995399,-0.0007530334723905,35.25757270320478,0.0004,3.758,1524.156,25
3,24,1.847111177186175,3.3499581343208957,-4.025117896017746,35.236155793557906,3.996,1.48,1534.328,25
3,24,1.847111177186175,3.7617346386405615,-0.0002193620579283,35.2831384120813,0.0006,3.754,1544.437,25
3,24,1.847111177186175,3.3466880231234186,-4.025569754144746,35.30553922639303,3.996,1.475,1554.546,25
3,24,1.847111177186175,3.6600130567870135,-0.0004989922281523,37.08939886046773,0.0004,3.653,2372.968,25
3,24,1.847111177186175,3.2397496133044967,-4.026450212756226,37.0847817041597,3.996,1.37,2383.156,25
3,24,1.847111177186175,3.658043629296239,0.0005832152586693,37.14678792758116,0.0004,3.65,2393.25,25
3,24,1.847111177186175,3.237677673964124,-4.026300898448536,37.14174068298284,3.996,1.369,2403.312,25
3,24,1.847111177186175,3.670859460541014,0.0002381037930995,36.84785421107217,0.0004,3.663,2251.859,25
3,24,1.847111177186175,3.2528680096594944,-4.024655642871387,36.81837216777473,3.996,1.381,2262.078,25
3,24,1.847111177186175,3.668797995064199,-0.0001520698111377,36.87243988281426,0.0006,3.662,2272.125,25
3,24,1.847111177186175,3.2506188049349194,-4.025322849727375,36.86859990209791,3.996,1.379,2282.234,25
3,24,1.847111177186175,3.652759040868829,0.0001928154370986,37.293205739053455,0.0004,3.645,2454.015,25
3,24,1.847111177186175,3.2308724632643795,-4.025593544100565,37.29364882883218,3.996,1.363,2464.156,25
3,24,1.847111177186175,3.6509741977263857,-0.0016321038466989,37.340716148304864,0.0004,3.642,2474.281,25
3,24,1.847111177186175,3.2288833172220697,-4.025993496292093,37.32031769348439,3.996,1.359,2484.312,25
3,24,1.847111177186175,3.66383400446917,0.0004047170116874,37.03303984508013,0.0006,3.657,2332.625,25
3,24,1.847111177186175,3.2443723687620336,-4.026010559278917,36.99331455336327,3.996,1.373,2342.718,25
3,24,1.847111177186175,3.661837624165245,0.0013230909442621,37.05737206168301,0.0004,3.655,2352.812,25
3,24,1.847111177186175,3.242312197210869,-4.025853644507035,37.04485146700908,3.996,1.372,2362.875,25
3,24,1.847111177186175,3.7102525017406474,-0.0007782237733956,36.0883414632044,0.0004,3.702,1888.093,25
3,24,1.847111177186175,3.2953564702464746,-4.02538891350025,36.06697481730256,3.996,1.421,1898.156,25
3,24,1.847111177186175,3.70774695128034,0.001114955936875,36.122588213485,0.0004,3.7,1908.25,25
3,24,1.847111177186175,3.29237377268678,-4.024961155396993,36.121053179629925,3.996,1.419,1918.406,25
3,24,1.847111177186175,3.6565090173239594,-0.0004351097985852,37.1917968895107,0.0006,3.648,2413.468,25
3,24,1.847111177186175,3.235395835312926,-4.024950659699389,37.191308772976384,3.996,1.365,2423.671,25
3,24,1.847111177186175,3.654761538120042,-0.0002545545815984,37.237157681186495,0.0004,3.647,2433.843,25
3,24,1.847111177186175,3.233415409026992,-4.027514230470535,37.20770728881293,3.996,1.365,2443.906,25
3,24,1.847111177186175,3.7001861653716506,0.0005422384234682,36.25987261244556,0.0004,3.693,1968.734,25
3,24,1.847111177186175,3.2846171756945024,-4.025884426099747,36.23320044440623,3.996,1.411,1978.89,25
3,24,1.847111177186175,3.6978115605818767,-0.0005510434988652,36.2942182120574,0.0004,3.692,1988.937,25
3,24,1.847111177186175,3.2820248970951167,-4.024014509063411,36.2956092582218,3.996,1.409,1999.046,25
3,24,1.847111177186175,3.715850364662964,-0.00041885348043,36.01153257057791,0.0004,3.709,1847.671,25
3,24,1.847111177186175,3.300688621900985,-4.026562304424518,35.99512875223083,3.996,1.427,1857.765,25
3,24,1.847111177186175,3.7129899270443514,-0.0009331815173371,36.06221055474406,0.0004,3.706,1867.843,25
3,24,1.847111177186175,3.2977158343358237,-4.024717408869271,36.01995474238283,3.996,1.425,1878.0,25
3,24,1.847111177186175,3.627212096443772,-0.0009926512274396,37.9324556834916,0.0004,3.616,2696.265,25
3,24,1.847111177186175,3.19858554311944,-4.025311031338217,37.91646895357714,3.996,1.335,2706.437,25
3,24,1.847111177186175,3.6245407193803,-0.0010007598874951,37.997765842406565,0.0006,3.613,2716.515,25
3,24,1.847111177186175,3.1954585415349763,-4.026431744422698,38.00664393975802,3.996,1.333,2726.593,25
3,24,1.847111177186175,3.64097937213849,0.0001753026366483,37.59135908441505,0.0004,3.631,2575.328,25
3,24,1.847111177186175,3.2161203124678064,-4.027094530453493,37.60331529642869,3.996,1.351,2585.421,25
3,24,1.847111177186175,3.638564007744409,-0.0004878045793909,37.66749144288894,0.0004,3.629,2595.5,25
3,24,1.847111177186175,3.213467818375421,-4.024117305835834,37.63809233057441,3.996,1.348,2605.593,25
3,24,1.847111177186175,3.616511428868526,-0.0010662286814593,38.21270170910391,0.0006,3.605,2777.187,25
3,24,1.847111177186175,3.1852255774376417,-4.0261602430639,38.195499041217154,3.996,1.324,2787.265,25
3,24,1.847111177186175,3.61329389062663,-0.0013825083731686,38.26294771930429,0.0006,3.601,2797.39,25
3,24,1.847111177186175,3.18140839591048,-4.025108166277647,38.24947240252776,3.996,1.321,2807.453,25
3,24,1.847111177186175,3.632105140132809,4.7038014151586525e-05,37.85185341441907,0.0006,3.621,2655.968,25
3,24,1.847111177186175,3.205084115273331,-4.024203109849434,37.80124457187512,3.996,1.341,2666.031,25
3,24,1.847111177186175,3.629490294661493,0.0015127668631877,37.87071255062396,0.0006,3.619,2676.093,25
3,24,1.847111177186175,3.202042248689065,-4.025976417009243,37.86628387871762,3.996,1.338,2686.14,25
3,24,1.847111177186175,3.6743866146685815,0.0003871884621621,36.72074303993447,0.0006,3.668,2211.359,25
3,24,1.847111177186175,3.2567892846861213,-4.025972568586414,36.72755900294077,3.996,1.385,2221.5,25
3,24,1.847111177186175,3.6727057051407055,-0.000784185939427,36.79273011319069,0.0004,3.666,2231.609,25
3,24,1.847111177186175,3.254683294510333,-4.024400764186348,36.77988849076689,3.996,1.384,2241.734,25
3,24,1.847111177186175,3.621874670793801,3.591499585388314e-05,38.07739544065055,0.0006,3.609,2736.671,25
3,24,1.847111177186175,3.192077558804826,-4.026179020216523,38.06707151479981,3.996,1.331,2746.765,25
3,24,1.847111177186175,3.619518870209032,-0.0006691752889267,38.13112631536986,0.0006,3.609,2756.968,25
3,24,1.847111177186175,3.188904398078894,-4.024960323181433,38.13362442416516,3.996,1.326,2767.062,25
3,24,1.847111177186175,3.667234179773017,-0.0021130589112403,36.920437937091926,0.0004,3.66,2292.312,25
3,24,1.847111177186175,3.2485313066853867,-4.026784213278319,36.90428595132185,3.996,1.377,2302.359,25
3,24,1.847111177186175,3.6651463848969215,0.0003541428158782,36.971816596899934,0.0006,3.659,2312.375,25
3,24,1.847111177186175,3.2462861405767973,-4.02586545937098,36.97003902424152,3.996,1.375,2322.5,25
3,24,1.847111177186175,3.6786562877093623,-0.0010155060184887,36.64856229979345,0.0004,3.672,2170.906,25
3,24,1.847111177186175,3.26162840252242,-4.02472612504285,36.66522786504926,3.996,1.389,2181.062,25
3,24,1.847111177186175,3.676633603227457,-0.0001319305424454,36.703087053263246,0.0004,3.67,2191.14,25
3,24,1.847111177186175,3.259058904946037,-4.024965682151652,36.68292492858564,3.996,1.387,2201.312,25
3,24,1.847111177186175,3.5629881503391907,-0.0001492813981984,38.9404413263616,0.0006,3.547,3019.625,25
3,24,1.847111177186175,3.1135957677717605,-4.026263721561763,38.94630781258955,3.996,1.262,3029.765,25
3,24,1.847111177186175,3.5554527017192994,-3.769856856561991e-05,39.03171861699221,0.0004,3.539,3039.859,25
3,24,1.847111177186175,3.1032520847811758,-4.026471941081192,39.06465207803511,3.996,1.254,3049.953,25
3,24,1.847111177186175,3.5954285222739344,-0.0010287279617204,38.57736584859266,0.0006,3.582,2898.406,25
3,24,1.847111177186175,3.1577129287330936,-4.024876086091505,38.56614374060138,3.996,1.3,2908.515,25
3,24,1.847111177186175,3.5911918627207093,-0.000956997068287,38.63879971614763,0.0004,3.577,2918.687,25
3,24,1.847111177186175,3.152236635972845,-4.024377743946928,38.65347645486033,3.996,1.296,2928.781,25
3,24,1.847111177186175,3.526772075179581,-0.0012939964060469,39.31238587411167,0.0004,3.507,3100.468,25
3,24,1.847111177186175,3.06386913450125,-4.0264214704065004,39.25717607151059,3.996,1.222,3110.546,25
3,24,1.847111177186175,3.5145754573748405,-0.0001576987234446,39.350042796213295,0.0004,3.494,3120.656,25
3,24,1.847111177186175,3.04618222726788,-4.02636259259031,39.374244193630965,3.996,1.208,3130.796,25
3,24,1.847111177186175,3.575804414330579,0.000487191410513,38.84023757379688,0.0006,3.559,2979.234,25
3,24,1.847111177186175,3.131415621386032,-4.026110296759422,38.8495565207252,3.996,1.276,2989.359,25
3,24,1.847111177186175,3.5696970037545603,-0.0014528688639454,38.89530956994513,0.0006,3.555,2999.39,25
3,24,1.847111177186175,3.122735720961332,-4.02534594120823,38.88389316800035,3.996,1.268,3009.515,25
3,24,1.847111177186175,3.644855650001413,-0.000721524233288,37.49485012422335,0.0004,3.636,2534.921,25
3,24,1.847111177186175,3.2209764505458818,-4.028306841028089,37.47329922235266,3.996,1.354,2545.031,25
3,24,1.847111177186175,3.6430494006185374,-0.0012714454963206,37.53540276876565,0.0006,3.633,2555.14,25
3,24,1.847111177186175,3.2187444841597475,-4.025048644877793,37.530701960339385,3.996,1.352,2565.218,25
3,24,1.847111177186175,3.547148967832235,-0.0018617787860823,39.13247929589365,0.0004,3.529,3060.078,25
3,24,1.847111177186175,3.091926102442548,-4.026880314445159,39.1493901776285,3.996,1.244,3070.171,25
3,24,1.847111177186175,3.5377369784745123,-0.0001496362375854,39.2261274895778,0.0006,3.519,3080.265,25
3,24,1.847111177186175,3.0786401725597323,-4.025686132313775,39.21532027770312,3.996,1.234,3090.375,25
3,24,1.847111177186175,3.63636467296931,-0.0010487056535629,37.7049021019544,0.0004,3.626,2615.687,25
3,24,1.847111177186175,3.2105876729271103,-4.025152375305262,37.70620913488064,3.996,1.346,2625.75,25
3,24,1.847111177186175,3.63430565979143,0.0010365809975768,37.73899956890345,0.0006,3.623,2635.796,25
3,24,1.847111177186175,3.207818950820432,-4.026424161853835,37.75859642030406,3.996,1.343,2645.875,25
3,24,1.847111177186175,3.648989807969012,-0.0021198090861915,37.38328929572711,0.0004,3.639,2494.39,25
3,24,1.847111177186175,3.225930989120633,-4.02587295866796,37.374513324546,3.996,1.357,2504.578,25
3,24,1.847111177186175,3.646998605614053,0.0002683817772286,37.42029581663966,0.0004,3.639,2514.671,25
3,24,1.847111177186175,3.223377672544619,-4.024995146699513,37.41192480197684,3.996,1.355,2524.812,25
3,24,1.847111177186175,3.103212254295824,-0.0023696310254601,40.82978888287354,0.0006,3.052,3343.468,25
3,24,1.847111177186175,2.4039136949889683,-4.025350977058612,40.84030951903631,3.996,0.715,3353.75,25
3,24,1.847111177186175,2.991121290445002,-0.0007482586047774,41.04410335259556,0.0006,2.917,3364.125,25
3,24,1.847111177186175,2.100693484849593,-4.025655446364154,41.099149886140665,3.996,0.551,3374.546,25
3,24,1.847111177186175,3.414347560826524,-0.0004043562547944,39.88938696808161,0.0004,3.388,3221.734,25
3,24,1.847111177186175,2.9100378367655297,-4.024863678300502,39.905832752764944,3.996,1.091,3231.812,25
3,24,1.847111177186175,3.3835163295277115,-0.0004314178146271,40.016283764627744,0.0004,3.355,3241.906,25
3,24,1.847111177186175,2.8674700332716325,-4.026241883323195,40.05689492300006,3.996,1.05,3252.031,25
3,24,1.847111177186175,2.9144627083047805,-0.0009442924504733,41.55131733321474,0.0004,0.0,3426.843,25
3,24,1.847111177186175,2.9531024591524853,-0.0013788090259698,41.32837856868033,0.0004,0.0,3437.375,25
3,24,1.847111177186175,2.9832239368566986,-0.0007565136839921,41.091529620193214,0.0006,0.0,3447.859,25
3,24,1.847111177186175,3.0083865821157114,-0.000166413538677,40.9037007544005,0.0004,0.0,3458.359,25
3,24,1.847111177186175,3.2510878317523018,-0.0022587167160569,40.40784237878507,0.0004,3.217,3302.609,25
3,24,1.847111177186175,2.6821677091940117,-4.025531776401567,40.46080661300058,3.996,0.901,3312.671,25
3,24,1.847111177186175,3.186517231925688,-0.000381231628188,40.62985046848336,0.0006,3.148,3322.89,25
3,24,1.847111177186175,2.5727259376691607,-4.026038009797062,40.66170238011733,3.996,0.825,3333.203,25
3,24,1.847111177186175,3.6030810838982297,-0.0007290596541325,38.437789705084285,0.0004,3.591,2858.0,25
3,24,1.847111177186175,3.168083413119733,-4.025594888231753,38.4104433046275,3.996,1.308,2868.109,25
3,24,1.847111177186175,3.5994371133039187,0.0004100596481918,38.47821379563796,0.0006,3.587,2878.234,25
3,24,1.847111177186175,3.1632574885629303,-4.025650196695849,38.48401530012087,3.996,1.304,2888.312,25
3,24,1.847111177186175,2.8588146116834605,0.0003869999708555,41.36733198170419,0.0004,2.713,3384.968,25
3,24,1.847111177186175,1.82462740970999,-3.7160909060524014,41.45675829195071,3.996,0.318,3395.343,25
3,24,1.847111177186175,2.7526476673874964,-0.0024088374051824,41.67077619357013,0.0004,-0.0,3405.828,25
3,24,1.847111177186175,2.858704282423055,-0.0024374524866248,41.66393438263723,0.0004,0.0,3416.296,25
3,24,1.847111177186175,3.586400404861379,-0.0013718206943837,38.72507830887405,0.0006,3.571,2938.843,25
3,24,1.847111177186175,3.1459654179314795,-4.024076099136145,38.72106142657925,3.996,1.29,2948.89,25
3,24,1.847111177186175,3.581351105623212,-0.0001492632562226,38.7765097894547,0.0004,3.565,2959.046,25
3,24,1.847111177186175,3.13911906161082,-4.025341265492934,38.77311902666032,3.996,1.285,2969.125,25
3,24,1.847111177186175,3.6102143931127935,0.0001200430341543,38.32218518687833,0.0004,3.597,2817.609,25
3,24,1.847111177186175,3.177228135783676,-4.02587115438596,38.289273634405056,3.996,1.318,2827.687,25
3,24,1.847111177186175,3.606707147386852,-0.0010363325997155,38.35185206151673,0.0006,3.593,2837.781,25
3,24,1.847111177186175,3.1728250321832383,-4.026064391789337,38.36105872187454,3.996,1.314,2847.89,25
3,24,1.847111177186175,3.194522209135398,-0.0018320715191243,37.29508859219533,0.0004,0.0,3679.093,25
3,24,1.847111177186175,3.1978012937585865,-0.0020115248621883,37.18273094176898,0.0004,0.0,3689.578,25
3,24,1.847111177186175,3.201022612600187,-0.0003050208471441,37.03066414297951,0.0004,0.0,3700.062,25
3,24,1.847111177186175,3.2037738244637444,-0.0007443846809326,36.868362810690975,0.0004,0.0,3710.593,25
3,24,1.847111177186175,3.133444195427027,-0.0006486426938903,39.209938854766975,0.0004,0.0,3552.937,25
3,24,1.847111177186175,3.1412645405475854,-0.0034193789141011,39.047521249255816,0.0004,0.0,3563.421,25
3,24,1.847111177186175,3.148248934513119,-0.0021315978513485,38.886789600545626,0.0004,0.0,3573.953,25
3,24,1.847111177186175,3.154559307653329,0.0005966671239513,38.711248631554,0.0004,-0.0,3584.468,25
3,24,1.847111177186175,3.216388174783426,-0.0018080132164379,36.23075065318553,0.0004,0.0,3763.328,25
3,24,1.847111177186175,3.2184072051582646,-0.0012863645915572,36.11127838640944,0.0004,-0.0,3773.906,25
3,24,1.847111177186175,3.2205637389128445,-0.001114885485314,35.987538832101926,0.0004,0.0,3784.437,25
3,24,1.847111177186175,3.222352688230453,-0.0010788362325504,35.83526262137553,0.0004,-0.0,3795.0,25
3,24,1.847111177186175,3.179775589428909,-0.0017310830355661,37.902430481638845,0.0004,0.0,3637.093,25
3,24,1.847111177186175,3.183815540635817,-0.0009811862657608,37.77785355176247,0.0004,0.0,3647.578,25
3,24,1.847111177186175,3.187512236517008,-0.0014101703520282,37.61570411607537,0.0004,-0.0,3658.062,25
3,24,1.847111177186175,3.191170275711407,-0.0010191944370497,37.4557878454273,0.0004,0.0,3668.593,25
3,24,1.847111177186175,3.4639480764077737,-0.0023968562235193,39.71007030635094,0.0004,3.441,3181.312,25
3,24,1.847111177186175,2.976641729022181,-4.024613721380821,39.74179102984298,3.996,1.147,3191.406,25
3,24,1.847111177186175,3.4408560154067613,-0.0003078083650376,39.81061758504781,0.0006,3.417,3201.515,25
3,24,1.847111177186175,2.945673052670984,-4.026793653293326,39.81265983726254,3.996,1.121,3211.609,25
3,24,1.847111177186175,3.20656840314342,-0.001634088401659,36.73486784555808,0.0004,0.0,3721.187,25
3,24,1.847111177186175,3.209088349632694,-0.0008763084167594,36.60207897644823,0.0004,0.0,3731.718,25
3,24,1.847111177186175,3.211608096315924,-0.0013951758876403,36.492884103217136,0.0004,0.0,3742.328,25
3,24,1.847111177186175,3.214039288140884,-0.0014033374285461,36.345924246628925,0.0004,0.0,3752.843,25
3,24,1.847111177186175,3.346805642536436,0.000296615252554,40.17471286499385,0.0004,3.319,3262.14,25
3,24,1.847111177186175,2.8168764138943385,-4.027888488210588,40.18909695793984,3.996,1.008,3272.312,25
3,24,1.847111177186175,3.3024891764149915,-0.0013293120301384,40.27585380686041,0.0006,3.272,3282.375,25
3,24,1.847111177186175,2.757073670289852,-4.0257338979487765,40.31752502636304,3.996,0.959,3292.453,25
3,24,1.847111177186175,3.499969652203641,-0.0030602634038338,39.50168005269474,0.0006,3.48,3140.89,25
3,24,1.847111177186175,3.026002024167294,-4.025320636151675,39.52027882541494,3.996,1.188,3151.015,25
3,24,1.847111177186175,3.483249937473156,-0.0006401257535896,39.62580630441348,0.0006,3.461,3161.109,25
3,24,1.847111177186175,3.0032689062911504,-4.0266578060367015,39.61650755453736,3.996,1.168,3171.187,25
3,24,1.847111177186175,3.250057540636329,-0.0020349854683429,33.63011344327019,0.0004,0.0,4016.015,25
3,24,1.847111177186175,3.2507195529507222,-0.0022026864826038,33.53166015998075,0.0004,0.0,4026.484,25
3,24,1.847111177186175,3.2516062251402027,-0.0005079191732033,33.46300806344963,0.0006,-0.0,4037.0,25
3,24,1.847111177186175,3.252520131058999,-0.0016675708693034,33.37226669203026,0.0004,0.0,4047.484,25
3,24,1.847111177186175,3.2371777904197185,-0.0014598309546207,34.79692865063352,0.0004,0.0,3889.734,25
3,24,1.847111177186175,3.2382798713003877,-0.0017046764842705,34.69792556320143,0.0004,0.0,3900.25,25
3,24,1.847111177186175,3.2394198465121016,-0.0026548397384748,34.59455933472412,0.0004,0.0,3910.734,25
3,24,1.847111177186175,3.2406586426505988,6.064579037706042e-05,34.492338628509586,0.0004,0.0,3921.328,25
3,24,1.847111177186175,3.2562130754701686,-0.0015474936235067,32.96680267919441,0.0004,-0.0,4100.156,25
3,24,1.847111177186175,3.2569362466546505,-0.000424800320154,32.87465611697212,0.0004,0.0,4110.671,25
3,24,1.847111177186175,3.2576235510232525,-0.0026164481977636,32.81282616805959,0.0004,0.0,4121.218,25
3,24,1.847111177186175,3.2582798274353952,-0.0003860772146157,32.720968428011865,0.0004,0.0,4131.75,25
3,24,1.847111177186175,3.2462481399849485,0.0010261856468562,33.96563943500189,0.0004,0.0,3973.953,25
3,24,1.847111177186175,3.247168339606446,-0.0011894136720088,33.86499292277743,0.0004,-0.0,3984.453,25
3,24,1.847111177186175,3.248289894336094,-0.000900600376542,33.797335794790946,0.0004,0.0,3994.984,25
3,24,1.847111177186175,3.2490026702382404,-0.0029715729059352,33.72585175899662,0.0004,-0.0,4005.5,25
3,24,1.847111177186175,3.093332103032072,-0.0021195007422979,39.944298236221535,0.0006,0.0,3510.937,25
3,24,1.847111177186175,3.104992267810994,-0.0019013410496436,39.74637547892339,0.0004,0.0,3521.437,25
3,24,1.847111177186175,3.1156018469968205,-0.0007191124542183,39.56597903632223,0.0006,0.0,3531.953,25
3,24,1.847111177186175,3.12499704845864,0.0008598790661737,39.38451158848157,0.0006,-0.0,3542.484,25
3,24,1.847111177186175,3.253323390405761,0.0014775125658983,33.30786138660307,0.0004,0.0,4058.078,25
3,24,1.847111177186175,3.2541614241533243,-0.0019605913902581,33.210175932500135,0.0004,-0.0,4068.578,25
3,24,1.847111177186175,3.2547860909170696,-0.0001048464412045,33.12539685057925,0.0004,-0.0,4079.062,25
3,24,1.847111177186175,3.2556095479218583,-0.000705514052201,33.03469628492431,0.0004,-0.0,4089.687,25
3,24,1.847111177186175,3.160434568475265,-0.0016955277405687,38.54847500645753,0.0004,0.0,3594.968,25
3,24,1.847111177186175,3.1659511090227443,-0.0026131044205664,38.40493660769423,0.0004,0.0,3605.546,25
3,24,1.847111177186175,3.170868023489701,-0.0008027120072561,38.22295897721806,0.0004,0.0,3616.062,25
3,24,1.847111177186175,3.175433372991113,0.0005998855926435,38.06545126954686,0.0004,0.0,3626.593,25
3,24,1.847111177186175,3.02986859113419,-0.0022643382646292,40.70126879037046,0.0004,0.0,3468.843,25
3,24,1.847111177186175,3.048874733557857,0.0018725618162878,40.51964699142865,0.0004,-0.0,3479.343,25
3,24,1.847111177186175,3.065645545148567,-0.0006357115748664,40.30396809456765,0.0004,0.0,3489.906,25
3,24,1.847111177186175,3.080004658393907,-0.0009066011854208,40.1417782113845,0.0004,-0.0,3500.421,25
3,24,1.847111177186175,3.2688738483525577,-0.0013276482366752,31.293267829464607,0.0004,0.0,4352.562,25
3,24,1.847111177186175,3.2692991947384087,-0.0024360366090271,31.22790802583061,0.0004,0.0,4363.093,25
3,24,1.847111177186175,3.269584077375291,-0.0015033884083221,31.167485789690893,0.0004,-0.0,4373.625,25
3,24,1.847111177186175,3.2701468039748,0.0009910323982774,31.11147744574599,0.0004,0.0,4384.171,25
3,24,1.847111177186175,3.2634126090919167,-0.0001326193204934,32.042676661983926,0.0004,0.0,4226.359,25
3,24,1.847111177186175,3.2637552425920657,-0.0003035949811945,31.984185639622925,0.0004,0.0,4236.89,25
3,24,1.847111177186175,3.2643018276604687,0.0010588041649595,31.91899190720531,0.0004,-0.0,4247.421,25
3,24,1.847111177186175,3.2647142318652667,0.0012324617613359,31.84589744493256,0.0004,0.0,4257.906,25
3,24,1.847111177186175,3.2718313856253403,0.0003662278621428,30.869373036677622,0.0004,0.0,4436.843,25
3,24,1.847111177186175,3.2722337639896177,-0.0037821934077367,30.808353366288237,0.0004,-0.0,4447.328,25
3,24,1.847111177186175,3.272501606354718,0.0023349427754239,30.767014879401824,0.0004,0.0,4457.984,25
3,24,1.847111177186175,3.2728944031593645,-0.0014222343427396,30.71583329271888,0.0004,0.0,4468.468,25
3,24,1.847111177186175,3.2670682965567406,0.0002219781285682,31.520822301493897,0.0004,0.0,4310.531,25
3,24,1.847111177186175,3.267393663807566,0.0016634028296971,31.44863319491344,0.0006,-0.0,4321.046,25
3,24,1.847111177186175,3.267935056437713,-0.0012913046785468,31.40053312217925,0.0004,0.0,4331.484,25
3,24,1.847111177186175,3.268359185450848,-0.0011005504145744,31.345152197117727,0.0004,-0.0,4342.046,25
3,24,1.847111177186175,3.2310828750481333,-0.0014674250178949,35.24258753898652,0.0006,0.0,3847.64,25
3,24,1.847111177186175,3.23250743395501,-0.0031950715598859,35.13444658553505,0.0004,0.0,3858.14,25
3,24,1.847111177186175,3.23401591823903,-0.0009960893001402,35.01880794388376,0.0004,0.0,3868.671,25
3,24,1.847111177186175,3.235580411468814,-0.001155648624918,34.8943073108093,0.0004,-0.0,3879.187,25
3,24,1.847111177186175,3.2703221447068613,0.0001389529065687,31.0588739736884,0.0004,-0.0,4394.687,25
3,24,1.847111177186175,3.2706994125160502,0.0035629907268823,31.018722937859856,0.0006,0.0,4405.296,25
3,24,1.847111177186175,3.271155087574031,-0.0038386865275659,30.96547558880721,0.0004,0.0,4415.812,25
3,24,1.847111177186175,3.271479481460057,-0.001585308532369,30.90795344248882,0.0004,0.0,4426.359,25
3,24,1.847111177186175,3.2420062172213373,-0.0003097420105115,34.39170294965491,0.0004,0.0,3931.859,25
3,24,1.847111177186175,3.2431016964639943,-0.0018542513791055,34.279578516519734,0.0004,-0.0,3942.375,25
3,24,1.847111177186175,3.2442763147853038,-0.0024178479945441,34.174176281492976,0.0004,0.0,3952.859,25
3,24,1.847111177186175,3.2451807643804496,-0.0022383653807525,34.058618118717966,0.0006,0.0,3963.375,25
3,24,1.847111177186175,3.224455792387319,-0.0002471111918074,35.70384442547602,0.0004,0.0,3805.515,25
3,24,1.847111177186175,3.226180640163924,-0.0015896741940457,35.6061029309259,0.0004,0.0,3816.046,25
3,24,1.847111177186175,3.227881796130376,-0.0015443498792246,35.468089023223705,0.0004,0.0,3826.531,25
3,24,1.847111177186175,3.229418085385415,0.0017202223209575,35.36127677553453,0.0004,-0.0,3837.109,25
3,24,1.847111177186175,3.2788692361086467,-0.0024906630676304,29.846607467204024,0.0004,0.0,4689.453,25
3,24,1.847111177186175,3.2791058753867546,0.0001401016861365,29.806620169816483,0.0004,0.0,4699.953,25
3,24,1.847111177186175,3.279365304305255,-0.0016552896947273,29.774957411063436,0.0004,-0.0,4710.437,25
3,24,1.847111177186175,3.2796588533661244,0.00031755462362,29.738095310269905,0.0004,0.0,4720.953,25
3,24,1.847111177186175,3.275639612038601,-0.0021425210391769,30.31235692692144,0.0004,0.0,4563.218,25
3,24,1.847111177186175,3.275865913397268,-0.001177071812723,30.2619981311467,0.0004,-0.0,4573.703,25
3,24,1.847111177186175,3.276231850272717,-0.00113159707292,30.225424392304976,0.0004,0.0,4584.203,25
3,24,1.847111177186175,3.2766212482937926,-0.0019977092275184,30.18165909756786,0.0004,0.0,4594.703,25
3,24,1.847111177186175,3.281006742558429,-0.0020804290380656,29.57991700278037,0.0004,0.0,4773.562,25
3,24,1.847111177186175,3.2810999002249286,-0.0024967908014012,29.53636967929761,0.0004,-0.0,4784.078,25
3,24,1.847111177186175,3.2814486262783067,-0.0019328359596472,29.491497390940708,0.0004,0.0,4794.609,25
3,24,1.847111177186175,3.281440570585957,0.0004204080562478,29.472917906804057,0.0004,0.0,4805.109,25
3,24,1.847111177186175,3.277951596561042,-0.0012874839111143,29.991635068313727,0.0004,-0.0,4647.359,25
3,24,1.847111177186175,3.2779940026099674,-0.0003037030469171,29.94781196716209,0.0004,-0.0,4657.843,25
3,24,1.847111177186175,3.2784244883650326,0.0015644271859752,29.914909681198548,0.0004,0.0,4668.359,25
3,24,1.847111177186175,3.278591036082655,-0.0047017510134264,29.86852902723982,0.0004,0.0,4678.859,25
3,24,1.847111177186175,3.261515373967967,-0.0036039567330997,32.33035527258392,0.0004,0.0,4184.343,25
3,24,1.847111177186175,3.261762832004319,-0.0001156217833243,32.26784399205739,0.0006,0.0,4194.921,25
3,24,1.847111177186175,3.262371919341447,-0.0013981827356862,32.184359000599,0.0004,0.0,4205.406,25
3,24,1.847111177186175,3.2627956591804064,-0.0003515054220199,32.10904572217051,0.0004,0.0,4215.859,25
3,24,1.847111177186175,3.279890872936852,-0.0014276082353343,29.71083078455925,0.0004,0.0,4731.468,25
3,24,1.847111177186175,3.2800196097171423,0.0026729507711585,29.67267501712492,0.0004,-0.0,4741.953,25
3,24,1.847111177186175,3.2804194259354245,0.0007702186866829,29.63834548950673,0.0004,0.0,4752.437,25
3,24,1.847111177186175,3.280603617120933,-0.003455858390951,29.61358379032445,0.0004,0.0,4763.078,25
3,24,1.847111177186175,3.265242345909801,-0.0024217403905035,31.76691845802488,0.0004,0.0,4268.421,25
3,24,1.847111177186175,3.265799869487472,-0.00051106552815,31.707057127075,0.0004,0.0,4278.937,25
3,24,1.847111177186175,3.266306097845637,0.0013614005113826,31.648031166226573,0.0004,0.0,4289.546,25
3,24,1.847111177186175,3.266746370068548,-0.002524311039702,31.582078532079237,0.0004,0.0,4300.015,25
3,24,1.847111177186175,3.258885418612213,-0.0015890356417404,32.65054780266345,0.0004,0.0,4142.234,25
3,24,1.847111177186175,3.2594081764329528,-0.0013376375069969,32.58483191258296,0.0004,-0.0,4152.812,25
3,24,1.847111177186175,3.260129542804879,-0.0011549945779145,32.489578667354294,0.0004,0.0,4163.312,25
3,24,1.847111177186175,3.2604919496541385,-0.0014893034184241,32.4208465890638,0.0004,0.0,4173.812,25
3,24,1.847111177186175,3.285963789940952,-0.0003565520214644,28.90080607884267,0.0004,0.0,5026.031,25
3,24,1.847111177186175,3.2861005554397327,-0.0014396360464817,28.885146580933835,0.0004,0.0,5036.531,25
3,24,1.847111177186175,3.286194095974834,-0.0022651622258164,28.86341749201745,0.0004,0.0,5047.062,25
3,24,1.847111177186175,3.2863148242629827,-0.000608785465539,28.846969754882718,0.0004,0.0,5057.578,25
3,24,1.847111177186175,3.283454325852274,0.0020391897332428,29.218536133387133,0.0004,0.0,4899.781,25
3,24,1.847111177186175,3.28358097805633,-0.0020568555719228,29.18347760311013,0.0004,0.0,4910.281,25
3,24,1.847111177186175,3.283836292307753,-0.0007018548689903,29.159555876152897,0.0004,0.0,4920.843,25
3,24,1.847111177186175,3.2840538214797896,-0.0009769693675343,29.1359504383858,0.0004,0.0,4931.328,25
3,24,1.847111177186175,3.287265319465766,0.001258410600276,28.72859635192976,0.0004,0.0,5110.093,25
3,24,1.847111177186175,3.287375786845821,-0.0004283657314618,28.70807416726468,0.0004,0.0,5120.609,25
3,24,1.847111177186175,3.287903552103132,-0.0010208890310444,28.679804007915145,0.0004,-0.0,5131.125,25
3,24,1.847111177186175,3.287717996928741,0.0006532586408684,28.665643523166047,0.0004,-0.0,5141.64,25
3,24,1.847111177186175,3.2850645890260792,-7.269466000162968e-05,29.00838446734316,0.0004,-0.0,4984.031,25
3,24,1.847111177186175,3.285394061774787,-0.0009003643081427,28.97984916552118,0.0006,-0.0,4994.593,25
3,24,1.847111177186175,3.285486929726184,0.0004267693598684,28.93992051197851,0.0004,0.0,5005.062,25
3,24,1.847111177186175,3.285642612576647,-0.0032833009338385,28.911549053940032,0.0004,0.0,5015.562,25
3,24,1.847111177186175,3.2743943094943235,0.0003746436933883,30.482332472084035,0.0004,0.0,4521.046,25
3,24,1.847111177186175,3.274674250164363,-0.0007545675226304,30.44547744425392,0.0004,0.0,4531.609,25
3,24,1.847111177186175,3.275086146751488,0.0001569946403442,30.39401959052936,0.0004,0.0,4542.14,25
3,24,1.847111177186175,3.275263898968123,-0.0006235913959127,30.345930429534093,0.0006,0.0,4552.718,25
3,24,1.847111177186175,3.286643570886436,0.0021813175542046,28.8310356977464,0.0004,0.0,5068.078,25
3,24,1.847111177186175,3.286648946684024,0.0007482400520528,28.800140301097205,0.0006,0.0,5078.515,25
3,24,1.847111177186175,3.286960766460433,0.0020550227459374,28.7697599831866,0.0004,0.0,5089.0,25
3,24,1.847111177186175,3.2872219865665677,-0.0015430940283183,28.747098458591243,0.0004,0.0,5099.593,25
3,24,1.847111177186175,3.2767720029878,0.0002867266682326,30.14794592466765,0.0004,-0.0,4605.203,25
3,24,1.847111177186175,3.2770150322998526,-0.0029637721904645,30.112014169914197,0.0004,-0.0,4615.734,25
3,24,1.847111177186175,3.2771786331887265,-0.0035142803995328,30.07379362687625,0.0004,0.0,4626.281,25
3,24,1.847111177186175,3.2774361281062654,-0.0004936608074764,30.026107903048256,0.0004,0.0,4636.859,25
3,24,1.847111177186175,3.2731126707501823,-0.0006417549925588,30.66335878046805,0.0004,-0.0,4478.937,25
3,24,1.847111177186175,3.273420956441377,-0.0008037450878122,30.62023302946614,0.0004,0.0,4489.421,25
3,24,1.847111177186175,3.273844353070607,-0.0022302924728345,30.568578919881556,0.0004,0.0,4499.906,25
3,24,1.847111177186175,3.2739224667337936,-0.002146459798385,30.51333705844839,0.0004,0.0,4510.515,25
3,24,1.847111177186175,3.291190127462377,-0.0004805639757236,28.299447262928336,0.0004,0.0,5362.937,25
3,24,1.847111177186175,3.291730538244519,-8.692726993935581e-05,28.291777669933463,0.0004,0.0,5373.531,25
3,24,1.847111177186175,3.291619691259185,-0.0012991435777516,28.26707228314169,0.0004,-0.0,5384.046,25
3,24,1.847111177186175,3.2918796195192703,-0.005290666384961,28.26258160111188,0.0004,0.0,5394.64,25
3,24,1.847111177186175,3.2891009877161443,-0.0026057428787539,28.489965122602086,0.0004,-0.0,5236.515,25
3,24,1.847111177186175,3.289423562119832,-0.0016146948948395,28.468805511389604,0.0004,0.0,5247.031,25
3,24,1.847111177186175,3.2895084732840694,-0.0041369476796845,28.444286000741783,0.0004,0.0,5257.593,25
3,24,1.847111177186175,3.289755768873241,0.0015076717662161,28.449004850652106,0.0004,0.0,5268.125,25
3,24,1.847111177186175,3.2924322539687845,-0.0019840212100204,28.180014923444872,0.0004,-0.0,5447.171,25
3,24,1.847111177186175,3.292763524247261,-0.0014924618523174,28.165333834799068,0.0004,0.0,5457.734,25
3,24,1.847111177186175,3.2928481483883414,-0.0014831273249085,28.15222239132137,0.0004,-0.0,5468.281,25
3,24,1.847111177186175,3.2929326075480443,0.00183443212398,28.133751474949985,0.0004,0.0,5478.812,25
3,24,1.847111177186175,3.290574881701635,0.0007712221295273,28.36875207622553,0.0004,0.0,5320.812,25
3,24,1.847111177186175,3.290714287912716,-0.0009756426068492,28.347851342849857,0.0006,0.0,5331.312,25
3,24,1.847111177186175,3.290837294710933,-0.0026457893377803,28.31757576597697,0.0004,0.0,5341.812,25
3,24,1.847111177186175,3.2910582321073227,-0.0009814043974106,28.309834684949305,0.0004,-0.0,5352.421,25
3,24,1.847111177186175,3.2826605268049587,-0.0012507760909473,29.30175007276691,0.0004,0.0,4857.671,25
3,24,1.847111177186175,3.282800963441044,0.002242543721258,29.278153464622253,0.0004,-0.0,4868.171,25
3,24,1.847111177186175,3.283083292887117,-0.0009202713786865,29.255455566864143,0.0004,0.0,4878.671,25
3,24,1.847111177186175,3.2832893184917133,-2.3464418663654147e-05,29.24390161133732,0.0004,-0.0,4889.218,25
3,24,1.847111177186175,3.2919431074529557,-0.0010615508036053,28.237110915605093,0.0004,-0.0,5405.125,25
3,24,1.847111177186175,3.2919639058754564,-0.001587546151034,28.216803965767355,0.0004,0.0,5415.656,25
3,24,1.847111177186175,3.2921658791252058,-0.0015374685594382,28.20849580284047,0.0004,0.0,5426.156,25
3,24,1.847111177186175,3.292236784519415,-0.0023986581343348,28.193126822811607,0.0004,0.0,5436.671,25
3,24,1.847111177186175,3.284273871559688,-0.0015070990884523,29.10536191868773,0.0004,0.0,4941.859,25
3,24,1.847111177186175,3.284595991877117,7.195730916717453e-06,29.07572716559717,0.0004,0.0,4952.375,25
3,24,1.847111177186175,3.284660814141112,-0.0027777044427898,29.05646011999717,0.0004,0.0,4962.906,25
3,24,1.847111177186175,3.285001156535732,0.0003339910831291,29.032730215947467,0.0004,0.0,4973.531,25
3,24,1.847111177186175,3.2818492468348603,-0.00334404248857,29.44070905103232,0.0004,0.0,4815.64,25
3,24,1.847111177186175,3.281898247306016,0.0009934127430444,29.408869371593507,0.0004,0.0,4826.171,25
3,24,1.847111177186175,3.282224210586792,-0.000572389396647,29.37700436515141,0.0004,0.0,4836.656,25
3,24,1.847111177186175,3.282358661026865,0.0017247757346494,29.34875167871272,0.0004,-0.0,4847.171,25
3,24,1.847111177186175,3.295939541439717,0.003763709856671,27.857734302471208,0.0004,-0.0,5699.968,25
3,24,1.847111177186175,3.296193394125629,0.0009205105026479,27.849317007660492,0.0004,0.0,5710.531,25
3,24,1.847111177186175,3.2962063908123103,-0.0003578307841485,27.84482296237265,0.0004,0.0,5721.046,25
3,24,1.847111177186175,3.2963242575107867,-0.0010716183409697,27.82601171996388,0.0004,0.0,5731.531,25
3,24,1.847111177186175,3.2941545566170665,-0.000886085177634,28.00693039060719,0.0004,0.0,5573.609,25
3,24,1.847111177186175,3.294119125325691,0.0013369758884792,27.993520327940825,0.0004,0.0,5584.125,25
3,24,1.847111177186175,3.29449897629134,-0.0003482864831492,27.989367455283453,0.0006,0.0,5594.703,25
3,24,1.847111177186175,3.294810755902702,0.0004186605828416,27.981914461475675,0.0004,0.0,5605.218,25
3,24,1.847111177186175,3.2972526567966973,-0.0009184002150134,27.77116844675201,0.0004,-0.0,5784.14,25
3,24,1.847111177186175,3.2969938191688266,-0.0016499250899804,27.75702486949723,0.0004,-0.0,5794.656,25
3,24,1.847111177186175,3.2972044752878467,-0.0005879163482192,27.75766393384972,0.0004,0.0,5805.14,25
3,24,1.847111177186175,3.297436629550481,-0.0032612683979735,27.746975550504963,0.0004,0.0,5815.656,25
3,24,1.847111177186175,3.295430477055355,-0.0037728136054834,27.916814194653064,0.0004,0.0,5657.875,25
3,24,1.847111177186175,3.295497163846319,-0.0024133243361452,27.899842700664635,0.0004,0.0,5668.375,25
3,24,1.847111177186175,3.295690523815154,0.0007214981091036,27.885042962525823,0.0004,0.0,5678.875,25
3,24,1.847111177186175,3.295644479951623,0.0011474108320332,27.874255748706137,0.0004,-0.0,5689.468,25
3,24,1.847111177186175,3.288819640099398,-0.0026830564747766,28.5821489562189,0.0004,0.0,5194.375,25
3,24,1.847111177186175,3.288804195212056,-0.0023652416712697,28.55727156145439,0.0004,0.0,5204.89,25
3,24,1.847111177186175,3.2891193999430453,-0.0019195450876597,28.544606362619867,0.0004,0.0,5215.359,25
3,24,1.847111177186175,3.289148952199254,0.0002232474003802,28.5173694820344,0.0004,-0.0,5226.015,25
3,24,1.847111177186175,3.296553047751541,-0.000446379939391,27.824336253356957,0.0004,0.0,5742.062,25
3,24,1.847111177186175,3.296722424702566,-0.0051759643264044,27.8141416005176,0.0004,-0.0,5752.656,25
3,24,1.847111177186175,3.2967649065458877,-0.0026800833655284,27.807796307159453,0.0004,-0.0,5763.125,25
3,24,1.847111177186175,3.2967904898277856,0.0002493823381853,27.793610775039543,0.0004,0.0,5773.656,25
3,24,1.847111177186175,3.2900046495519275,-0.0023966449739106,28.43462816122371,0.0004,0.0,5278.734,25
3,24,1.847111177186175,3.290167851105196,0.001152480030628,28.41888088142109,0.0004,0.0,5289.234,25
3,24,1.847111177186175,3.2901092518561077,-0.0022162644066573,28.400878143794294,0.0004,0.0,5299.703,25
3,24,1.847111177186175,3.29068550334326,-0.0032702791806683,28.383273795945023,0.0004,-0.0,5310.218,25
3,24,1.847111177186175,3.287959156780384,-0.0020873029031966,28.65753529718064,0.0004,0.0,5152.312,25
3,24,1.847111177186175,3.288221587257205,-0.0001611355784609,28.64590066442624,0.0004,0.0,5162.828,25
3,24,1.847111177186175,3.2882567248096186,0.0002472799997267,28.623444086061536,0.0004,0.0,5173.359,25
3,24,1.847111177186175,3.288494892783892,-5.378803520725484e-05,28.601996084111047,0.0004,0.0,5183.875,25
3,24,1.847111177186175,3.2996783078894607,-0.0012223036740626,27.557573860971047,0.0004,0.0,6036.828,25
3,24,1.847111177186175,3.299801689537917,-0.0006715733751901,27.55040416960646,0.0004,0.0,6047.328,25
3,24,1.847111177186175,3.2998860449351186,-0.0060582069000031,27.53550747520149,0.0004,0.0,6057.812,25
3,24,1.847111177186175,3.300189484955785,-0.0016097898414833,27.532141894104218,0.0004,0.0,6068.343,25
3,24,1.847111177186175,3.2980856380115635,-0.0018035989097237,27.65488156269384,0.0004,-0.0,5910.343,25
3,24,1.847111177186175,3.2981300864703598,-0.0024867835441991,27.646322632587,0.0004,0.0,5920.937,25
3,24,1.847111177186175,3.298500804219305,0.0014208261737677,27.64080007554464,0.0004,0.0,5931.468,25
3,24,1.847111177186175,3.2986796784052665,-0.0009914413370151,27.63010274227447,0.0004,0.0,5942.031,25
3,24,1.847111177186175,3.300591750917907,0.0005329937309626,27.49773782657728,0.0004,-0.0,6120.859,25
3,24,1.847111177186175,3.3008482727389064,-0.0039792099737518,27.480666439737924,0.0004,0.0,6131.359,25
3,24,1.847111177186175,3.3009834292131046,-0.002852155399007,27.473152053101742,0.0004,0.0,6141.843,25
3,24,1.847111177186175,3.300776535859999,0.001138616310865,27.46540169723379,0.0004,0.0,6152.328,25
3,24,1.847111177186175,3.2993329268736016,1.202410248151612e-05,27.58146656590572,0.0004,0.0,5994.75,25
3,24,1.847111177186175,3.299394797890744,-0.003087483485873,27.572889797723462,0.0004,0.0,6005.218,25
3,24,1.847111177186175,3.299822438914766,-0.0033599788855363,27.573079984973734,0.0004,-0.0,6015.765,25
3,24,1.847111177186175,3.299843681572657,-0.0034842905533761,27.564905067159067,0.0004,0.0,6026.25,25
3,24,1.847111177186175,3.293493558472175,-0.0013485800129595,28.067347073584987,0.0004,0.0,5531.39,25
3,24,1.847111177186175,3.2937216709524653,0.0012730714568439,28.05410753300757,0.0004,0.0,5541.968,25
3,24,1.847111177186175,3.2937298207528696,-0.0014046846796084,28.04487571918639,0.0004,0.0,5552.484,25
3,24,1.847111177186175,3.294117882003048,-0.0032601113083724,28.02740376533748,0.0004,-0.0,5563.015,25
3,24,1.847111177186175,3.3003893707297167,0.0004416225558113,27.5233348875206,0.0004,0.0,6078.812,25
3,24,1.847111177186175,3.300244244712505,0.0037300347233057,27.51625257257464,0.0004,0.0,6089.343,25
3,24,1.847111177186175,3.300474909490392,-0.0001582402085902,27.50621552854313,0.0004,-0.0,6099.843,25
3,24,1.847111177186175,3.300784322713774,0.0009012314303678,27.49421391008685,0.0004,0.0,6110.39,25
3,24,1.847111177186175,3.2948060656302154,0.0014017739077051,27.97251346548556,0.0004,-0.0,5615.734,25
3,24,1.847111177186175,3.294865407132186,-0.0023153523359879,27.96015663464206,0.0004,-0.0,5626.328,25
3,24,1.847111177186175,3.2949748295740275,0.0001689821984227,27.94238661653104,0.0004,-0.0,5636.859,25
3,24,1.847111177186175,3.2950591240779388,0.0002630485307538,27.93167299593388,0.0004,0.0,5647.421,25
3,24,1.847111177186175,3.292984832184113,-0.0017201427609035,28.11854161508169,0.0004,-0.0,5489.39,25
3,24,1.847111177186175,3.2934075535374583,-0.0014366944839979,28.097566562262944,0.0004,0.0,5499.937,25
3,24,1.847111177186175,3.2933934174863397,-0.0003354687766365,28.088417026505866,0.0004,0.0,5510.39,25
3,24,1.847111177186175,3.2935346077893755,-0.0008379860357688,28.08137249354293,0.0004,-0.0,5520.89,25
3,24,1.847111177186175,3.302947597767913,0.0013430074031265,27.33225982550417,0.0004,0.0,6373.562,25
3,24,1.847111177186175,3.302930852794936,0.0010652405781275,27.33010532531294,0.0006,-0.0,6384.109,25
3,24,1.847111177186175,3.3030008128620034,-0.0020254857596455,27.316945727919737,0.0006,-0.0,6394.671,25
3,24,1.847111177186175,3.3031280641100285,-0.0014043890062393,27.315861869503458,0.0004,0.0,6405.171,25
3,24,1.847111177186175,3.3017428001279114,-0.0004078748366012,27.407966993325417,0.0004,0.0,6247.093,25
3,24,1.847111177186175,3.301848222971129,0.0008897811413163,27.39930054358113,0.0004,0.0,6257.656,25
3,24,1.847111177186175,3.3022071359375174,-0.0032465980205744,27.4001408032838,0.0004,0.0,6268.187,25
3,24,1.847111177186175,3.302099397634836,0.000425036531521,27.3868437263816,0.0004,0.0,6278.687,25
3,24,1.847111177186175,3.3038332845993508,-0.0001129755082162,27.277198945947628,0.0006,0.0,6457.859,25
3,24,1.847111177186175,3.303847820580046,-0.001880778954567,27.274023533378685,0.0004,-0.0,6468.39,25
3,24,1.847111177186175,3.30377538662835,-0.0033056890914199,27.277572820481105,0.0004,0.0,6478.968,25
3,24,1.847111177186175,3.3039281120646797,0.0015359309656883,27.266932674869285,0.0004,0.0,6489.5,25
3,24,1.847111177186175,3.302477780620176,0.0002495721324703,27.344605580916152,0.0004,-0.0,6331.406,25
3,24,1.847111177186175,3.302647055027224,-0.0042658606780534,27.34391685740669,0.0004,0.0,6341.937,25
3,24,1.847111177186175,3.3025123442329973,-0.0026192852416618,27.33889414702903,0.0004,-0.0,6352.437,25
3,24,1.847111177186175,3.3030569652133366,-0.0021984075971218,27.334159208127037,0.0004,0.0,6362.984,25
3,24,1.847111177186175,3.298266388677333,-0.0011915687924169,27.69432683971601,0.0004,-0.0,5868.265,25
3,24,1.847111177186175,3.2979923715295283,-0.0029500676531365,27.68684608276632,0.0004,-0.0,5878.796,25
3,24,1.847111177186175,3.298038440524099,-0.0001691049027058,27.677510141234876,0.0004,-0.0,5889.328,25
3,24,1.847111177186175,3.2980790486923737,-0.0006101131221991,27.67018925334084,0.0006,0.0,5899.828,25
3,24,1.847111177186175,3.303501087174037,-0.0002580992191722,27.299448791075,0.0004,0.0,6415.703,25
3,24,1.847111177186175,3.3031553984761346,0.0004199517555298,27.30261486586209,0.0004,0.0,6426.25,25
3,24,1.847111177186175,3.3036301568252924,-0.0021821684037489,27.30310834177788,0.0004,0.0,6436.765,25
3,24,1.847111177186175,3.303808294165694,-0.0012453057254347,27.286402912824663,0.0004,0.0,6447.39,25
3,24,1.847111177186175,3.298822593862049,-0.0005729298717444,27.62251351368709,0.0004,0.0,5952.5,25
3,24,1.847111177186175,3.2986025770076264,0.0007148969730573,27.614838036246564,0.0004,-0.0,5963.093,25
3,24,1.847111177186175,3.299214866402054,-0.0003984734809587,27.606201037688106,0.0004,0.0,5973.609,25
3,24,1.847111177186175,3.2992088193115605,0.0002453368496281,27.599988674401207,0.0004,0.0,5984.171,25
3,24,1.847111177186175,3.2975656220196803,-0.0020472363272719,27.73180177418456,0.0004,0.0,5826.156,25
3,24,1.847111177186175,3.297354054142073,-0.0018925406733971,27.727065368900213,0.0004,0.0,5836.656,25
3,24,1.847111177186175,3.297781202402449,-0.0025742985545374,27.720637567056723,0.0004,0.0,5847.203,25
3,24,1.847111177186175,3.2977019564440533,-0.0040930298290332,27.70318248628473,0.0004,0.0,5857.781,25
3,24,1.847111177186175,3.918161437920245,0.0016830076828607,33.06775031303358,0.0006,3.91,756.718,25
3,24,1.847111177186175,3.493356123453664,-4.024304993800086,33.0890365125819,3.996,1.615,766.796,25
3,24,1.847111177186175,3.913576413754329,-0.0016074623899541,33.100683787178134,0.0004,3.905,776.875,25
3,24,1.847111177186175,3.488874706367719,-4.025169101042951,33.10185616765426,3.996,1.611,786.937,25
3,24,1.847111177186175,3.9476893997072913,0.0009649622661923,32.51961922018982,0.0004,3.938,635.453,25
3,24,1.847111177186175,3.5185507058361942,-4.024838175122524,32.51810630826252,3.996,1.639,645.531,25
3,24,1.847111177186175,3.942649827483685,-0.0006817957278679,32.60226716158023,0.0004,3.933,655.734,25
3,24,1.847111177186175,3.513899088204186,-4.024217153899587,32.65036625316285,3.996,1.633,665.984,25
3,24,1.847111177186175,3.8997869058409216,0.0011108374385611,33.33435347726568,0.0006,3.892,837.343,25
3,24,1.847111177186175,3.476596556264444,-4.025914421179635,33.328972203564824,3.996,1.599,847.421,25
3,24,1.847111177186175,3.8955342932216768,-0.0027273160556418,33.36488001633775,0.0004,3.887,857.593,25
3,24,1.847111177186175,3.4724217046006918,-4.02613057358626,33.39594433325281,3.996,1.595,867.671,25
3,24,1.847111177186175,3.9274133718550095,-0.0020853790810991,32.87214976240036,0.0006,3.919,716.312,25
3,24,1.847111177186175,3.5014473722573047,-4.026074012938351,32.88414653951216,3.996,1.619,726.39,25
3,24,1.847111177186175,3.9227788340007983,-0.0003445263993713,32.98677118665644,0.0004,3.914,736.5,25
3,24,1.847111177186175,3.497277879035738,-4.025679480590817,32.990008842622835,3.996,1.617,746.593,25
3,24,1.847111177186175,4.050929810377468,0.0011145706386566,29.619270683612527,0.0006,4.042,271.984,25
3,24,1.847111177186175,3.5995818586486577,-4.0262880350250665,29.69171185437944,3.996,1.706,282.046,25
3,24,1.847111177186175,4.044213772775597,-0.0023860755030196,29.81804418322296,0.0004,4.035,292.093,25
3,24,1.847111177186175,3.594222913241344,-4.0244782535998365,29.88979469230525,3.996,1.702,302.218,25
3,24,1.847111177186175,3.9090396777040617,0.000271565286592,33.18080720396344,0.0004,3.9,797.031,25
3,24,1.847111177186175,3.484693303145202,-4.027242986824608,33.21276299077036,3.996,1.607,807.109,25
3,24,1.847111177186175,3.904136405932798,-0.0022634464547562,33.27752488516399,0.0004,3.896,817.156,25
3,24,1.847111177186175,3.4803906691073005,-4.025745729681516,33.277375755674626,3.996,1.603,827.234,25
3,24,1.847111177186175,4.025286418474021,-7.343894240917451e-05,30.395103043527943,0.0004,4.015,352.796,25
3,24,1.847111177186175,3.579649093131541,-4.025126836679994,30.46127435514723,3.996,1.693,362.89,25
3,24,1.847111177186175,4.019439169145362,0.0017064816859037,30.570799648507453,0.0004,4.009,372.968,25
3,24,1.847111177186175,3.575256132192997,-4.024460016391478,30.635719955378026,3.996,1.69,383.062,25
3,24,1.847111177186175,4.0649054780835,-0.0003076246009247,29.19169018164689,0.0006,4.057,231.593,25
3,24,1.847111177186175,3.610545838514008,-4.0259184236850265,29.28090851214731,3.996,1.715,241.687,25
3,24,1.847111177186175,4.057774006163949,-0.0016144512601238,29.408090695900096,0.0006,4.049,251.765,25
3,24,1.847111177186175,3.604791704662648,-4.0244133840373415,29.500400273609653,3.996,1.71,261.89,25
3,24,1.847111177186175,3.3012447522131687,-0.0008512527175472,27.42855559493203,0.0004,0.0,6204.937,25
3,24,1.847111177186175,3.301352789560972,-0.0014459650627402,27.42828169301205,0.0004,-0.0,6215.437,25
3,24,1.847111177186175,3.301687176866273,-0.001517380190133,27.415455114127337,0.0004,0.0,6225.984,25
3,24,1.847111177186175,3.3016673815033086,-0.0015486919165622,27.411101750919897,0.0006,0.0,6236.531,25
3,24,1.847111177186175,3.301986241936528,-0.0027117114252155,27.381206532006427,0.0004,0.0,6289.265,25
3,24,1.847111177186175,3.302266733082248,6.850442113702705e-05,27.376792671276327,0.0004,0.0,6299.765,25
3,24,1.847111177186175,3.302451710665516,-0.00042302854643,27.362670323519783,0.0004,-0.0,6310.406,25
3,24,1.847111177186175,3.3022336096756493,-0.0030611692103181,27.354119180852543,0.0004,-0.0,6320.906,25
3,24,1.847111177186175,3.301158695178112,-0.0050221962038934,27.45747500256032,0.0004,-0.0,6162.875,25
3,24,1.847111177186175,3.301092008961532,-0.0022312273921009,27.442529254827143,0.0004,0.0,6173.375,25
3,24,1.847111177186175,3.301349435897498,-0.0054637717566212,27.442422811922334,0.0004,0.0,6183.89,25
3,24,1.847111177186175,3.301483430528178,-0.0047584544521655,27.42869759254693,0.0004,0.0,6194.421,25
3,24,1.847111177186175,4.002217065538785,-0.0004013306660357,31.07940350896008,0.0006,3.994,433.593,25
3,24,1.847111177186175,3.562411054827968,-4.025308023170802,31.13151912776326,3.996,1.676,443.64,25
3,24,1.847111177186175,3.996794619099024,6.306532817314878e-05,31.23912631229661,0.0006,3.986,453.718,25
3,24,1.847111177186175,3.5581666949265744,-4.025034093249845,31.300920739049097,3.996,1.673,463.781,25
3,24,1.847111177186175,4.037881845053695,-0.0001088583115267,30.005922215993834,0.0004,4.029,312.359,25
3,24,1.847111177186175,3.588964690242347,-4.027304647982152,30.08989655692897,3.996,1.699,322.531,25
3,24,1.847111177186175,4.031444400262122,-0.0005890475094692,30.197099250657487,0.0004,4.021,332.609,25
3,24,1.847111177186175,3.5844932371332536,-4.025347204947432,30.279223437045754,3.996,1.696,342.718,25
3,24,1.847111177186175,3.980066477282482,-0.0008564604842335,31.70511337718763,0.0004,3.97,514.187,25
3,24,1.847111177186175,3.5446744489848703,-4.026674003880926,31.7638651780236,3.996,1.661,524.343,25
3,24,1.847111177186175,3.97448175549021,0.0006597047488961,31.858440256202552,0.0004,3.966,534.437,25
3,24,1.847111177186175,3.5403879558945963,-4.025004880345983,31.920394326623747,3.996,1.656,544.562,25
3,24,1.847111177186175,4.013616781651636,-0.0003907080283475,30.73668021919324,0.0006,4.003,393.171,25
3,24,1.847111177186175,3.570849764416669,-4.025327759447658,30.806634550326816,3.996,1.686,403.281,25
3,24,1.847111177186175,4.007966340330094,-0.001192784575626,30.902659959588867,0.0004,3.997,413.421,25
3,24,1.847111177186175,3.5667549855177705,-4.025048241277764,30.98314832368897,3.996,1.68,423.5,25
3,24,1.847111177186175,3.991206807140225,-0.000272156672216,31.415022457629345,0.0004,3.981,473.843,25
3,24,1.847111177186175,3.5536133069774176,-4.026183772678888,31.470461040425796,3.996,1.672,483.937,25
3,24,1.847111177186175,3.985556774170993,-0.0003291091653458,31.566078673691223,0.0004,3.976,494.015,25
3,24,1.847111177186175,3.549354800623837,-4.024334871154088,31.613402496693165,3.996,1.667,504.125,25
3,24,1.847111177186175,4.170934017442905,0.0004546482212598,26.67527632205824,0.0004,4.173,29.687,25
3,24,1.847111177186175,3.7166762279397534,-4.026117929795951,26.79101085561401,3.996,1.794,39.765,25
3,24,1.847111177186175,4.152052262137807,0.0013051726178873,26.965228227413625,0.0004,4.151,49.921,25
3,24,1.847111177186175,3.696330627541311,-4.025279487401083,27.09517917016901,3.996,1.779,59.984,25
3,24,1.847111177186175,4.114002010211823,-0.0024741983164183,27.797495141557015,0.0004,4.108,110.437,25
3,24,1.847111177186175,3.654534690070236,-4.024271587229245,27.89524870404957,3.996,1.747,120.593,25
3,24,1.847111177186175,4.1045123824522864,-0.0006884956537755,28.03802704269148,0.0004,4.097,130.671,25
3,24,1.847111177186175,3.645012080659315,-4.024446438990675,28.13709745342729,3.996,1.74,140.796,25
3,24,1.847111177186175,4.202713117217314,-0.0007185320297133,26.423213445790488,0.0004,0.0,0.0,25
3,24,1.847111177186175,4.2027089035347664,0.001313029342788,26.41967592691752,0.0004,4.217,9.312,25
3,24,1.847111177186175,3.743923778685244,-4.025785719140476,26.50341416409187,3.996,1.789,19.625,25
3,24,1.847111177186175,4.079487774975019,-9.984184623669984e-06,28.767063296600803,0.0006,4.072,191.296,25
3,24,1.847111177186175,3.6226453435596,-4.023952944362539,28.858194086062163,3.996,1.722,201.39,25
3,24,1.847111177186175,4.071932671252297,-0.0010152390578509,28.97986191083758,0.0006,4.063,211.5,25
3,24,1.847111177186175,3.616753597753701,-4.022844589329548,29.072406773249995,3.996,1.718,221.531,25
3,24,1.847111177186175,4.137524820482427,-0.0018309799192821,27.253526674585093,0.0006,4.135,70.093,25
3,24,1.847111177186175,3.679825838740339,-4.026753157558968,27.365629776346207,3.996,1.764,80.203,25
3,24,1.847111177186175,4.125076302192116,-0.0022749400719129,27.526505727894065,0.0006,4.121,90.265,25
3,24,1.847111177186175,3.6660875826024815,-4.027291126382343,27.62947592836904,3.996,1.754,100.39,25
3,24,1.847111177186175,4.095431352615464,0.0011692592335033,28.29298803634147,0.0004,4.087,150.843,25
3,24,1.847111177186175,3.636677444952832,-4.0244148513521925,28.37964453772862,3.996,1.734,160.96800000000002,25
3,24,1.847111177186175,4.087188679595837,-0.0013684947240708,28.520437297072785,0.0004,4.078,171.062,25
3,24,1.847111177186175,3.629277961746795,-4.025012652069127,28.617811415970824,3.996,1.727,181.156,25
4,24,1.8489837601535537,4.050661640540505,-0.0018316483414766,29.710851724717788,0.0004,4.041,273.766,24
4,24,1.8489837601535537,3.6026038761923886,-4.023311770449336,29.79656618943704,3.996,1.715,283.922,24
4,24,1.8489837601535537,4.044104381067218,-0.0012558659377988,29.918880441684948,0.0006,4.034,294.063,24
4,24,1.8489837601535537,3.649217141276127,-4.025112092515739,28.26160297289458,3.996,1.752,141.563,24
4,24,1.8489837601535537,4.096322169084711,0.0011396827236589,28.404056356085047,0.0004,4.088,151.75,24
4,24,1.8489837601535537,3.6407258149936506,-4.026076752078746,28.49148660473711,3.996,1.746,161.922,24
4,24,1.8489837601535537,4.087586194840671,-0.0008653117269471,28.64138883290228,0.0004,4.079,172.078,24
4,24,1.8489837601535537,3.632854095303175,-4.02659570195178,28.72758960162353,3.996,1.741,182.313,24
4,24,1.8489837601535537,3.846230765912092,-0.0005810220261156,34.05947115869887,0.0004,3.839,1087.656,24
4,24,1.8489837601535537,3.58293135635398,-4.024690963310362,30.57111239065946,3.996,1.702,365.281,24
4,24,1.8489837601535537,4.019083500609212,-0.0016731351699558,30.68522226552895,0.0006,4.01,375.406,24
4,24,1.8489837601535537,3.619768534258534,-4.026039496453296,29.177193641485648,3.996,1.729,222.938,24
4,24,1.8489837601535537,4.064600873373928,-0.0027038477683738,29.30373193023783,0.0004,4.056,233.047,24
4,24,1.8489837601535537,3.613108510615125,-4.026462082366093,29.38219262509294,3.996,1.724,243.313,24
4,24,1.8489837601535537,4.057348545443854,-0.0013448289820818,29.508513113793715,0.0006,4.047,253.453,24
4,24,1.8489837601535537,3.608026673450224,-4.024767476762779,29.600196199733112,3.996,1.718,263.609,24
4,24,1.8489837601535537,3.830002178823195,0.0001759015388934,34.32805445855142,0.0006,3.823,1168.953,24
4,24,1.8489837601535537,3.4135897212371544,-4.024362694846541,34.32128752981215,3.996,1.541,1179.172,24
4,24,1.8489837601535537,3.825659884700163,0.0013594621057783,34.39112065085367,0.0004,3.818,1189.266,24
4,24,1.8489837601535537,3.440768889801159,-4.026587868836338,33.89185748536347,3.996,1.567,1036.875,24
4,24,1.8489837601535537,3.854641711278024,-0.0039009074946892,33.970387687676805,0.0004,3.848,1047.0,24
4,24,1.8489837601535537,3.4366567338543046,-4.026735211914329,33.97105051408867,3.996,1.562,1057.219,24
4,24,1.8489837601535537,3.8502134136367374,-0.0005677851032474,34.02945790411709,0.0004,3.842,1067.359,24
4,24,1.8489837601535537,3.432970034444388,-4.025215581960562,34.02286063716748,3.996,1.56,1077.516,24
4,24,1.8489837601535537,3.8142708057077552,-9.48656240061621e-06,34.5641516401294,0.0006,3.808,1250.328,24
4,24,1.8489837601535537,3.399397540173519,-4.024893037121428,34.529778763385146,3.996,1.527,1260.5,24
4,24,1.8489837601535537,3.810670466566254,-0.0009060023415706,34.57903725057914,0.0004,3.804,1270.688,24
4,24,1.8489837601535537,3.4252492902519616,-4.0245818840975085,34.140644109349864,3.996,1.552,1118.094,24
4,24,1.8489837601535537,3.8382239286742856,-0.0012529219594668,34.19917372233019,0.0004,3.83,1128.281,24
4,24,1.8489837601535537,3.4214759434042046,-4.026077422411145,34.190440546188825,3.996,1.548,1138.453,24
4,24,1.8489837601535537,3.8339971710260063,-0.0004960878396903,34.26488680746006,0.0004,3.826,1148.609,24
4,24,1.8489837601535537,3.41749866962933,-4.025970377276948,34.27014530608271,3.996,1.546,1158.813,24
4,24,1.8489837601535537,3.50719167923302,-4.024955938408985,32.91529669547621,3.996,1.629,711.391,24
4,24,1.8489837601535537,3.926743839749936,-0.0006200404358587,32.97180691258363,0.0004,3.918,721.609,24
4,24,1.8489837601535537,3.503167867465433,-4.02566658361244,32.97454789068893,3.996,1.624,731.766,24
4,24,1.8489837601535537,3.921837421103228,-0.0007448743817075,33.04736723118014,0.0004,3.914,741.891,24
4,24,1.8489837601535537,3.498554489258719,-4.024583923632708,33.055412930094334,3.996,1.621,752.063,24
4,24,1.8489837601535537,3.917068503834759,0.0005708080736844,33.147111854529804,0.0004,3.908,762.203,24
4,24,1.8489837601535537,3.429240741313058,-4.024477670874561,34.103345678301224,3.996,1.555,1097.813,24
4,24,1.8489837601535537,3.842111749688502,-0.0003161657187697,34.15507178463102,0.0006,3.834,1107.922,24
4,24,1.8489837601535537,3.4902545328477483,-4.024972711920667,33.1849441469774,3.996,1.617,792.734,24
4,24,1.8489837601535537,3.908180012721166,-0.0011040353679198,33.24977328718361,0.0006,3.901,803.047,24
4,24,1.8489837601535537,3.486404274000956,-4.027167806299638,33.27883501924573,3.996,1.613,813.203,24
4,24,1.8489837601535537,3.9034583940677297,-0.0016632382447906,33.32701208062398,0.0006,3.894,823.422,24
4,24,1.8489837601535537,3.4822568207496443,-4.025009537442215,33.338213725158894,3.996,1.608,833.531,24
4,24,1.8489837601535537,3.898798251335658,-0.0004730025983678,33.40184603026563,0.0006,3.891,843.656,24
4,24,1.8489837601535537,3.477663011979216,-4.025390983160525,33.38770708716829,3.996,1.604,853.828,24
4,24,1.8489837601535537,3.8941767574683865,-0.0014452170496004,33.45668403369457,0.0004,3.887,863.984,24
4,24,1.8489837601535537,3.473169291831112,-4.0260287356643865,33.45742857733654,3.996,1.599,874.172,24
4,24,1.8489837601535537,3.889574968381477,-0.0009847607075557,33.5240691569584,0.0004,3.881,884.391,24
4,24,1.8489837601535537,3.469134555632431,-4.025465560206907,33.51144137680591,3.996,1.596,894.547,24
4,24,1.8489837601535537,3.8853727796957207,-0.0001943933809505,33.574304425042335,0.0006,3.878,904.781,24
4,24,1.8489837601535537,3.46515668360698,-4.027018577209764,33.5471847089417,3.996,1.591,914.969,24
4,24,1.8489837601535537,3.8805284497536814,0.0005627725165532,33.60358026279129,0.0006,3.874,925.078,24
4,24,1.8489837601535537,3.460872987909742,-4.025934195988199,33.576234774133404,3.996,1.586,935.266,24
4,24,1.8489837601535537,3.876301571192741,-0.0001288335944629,33.65980936754182,0.0006,3.868,945.438,24
4,24,1.8489837601535537,4.079729715404873,0.0006962068215688,28.86376658621916,0.0006,4.072,192.453,24
4,24,1.8489837601535537,3.946754871541936,0.0003683960148939,32.58233247628908,0.0004,3.938,640.109,24
4,24,1.8489837601535537,3.520265115889164,-4.025792588867663,32.64221925226343,3.996,1.644,650.266,24
4,24,1.8489837601535537,3.941485762177999,-0.0008174091281566,32.71013894309196,0.0006,3.932,660.422,24
4,24,1.8489837601535537,3.5155169542378264,-4.026996545483551,32.712157282108066,3.996,1.638,670.641,24
4,24,1.8489837601535537,3.936680972563055,-0.0018298100875711,32.80995856562531,0.0004,3.928,680.875,24
4,24,1.8489837601535537,3.4447803092496434,-4.027369098421903,33.85072180978116,3.996,1.569,1016.516,24
4,24,1.8489837601535537,3.859164827693774,-0.0013772619685932,33.900643723818256,0.0004,3.852,1026.688,24
4,24,1.8489837601535537,3.327817378353648,-4.025547576174489,35.610801139755885,3.996,1.449,1688.016,24
4,24,1.8489837601535537,3.737018305702511,-7.093872504353623e-05,35.67033727734102,0.0006,3.731,1698.156,24
4,24,1.8489837601535537,3.324724270794483,-4.025978905613889,35.66053079586545,3.996,1.447,1708.281,24
4,24,1.8489837601535537,3.733983720504813,0.0001261916337344,35.712416013742754,0.0004,3.727,1718.438,24
4,24,1.8489837601535537,3.3216507454578745,-4.025899081271531,35.732306530360134,3.996,1.445,1728.578,24
4,24,1.8489837601535537,3.7310938215937086,0.0003525062143494,35.76877390024142,0.0006,3.725,1738.734,24
4,24,1.8489837601535537,3.318447697006294,-4.025471257660952,35.76899431061933,3.996,1.441,1748.891,24
4,24,1.8489837601535537,3.7282221665144335,-0.0024353744236959,35.80143275990161,0.0004,3.722,1759.047,24
4,24,1.8489837601535537,3.315332178182683,-4.025242275589712,35.753410568559154,3.996,1.439,1769.234,24
4,24,1.8489837601535537,3.725227839037587,-0.0005897780340282,35.82443279536965,0.0006,3.719,1779.406,24
4,24,1.8489837601535537,3.312492517724993,-4.024391702100647,35.85900174039922,3.996,1.436,1789.672,24
4,24,1.8489837601535537,3.722365556965101,-0.0017527120463795,35.878784963012706,0.0006,3.716,1799.813,24
4,24,1.8489837601535537,3.309486023352224,-4.024668349198234,35.89662695134354,3.996,1.433,1810.0,24
4,24,1.8489837601535537,3.719461935054727,-0.0001238591166428,35.93157737426586,0.0006,3.713,1820.172,24
4,24,1.8489837601535537,3.3064114528033874,-4.025654718726549,35.88335803709296,3.996,1.431,1830.375,24
4,24,1.8489837601535537,3.7166386658646657,-0.0016573916535013,35.89680270204266,0.0006,3.71,1840.531,24
4,24,1.8489837601535537,3.3039440108887077,-4.024817058531863,36.01640564178576,3.996,1.427,1850.672,24
4,24,1.8489837601535537,3.7140980246184094,0.0005929028755478,36.00028161886209,0.0006,3.707,1860.891,24
4,24,1.8489837601535537,3.301386465382383,-4.024928057113883,36.000478124541665,3.996,1.424,1871.016,24
4,24,1.8489837601535537,3.711353292809556,0.0007799149513086,36.02253567959232,0.0006,3.705,1881.188,24
4,24,1.8489837601535537,3.298443756072025,-4.026527827746975,36.004814921252624,3.996,1.423,1891.328,24
4,24,1.8489837601535537,3.708805048058764,0.0004998930337113,36.06496136339411,0.0006,3.702,1901.516,24
4,24,1.8489837601535537,3.295373212337061,-4.0255448654221935,36.1120121091151,3.996,1.419,1911.797,24
4,24,1.8489837601535537,3.706143136374604,-0.0005247724317931,36.12613650181861,0.0006,3.7,1922.078,24
4,24,1.8489837601535537,3.2929044112682124,-4.0258043061038,36.13753916928639,3.996,1.417,1932.234,24
4,24,1.8489837601535537,3.703272295606439,-0.0005424159561113,36.16854124511048,0.0006,3.696,1942.406,24
4,24,1.8489837601535537,3.290180647500616,-4.026310490010277,36.148258042990186,3.996,1.413,1952.578,24
4,24,1.8489837601535537,3.7013045327563785,0.0004811971995348,36.21952355390645,0.0004,3.695,1962.875,24
4,24,1.8489837601535537,3.2878054462024178,-4.026145800292016,36.23204711583424,3.996,1.411,1973.031,24
4,24,1.8489837601535537,3.6985462764907866,-0.0001770562109196,36.248220330995714,0.0006,3.692,1983.141,24
4,24,1.8489837601535537,3.2851453239188184,-4.024799843517919,36.27888966938264,3.996,1.409,1993.313,24
4,24,1.8489837601535537,3.696155274686328,-0.00214908841113,36.35018706819017,0.0004,3.69,2003.453,24
4,24,1.8489837601535537,3.2827144235192427,-4.026951728715393,36.31796373610969,3.996,1.408,2013.594,24
4,24,1.8489837601535537,3.693948182852028,0.0003084098646315,36.35504603487969,0.0006,3.688,2023.734,24
4,24,1.8489837601535537,3.2804217092912413,-4.0256470220135085,36.32881122540211,3.996,1.405,2033.953,24
4,24,1.8489837601535537,3.691477669129416,-0.0013089981807001,36.39657460885559,0.0006,3.684,2044.141,24
4,24,1.8489837601535537,3.277557462015685,-4.0253025336697705,36.44316019747632,3.996,1.401,2054.313,24
4,24,1.8489837601535537,3.689239589849015,0.000871684474607,36.44779269546624,0.0006,3.683,2064.469,24
4,24,1.8489837601535537,3.2755127549537417,-4.027204366820725,36.41825179908974,3.996,1.4,2074.594,24
4,24,1.8489837601535537,3.687128086069672,0.0008169197753072,36.4891691995998,0.0006,3.68,2084.719,24
4,24,1.8489837601535537,3.272771095503117,-4.025373072096808,36.41717713207153,3.996,1.399,2094.906,24
4,24,1.8489837601535537,3.684926334248393,-0.0008945278432679,36.50777646377195,0.0006,3.679,2105.078,24
4,24,1.8489837601535537,3.2708610991003875,-4.02814472701186,36.55260838801269,3.996,1.396,2115.234,24
4,24,1.8489837601535537,3.683023837572117,-0.0014044270260223,36.57026391559339,0.0006,3.676,2125.422,24
4,24,1.8489837601535537,3.2684226473315072,-4.027017261457789,36.55718592622153,3.996,1.393,2135.594,24
4,24,1.8489837601535537,3.6808557324096784,-0.0032779474453708,36.61441520309039,0.0004,3.674,2145.797,24
4,24,1.8489837601535537,3.266075202967438,-4.02666503773737,36.55032851726519,3.996,1.392,2155.953,24
4,24,1.8489837601535537,3.67879903094972,0.0004548763624862,36.66958560474431,0.0004,3.672,2166.094,24
4,24,1.8489837601535537,3.2638869008684748,-4.025031652784695,36.65578261839748,3.996,1.389,2176.25,24
4,24,1.8489837601535537,3.67691241992873,-0.0025126412085874,36.71350193685677,0.0004,3.67,2186.406,24
4,24,1.8489837601535537,3.261827056875112,-4.025063684274651,36.64742323626338,3.996,1.388,2196.563,24
4,24,1.8489837601535537,3.67504063415069,-0.0028116131618699,36.71263617130006,0.0006,3.667,2206.688,24
4,24,1.8489837601535537,3.2596861144778795,-4.025276647163321,36.69201702207289,3.996,1.385,2216.844,24
4,24,1.8489837601535537,3.673218801237073,-0.0004067646618498,36.7528637237012,0.0006,3.666,2227.0,24
4,24,1.8489837601535537,3.2576892678273817,-4.0266205256413325,36.82509694724423,3.996,1.383,2237.141,24
4,24,1.8489837601535537,3.6713329070925615,-0.0001135558224311,36.82618977711223,0.0006,3.664,2247.266,24
4,24,1.8489837601535537,3.255267567036376,-4.023629404698405,36.85126266273836,3.996,1.381,2257.484,24
4,24,1.8489837601535537,3.669455172999329,0.000428237326925,36.87209332199845,0.0006,3.663,2267.672,24
4,24,1.8489837601535537,3.2532439139998663,-4.026259407524251,36.89175161766782,3.996,1.38,2277.859,24
4,24,1.8489837601535537,3.6675623490468823,-0.0004091216893936,36.9151443942428,0.0004,3.661,2288.016,24
4,24,1.8489837601535537,3.2510013328855534,-4.025674783491565,36.95306674468902,3.996,1.377,2298.219,24
4,24,1.8489837601535537,3.665647772781736,-2.6178130007940176e-05,36.99995667233051,0.0004,3.658,2308.344,24
4,24,1.8489837601535537,3.248741909892669,-4.026229233464589,36.99890034476659,3.996,1.377,2318.531,24
4,24,1.8489837601535537,3.664213568757953,-0.0014860419527177,37.05183748709997,0.0004,3.657,2328.766,24
4,24,1.8489837601535537,3.2469820850593085,-4.027050142227119,37.046613372921335,3.996,1.374,2338.922,24
4,24,1.8489837601535537,3.662130651109527,-0.0001322348570964,37.07077252992564,0.0006,3.655,2349.078,24
4,24,1.8489837601535537,3.244836335382815,-4.025312450873094,37.0829330220004,3.996,1.371,2359.266,24
4,24,1.8489837601535537,3.6606629177118974,-0.0010183573921297,37.16919981887271,0.0006,3.653,2369.422,24
4,24,1.8489837601535537,3.242462048643334,-4.026013427886454,37.14313244380612,3.996,1.369,2379.625,24
4,24,1.8489837601535537,3.658644582791863,0.0011711912170889,37.13675586208795,0.0006,3.651,2389.781,24
4,24,1.8489837601535537,3.2405775063349744,-4.024619172602756,37.218656829268994,3.996,1.368,2399.891,24
4,24,1.8489837601535537,3.65679326088571,-0.0007586635697587,37.23196973284713,0.0004,3.649,2410.016,24
4,24,1.8489837601535537,3.2378147208423536,-4.025209065179945,37.26191726336413,3.996,1.367,2420.25,24
4,24,1.8489837601535537,3.655051446658424,-0.0008825088540667,37.319189884594365,0.0006,3.647,2430.406,24
4,24,1.8489837601535537,3.2358930026656942,-4.026205156573057,37.32916814121201,3.996,1.364,2440.563,24
4,24,1.8489837601535537,3.6531627141039658,-0.0012810586248791,37.38214424514404,0.0004,3.645,2450.719,24
4,24,1.8489837601535537,3.233567375585644,-4.02414573271832,37.36403552578677,3.996,1.361,2460.844,24
4,24,1.8489837601535537,3.6511668925641647,-0.0002890082749846,37.42273310607796,0.0006,3.644,2471.031,24
4,24,1.8489837601535537,3.231092186038104,-4.027093660555208,37.41912887772789,3.996,1.36,2481.203,24
4,24,1.8489837601535537,3.649575647298792,0.0016114271897021,37.4777195829118,0.0006,3.64,2491.375,24
4,24,1.8489837601535537,3.228817953268657,-4.025448789159373,37.49295457013357,3.996,1.357,2501.563,24
4,24,1.8489837601535537,3.64740157085015,0.0002251743804802,37.54168413467175,0.0006,3.639,2511.766,24
4,24,1.8489837601535537,3.226466100205372,-4.025710790320483,37.55001635247742,3.996,1.357,2521.906,24
4,24,1.8489837601535537,3.645843621112392,-0.0033507885086113,37.60516417557397,0.0004,3.637,2532.141,24
4,24,1.8489837601535537,3.224104919950159,-4.026555741125607,37.58490459993829,3.996,1.353,2542.281,24
4,24,1.8489837601535537,3.643603959692829,-0.0008883750873184,37.62447282936059,0.0006,3.634,2552.438,24
4,24,1.8489837601535537,3.2215449322437517,-4.025131370659732,37.60851339083145,3.996,1.352,2562.609,24
4,24,1.8489837601535537,3.641143655656817,-0.0010901016855209,37.644953549262446,0.0006,3.633,2572.734,24
4,24,1.8489837601535537,3.218550923713925,-4.026537243367917,37.65857288506191,3.996,1.349,2583.031,24
4,24,1.8489837601535537,3.6389511151556353,0.0001848061558288,37.72226931706046,0.0006,3.63,2593.156,24
4,24,1.8489837601535537,3.2156957178294685,-4.024284629035037,37.70940067493978,3.996,1.346,2603.375,24
4,24,1.8489837601535537,3.636855747628177,-0.0009588048721242,37.77312667183146,0.0004,3.627,2613.531,24
4,24,1.8489837601535537,3.213063600696785,-4.025002642410368,37.805016100468194,3.996,1.345,2623.688,24
4,24,1.8489837601535537,3.634707156195838,-0.0017498525103649,37.86058771720423,0.0006,3.625,2633.891,24
4,24,1.8489837601535537,3.2106302248661525,-4.024822830765338,37.847712595756654,3.996,1.343,2644.031,24
4,24,1.8489837601535537,3.6324353742687023,-0.0016549840299132,37.89388416249465,0.0004,3.621,2654.125,24
4,24,1.8489837601535537,3.2074858067474827,-4.023460836231345,37.92986319573672,3.996,1.34,2664.281,24
4,24,1.8489837601535537,3.630129944671503,-0.0008747325610394,37.99930181353811,0.0006,3.62,2674.516,24
4,24,1.8489837601535537,3.2045609192921924,-4.026488389909709,37.98163398807047,3.996,1.337,2684.656,24
4,24,1.8489837601535537,3.6279102069980937,0.0003226785838843,38.051924616812194,0.0006,3.617,2694.891,24
4,24,1.8489837601535537,3.201665903807573,-4.024287715765206,38.05317105791824,3.996,1.334,2705.141,24
4,24,1.8489837601535537,3.625078244018353,-0.0025894599856194,38.14971072938379,0.0006,3.613,2715.281,24
4,24,1.8489837601535537,3.198368083176334,-4.027522029255908,38.1312016797096,3.996,1.33,2725.438,24
4,24,1.8489837601535537,3.622443726757187,-0.0017923117128703,38.18548621579854,0.0006,3.611,2735.578,24
4,24,1.8489837601535537,3.194582463954234,-4.026520055915299,38.17854046136337,3.996,1.328,2745.766,24
4,24,1.8489837601535537,3.619248181905087,-0.0006847479235306,38.25324667337512,0.0004,3.607,2755.922,24
4,24,1.8489837601535537,3.191161270533096,-4.026232805402305,38.25006655488591,3.996,1.324,2766.078,24
4,24,1.8489837601535537,3.61667890014542,0.0004130273953965,38.2931535779129,0.0006,3.605,2776.281,24
4,24,1.8489837601535537,3.187480455997072,-4.0273165111187765,38.2571811016795,3.996,1.322,2786.453,24
4,24,1.8489837601535537,3.6136087951745455,-0.0015380238064584,38.39552819693364,0.0006,3.6,2796.672,24
4,24,1.8489837601535537,3.183775380497356,-4.025036294718695,38.38355037741496,3.996,1.318,2806.844,24
4,24,1.8489837601535537,3.610206470272284,-0.0001197531657934,38.41999781483271,0.0006,3.597,2817.016,24
4,24,1.8489837601535537,3.179606819222878,-4.025487361018919,38.39907723180933,3.996,1.314,2827.141,24
4,24,1.8489837601535537,3.606871330361013,0.0006823977556635,38.48400197118352,0.0006,3.595,2837.297,24
4,24,1.8489837601535537,3.175118000786775,-4.025093622373608,38.524474597297214,3.996,1.312,2847.453,24
4,24,1.8489837601535537,3.6032124980573936,-0.0021122227664316,38.54232414002696,0.0006,3.589,2857.656,24
4,24,1.8489837601535537,3.1704325786520964,-4.024840498352518,38.54388379894164,3.996,1.306,2867.797,24
4,24,1.8489837601535537,3.5995686383876486,0.0006857025926008,38.618622574789896,0.0006,3.586,2878.016,24
4,24,1.8489837601535537,3.165643422191971,-4.023425699947169,38.62312903860465,3.996,1.304,2888.156,24
4,24,1.8489837601535537,3.595258723519195,0.0010617731847068,38.691635388947965,0.0006,3.581,2898.313,24
4,24,1.8489837601535537,3.159746637695694,-4.025859603838016,38.68420779696338,3.996,1.298,2908.516,24
4,24,1.8489837601535537,3.5909780992104667,-0.003012322061574,38.70617878154973,0.0006,3.576,2918.688,24
4,24,1.8489837601535537,3.154392205200742,-4.024765853882897,38.72044718120026,3.996,1.293,2928.891,24
4,24,1.8489837601535537,3.585914084193392,0.0007010031324466,38.79847525542302,0.0004,3.572,2939.031,24
4,24,1.8489837601535537,3.147733040895037,-4.025359071297926,38.79354400678735,3.996,1.288,2949.203,24
4,24,1.8489837601535537,3.5810886667409587,-0.0026663789793848,38.86793082506667,0.0004,3.565,2959.422,24
4,24,1.8489837601535537,3.140472897123796,-4.026289067524806,38.87921607526386,3.996,1.282,2969.656,24
4,24,1.8489837601535537,3.57515283147903,-0.0008699849688285,38.95671574997692,0.0006,3.559,2979.813,24
4,24,1.8489837601535537,3.132885937809197,-4.022606396984414,39.00247243315879,3.996,1.274,2989.953,24
4,24,1.8489837601535537,3.569520198997033,0.0013007083348553,39.042878912203584,0.0004,3.553,3000.172,24
4,24,1.8489837601535537,3.124943576328041,-4.024409422030566,39.01461332689663,3.996,1.27,3010.328,24
4,24,1.8489837601535537,3.562485502193497,-6.462926283278301e-05,39.09432676440072,0.0006,3.545,3020.531,24
4,24,1.8489837601535537,3.115371194463038,-4.024886440788787,39.06579479949952,3.996,1.261,3030.688,24
4,24,1.8489837601535537,3.5550192125898934,-0.001351717158473,39.1978915322569,0.0004,3.537,3040.922,24
4,24,1.8489837601535537,3.1048359636209413,-4.027038908708071,39.193385696531045,3.996,1.251,3051.078,24
4,24,1.8489837601535537,3.5462192117763767,0.000152388533406,39.269926259535225,0.0006,3.529,3061.203,24
4,24,1.8489837601535537,3.09232008543634,-4.024079349064455,39.27717198510434,3.996,1.242,3071.422,24
4,24,1.8489837601535537,3.536508960744514,0.0006337626002749,39.36900679071145,0.0006,3.517,3081.609,24
4,24,1.8489837601535537,3.0785589171373826,-4.024094975779099,39.36525200500442,3.996,1.23,3091.828,24
4,24,1.8489837601535537,3.5252820244695835,-0.0002416978132303,39.46309110426495,0.0004,3.505,3102.031,24
4,24,1.8489837601535537,3.0630508946877377,-4.025165734415905,39.44507544615524,3.996,1.217,3112.25,24
4,24,1.8489837601535537,3.5122920925337104,-0.0027532756784174,39.51093349505107,0.0006,3.492,3122.422,24
4,24,1.8489837601535537,3.0447630164692163,-4.0241905167532765,39.5031486342174,3.996,1.204,3132.594,24
4,24,1.8489837601535537,3.497105799521956,-0.0008323738927258,39.60020370576876,0.0006,3.477,3142.734,24
4,24,1.8489837601535537,3.0245967315344835,-4.0262157302854,39.60140097855821,3.996,1.185,3152.844,24
4,24,1.8489837601535537,3.4800511373133904,-0.0009809135483484,39.70578487785055,0.0006,3.458,3163.063,24
4,24,1.8489837601535537,3.0005595393608098,-4.024738332943491,39.72424155753318,3.996,1.168,3173.234,24
4,24,1.8489837601535537,3.459517580599221,-0.0007414214524559,39.84200344282113,0.0004,3.437,3183.406,24
4,24,1.8489837601535537,2.97319143602442,-4.024489910379894,39.8658802354105,3.996,1.142,3193.531,24
4,24,1.8489837601535537,3.4358667949905426,-0.0013831691150971,39.99915583346127,0.0004,3.411,3203.75,24
4,24,1.8489837601535537,2.9401494593895774,-4.0245642051807335,39.96384323310813,3.996,1.113,3213.969,24
4,24,1.8489837601535537,3.407484641655963,-0.0008435968325005,40.06110820305904,0.0006,3.381,3224.125,24
4,24,1.8489837601535537,2.902631690342275,-4.026672459165021,40.082033799128006,3.996,1.083,3234.266,24
4,24,1.8489837601535537,3.375147216987832,0.0002707846704086,40.17507222698115,0.0004,3.349,3244.453,24
4,24,1.8489837601535537,2.858156358170401,-4.026027569343388,40.21983594530026,3.996,1.043,3254.609,24
4,24,1.8489837601535537,3.3362114345716045,-0.002477670718149,40.281147099579805,0.0004,3.306,3264.766,24
4,24,1.8489837601535537,2.804161166243694,-4.025859715590573,40.35562130580314,3.996,1.001,3275.016,24
4,24,1.8489837601535537,3.2895445673178383,-0.0013068516364999,40.46693486682405,0.0006,3.258,3285.188,24
4,24,1.8489837601535537,2.739984093107409,-4.025919631254684,40.52594274915948,3.996,0.947,3295.375,24
4,24,1.8489837601535537,3.233514234111777,-0.0007132113287636,40.65478119707444,0.0004,3.2,3305.516,24
4,24,1.8489837601535537,2.654951251959452,-4.024554053589142,40.69155967627506,3.996,0.879,3315.703,24
4,24,1.8489837601535537,3.1628638147808856,-0.0013130555240776,40.79865481113535,0.0006,3.122,3326.016,24
4,24,1.8489837601535537,2.5314191310532426,-4.024811254975765,40.85635775082896,3.996,0.799,3336.313,24
4,24,1.8489837601535537,3.069924323553085,-0.001462115895057,41.03265778209512,0.0006,3.012,3346.609,24
4,24,1.8489837601535537,2.318396741048049,-4.0257064837888015,41.0744616355634,3.996,0.672,3356.953,24
4,24,1.8489837601535537,2.944784074245999,-0.0003044772753985,41.25618357357965,0.0006,2.846,3367.375,24
4,24,1.8489837601535537,1.9612044915457985,-3.984918889355753,41.36966166794899,3.996,0.467,3377.875,24
4,24,1.8489837601535537,2.819934692771596,-0.0011072114576446,41.58349706133725,0.0004,0.0,3388.516,24
4,24,1.8489837601535537,2.910167638195942,-0.0015018903162044,41.47870453205451,0.0006,-0.0,3399.078,24
4,24,1.8489837601535537,2.9603428092956503,0.0002778397698661,41.35291719975508,0.0004,0.0,3409.672,24
4,24,1.8489837601535537,2.996512076133678,-0.0008060287452402,41.20435046205794,0.0006,0.0,3420.313,24
4,24,1.8489837601535537,3.026041618850205,-0.001995320140077,40.99194926507492,0.0004,0.0,3430.938,24
4,24,1.8489837601535537,3.050362078941083,-0.0007107122531339,40.78310205343714,0.0004,-0.0,3441.531,24
4,24,1.8489837601535537,3.0711645855219003,-0.0031310295519453,40.60055121570564,0.0004,-0.0,3452.109,24
4,24,1.8489837601535537,3.0894024254455608,-0.0005558966625097,40.41163760423981,0.0006,0.0,3462.734,24
4,24,1.8489837601535537,3.105271305269584,-0.0009136928147285,40.21298087659887,0.0006,0.0,3473.375,24
4,24,1.8489837601535537,3.119039387795943,-0.0015395235370097,40.0239560891684,0.0006,0.0,3483.984,24
4,24,1.8489837601535537,3.131320495223236,-0.0002649244167883,39.82364581752155,0.0004,-0.0,3494.531,24
4,24,1.8489837601535537,3.142041144031632,-0.0016871321319629,39.62476381648448,0.0006,0.0,3505.188,24
4,24,1.8489837601535537,3.1515352134477816,-0.0003480243350455,39.46602630594573,0.0004,0.0,3515.797,24
4,24,1.8489837601535537,3.160228688649265,-0.0001992480329785,39.277037335649496,0.0006,0.0,3526.375,24
4,24,1.8489837601535537,3.1681982593224216,4.648316597686821e-05,39.1039255581222,0.0004,0.0,3536.969,24
4,24,1.8489837601535537,3.175166913416626,-0.0011073913701552,38.9276595097245,0.0004,-0.0,3547.625,24
4,24,1.8489837601535537,3.1814400243563017,-0.0003105621260692,38.76645871509373,0.0004,0.0,3558.188,24
4,24,1.8489837601535537,3.187317638086793,-0.0025061075901605,38.609159433326255,0.0004,-0.0,3568.766,24
4,24,1.8489837601535537,3.1929379050127533,-0.000327995250252,38.42167488303412,0.0006,-0.0,3579.313,24
4,24,1.8489837601535537,3.1979439118615685,-0.0006988142512519,38.27152371906863,0.0004,0.0,3589.859,24
4,24,1.8489837601535537,3.202989327152867,-0.0028302705206315,38.1220512491026,0.0004,-0.0,3600.453,24
4,24,1.8489837601535537,3.2072397983295504,-0.0019520031426171,37.96053863938042,0.0006,-0.0,3611.078,24
4,24,1.8489837601535537,3.211499168403991,-0.0018005971650894,37.80730408265852,0.0004,0.0,3621.641,24
4,24,1.8489837601535537,3.215351382842064,-0.0018631047611477,37.68441201750343,0.0006,0.0,3632.281,24
4,24,1.8489837601535537,3.219025167725708,-0.0015180551257256,37.54019606842749,0.0006,0.0,3642.859,24
4,24,1.8489837601535537,3.2224923532994345,-0.0004213807640361,37.37383484442411,0.0006,0.0,3653.391,24
4,24,1.8489837601535537,3.2257428484556843,-0.0017189539247145,37.2394013482192,0.0004,-0.0,3663.969,24
4,24,1.8489837601535537,3.2290191439502736,-0.0001985472525467,37.11326510210069,0.0004,0.0,3674.516,24
4,24,1.8489837601535537,3.23200899308371,0.0003280044526887,36.96440546855328,0.0004,0.0,3685.047,24
4,24,1.8489837601535537,3.234877997929865,-0.002188573262184,36.82208287570291,0.0006,0.0,3695.672,24
4,24,1.8489837601535537,3.237754799830894,-0.0028859849754426,36.6994704357928,0.0004,-0.0,3706.328,24
4,24,1.8489837601535537,3.2403364855254604,-0.0026115129473346,36.57670154212319,0.0006,-0.0,3716.938,24
4,24,1.8489837601535537,3.2428730203319542,-0.0023248278499473,36.4483978748522,0.0004,0.0,3727.516,24
4,24,1.8489837601535537,3.2452857881778856,-0.001185898876543,36.31222277615185,0.0006,0.0,3738.094,24
4,24,1.8489837601535537,3.247539442210853,-0.000267479624948,36.20460159709069,0.0004,0.0,3748.734,24
4,24,1.8489837601535537,3.249780839782668,-0.001402385091903,36.04302958068711,0.0006,-0.0,3759.406,24
4,24,1.8489837601535537,3.251838057572408,-0.0027150159522109,35.90828519498184,0.0006,0.0,3769.969,24
4,24,1.8489837601535537,3.253874678029878,-0.0014952301595467,35.8013217923966,0.0004,0.0,3780.563,24
4,24,1.8489837601535537,3.255723476480411,-0.0008811932334035,35.67677839604455,0.0004,-0.0,3791.188,24
4,24,1.8489837601535537,3.25755610579948,-0.0023269006667053,35.57535456131526,0.0006,0.0,3801.828,24
4,24,1.8489837601535537,3.259302653512042,-0.0025776154020531,35.480631178560806,0.0004,0.0,3812.359,24
4,24,1.8489837601535537,3.2608466510171983,0.0010204346153667,35.341583345266834,0.0004,-0.0,3823.016,24
4,24,1.8489837601535537,3.262691359560824,-0.002250828961185,35.219579348295134,0.0004,-0.0,3833.609,24
4,24,1.8489837601535537,3.2642502677605787,-0.0012076621760325,35.14163814661095,0.0004,0.0,3844.281,24
4,24,1.8489837601535537,3.265859492000851,-0.0019539092537782,35.02832294626612,0.0004,-0.0,3854.906,24
4,24,1.8489837601535537,3.2672518122319345,-0.0014539751022198,34.92121048192244,0.0004,-0.0,3865.5,24
4,24,1.8489837601535537,3.2687576598583536,-0.0008707795076386,34.802665512310035,0.0004,0.0,3876.063,24
4,24,1.8489837601535537,3.2699821678752565,-0.0002942143349589,34.679999652039136,0.0006,-0.0,3886.625,24
4,24,1.8489837601535537,3.271320183301597,-0.0028739365681258,34.57858171188747,0.0004,0.0,3897.203,24
4,24,1.8489837601535537,3.272576439699538,-0.0012414705628025,34.50557388869973,0.0004,-0.0,3907.781,24
4,24,1.8489837601535537,3.2740025761015947,0.0005351388472655,34.40660254183759,0.0006,0.0,3918.344,24
4,24,1.8489837601535537,3.274998733814931,-0.0001044393362918,34.295042462205735,0.0004,0.0,3928.969,24
4,24,1.8489837601535537,3.2765638551775984,-0.0024105118614488,34.20658531422052,0.0004,0.0,3939.563,24
4,24,1.8489837601535537,3.277477703838665,0.002351666057972,34.108259017766045,0.0004,0.0,3950.109,24
4,24,1.8489837601535537,3.2786406862434223,-0.001757272128333,34.02403050479902,0.0004,0.0,3960.703,24
4,24,1.8489837601535537,3.279575758001926,-0.0013364988836086,33.93245249310934,0.0004,0.0,3971.297,24
4,24,1.8489837601535537,3.280802958691148,-0.0001919447657779,33.83683818577365,0.0006,0.0,3981.859,24
4,24,1.8489837601535537,3.281380818576781,-0.0025622043783426,33.74193907319171,0.0006,0.0,3992.516,24
4,24,1.8489837601535537,3.282334978134421,-0.001678594916957,33.65106323127332,0.0004,0.0,4003.172,24
4,24,1.8489837601535537,3.283263156687989,-0.0013347162575964,33.547249599171856,0.0006,0.0,4013.734,24
4,24,1.8489837601535537,3.284164847020706,4.0049589715803325e-05,33.473849424490936,0.0004,-0.0,4024.328,24
4,24,1.8489837601535537,3.28511102776991,-0.0028538510373346,33.38116440450994,0.0004,0.0,4034.938,24
4,24,1.8489837601535537,3.2857403006824053,-0.0017757036293793,33.31363914941761,0.0004,0.0,4045.578,24
4,24,1.8489837601535537,3.286572352605227,-0.0005000088467279,33.241136215893015,0.0006,0.0,4056.156,24
4,24,1.8489837601535537,3.287425228355421,-0.0023675096817567,33.139798747505154,0.0004,0.0,4066.703,24
4,24,1.8489837601535537,3.288090735621928,0.0009014394596237,33.0558837792862,0.0004,-0.0,4077.281,24
4,24,1.8489837601535537,3.2888307755517285,0.0002705358542163,32.996482723449304,0.0004,0.0,4087.953,24
4,24,1.8489837601535537,3.28952444925667,-0.0007515762399361,32.92500851026442,0.0004,-0.0,4098.531,24
4,24,1.8489837601535537,3.2902985663552453,-0.0032451189623557,32.836774225521154,0.0004,-0.0,4109.109,24
4,24,1.8489837601535537,3.290829709477666,-0.000987194466462,32.75870493199864,0.0004,0.0,4119.688,24
4,24,1.8489837601535537,3.291586261947818,-0.0021401735592071,32.69277035818925,0.0006,0.0,4130.313,24
4,24,1.8489837601535537,3.2922383514820885,-0.0027708484738877,32.61682907295004,0.0004,0.0,4140.953,24
4,24,1.8489837601535537,3.2928053587774087,-0.0050722991143802,32.532639630703954,0.0004,-0.0,4151.578,24
4,24,1.8489837601535537,3.293222783559406,-0.0010087593542218,32.46062977557262,0.0004,0.0,4162.172,24
4,24,1.8489837601535537,3.2940901207665534,-0.0007949594874188,32.396775538017465,0.0004,0.0,4172.766,24
4,24,1.8489837601535537,3.294521699510076,-0.0002303347398215,32.33858003985463,0.0004,0.0,4183.375,24
4,24,1.8489837601535537,3.2952512231265727,-0.0037746631589734,32.27045230953806,0.0004,0.0,4193.984,24
4,24,1.8489837601535537,3.295605781846487,0.0040459806655966,32.194313869528344,0.0004,0.0,4204.563,24
4,24,1.8489837601535537,3.296308449663619,-0.0041691994568975,32.13040106492448,0.0004,-0.0,4215.156,24
4,24,1.8489837601535537,3.2965573497403358,-0.000801857085691,32.07181278195458,0.0004,-0.0,4225.719,24
4,24,1.8489837601535537,3.297266116704656,0.0004615401244044,32.01672628879177,0.0004,-0.0,4236.281,24
4,24,1.8489837601535537,3.297610130926062,-0.0006903531119752,31.95327259047148,0.0006,0.0,4246.828,24
4,24,1.8489837601535537,3.2980804302986035,-0.000143348212028,31.880745250923297,0.0004,0.0,4257.391,24
4,24,1.8489837601535537,3.2985189974089884,-0.0003218010872002,31.819041751869907,0.0006,0.0,4268.031,24
4,24,1.8489837601535537,3.298642127270832,-0.0018277594928343,31.76610596703412,0.0004,0.0,4278.625,24
4,24,1.8489837601535537,3.299397585823952,-0.0007326701801518,31.716220112835128,0.0004,-0.0,4289.203,24
4,24,1.8489837601535537,3.2999106871606907,-0.0013923073195383,31.667847711985925,0.0004,0.0,4299.875,24
4,24,1.8489837601535537,3.300451555199544,-0.0028413546865024,31.593561858904557,0.0006,0.0,4310.469,24
4,24,1.8489837601535537,3.3008125435471847,0.0016583615833288,31.53654264197605,0.0004,0.0,4321.047,24
4,24,1.8489837601535537,3.300972974570355,-0.0036168501916734,31.467252845451647,0.0006,0.0,4331.625,24
4,24,1.8489837601535537,3.301398383949901,-0.0017064861008154,31.41994832983589,0.0004,-0.0,4342.266,24
4,24,1.8489837601535537,3.3017684068251154,-0.0048243853514586,31.37139436584005,0.0004,0.0,4352.922,24
4,24,1.8489837601535537,3.302244005858897,-0.0005456971058647,31.324420659289515,0.0004,0.0,4363.5,24
4,24,1.8489837601535537,3.302676484603564,-0.0016461109940744,31.257302646963332,0.0004,0.0,4374.063,24
4,24,1.8489837601535537,3.3032452257723666,-0.0022706760679839,31.19758355675692,0.0004,0.0,4384.672,24
4,24,1.8489837601535537,3.303535841702589,0.0006831181316514,31.159920170973457,0.0004,-0.0,4395.25,24
4,24,1.8489837601535537,3.3038143039721963,-0.0033699186063775,31.107775697187183,0.0004,0.0,4405.953,24
4,24,1.8489837601535537,3.3042697268915515,-0.0009979415996619,31.04819965648857,0.0004,0.0,4416.516,24
4,24,1.8489837601535537,3.304518805808505,-0.0032896079020067,30.990769765174743,0.0004,0.0,4427.141,24
4,24,1.8489837601535537,3.304883577707997,-0.0004505451694209,30.950498740474103,0.0004,-0.0,4437.781,24
4,24,1.8489837601535537,3.305234086525082,0.0003795164974643,30.88992239611273,0.0004,0.0,4448.375,24
4,24,1.8489837601535537,3.305372972428092,-0.002951467635836,30.855219326605365,0.0004,0.0,4458.953,24
4,24,1.8489837601535537,3.30581798400036,0.0014150282115053,30.796403377974585,0.0004,0.0,4469.594,24
4,24,1.8489837601535537,3.3058879653002418,-0.0014628933978423,30.75318636289525,0.0004,0.0,4480.188,24
4,24,1.8489837601535537,3.306504025078745,-0.001335544897342,30.692540035989307,0.0004,-0.0,4490.734,24
4,24,1.8489837601535537,3.3065719539854914,0.0008212745762924,30.665713891771908,0.0006,-0.0,4501.328,24
4,24,1.8489837601535537,3.3069637617501395,-0.0027811747435527,30.63401051988791,0.0004,0.0,4511.875,24
4,24,1.8489837601535537,3.3074634071137297,-0.0004456668156208,30.571410779475265,0.0004,0.0,4522.547,24
4,24,1.8489837601535537,3.307726627213726,-0.0009632171735866,30.52122192047096,0.0004,-0.0,4533.094,24
4,24,1.8489837601535537,3.307906805776145,0.0027257289969622,30.476783249279883,0.0004,0.0,4543.766,24
4,24,1.8489837601535537,3.3082677295054927,0.0005424941063594,30.44088327003922,0.0004,0.0,4554.297,24
4,24,1.8489837601535537,3.3083889257929475,-0.0014608797047614,30.3944138145214,0.0004,0.0,4564.953,24
4,24,1.8489837601535537,3.30890497230216,-0.0008065312809202,30.352635680241487,0.0004,0.0,4575.547,24
4,24,1.8489837601535537,3.309124402854532,-0.0038359334011438,30.315521651635866,0.0004,-0.0,4586.156,24
4,24,1.8489837601535537,3.309162251192796,-0.000400390457281,30.25948259004238,0.0004,0.0,4596.719,24
4,24,1.8489837601535537,3.3093431793061123,-0.0023624396981782,30.233717548980906,0.0004,0.0,4607.375,24
4,24,1.8489837601535537,3.3096912810501906,-0.0014359511591127,30.18955428286396,0.0004,0.0,4617.984,24
4,24,1.8489837601535537,3.3100457267628665,-0.0004926376157685,30.14384002192826,0.0004,0.0,4628.578,24
4,24,1.8489837601535537,3.310608068145056,-0.0015184025697018,30.124758160468723,0.0006,0.0,4639.125,24
4,24,1.8489837601535537,3.3105089383791886,0.000676247523072,30.07801030879229,0.0004,0.0,4649.703,24
4,24,1.8489837601535537,3.310567450940621,-0.0011386193134073,30.0376484747099,0.0004,-0.0,4660.25,24
4,24,1.8489837601535537,3.311280371167831,-0.0057744505392214,30.0046837658449,0.0004,0.0,4670.828,24
4,24,1.8489837601535537,3.3112745522118736,-0.0011735849087687,29.967850182890977,0.0004,0.0,4681.422,24
4,24,1.8489837601535537,3.3113311269160848,-0.00134602358635,29.93505193567388,0.0004,0.0,4692.0,24
4,24,1.8489837601535537,3.3117279794001946,-0.0012662451607204,29.8831904345332,0.0004,0.0,4702.672,24
4,24,1.8489837601535537,3.312016839732588,-0.0022675889182234,29.84973780706828,0.0004,0.0,4713.234,24
4,24,1.8489837601535537,3.312185227875234,-6.56580519583899e-05,29.80471925300141,0.0004,0.0,4723.828,24
4,24,1.8489837601535537,3.3124930225317963,-0.0038317424759287,29.78147146462657,0.0004,0.0,4734.453,24
4,24,1.8489837601535537,3.312707404992213,0.0008027188711195,29.746712009278877,0.0004,-0.0,4744.953,24
4,24,1.8489837601535537,3.3127766939978365,-0.0017080567561486,29.720599233981208,0.0006,0.0,4755.578,24
4,24,1.8489837601535537,3.312966094524165,0.0011254590062052,29.680398042772467,0.0004,-0.0,4766.188,24
4,24,1.8489837601535537,3.313297653510002,-0.0031570474842218,29.651320531657305,0.0004,-0.0,4776.781,24
4,24,1.8489837601535537,3.313545618616798,-0.0011882017067381,29.602865728907247,0.0004,0.0,4787.391,24
4,24,1.8489837601535537,3.313691075112325,-0.0010402353959144,29.575229997730958,0.0004,-0.0,4798.016,24
4,24,1.8489837601535537,3.314051490498388,-0.0021286029251425,29.55145142173616,0.0004,0.0,4808.656,24
4,24,1.8489837601535537,3.3140536781933734,-0.0022747826459164,29.522578076346814,0.0004,0.0,4819.234,24
4,24,1.8489837601535537,3.31443556044931,0.0016778912620169,29.492825789294795,0.0004,0.0,4829.828,24
4,24,1.8489837601535537,3.314351283107645,-0.0005206676858996,29.461505091772143,0.0004,0.0,4840.438,24
4,24,1.8489837601535537,3.315067954879047,-0.0030213122094009,29.43520126569849,0.0004,0.0,4851.047,24
4,24,1.8489837601535537,3.3147980842762137,-0.0003316372182988,29.40109890397914,0.0004,0.0,4861.75,24
4,24,1.8489837601535537,3.31514578588611,-0.001290277395751,29.377621852565667,0.0004,0.0,4872.422,24
4,24,1.8489837601535537,3.31522716989554,-0.0008756182016319,29.367456953417253,0.0004,-0.0,4882.969,24
4,24,1.8489837601535537,3.3154903735184145,-0.0016205076661342,29.333574406911342,0.0004,0.0,4893.547,24
4,24,1.8489837601535537,3.3155531796507205,-0.001337990033585,29.30680525723728,0.0004,-0.0,4904.094,24
4,24,1.8489837601535537,3.3157938678152794,-0.0015370507042937,29.27455632067556,0.0004,-0.0,4914.703,24
4,24,1.8489837601535537,3.31608955889588,-0.006334390558346,29.24379327321476,0.0004,0.0,4925.313,24
4,24,1.8489837601535537,3.316310347312549,-0.0026634831396172,29.22118282174151,0.0004,0.0,4935.938,24
4,24,1.8489837601535537,3.316454727239748,0.0003546444647296,29.201346650472622,0.0004,0.0,4946.5,24
4,24,1.8489837601535537,3.316556979017504,-0.0010494322359365,29.17244138005649,0.0004,0.0,4957.156,24
4,24,1.8489837601535537,3.316760246660811,-0.0012943128665731,29.150259488745963,0.0006,-0.0,4967.766,24
4,24,1.8489837601535537,3.316900539436757,-0.0018628175325186,29.122919307858204,0.0004,0.0,4978.328,24
4,24,1.8489837601535537,3.31706143344228,-0.000729055370226,29.093968994494503,0.0006,0.0,4988.906,24
4,24,1.8489837601535537,3.317287343175688,-0.0010672449407529,29.07927813636497,0.0004,-0.0,4999.547,24
4,24,1.8489837601535537,3.31759899537037,-0.000958317156259,29.049077531347084,0.0004,0.0,5010.109,24
4,24,1.8489837601535537,3.317626609080123,-0.002095682183162,29.018083026455677,0.0004,0.0,5020.719,24
4,24,1.8489837601535537,3.3177327510496677,-0.0003702255937811,28.99588444775631,0.0004,-0.0,5031.281,24
4,24,1.8489837601535537,3.3181116113935345,0.0010692708351777,28.97338892195385,0.0006,0.0,5041.844,24
4,24,1.8489837601535537,3.3184077014343054,-0.0015185026294354,28.954442932220093,0.0004,0.0,5052.422,24
4,24,1.8489837601535537,3.318697163652881,-0.0006869208887391,28.93055574088629,0.0004,-0.0,5062.938,24
4,24,1.8489837601535537,3.3184328836256216,0.0018465940355527,28.90459513727698,0.0004,0.0,5073.531,24
4,24,1.8489837601535537,3.318698295495526,-0.0009852597258362,28.886993889716276,0.0004,0.0,5084.125,24
4,24,1.8489837601535537,3.3187668185057024,-7.94536577336134e-05,28.86364398019454,0.0004,0.0,5094.719,24
4,24,1.8489837601535537,3.319025480286298,-0.0026936182932247,28.83814777378301,0.0004,0.0,5105.266,24
4,24,1.8489837601535537,3.3192194854593144,-0.0006003433393624,28.813746295065528,0.0004,-0.0,5115.844,24
4,24,1.8489837601535537,3.3192387251424216,0.0003444723756877,28.789607954267836,0.0004,0.0,5126.406,24
4,24,1.8489837601535537,3.3195871162214017,-0.0013183843794795,28.78069530214617,0.0004,-0.0,5136.984,24
4,24,1.8489837601535537,3.319712875785429,0.0008370309212921,28.75375759172642,0.0004,-0.0,5147.563,24
4,24,1.8489837601535537,3.3198917927607767,-0.0029751370169296,28.740933240747538,0.0006,-0.0,5158.125,24
4,24,1.8489837601535537,3.3199699148317228,-0.0004978682520166,28.714935312967103,0.0004,0.0,5168.703,24
4,24,1.8489837601535537,3.3201351729084703,-0.0013569553364085,28.699884942280875,0.0004,-0.0,5179.281,24
4,24,1.8489837601535537,3.3202895382610924,-0.0027339357497062,28.68123095956732,0.0004,-0.0,5189.844,24
4,24,1.8489837601535537,3.3203157442297155,-0.0013846106952902,28.6646418615578,0.0004,0.0,5200.484,24
4,24,1.8489837601535537,3.3204187439120907,-0.00162638231255,28.64365052212837,0.0004,-0.0,5211.109,24
4,24,1.8489837601535537,3.3206148382173546,-0.0009171996586747,28.619832294418188,0.0004,0.0,5221.703,24
4,24,1.8489837601535537,3.320794055998584,-0.0014759148877425,28.60358845628458,0.0004,0.0,5232.281,24
4,24,1.8489837601535537,3.321045347139125,-0.0012133105043504,28.5850799186774,0.0004,0.0,5242.938,24
4,24,1.8489837601535537,3.3211469827945765,-0.001090537180031,28.56800624903982,0.0004,0.0,5253.531,24
4,24,1.8489837601535537,3.3211801639634158,-0.0033880593317865,28.55447575715871,0.0006,0.0,5264.078,24
4,24,1.8489837601535537,3.321379438448179,-0.0016698946188704,28.53009522380729,0.0004,0.0,5274.641,24
4,24,1.8489837601535537,3.321731195508301,-0.0004784425274439,28.518468498282008,0.0006,-0.0,5285.344,24
4,24,1.8489837601535537,3.3217559486151877,-0.0018942229452161,28.501902029387274,0.0004,0.0,5295.969,24
4,24,1.8489837601535537,3.32184639134535,-0.0003353058087775,28.484327216507847,0.0004,0.0,5306.547,24
4,24,1.8489837601535537,3.322066425213964,-0.000508346267102,28.46614642296792,0.0004,-0.0,5317.109,24
4,24,1.8489837601535537,3.3220455770870405,-0.0021640770361319,28.46238656597819,0.0004,-0.0,5327.703,24
4,24,1.8489837601535537,3.3222427211204515,-0.0018490399612431,28.44483837907031,0.0004,0.0,5338.266,24
4,24,1.8489837601535537,3.322392045908178,-0.0003616957511497,28.42335883129228,0.0004,0.0,5348.891,24
4,24,1.8489837601535537,3.322812225335761,0.0002506987869942,28.39943160614116,0.0006,-0.0,5359.438,24
4,24,1.8489837601535537,3.322765194823244,-0.0050154345446771,28.377029646521137,0.0004,0.0,5370.047,24
4,24,1.8489837601535537,3.323068420207309,-0.003462337812737,28.368838810896733,0.0006,-0.0,5380.609,24
4,24,1.8489837601535537,3.323085927641249,0.0020345747387585,28.351404658995467,0.0004,0.0,5391.188,24
4,24,1.8489837601535537,3.3234271379794253,-0.0007592565094281,28.34018780003219,0.0004,0.0,5401.781,24
4,24,1.8489837601535537,3.323498603552015,0.0010708090062964,28.31999221340564,0.0004,0.0,5412.344,24
4,24,1.8489837601535537,3.323627673793747,-0.0021055585960381,28.311103645963858,0.0004,-0.0,5422.953,24
4,24,1.8489837601535537,3.3236864775376733,-0.002143396317606,28.297045569460906,0.0004,0.0,5433.531,24
4,24,1.8489837601535537,3.3237869637122874,-0.0013402277376121,28.28412409157621,0.0004,-0.0,5444.078,24
4,24,1.8489837601535537,3.3239256041877416,-0.001171703458171,28.273833926369782,0.0004,0.0,5454.688,24
4,24,1.8489837601535537,3.3241360867605,-0.000277404258354,28.260589248666783,0.0004,0.0,5465.297,24
4,24,1.8489837601535537,3.324310477558908,0.0004553489258911,28.242554768629955,0.0004,0.0,5475.859,24
4,24,1.8489837601535537,3.3241062615945736,-0.0050379693280299,28.22618871335816,0.0004,-0.0,5486.484,24
4,24,1.8489837601535537,3.324515592131176,0.0001719070345649,28.219892666404515,0.0004,0.0,5497.078,24
4,24,1.8489837601535537,3.324683663654312,-0.0008428126257445,28.20055422727032,0.0004,-0.0,5507.625,24
4,24,1.8489837601535537,3.3246829937159523,0.002688692235414,28.18309194347009,0.0004,0.0,5518.188,24
4,24,1.8489837601535537,3.324950181575675,-0.0030288457871594,28.159545343433813,0.0004,0.0,5528.734,24
4,24,1.8489837601535537,3.324902034637281,-0.0003821637659101,28.1557570463815,0.0004,0.0,5539.313,24
4,24,1.8489837601535537,3.324935103090632,-0.0026584174998429,28.141679134480626,0.0004,0.0,5549.891,24
4,24,1.8489837601535537,3.325183236651824,-0.0010680637855333,28.121274331587383,0.0004,0.0,5560.453,24
4,24,1.8489837601535537,3.325404413727772,0.0017407632507849,28.111492666272717,0.0004,-0.0,5571.031,24
4,24,1.8489837601535537,3.3257067271148157,0.0006777602896983,28.10377217538222,0.0004,0.0,5581.672,24
4,24,1.8489837601535537,3.325765651296499,-0.001946212770424,28.08712163007346,0.0004,0.0,5592.234,24
4,24,1.8489837601535537,3.3258010719667563,0.0004935805498002,28.08164597420547,0.0006,0.0,5602.828,24
4,24,1.8489837601535537,3.326008801806719,-0.0026399244483313,28.06077997609209,0.0006,0.0,5613.438,24
4,24,1.8489837601535537,3.326065251840206,-0.0002759145999853,28.04257268416681,0.0004,0.0,5623.969,24
4,24,1.8489837601535537,3.3261660505506083,-0.0014442848401102,28.035095944831696,0.0004,0.0,5634.563,24
4,24,1.8489837601535537,3.32628994344988,-0.0010107263751382,28.025454714494,0.0004,0.0,5645.219,24
4,24,1.8489837601535537,3.326337548865839,-0.0025322801805661,28.012687805984605,0.0004,0.0,5655.75,24
4,24,1.8489837601535537,3.3265995267273,-0.0026490053208374,27.995503118798425,0.0004,0.0,5666.328,24
4,24,1.8489837601535537,3.3266636947552297,-0.0033189877638975,27.982969370813947,0.0004,0.0,5676.906,24
4,24,1.8489837601535537,3.3265949690366785,-2.5944438662236195e-05,27.97614775907624,0.0004,0.0,5687.516,24
4,24,1.8489837601535537,3.3268456709135,0.0003137992795344,27.958626308309288,0.0006,0.0,5698.125,24
4,24,1.8489837601535537,3.326893717010925,0.002494608073688,27.95729985116659,0.0004,0.0,5708.734,24
4,24,1.8489837601535537,3.327066466384676,5.66384808412503e-06,27.940514510993303,0.0004,0.0,5719.375,24
4,24,1.8489837601535537,3.32711332093257,-0.0007322807026937,27.93572022090309,0.0006,-0.0,5729.938,24
4,24,1.8489837601535537,3.32751433196124,-0.0015686161915339,27.917146068247902,0.0004,0.0,5740.547,24
4,24,1.8489837601535537,3.3273823219508083,0.0012614284137304,27.91148208793964,0.0004,0.0,5751.219,24
4,24,1.8489837601535537,3.327318382641968,-0.0034435901186554,27.905431417116663,0.0006,-0.0,5761.875,24
4,24,1.8489837601535537,3.3274874617012227,0.0002345137647713,27.890144832754327,0.0004,0.0,5772.469,24
4,24,1.8489837601535537,3.327681160709885,-0.0018112382638366,27.88063433416325,0.0004,0.0,5783.047,24
4,24,1.8489837601535537,3.32771532370365,-0.0001659180123087,27.86597229198372,0.0004,0.0,5793.578,24
4,24,1.8489837601535537,3.32789211468186,0.0007657922799761,27.862465515243827,0.0006,0.0,5804.172,24
4,24,1.8489837601535537,3.327991913749962,-0.0021476999570913,27.846860315798896,0.0004,0.0,5814.781,24
4,24,1.8489837601535537,3.327993930192394,0.0004228815337682,27.83904443639124,0.0004,-0.0,5825.328,24
4,24,1.8489837601535537,3.3279628757498734,0.0006786774148804,27.82348375624922,0.0004,0.0,5835.891,24
4,24,1.8489837601535537,3.328315011127548,-0.0010990479260374,27.81287919357879,0.0004,0.0,5846.422,24
4,24,1.8489837601535537,3.3282974264710035,-0.0029903044298757,27.801340145879298,0.0004,0.0,5856.984,24
4,24,1.8489837601535537,3.3285425465687903,-0.0018491232678324,27.78912824642689,0.0004,-0.0,5867.578,24
4,24,1.8489837601535537,3.3287074756226853,-0.0017340089216839,27.78682520848923,0.0004,0.0,5878.156,24
4,24,1.8489837601535537,3.328782390238846,-0.0005731921290464,27.77170034512409,0.0004,0.0,5888.734,24
4,24,1.8489837601535537,3.328744544965156,0.0008816603021121,27.76299740954784,0.0004,0.0,5899.422,24
4,24,1.8489837601535537,3.3288128714042,-0.0024181697604805,27.745546539378424,0.0004,0.0,5909.969,24
4,24,1.8489837601535537,3.328958728972165,-6.854132946892268e-05,27.73543039313284,0.0004,0.0,5920.563,24
4,24,1.8489837601535537,3.3292597223848985,0.0013289527959313,27.733147508138988,0.0004,0.0,5931.141,24
4,24,1.8489837601535537,3.329274363943271,-0.0010420795700563,27.71678968878623,0.0004,-0.0,5941.703,24
4,24,1.8489837601535537,3.3293643913236965,7.233146826157772e-05,27.714697962298647,0.0004,-0.0,5952.281,24
4,24,1.8489837601535537,3.3293781468804,0.0005929968236082,27.69299819844777,0.0004,0.0,5963.016,24
4,24,1.8489837601535537,3.3296018596953068,-0.0010225575932341,27.70202805329537,0.0004,0.0,5973.578,24
4,24,1.8489837601535537,3.329766866877905,-0.0012779510813937,27.68958247185049,0.0004,0.0,5984.141,24
4,24,1.8489837601535537,3.329814327942896,-0.0012500908962168,27.678499573906898,0.0004,0.0,5994.703,24
4,24,1.8489837601535537,3.330060711206446,-0.0039879522817948,27.67340914229596,0.0004,0.0,6005.281,24
4,24,1.8489837601535537,3.330147436811638,-0.0023729136390929,27.66287977431692,0.0004,-0.0,6015.922,24
4,24,1.8489837601535537,3.330092943291556,-0.0007416146585617,27.66290219409708,0.0004,0.0,6026.516,24
4,24,1.8489837601535537,3.330179601129621,-0.0018981385923322,27.65964981566952,0.0004,0.0,6037.094,24
4,24,1.8489837601535537,3.3302303149881127,-0.0004005898634898,27.646619415438824,0.0004,0.0,6047.672,24
4,24,1.8489837601535537,3.330307723614601,-0.0005917708695296,27.640722336240778,0.0004,0.0,6058.234,24
4,24,1.8489837601535537,3.330489286155973,0.001520244927297,27.62443439863152,0.0004,-0.0,6068.813,24
4,24,1.8489837601535537,3.330571292457928,-0.0029359822505825,27.620614112522787,0.0006,0.0,6079.375,24
4,24,1.8489837601535537,3.330640711371451,-0.0007685628916758,27.613403055088348,0.0004,0.0,6089.984,24
4,24,1.8489837601535537,3.3306659721024308,-0.0027283241862114,27.596428272604623,0.0006,0.0,6100.594,24
4,24,1.8489837601535537,3.3310882532063486,-0.0016770168311881,27.59337670802497,0.0004,0.0,6111.188,24
4,24,1.8489837601535537,3.3312259633084214,0.0021151832928858,27.58385593214349,0.0004,0.0,6121.797,24
4,24,1.8489837601535537,3.3311929173057666,-0.0047741852722162,27.57294338047824,0.0004,0.0,6132.375,24
4,24,1.8489837601535537,3.3314394920795904,-0.0029435051888953,27.56836403207821,0.0004,0.0,6142.906,24
4,24,1.8489837601535537,3.3314764925658418,0.0002374814966512,27.556449322180864,0.0004,0.0,6153.5,24
4,24,1.8489837601535537,3.331371338036717,-0.0009923493835803,27.561337803008858,0.0006,0.0,6164.063,24
4,24,1.8489837601535537,3.3316409639988502,0.0054093415651858,27.54903128709901,0.0004,0.0,6174.641,24
4,24,1.8489837601535537,3.331810392525825,-0.0030264165712991,27.55016085498801,0.0004,0.0,6185.234,24
4,24,1.8489837601535537,3.3318788649957014,-0.0024047790121122,27.54275082851204,0.0004,0.0,6195.797,24
4,24,1.8489837601535537,3.332060790861579,-0.0004659184911564,27.532108344597077,0.0004,0.0,6206.359,24
4,24,1.8489837601535537,3.331993992969887,-0.0004747222913118,27.52144008066632,0.0004,0.0,6216.938,24
4,24,1.8489837601535537,3.332337307019364,-0.0008469748736672,27.51363922431125,0.0006,0.0,6227.531,24
4,24,1.8489837601535537,3.332032019483045,0.0013468452137495,27.497870703000626,0.0004,0.0,6238.172,24
4,24,1.8489837601535537,3.332246506976732,-0.0037892308106466,27.499711890393456,0.0004,0.0,6248.766,24
4,24,1.8489837601535537,3.332319496419456,-0.0016278868265664,27.488529302237914,0.0004,-0.0,6259.344,24
4,24,1.8489837601535537,3.332452510843058,-0.0022978323104207,27.48934416987432,0.0004,0.0,6269.969,24
4,24,1.8489837601535537,3.3324495495569533,0.0003621860283938,27.48653913597765,0.0004,0.0,6280.609,24
4,24,1.8489837601535537,3.3325477115645983,-0.0004725686809769,27.48119169228651,0.0004,-0.0,6291.25,24
4,24,1.8489837601535537,3.332863862566832,-0.002179471356795,27.46659327298338,0.0004,0.0,6301.844,24
4,24,1.8489837601535537,3.332926993702148,-0.00041611736742,27.464838627851645,0.0004,0.0,6312.438,24
4,24,1.8489837601535537,3.332990047955594,-0.0044024105063826,27.45889341814797,0.0004,0.0,6322.953,24
4,24,1.8489837601535537,3.3331200948555333,-0.0017003255276248,27.45563445377957,0.0004,0.0,6333.5,24
4,24,1.8489837601535537,3.333187636977361,-0.0049337796624134,27.452048780101475,0.0004,0.0,6344.141,24
4,24,1.8489837601535537,3.33326453961878,-0.001750718972168,27.447827563769238,0.0004,0.0,6354.656,24
4,24,1.8489837601535537,3.979550433724331,0.0009728980443939,31.836772692987488,0.0004,3.97,518.031,24
4,24,1.8489837601535537,3.5471302173777226,-4.026186374639448,31.884617720357777,3.996,1.67,528.219,24
4,24,1.8489837601535537,3.973756054116308,-0.0021687237815201,31.977606689172028,0.0004,3.965,538.375,24
4,24,1.8489837601535537,3.5780577209033138,-4.024692546374658,30.758770122245505,3.996,1.696,385.578,24
4,24,1.8489837601535537,4.013413318222234,-0.0030299030723493,30.858113374369047,0.0006,4.003,395.766,24
4,24,1.8489837601535537,3.573704932880471,-4.026272625473893,30.921761328367797,3.996,1.694,405.922,24
4,24,1.8489837601535537,4.0077408606948985,-0.0013765761157718,31.025537617024444,0.0004,3.999,416.109,24
4,24,1.8489837601535537,3.568726148965949,-4.025621116511796,31.10061108547225,3.996,1.689,426.406,24
4,24,1.8489837601535537,3.957448149629706,-0.0016426445978398,32.39171292841451,0.0006,3.948,599.328,24
4,24,1.8489837601535537,3.5292514245901394,-4.0257734059825525,32.400805297535435,3.996,1.654,609.469,24
4,24,1.8489837601535537,3.9522924264834103,-0.002404853064534,32.49653630132311,0.0006,3.944,619.688,24
4,24,1.8489837601535537,3.5607008995301865,-4.028897912512196,31.423733994421795,3.996,1.682,467.063,24
4,24,1.8489837601535537,3.990811402750746,-0.000639629413412,31.529889033213475,0.0004,3.982,477.313,24
4,24,1.8489837601535537,3.556228856744629,-4.022497532232558,31.584722476768423,3.996,1.678,487.484,24
4,24,1.8489837601535537,3.985222786445932,-0.0016513471129646,31.6865472941004,0.0006,3.975,497.641,24
4,24,1.8489837601535537,3.551385337049458,-4.026261165141181,31.75021060467716,3.996,1.672,507.844,24
4,24,1.8489837601535537,3.333672737402348,0.0017462361866986,27.407636087990877,0.0004,0.0,6418.188,24
4,24,1.8489837601535537,3.511506512287237,-4.025705666504588,32.8606414097828,3.996,1.635,691.047,24
4,24,1.8489837601535537,3.931648312574671,-0.000934745361008,32.93915405438577,0.0006,3.924,701.25,24
4,24,1.8489837601535537,3.542395356591632,-4.025634202219314,32.03776624133513,3.996,1.665,548.594,24
4,24,1.8489837601535537,3.9680498691466486,-0.0002554304583276,32.12232998098237,0.0006,3.958,558.719,24
4,24,1.8489837601535537,3.5381464056363883,-4.024634093330811,32.157825741201755,3.996,1.658,568.844,24
4,24,1.8489837601535537,3.9627724726482767,-9.665298489167183e-05,32.254525479906725,0.0006,3.954,579.016,24
4,24,1.8489837601535537,3.5336684534546823,-4.025230726458192,32.307718906913905,3.996,1.656,589.125,24
4,24,1.8489837601535537,3.3339710642776783,-0.0023047342916676,27.38171924852458,0.0004,0.0,6449.984,24
4,24,1.8489837601535537,3.3339736776283555,-0.0007806212668594,27.369008309648382,0.0004,0.0,6460.625,24
4,24,1.8489837601535537,3.33399306778532,-0.0003306672823846,27.36980812363479,0.0004,0.0,6471.25,24
4,24,1.8489837601535537,3.3331935864425426,-0.0013382686064465,27.443389480908383,0.0004,-0.0,6365.281,24
4,24,1.8489837601535537,3.3333765925391265,0.0006373718880054,27.42650386218008,0.0004,-0.0,6375.859,24
4,24,1.8489837601535537,3.333398007769554,-0.0003190692451852,27.42329717621802,0.0004,0.0,6386.422,24
4,24,1.8489837601535537,3.3335603495544697,-0.0019374002518728,27.41095296725716,0.0004,0.0,6397.047,24
4,24,1.8489837601535537,3.3335661401436645,-0.002096697832424,27.40476821631839,0.0004,0.0,6407.641,24
4,24,1.8489837601535537,3.79877467418619,-0.0007656366072424,34.777009813338175,0.0006,3.792,1331.781,24
4,24,1.8489837601535537,3.3845707550959245,-4.028665655804069,34.758339992639186,3.996,1.511,1341.938,24
4,24,1.8489837601535537,3.795347071311224,-0.0005199440977075,34.80190820949957,0.0004,3.788,1352.172,24
4,24,1.8489837601535537,3.410016788733899,-4.026322384907329,34.36409923119443,3.996,1.538,1199.406,24
4,24,1.8489837601535537,3.821885719491296,-0.0021934147041621,34.44564849755038,0.0006,3.815,1209.547,24
4,24,1.8489837601535537,3.406369482356472,-4.025865885208833,34.4347420103713,3.996,1.533,1219.703,24
4,24,1.8489837601535537,3.818551847730845,-0.0031628930837037,34.47952076525358,0.0004,3.811,1229.938,24
4,24,1.8489837601535537,3.402672866065956,-4.0269147646457055,34.49794147960435,3.996,1.529,1240.094,24
4,24,1.8489837601535537,4.025424257232646,0.0008065594567235,30.505232410704423,0.0004,4.015,355.141,24
4,24,1.8489837601535537,3.494205589625723,-4.02410146464115,33.146894491570386,3.996,1.618,772.375,24
4,24,1.8489837601535537,3.912528510753606,-0.0017692304407036,33.19587801080941,0.0006,3.904,782.594,24
4,24,1.8489837601535537,3.395786601271161,-4.0256912679326655,34.62625833392767,3.996,1.522,1280.844,24
4,24,1.8489837601535537,3.806864545457574,-0.0007359723927866,34.657772205933384,0.0006,3.8,1291.063,24
4,24,1.8489837601535537,3.392107948418636,-4.025259868021497,34.663147620579466,3.996,1.518,1301.234,24
4,24,1.8489837601535537,3.8029367277124457,-0.0007166705236077,34.72588453106497,0.0006,3.796,1311.406,24
4,24,1.8489837601535537,3.388464378602531,-4.02519684013781,34.72259329954398,3.996,1.516,1321.594,24
4,24,1.8489837601535537,3.8632883201199695,-0.0008438566049698,33.84032475295693,0.0006,3.856,1006.375,24
4,24,1.8489837601535537,3.333719853577937,-0.0010616797166864,27.39501067231304,0.0004,0.0,6428.813,24
4,24,1.8489837601535537,3.333839241533022,-6.146262741474054e-05,27.39287478943656,0.0006,0.0,6439.422,24
4,24,1.8489837601535537,3.597127133602641,-4.024888014956988,29.993181374856132,3.996,1.711,304.297,24
4,24,1.8489837601535537,4.037400743928493,-0.001601644082971,30.122782447355775,0.0004,4.027,314.453,24
4,24,1.8489837601535537,3.5923089653570512,-4.025022331141572,30.19983624252671,3.996,1.708,324.625,24
4,24,1.8489837601535537,4.031233497593707,-3.756352709533336e-05,30.31658579455229,0.0004,4.02,334.781,24
4,24,1.8489837601535537,3.5874764305704487,-4.026674930794537,30.38925862291729,3.996,1.704,344.953,24
4,24,1.8489837601535537,4.001570579652616,-0.001698851723425,31.19257572424975,0.0004,3.993,436.563,24
4,24,1.8489837601535537,3.564556907472744,-4.024937185703598,31.238505213523137,3.996,1.684,446.703,24
4,24,1.8489837601535537,3.9961740165644697,0.0013032792423579,31.36877270291796,0.0006,3.986,456.938,24
4,24,1.8489837601535537,3.456719115290083,-4.025625105694751,33.669391665370746,3.996,1.582,955.641,24
4,24,1.8489837601535537,3.871773829791861,-0.0014943978248073,33.72750703883213,0.0004,3.864,965.781,24
4,24,1.8489837601535537,3.452951836119527,-4.0239438490049695,33.72099471813492,3.996,1.575,975.859,24
4,24,1.8489837601535537,3.867690393500857,-0.0001421420519026,33.80320066941728,0.0006,3.86,985.984,24
4,24,1.8489837601535537,3.448707472656718,-4.026224568986678,33.789131789605754,3.996,1.573,996.266,24
4,24,1.8489837601535537,3.381379213632389,-4.028502025675693,34.83132243367213,3.996,1.507,1362.297,24
4,24,1.8489837601535537,3.7916911930933153,-0.0020614696208652,34.864680758007104,0.0004,3.785,1372.469,24
4,24,1.8489837601535537,3.3771579820648943,-4.027444423892058,34.87472128829653,3.996,1.504,1382.781,24
4,24,1.8489837601535537,3.787624378025196,-0.0016788200601595,34.939318441425094,0.0006,3.781,1392.969,24
4,24,1.8489837601535537,3.37414132461316,-4.0238408692526,34.929474227051806,3.996,1.5,1403.094,24
4,24,1.8489837601535537,3.784166624192996,-0.002401658010548,34.99687842151289,0.0006,3.777,1413.297,24
4,24,1.8489837601535537,3.3706581625299497,-4.024546620811984,34.97304578109068,3.996,1.495,1423.438,24
4,24,1.8489837601535537,3.780794920884103,-0.0009668506260721,35.033402461679565,0.0004,3.774,1433.656,24
4,24,1.8489837601535537,3.3673430720391857,-4.028138652083028,35.01919480725162,3.996,1.493,1443.828,24
4,24,1.8489837601535537,3.776903001003769,-0.0024682115167891,35.05570504653932,0.0006,3.77,1454.031,24
4,24,1.8489837601535537,3.363686784315125,-4.026810839217401,35.086778077800865,3.996,1.489,1464.188,24
4,24,1.8489837601535537,3.773496707025633,0.00112570045163,35.12758354966158,0.0006,3.766,1474.375,24
4,24,1.8489837601535537,3.360251707524989,-4.025604836007671,35.115988657638,3.996,1.487,1484.531,24
4,24,1.8489837601535537,3.770198313516182,-0.0013855322715996,35.157347490810864,0.0006,3.764,1494.828,24
4,24,1.8489837601535537,3.3570356502485,-4.02573314897496,35.19544811788822,3.996,1.481,1505.0,24
4,24,1.8489837601535537,3.766604958927045,0.000344883200491,35.246088374779,0.0006,3.76,1515.219,24
4,24,1.8489837601535537,3.3535263571520098,-4.025562132531778,35.21537837871187,3.996,1.475,1525.391,24
4,24,1.8489837601535537,3.763166540063604,-0.0006276586125245,35.31196982633478,0.0004,3.756,1535.578,24
4,24,1.8489837601535537,3.350337159147366,-4.025315007832089,35.32603583981071,3.996,1.469,1545.734,24
4,24,1.8489837601535537,3.759714081680564,-0.001151573039368,35.33684348305575,0.0006,3.753,1555.875,24
4,24,1.8489837601535537,3.346869090401506,-4.025011372872145,35.30706595409486,3.996,1.469,1566.047,24
4,24,1.8489837601535537,3.756343925473748,0.0004917328158789,35.37456618129415,0.0006,3.75,1576.219,24
4,24,1.8489837601535537,3.343668105689445,-4.026011190437675,35.44036117287176,3.996,1.465,1586.375,24
4,24,1.8489837601535537,3.753055343247488,-0.0016664311407124,35.48611627649998,0.0006,3.746,1596.531,24
4,24,1.8489837601535537,3.3402948619016213,-4.025261322671597,35.394745555603336,3.996,1.463,1606.688,24
4,24,1.8489837601535537,3.749657633069135,-0.0011225383241033,35.47635842583094,0.0006,3.744,1616.844,24
4,24,1.8489837601535537,3.3373411437604257,-4.027015655297983,35.45876001831853,3.996,1.459,1626.984,24
4,24,1.8489837601535537,3.746557023298584,0.0003977873591314,35.493043381688075,0.0006,3.74,1637.141,24
4,24,1.8489837601535537,3.3340575486517188,-4.026904581500524,35.518794554184325,3.996,1.456,1647.281,24
4,24,1.8489837601535537,3.743457584733846,0.0011141545531909,35.532130358649034,0.0004,3.738,1657.469,24
4,24,1.8489837601535537,3.3307499576845223,-4.025314245968713,35.53747448828922,3.996,1.453,1667.672,24
4,24,1.8489837601535537,3.7401688680086433,-0.0017123012705293,35.592876832086645,0.0006,3.733,1677.844,24
4,24,1.8489837601535537,3.625876673901178,-4.025192900432514,28.947962853639176,3.996,1.736,202.672,24
4,24,1.8489837601535537,4.071749888896841,9.441743047269894e-05,29.076648915612537,0.0006,4.062,212.797,24
4,24,1.8489837601535537,3.699450090448518,-4.025540472251577,27.22866395348362,3.996,1.784,60.438,24
4,24,1.8489837601535537,4.137296748186984,0.0043497675733165,27.37840613336104,0.0006,4.135,70.594,24
4,24,1.8489837601535537,3.683115932435345,-4.025540119435146,27.49341240284531,3.996,1.776,80.719,24
4,24,1.8489837601535537,4.1251088220539645,-0.0029130967004564,27.65721210956697,0.0006,4.121,90.844,24
4,24,1.8489837601535537,3.66988566200071,-4.025759670453122,27.754872332302828,3.996,1.767,101.0,24
4,24,1.8489837601535537,4.114466570617919,-0.0014083395968934,27.904571785882364,0.0006,4.109,111.125,24
4,24,1.8489837601535537,3.6588759754695954,-4.0252082196826375,28.018848154736062,3.996,1.759,121.234,24
4,24,1.8489837601535537,4.104984515164377,-0.0013365830535319,28.16432830799135,0.0004,4.099,131.406,24
4,24,1.8489837601535537,4.202988857257324,-0.0011629975452798,26.557301540486087,0.0004,-0.0,0.0,24
4,24,1.8489837601535537,4.203084581094102,-0.0012873462884517,26.562982082391724,0.0004,4.218,9.344,24
4,24,1.8489837601535537,3.747033390962143,-4.026725295857411,26.639000992247748,3.996,1.79,19.734,24
4,24,1.8489837601535537,4.170929669232975,-0.0008895312886366,26.81181579489416,0.0004,4.174,29.906,24
4,24,1.8489837601535537,3.719629329025999,-4.025994620541543,26.931216088267803,3.996,1.795,40.125,24
4,24,1.8489837601535537,4.151816566425547,-0.0010440377749583,27.09897805621629,0.0006,4.151,50.266000000000005,24
4,24,1.8489837601535537,3.524486109173432,-4.02643456406622,32.49180982904362,3.996,1.649,629.953,24
5,24,1.837012071856044,3.933501548857241,-4.778452510661721e-05,32.86566574832012,0.0006,3.926,684.984,23
5,24,1.837012071856044,3.510678476106688,-4.024895322060542,32.863640179348565,3.996,1.635,695.172,23
5,24,1.837012071856044,3.971653878483225,0.0017914043708084,32.00127147478084,0.0006,3.962,541.578,23
5,24,1.837012071856044,3.5425993615880214,-4.026470296376883,32.03247378138381,3.996,1.665,551.797,23
5,24,1.837012071856044,3.966057078281351,0.0023774997457161,32.137410360734606,0.0004,3.956,562.015,23
5,24,1.837012071856044,3.5377898265918883,-4.026384735336058,32.17574150092548,3.996,1.66,572.25,23
5,24,1.837012071856044,3.960525424155567,0.0001891481697659,32.27151484642121,0.0006,3.952,582.437,23
5,24,1.837012071856044,3.533210001251959,-4.0245817521389045,32.2923881050456,3.996,1.658,592.687,23
5,24,1.837012071856044,3.914729431670908,0.000185851847539,33.189440015627355,0.0006,3.906,766.812,23
5,24,1.837012071856044,3.4934045953435424,-4.027524611464672,33.18886487187196,3.996,1.615,777.078,23
5,24,1.837012071856044,3.949571891140816,0.0025516560786268,32.50929928401055,0.0006,3.941,623.328,23
5,24,1.837012071856044,3.5241532600893826,-4.025282523217975,32.523914003092095,3.996,1.649,633.578,23
5,24,1.837012071856044,3.944093929403187,-0.0024984200174666,32.62617256435508,0.0006,3.936,643.875,23
5,24,1.837012071856044,3.5196456614063543,-4.025137604231045,32.63368199052904,3.996,1.643,654.156,23
5,24,1.837012071856044,3.93886183101275,-0.0020121352765883,32.7254663356684,0.0006,3.93,664.406,23
5,24,1.837012071856044,3.51453149104654,-4.025427446807932,32.77740657706547,3.996,1.638,674.75,23
5,24,1.837012071856044,3.895804145314798,0.0011680050296831,33.515174694322305,0.0006,3.888,848.781,23
5,24,1.837012071856044,3.4765894859688524,-4.025519167350463,33.51821856340778,3.996,1.601,858.984,23
5,24,1.837012071856044,3.928808371355189,-0.0003241308259768,32.95064024042496,0.0006,3.92,705.406,23
5,24,1.837012071856044,3.506191546114202,-4.026148470628778,32.96577526228084,3.996,1.628,715.672,23
5,24,1.837012071856044,3.924227807574475,-0.0010388654894165,33.01087083911133,0.0004,3.916,725.937,23
5,24,1.837012071856044,3.5022197224530203,-4.026373782910918,33.075369443062925,3.996,1.622,736.14,23
5,24,1.837012071856044,3.919484495514969,-0.0009169978715754,33.12339789631181,0.0006,3.91,746.375,23
5,24,1.837012071856044,3.4978393874548472,-4.025613564402423,33.13779600103663,3.996,1.618,756.609,23
5,24,1.837012071856044,4.049087291086688,-0.0015485349442079,29.78741460392839,0.0006,4.039,275.547,23
5,24,1.837012071856044,3.603305061693649,-4.02468545178157,29.85863508199753,3.996,1.723,285.843,23
5,24,1.837012071856044,3.9099927553338873,-0.0010919923881615,33.25242032139684,0.0006,3.9,787.343,23
5,24,1.837012071856044,3.4893704100439087,-4.025391582962147,33.3196644086611,3.996,1.612,797.609,23
5,24,1.837012071856044,3.905115124534852,0.0012304239500445,33.36074247208796,0.0006,3.898,807.797,23
5,24,1.837012071856044,3.485018023810729,-4.0248218510208735,33.37377116817854,3.996,1.608,818.015,23
5,24,1.837012071856044,3.9006968989788846,0.0008530843225741,33.411700127517,0.0006,3.892,828.297,23
5,24,1.837012071856044,3.480785636833477,-4.024548547602294,33.44461024741644,3.996,1.605,838.562,23
5,24,1.837012071856044,3.860718467962698,-0.0004261601251297,33.914905268009946,0.0004,3.853,1012.547,23
5,24,1.837012071856044,3.444022542823082,-4.023994661333576,33.92844634072538,3.996,1.569,1022.75,23
5,24,1.837012071856044,3.8914453692195607,-0.0017900336700174,33.52462434669535,0.0006,3.884,869.203,23
5,24,1.837012071856044,3.472220817934602,-4.026017292436461,33.5225916847293,3.996,1.597,879.468,23
5,24,1.837012071856044,3.8867544577840216,-0.0015586744550556,33.59621460601794,0.0004,3.88,889.656,23
5,24,1.837012071856044,3.468252269581076,-4.024670197497144,33.57276629089375,3.996,1.593,899.875,23
5,24,1.837012071856044,3.8826456405256144,0.0023267176126455,33.65339508674736,0.0006,3.874,910.109,23
5,24,1.837012071856044,3.464019074618814,-4.027972260951539,33.654672761640256,3.996,1.589,920.343,23
5,24,1.837012071856044,3.843653431851114,0.0002848519711546,34.149796114106,0.0006,3.836,1094.468,23
5,24,1.837012071856044,3.427972619481358,-4.027339469550048,34.147440953979384,3.996,1.553,1104.734,23
5,24,1.837012071856044,3.873502082177759,-0.0024639764804078,33.79018585215475,0.0004,3.866,951.172,23
5,24,1.837012071856044,3.455976527423797,-4.0257347246969095,33.802093204904715,3.996,1.582,961.375,23
5,24,1.837012071856044,3.8689593518698095,-0.0019265167501745,33.82990900363391,0.0004,3.862,971.562,23
5,24,1.837012071856044,3.451428669245574,-4.026279116730287,33.838613523084256,3.996,1.577,981.859,23
5,24,1.837012071856044,3.8650314541056794,0.000726467067476,33.870221973358674,0.0006,3.857,992.14,23
5,24,1.837012071856044,3.447863105859168,-4.024828064570547,33.87263556254643,3.996,1.571,1002.343,23
5,24,1.837012071856044,3.827439064102786,-0.00018653205388,34.40211036225269,0.0004,3.82,1176.093,23
5,24,1.837012071856044,3.4127176739068483,-4.027273445513092,34.3838871210606,3.996,1.536,1186.328,23
5,24,1.837012071856044,3.8564173895367664,2.5787848673961743e-05,33.99273346922721,0.0006,3.849,1032.984,23
5,24,1.837012071856044,3.439852541074443,-4.026152046515704,33.989774269738405,3.996,1.565,1043.218,23
5,24,1.837012071856044,3.851976710841316,0.000602345220224,34.04088078513339,0.0006,3.845,1053.406,23
5,24,1.837012071856044,3.4359479402951547,-4.026227178588435,34.05843646937,3.996,1.561,1063.64,23
5,24,1.837012071856044,3.847920046525361,0.0016159423360497,34.10761219923591,0.0004,3.839,1073.859,23
5,24,1.837012071856044,3.4317113635959027,-4.025064419191655,34.101776779422835,3.996,1.557,1084.187,23
5,24,1.837012071856044,3.9549439984993686,0.0013394916078624,32.40897187570698,0.0006,3.946,602.89,23
5,24,1.837012071856044,3.5286596560247747,-4.026068101043427,32.44216214198257,3.996,1.653,613.093,23
5,24,1.837012071856044,3.839522261715155,-0.0019217309299294,34.18535608317774,0.0004,3.832,1114.937,23
5,24,1.837012071856044,3.4242321936416618,-4.024958730528821,34.202876249779266,3.996,1.549,1125.125,23
5,24,1.837012071856044,3.8355628210283785,-0.0024584493423184,34.27872072785969,0.0006,3.828,1135.359,23
5,24,1.837012071856044,3.4206780748626238,-4.02685281678762,34.2722046567243,3.996,1.545,1145.547,23
5,24,1.837012071856044,3.831239139117252,-0.0013937561980517,34.32331495128272,0.0006,3.822,1155.703,23
5,24,1.837012071856044,3.4166338558010194,-4.026831110739833,34.324329491089706,3.996,1.54,1165.906,23
5,24,1.837012071856044,3.796379567875929,0.0005344067369272,34.87723573436008,0.0004,3.789,1339.765,23
5,24,1.837012071856044,3.383686916676718,-4.026444183046388,34.914609284207586,3.996,1.506,1349.984,23
5,24,1.837012071856044,3.8234289775512846,-0.0017264507151466,34.43447092001884,0.0006,3.816,1196.578,23
5,24,1.837012071856044,3.409078730371583,-4.025480510461367,34.467211247903705,3.996,1.532,1206.812,23
5,24,1.837012071856044,3.819368857817487,0.0005418077649816,34.511427977860144,0.0006,3.812,1217.0,23
5,24,1.837012071856044,3.4054867839857867,-4.025932237249704,34.51497267774118,3.996,1.529,1227.187,23
5,24,1.837012071856044,3.815353151510666,0.002887868186598,34.55760570887593,0.0006,3.808,1237.39,23
5,24,1.837012071856044,3.4015091729260405,-4.025153624649099,34.58657160901391,3.996,1.525,1247.687,23
5,24,1.837012071856044,3.781520872587763,0.0009021814111097,35.107949775011406,0.0004,3.774,1421.64,23
5,24,1.837012071856044,3.369425023723989,-4.027214535567576,35.096721457258106,3.996,1.492,1431.843,23
5,24,1.837012071856044,3.807710714170656,0.0004218593315359,34.67826612599329,0.0006,3.8,1278.531,23
5,24,1.837012071856044,3.394476200993051,-4.025226973691352,34.68066544727353,3.996,1.516,1288.734,23
5,24,1.837012071856044,3.8038761707844246,-0.0015886892611289,34.74291651487178,0.0006,3.796,1298.953,23
5,24,1.837012071856044,3.390752767860078,-4.024364912310014,34.771914846249096,3.996,1.513,1309.156,23
5,24,1.837012071856044,3.7999019164077152,-0.0042433031412104,34.81242630992159,0.0006,3.792,1319.328,23
5,24,1.837012071856044,3.387293905575249,-4.023484216071892,34.83358811863429,3.996,1.51,1329.531,23
5,24,1.837012071856044,3.767113421295666,-0.0006290627852449,35.25078375829512,0.0004,3.761,1503.562,23
5,24,1.837012071856044,3.355817610055741,-4.024719684088887,35.26831476797291,3.996,1.479,1513.75,23
5,24,1.837012071856044,3.792525247803705,0.0009525270101595,34.90612444814525,0.0006,3.786,1360.187,23
5,24,1.837012071856044,3.3798759542430825,-4.025104341989276,34.918815410799255,3.996,1.502,1370.468,23
5,24,1.837012071856044,3.788478986600192,0.0014798130650253,34.97252066688543,0.0006,3.782,1380.672,23
5,24,1.837012071856044,3.3765198974801187,-4.025338535690599,34.98244891101896,3.996,1.499,1390.953,23
5,24,1.837012071856044,3.785239229310004,-0.0006780073675697,35.0385472403233,0.0004,3.778,1401.218,23
5,24,1.837012071856044,3.372994742056436,-4.026121367037876,35.05954037102341,3.996,1.496,1411.437,23
5,24,1.837012071856044,3.878095473441096,-0.0015254015936859,33.68884326761951,0.0006,3.869,930.64,23
5,24,1.837012071856044,3.459943953362281,-4.024279883891229,33.685395789354054,3.996,1.585,940.906,23
5,24,1.837012071856044,3.778201549115287,0.0010417215321624,35.11201480305123,0.0006,3.772,1442.047,23
5,24,1.837012071856044,3.365964594487416,-4.024975788872775,35.12585245394418,3.996,1.488,1452.328,23
5,24,1.837012071856044,3.774482013711817,-0.0027581058178311,35.197993471994536,0.0004,3.768,1462.593,23
5,24,1.837012071856044,3.362871639814037,-4.022612621775969,35.173669956467464,3.996,1.485,1472.781,23
5,24,1.837012071856044,3.770728505407289,-0.0006890894098001,35.21758648229812,0.0006,3.764,1482.984,23
5,24,1.837012071856044,3.3588551958456057,-4.025559702695567,35.2490079221768,3.996,1.482,1493.265,23
5,24,1.837012071856044,3.740687588024729,-0.0036646408969802,35.67307342378498,0.0004,3.733,1667.203,23
5,24,1.837012071856044,3.329779839156823,-4.025535737246441,35.6184044133197,3.996,1.453,1677.39,23
5,24,1.837012071856044,3.763866881460428,0.0002223642057434,35.32369113903119,0.0004,3.757,1523.953,23
5,24,1.837012071856044,3.3523295556966555,-4.025946654872254,35.33679762610751,3.996,1.476,1534.187,23
5,24,1.837012071856044,3.760282048556261,0.002821248404527,35.39332541383195,0.0006,3.754,1544.375,23
5,24,1.837012071856044,3.3486437381560434,-4.024724987991363,35.42513634071684,3.996,1.473,1554.672,23
5,24,1.837012071856044,3.75701534236282,-0.0006065783450191,35.44941753963449,0.0006,3.75,1564.937,23
5,24,1.837012071856044,3.345956132776068,-4.026605668006992,35.44122480023744,3.996,1.469,1575.109,23
5,24,1.837012071856044,3.728410908369692,-0.001561311049398,35.844172156298555,0.0004,3.72,1749.078,23
5,24,1.837012071856044,3.317222371762932,-4.024122305978816,35.82014445248487,3.996,1.435,1759.281,23
5,24,1.837012071856044,3.7505192320513783,0.0003850572203653,35.5341841840154,0.0006,3.743,1605.703,23
5,24,1.837012071856044,3.339467461875884,-4.024664785239292,35.517289700128124,3.996,1.463,1615.968,23
5,24,1.837012071856044,3.747680604460693,0.0026868303836051,35.566301638886664,0.0004,3.74,1626.281,23
5,24,1.837012071856044,3.3363049661700823,-4.026539512819005,35.59019829563226,3.996,1.461,1636.531,23
5,24,1.837012071856044,3.7440441038656616,-0.0002316005906754,35.6250974350317,0.0006,3.736,1646.703,23
5,24,1.837012071856044,3.332812366764596,-4.026040533607231,35.621683405882145,3.996,1.456,1656.968,23
5,24,1.837012071856044,3.7171400668497774,-0.0012454307095231,35.99771424334979,0.0004,3.71,1830.89,23
5,24,1.837012071856044,3.3056192827962505,-4.025339176917028,36.00861361596484,3.996,1.424,1841.109,23
5,24,1.837012071856044,3.737550416484841,0.0022047777338293,35.67697631755129,0.0006,3.73,1687.609,23
5,24,1.837012071856044,3.326689838385526,-4.026299725525294,35.713285188237144,3.996,1.449,1697.828,23
5,24,1.837012071856044,3.7345340623856327,0.00207872563203,35.74735610584327,0.0006,3.727,1708.047,23
5,24,1.837012071856044,3.32336968408853,-4.025607180484975,35.7256627527694,3.996,1.442,1718.312,23
5,24,1.837012071856044,3.731780481610462,0.0002258507693501,35.76841555903141,0.0006,3.724,1728.593,23
5,24,1.837012071856044,3.320180162550256,-4.026412456247818,35.811526040748305,3.996,1.437,1738.89,23
5,24,1.837012071856044,3.8116495968484942,-0.0010849101231002,34.63403381967807,0.0004,3.804,1257.968,23
5,24,1.837012071856044,3.397772516123576,-4.025103751527199,34.627578701276015,3.996,1.521,1268.25,23
5,24,1.837012071856044,3.7257605056872967,-0.0017414506946367,35.84296949120411,0.0006,3.718,1769.531,23
5,24,1.837012071856044,3.314210347555956,-4.025689814524953,35.858085001731325,3.996,1.434,1779.781,23
5,24,1.837012071856044,3.722770066422864,0.0001670394640895,35.856296172099725,0.0006,3.715,1789.937,23
5,24,1.837012071856044,3.311129047122834,-4.026492831092911,35.85886415705297,3.996,1.431,1800.187,23
5,24,1.837012071856044,3.719926003269273,-0.0011467164652981,35.970644273778,0.0006,3.712,1810.406,23
5,24,1.837012071856044,3.308388715095739,-4.024666353345865,35.94630548464825,3.996,1.427,1820.64,23
5,24,1.837012071856044,3.6963563900242633,-0.0030386386240743,36.40107938046338,0.0006,3.689,1994.328,23
5,24,1.837012071856044,3.2845646711907746,-4.022439797355891,36.35882419912889,3.996,1.405,2004.515,23
5,24,1.837012071856044,3.714430323148589,0.001181533221624,36.07557727914913,0.0006,3.707,1851.359,23
5,24,1.837012071856044,3.302811126557456,-4.024695777767619,36.09316653400008,3.996,1.421,1861.609,23
5,24,1.837012071856044,3.711394892586257,-0.0012111357349632,36.09981918362167,0.0006,3.704,1871.843,23
5,24,1.837012071856044,3.300048264342184,-4.0258452958815445,36.120002216864144,3.996,1.418,1882.031,23
5,24,1.837012071856044,3.708992595211011,-0.0001930005673306,36.177631784021166,0.0006,3.702,1892.265,23
5,24,1.837012071856044,3.297153691745736,-4.026246893475384,36.175925313597695,3.996,1.416,1902.5,23
5,24,1.837012071856044,3.687529443283748,-0.0002637949294934,36.561658035414105,0.0006,3.681,2076.375,23
5,24,1.837012071856044,3.274844867726248,-4.026022740269884,36.55370335433874,3.996,1.397,2086.609,23
5,24,1.837012071856044,3.7035795261428825,-0.0001588730492749,36.289717929659005,0.0006,3.697,1933.078,23
5,24,1.837012071856044,3.291803105242453,-4.025468049893631,36.2684856838386,3.996,1.413,1943.328,23
5,24,1.837012071856044,3.701005678762217,0.0008554443984637,36.32934292170786,0.0006,3.695,1953.515,23
5,24,1.837012071856044,3.2894844552758857,-4.024844076411571,36.30107123939455,3.996,1.41,1963.687,23
5,24,1.837012071856044,3.698881292187138,-0.0014634096071303,36.36836956983121,0.0006,3.692,1973.922,23
5,24,1.837012071856044,3.286998850717432,-4.025638245639492,36.34247703060152,3.996,1.407,1984.125,23
5,24,1.837012071856044,3.679208136672232,0.0003077887672415,36.68770216056193,0.0006,3.672,2158.656,23
5,24,1.837012071856044,3.265684691856192,-4.024606859657117,36.70213480988597,3.996,1.388,2168.953,23
5,24,1.837012071856044,3.694358045789001,-0.0013686513533573,36.41273393920813,0.0006,3.687,2014.812,23
5,24,1.837012071856044,3.281798921413833,-4.026597518066866,36.40325961775386,3.996,1.403,2025.093,23
5,24,1.837012071856044,3.691952134799255,0.0003665309218356,36.45500203189833,0.0006,3.684,2035.359,23
5,24,1.837012071856044,3.279589846410602,-4.02533504167453,36.467938666989575,3.996,1.401,2045.593,23
5,24,1.837012071856044,3.689644390000812,-0.0005367878101174,36.50891207555731,0.0006,3.683,2055.797,23
5,24,1.837012071856044,3.2771965828774268,-4.024575377890904,36.52489897061982,3.996,1.399,2066.062,23
5,24,1.837012071856044,3.753541252391991,-0.0009376858560103,35.50102140877832,0.0006,3.746,1585.312,23
5,24,1.837012071856044,3.3425013584348022,-4.024483672059794,35.44646372020601,3.996,1.466,1595.484,23
5,24,1.837012071856044,3.685333191591778,0.0007404288358074,36.56997704881052,0.0006,3.678,2096.937,23
5,24,1.837012071856044,3.2725066260652262,-4.022413396275848,36.56066885588959,3.996,1.393,2107.156,23
5,24,1.837012071856044,3.6833120925581375,-0.0025976133207014,36.59871800059651,0.0006,3.676,2117.484,23
5,24,1.837012071856044,3.2704287783450554,-4.023474199130037,36.61572925245884,3.996,1.393,2127.781,23
5,24,1.837012071856044,3.681305549394681,0.0012424433304235,36.66970162102959,0.0006,3.674,2138.062,23
5,24,1.837012071856044,3.2680622537398474,-4.025460572087631,36.6730250845656,3.996,1.391,2148.328,23
5,24,1.837012071856044,3.6639777007640673,0.0004335149534947,37.08388095549699,0.0006,3.656,2322.672,23
5,24,1.837012071856044,3.2484283129651765,-4.026079384961311,37.06334607136803,3.996,1.373,2332.875,23
5,24,1.837012071856044,3.6773153770432576,-0.0020110902789911,36.7673470110186,0.0006,3.669,2179.234,23
5,24,1.837012071856044,3.2635332123692007,-4.026615284190804,36.71219211145624,3.996,1.387,2189.484,23
5,24,1.837012071856044,3.675443527100831,-0.0021597731932419,36.78066705227774,0.0006,3.668,2199.828,23
5,24,1.837012071856044,3.261373697382424,-4.025250866950247,36.78389469793997,3.996,1.385,2210.062,23
5,24,1.837012071856044,3.6733398107968185,-0.0033926354936278,36.83708115793809,0.0006,3.666,2220.328,23
5,24,1.837012071856044,3.259047970032995,-4.02530193065863,36.863204422576864,3.996,1.382,2230.578,23
5,24,1.837012071856044,3.6568561123789616,0.0008546521464934,37.27210156220688,0.0004,3.647,2404.64,23
5,24,1.837012071856044,3.239473300297722,-4.025950214973253,37.26091168200367,3.996,1.366,2414.812,23
5,24,1.837012071856044,3.669494713409026,-0.0034951995528344,36.90694479345542,0.0006,3.663,2261.484,23
5,24,1.837012071856044,3.2549245760877774,-4.026047978992248,36.91092878697704,3.996,1.379,2271.656,23
5,24,1.837012071856044,3.667598779671451,-0.0007050500652602,36.92034656445082,0.0006,3.661,2281.812,23
5,24,1.837012071856044,3.2524246204131564,-4.025855045611223,36.94533565280678,3.996,1.377,2292.047,23
5,24,1.837012071856044,3.6660739588311886,-0.0004853492907549,37.00721398443088,0.0006,3.657,2302.265,23
5,24,1.837012071856044,3.250510785700916,-4.02590348538584,37.02937515421527,3.996,1.375,2312.484,23
5,24,1.837012071856044,3.64937151156247,-0.0006828191224636,37.49016731854668,0.0006,3.639,2486.547,23
5,24,1.837012071856044,3.2302537713625883,-4.025388593306187,37.49490422952082,3.996,1.359,2496.781,23
5,24,1.837012071856044,3.662269054444173,-0.0006385032520198,37.120201322089365,0.0006,3.655,2343.078,23
5,24,1.837012071856044,3.246064365985804,-4.027168584428714,37.124182527668296,3.996,1.373,2353.359,23
5,24,1.837012071856044,3.660514757934327,-0.0013632449155071,37.21038378758458,0.0006,3.652,2363.609,23
5,24,1.837012071856044,3.243638669843503,-4.026310407588407,37.1984541888388,3.996,1.369,2373.89,23
5,24,1.837012071856044,3.65878535759364,0.0005971844083834,37.19868814262796,0.0006,3.65,2384.172,23
5,24,1.837012071856044,3.241755007260981,-4.0253170976916905,37.22888211898826,3.996,1.368,2394.406,23
5,24,1.837012071856044,3.706416822295872,-0.0017271705543895,36.25125980585515,0.0004,3.699,1912.672,23
5,24,1.837012071856044,3.2943761598814514,-4.026303352703018,36.22757517602131,3.996,1.415,1922.875,23
5,24,1.837012071856044,3.655100768911675,0.001590947663584,37.329144483134726,0.0006,3.646,2425.015,23
5,24,1.837012071856044,3.236916524959177,-4.025527498540644,37.34886375664379,3.996,1.363,2435.281,23
5,24,1.837012071856044,3.653182890031968,0.0002877433288702,37.36308132457151,0.0006,3.644,2445.547,23
5,24,1.837012071856044,3.234932724431042,-4.026789710287327,37.39827809886033,3.996,1.362,2455.765,23
5,24,1.837012071856044,3.65113037320672,-0.000806797571994,37.4599325807888,0.0006,3.642,2465.937,23
5,24,1.837012071856044,3.2324573738679456,-4.024836588894996,37.42080953789922,3.996,1.36,2476.25,23
5,24,1.837012071856044,3.632157263972288,-5.221315184917832e-05,37.91092489290544,0.0006,3.622,2650.359,23
5,24,1.837012071856044,3.208365690451031,-4.025800502286158,37.91570867259826,3.996,1.341,2660.547,23
5,24,1.837012071856044,3.6470849670423418,-0.0002765123552567,37.52773768194664,0.0006,3.637,2506.906,23
5,24,1.837012071856044,3.2271599423777526,-4.025246045834816,37.5241863693592,3.996,1.355,2517.203,23
5,24,1.837012071856044,3.645228528141664,-0.003550597013875,37.50934367938337,0.0006,3.635,2527.453,23
5,24,1.837012071856044,3.224758845959266,-4.026755834971617,37.57896783290524,3.996,1.354,2537.734,23
5,24,1.837012071856044,3.64339640439503,-0.001656752401939,37.6181245565898,0.0006,3.634,2548.047,23
5,24,1.837012071856044,3.2223902471711474,-4.0270507185459845,37.616027206771854,3.996,1.353,2558.281,23
5,24,1.837012071856044,3.6217818826548474,-0.0016828699398277,38.16386786586928,0.0006,3.609,2732.14,23
5,24,1.837012071856044,3.1955888029862787,-4.027476114755369,38.18298602527495,3.996,1.33,2742.39,23
5,24,1.837012071856044,3.638799751086972,-0.0006150797390119,37.75358455439002,0.0006,3.629,2588.953,23
5,24,1.837012071856044,3.2170554665743074,-4.025150839361434,37.735534772896784,3.996,1.348,2599.156,23
5,24,1.837012071856044,3.636755339863093,-0.0016275688944442,37.80777898826954,0.0006,3.627,2609.406,23
5,24,1.837012071856044,3.213963928646018,-4.025751444406318,37.82398259940537,3.996,1.346,2619.718,23
5,24,1.837012071856044,3.634031628432587,0.0025430460717664,37.89289565992571,0.0006,3.623,2629.875,23
5,24,1.837012071856044,3.211129337056583,-4.024317051096915,37.86344813101832,3.996,1.343,2640.078,23
5,24,1.837012071856044,3.609008755016489,-0.002958807321411,38.38083416926435,0.0006,3.595,2813.984,23
5,24,1.837012071856044,3.17917182624017,-4.025598339967512,38.34137318478099,3.996,1.316,2824.172,23
5,24,1.837012071856044,3.629654348298924,-0.0005362659116844,37.989080833088224,0.0006,3.619,2670.781,23
5,24,1.837012071856044,3.205361516539889,-4.02509382970957,37.98197647449504,3.996,1.338,2680.984,23
5,24,1.837012071856044,3.627198855963389,-0.0012863717249921,38.03788912673354,0.0006,3.615,2691.187,23
5,24,1.837012071856044,3.2019067738005087,-4.025311944693408,38.05445234971242,3.996,1.335,2701.453,23
5,24,1.837012071856044,3.624293863893166,0.0001864335974508,38.13823964156468,0.0004,3.611,2711.703,23
5,24,1.837012071856044,3.1990260635141863,-4.025358813121586,38.123497477411775,3.996,1.332,2721.875,23
5,24,1.837012071856044,3.671537017511109,0.0001240363947431,36.85053817140501,0.0006,3.663,2240.922,23
5,24,1.837012071856044,3.2571375539511185,-4.027751559533558,36.854078996851165,3.996,1.381,2251.218,23
5,24,1.837012071856044,3.6189477174836697,-0.0018022018343214,38.2391786795598,0.0006,3.605,2752.593,23
5,24,1.837012071856044,3.19191020382677,-4.029600870864891,38.26274078717014,3.996,1.326,2762.812,23
5,24,1.837012071856044,3.615600072639693,0.0014691464971946,38.28640433063769,0.0004,3.603,2773.0,23
5,24,1.837012071856044,3.1874608699885187,-4.024226684196145,38.29068297261068,3.996,1.322,2783.25,23
5,24,1.837012071856044,3.612539918848099,0.0006280894534679,38.381410691590624,0.0006,3.599,2793.453,23
5,24,1.837012071856044,3.1830179981129243,-4.024095204473004,38.32659344910905,3.996,1.318,2803.765,23
5,24,1.837012071856044,3.572790300069708,-0.0010594832999408,38.97227105754617,0.0004,3.555,2977.734,23
5,24,1.837012071856044,3.130757953307431,-4.025902921725292,38.9680356077186,3.996,1.276,2988.0,23
5,24,1.837012071856044,3.60570637170457,-0.0009320204219831,38.460359295127866,0.0006,3.592,2834.437,23
5,24,1.837012071856044,3.1744088355764597,-4.025449445104136,38.464956637650346,3.996,1.312,2844.75,23
5,24,1.837012071856044,3.601644349528171,0.0001727648551965,38.46583366476593,0.0006,3.589,2854.906,23
5,24,1.837012071856044,3.1695323393103534,-4.024188310102717,38.497650125708425,3.996,1.307,2865.125,23
5,24,1.837012071856044,3.597867992805476,-0.0003781881964767,38.57152815428823,0.0004,3.583,2875.375,23
5,24,1.837012071856044,3.1647139150217707,-4.024348864999298,38.60516414156711,3.996,1.303,2885.547,23
5,24,1.837012071856044,3.541467719208653,-0.0007134460461577,39.21500392704075,0.0006,3.521,3059.578,23
5,24,1.837012071856044,3.086721925142083,-4.02422543343079,39.23920392319685,3.996,1.238,3069.812,23
5,24,1.837012071856044,3.5892327078683506,-3.488588981534064e-06,38.77718550506602,0.0006,3.573,2916.297,23
5,24,1.837012071856044,3.1530467136169364,-4.025758441710804,38.75512685654092,3.996,1.294,2926.515,23
5,24,1.837012071856044,3.584263392668108,-0.0021540282285416,38.823908211928426,0.0006,3.568,2936.75,23
5,24,1.837012071856044,3.146180104927266,-4.0234170834282965,38.84092576731735,3.996,1.288,2947.0,23
5,24,1.837012071856044,3.578844887781719,-0.001758333523459,38.89277478329021,0.0006,3.562,2957.234,23
5,24,1.837012071856044,3.138663765611789,-4.025598350265675,38.90769683238031,3.996,1.282,2967.468,23
5,24,1.837012071856044,3.487941933040453,0.0005790349173889,39.67717850792044,0.0006,3.465,3141.328,23
5,24,1.837012071856044,3.012401343048953,-4.027116127408657,39.671476866998496,3.996,1.178,3151.547,23
5,24,1.837012071856044,3.5663690525768748,-0.0017094018983152,39.02828425788348,0.0006,3.551,2998.25,23
5,24,1.837012071856044,3.121853367094545,-4.025067522234763,39.05547351430811,3.996,1.269,3008.578,23
5,24,1.837012071856044,3.558787765749556,-0.0019147361384997,39.09592617135895,0.0004,3.542,3018.75,23
5,24,1.837012071856044,3.1114576354853227,-4.025030441697557,39.10117248832064,3.996,1.26,3028.984,23
5,24,1.837012071856044,3.550578991163889,-0.0007675141360469,39.17990321869437,0.0004,3.533,3039.203,23
5,24,1.837012071856044,3.1000848663522325,-4.025597029795781,39.17869441872424,3.996,1.25,3049.39,23
5,24,1.837012071856044,3.641054873828894,-4.1469623399262495e-05,37.68767027833907,0.0004,3.631,2568.484,23
5,24,1.837012071856044,3.219663518370775,-4.024853692138184,37.69167739881536,3.996,1.351,2578.734,23
5,24,1.837012071856044,3.530842654074552,0.0004148115096384,39.35004821050671,0.0006,3.511,3080.047,23
5,24,1.837012071856044,3.071599452282846,-4.025063113262493,39.32812162909471,3.996,1.226,3090.343,23
5,24,1.837012071856044,3.518375788351697,-8.803113390522316e-05,39.414200892865445,0.0006,3.499,3100.547,23
5,24,1.837012071856044,3.0550125555936045,-4.024386238792021,39.42526303577833,3.996,1.212,3110.734,23
5,24,1.837012071856044,3.504141828586825,-0.003998813791646,39.49028825374727,0.0006,3.482,3120.984,23
5,24,1.837012071856044,3.035733502393774,-4.026484649649446,39.56876385062823,3.996,1.195,3131.14,23
5,24,1.837012071856044,3.189023186499058,-0.0004421389746852,40.65370477943602,0.0006,3.147,3304.89,23
5,24,1.837012071856044,2.5781479176999897,-4.025742997266868,40.71359148137231,3.996,0.829,3315.156,23
5,24,1.837012071856044,3.4685182258801937,-0.0005270371984809,39.73139200340615,0.0006,3.445,3161.781,23
5,24,1.837012071856044,2.9860898269748035,-4.025545674745189,39.77927574312346,3.996,1.156,3171.968,23
5,24,1.837012071856044,3.445912110724763,-0.0020174558756864,39.85032943296583,0.0006,3.422,3182.156,23
5,24,1.837012071856044,2.954963631493813,-4.026271616141556,39.88312717725321,3.996,1.129,3192.375,23
5,24,1.837012071856044,3.419071441096455,-0.0012508386286326,40.000191483448525,0.0006,3.395,3202.578,23
5,24,1.837012071856044,2.918222648368933,-4.026235712978798,40.029886232660175,3.996,1.097,3212.843,23
5,24,1.837012071856044,2.733961402156124,-0.0030873700960218,41.82908827830225,0.0006,0.0,3388.297,23
5,24,1.837012071856044,2.8458757897721685,-0.0016303161051557,41.76266020562333,0.0006,0.0,3398.922,23
5,24,1.837012071856044,3.350330957525373,-0.0006365006125509,40.27646228546707,0.0004,3.322,3243.515,23
5,24,1.837012071856044,2.8257579995107576,-4.025715572106111,40.26876426228463,3.996,1.018,3253.703,23
5,24,1.837012071856044,3.306827913537524,-0.0005183912326588,40.38305524964035,0.0006,3.274,3263.953,23
5,24,1.837012071856044,2.765595447775338,-4.027514937688074,40.43422279130596,3.996,0.967,3274.14,23
5,24,1.837012071856044,3.2540057081936324,-0.0019945272496449,40.53713445389751,0.0006,3.218,3284.328,23
5,24,1.837012071856044,2.687064299695453,-4.02403464525116,40.57492695062829,3.996,0.904,3294.593,23
5,24,1.837012071856044,3.054762018049205,-0.0005951736553267,40.45290271867339,0.0004,0.0,3473.39,23
5,24,1.837012071856044,3.0699293027862744,-0.0005641178805379,40.25013475134404,0.0006,0.0,3484.0,23
5,24,1.837012071856044,3.1022259036358037,-0.0027376909214744,40.88783540231565,0.0006,3.05,3325.5,23
5,24,1.837012071856044,2.39781335795295,-4.024960159817972,40.903118678407374,3.996,0.719,3335.937,23
5,24,1.837012071856044,2.984889044731529,-0.0001141885271097,41.09979828635401,0.0006,2.905,3346.25,23
5,24,1.837012071856044,2.072854323885551,-4.025860999849077,41.18407107614105,3.996,0.547,3356.625,23
5,24,1.837012071856044,2.8430156993028897,-0.0004158194092768,41.39924894795397,0.0006,2.681,3367.093,23
5,24,1.837012071856044,1.7869386268841287,-3.638191770615894,41.56471625176251,3.996,0.277,3377.64,23
5,24,1.837012071856044,3.593816700548729,-0.0005802879498603,38.67230722584012,0.0004,3.579,2895.812,23
5,24,1.837012071856044,3.159089876127891,-4.026455876374476,38.6518008691275,3.996,1.298,2906.031,23
5,24,1.837012071856044,2.90249366545216,-0.0028227638849331,41.64824240294182,0.0006,0.0,3409.562,23
5,24,1.837012071856044,2.9415215443481766,-0.0009778897938535,41.45366950607855,0.0006,0.0,3420.25,23
5,24,1.837012071856044,2.971830902660688,-0.0022842139936758,41.265366943332936,0.0006,0.0,3430.797,23
5,24,1.837012071856044,2.9970597763782907,-0.0033074345866898,41.02639556499348,0.0006,-0.0,3441.437,23
5,24,1.837012071856044,3.018944412508929,0.0004875210303227,40.83582523039559,0.0006,0.0,3452.109,23
5,24,1.837012071856044,3.037943522644424,-0.001055333772975,40.6329698045507,0.0006,0.0,3462.734,23
5,24,1.837012071856044,3.185213036962097,-0.0007381346325299,37.71103400702743,0.0004,-0.0,3643.765,23
5,24,1.837012071856044,3.1890816338331582,-0.003652262558912,37.55941452428518,0.0004,0.0,3654.5,23
5,24,1.837012071856044,3.083744345935782,-0.0021287035908438,40.081106208335264,0.0004,0.0,3494.64,23
5,24,1.837012071856044,3.0959504842444505,0.0021126528898049,39.87220495669354,0.0004,0.0,3505.406,23
5,24,1.837012071856044,3.107108885094932,-0.0032688301015444,39.71422343837169,0.0004,-0.0,3516.047,23
5,24,1.837012071856044,3.116990382477312,-0.0006081012951197,39.51814229468911,0.0006,-0.0,3526.656,23
5,24,1.837012071856044,3.126311698744221,0.0008949135903618,39.341391256559625,0.0006,0.0,3537.328,23
5,24,1.837012071856044,3.134740238065436,-0.0010021103182359,39.1675023901868,0.0004,0.0,3547.968,23
5,24,1.837012071856044,3.211277703051135,-0.0019938251614588,36.58961419439493,0.0004,0.0,3729.078,23
5,24,1.837012071856044,3.213747505840744,-0.0010756250250193,36.44383859642266,0.0006,0.0,3739.781,23
5,24,1.837012071856044,3.155417284516467,-0.0028685575916455,38.64780191424224,0.0004,0.0,3579.906,23
5,24,1.837012071856044,3.161341270210433,-0.000318452944261,38.49905239654303,0.0006,0.0,3590.578,23
5,24,1.837012071856044,3.1666194024925853,0.0004791282959599,38.3347142271768,0.0006,-0.0,3601.203,23
5,24,1.837012071856044,3.171816431496973,-0.0011848831984321,38.17193878066275,0.0006,0.0,3611.859,23
5,24,1.837012071856044,3.176704981926868,-0.0015439401543341,38.01562902104236,0.0006,0.0,3622.5,23
5,24,1.837012071856044,3.1811034807095564,-0.0009071841239955,37.8681409878344,0.0006,0.0,3633.172,23
5,24,1.837012071856044,3.2289753207115983,-0.0014840265968824,35.600694972361154,0.0006,0.0,3814.406,23
5,24,1.837012071856044,3.230648323665483,0.0006315921482718,35.48049039128588,0.0006,-0.0,3825.14,23
5,24,1.837012071856044,3.193098535629608,0.0032108902176176,37.4264861631642,0.0004,-0.0,3665.109,23
5,24,1.837012071856044,3.1962731946354284,-0.0046570440855564,37.28941770094054,0.0004,-0.0,3675.718,23
5,24,1.837012071856044,3.199496288380178,0.0001477036851807,37.137132124949005,0.0004,0.0,3686.453,23
5,24,1.837012071856044,3.202772684425636,-0.0010459383820705,36.99728650224782,0.0006,0.0,3697.093,23
5,24,1.837012071856044,3.2057258512561027,-0.0029671325892831,36.84879841008247,0.0004,-0.0,3707.734,23
5,24,1.837012071856044,3.208543669865001,0.0009459021298906,36.72169113180242,0.0004,0.0,3718.39,23
5,24,1.837012071856044,3.387797821436936,6.243397490329359e-06,40.12192601887028,0.0006,3.361,3223.062,23
5,24,1.837012071856044,2.8754460727077515,-4.0265237991075296,40.16759094942029,3.996,1.061,3233.328,23
5,24,1.837012071856044,3.2162521699990845,0.0016594714750896,36.33134602114515,0.0006,0.0,3750.39,23
5,24,1.837012071856044,3.218500229395185,-0.0041618144626034,36.19807155087573,0.0006,0.0,3761.047,23
5,24,1.837012071856044,3.2210698131262565,-0.004949856361287,36.06184678869694,0.0004,0.0,3771.687,23
5,24,1.837012071856044,3.2228958638952503,-0.003552593544983,35.970020221460445,0.0004,0.0,3782.328,23
5,24,1.837012071856044,3.2249576412078613,-0.0012392841653948,35.83485661877289,0.0006,0.0,3792.968,23
5,24,1.837012071856044,3.2269701603678964,-0.0012318505534832,35.717997564340585,0.0004,0.0,3803.656,23
5,24,1.837012071856044,3.251605746748133,-0.0020567267095607,33.95413529760291,0.0006,0.0,3984.437,23
5,24,1.837012071856044,3.252726600066506,-0.0003710326220244,33.877859145788634,0.0006,0.0,3995.062,23
5,24,1.837012071856044,3.232592815361105,-0.0032800015830237,35.37491136533016,0.0006,0.0,3835.765,23
5,24,1.837012071856044,3.2341423916798058,-0.0016633324089226,35.23973191912341,0.0004,0.0,3846.422,23
5,24,1.837012071856044,3.2358706604315057,-0.0020088507575508,35.13132475814057,0.0004,0.0,3857.015,23
5,24,1.837012071856044,3.237390735014068,-0.0009554590805467,35.044083405200084,0.0006,0.0,3867.593,23
5,24,1.837012071856044,3.2390769560316226,0.0016233311593795,34.92636922707333,0.0004,0.0,3878.203,23
5,24,1.837012071856044,3.240505834368131,-0.0019102772536955,34.82939253550081,0.0004,0.0,3888.859,23
5,24,1.837012071856044,3.2593254634388065,-0.0019590618433014,33.24686814139703,0.0004,0.0,4069.609,23
5,24,1.837012071856044,3.259941515218122,-0.0006253321355032,33.18481509217316,0.0004,0.0,4080.234,23
5,24,1.837012071856044,3.2446021154245104,-0.0011404965829913,34.52985510274903,0.0006,0.0,3920.718,23
5,24,1.837012071856044,3.2457512169562626,0.0003021485800572,34.41740611526194,0.0006,0.0,3931.359,23
5,24,1.837012071856044,3.2471073011354887,0.0003643268656311,34.33818663308565,0.0004,0.0,3942.0,23
5,24,1.837012071856044,3.248357683361335,-0.0033927304759283,34.23892865621454,0.0006,0.0,3952.609,23
5,24,1.837012071856044,3.249458485702605,0.0008763707859161,34.14539981193816,0.0006,0.0,3963.187,23
5,24,1.837012071856044,3.2504938054999606,0.0004425969327346,34.04491296492776,0.0006,-0.0,3973.828,23
5,24,1.837012071856044,3.265254550322998,-0.0024457490275665,32.6343674562399,0.0006,0.0,4155.062,23
5,24,1.837012071856044,3.2658910974114845,0.0013699100173014,32.56897796495405,0.0004,0.0,4165.765,23
5,24,1.837012071856044,3.253582370968377,-0.001449554755841,33.796695895784154,0.0004,-0.0,4005.718,23
5,24,1.837012071856044,3.2546882261600367,-0.0014369674091317,33.67916145467721,0.0006,-0.0,4016.343,23
5,24,1.837012071856044,3.2556312061645696,-0.0013743261178011,33.59637836829369,0.0006,0.0,4026.953,23
5,24,1.837012071856044,3.256490898349324,-0.0011779291893777,33.525156217593185,0.0004,-0.0,4037.593,23
5,24,1.837012071856044,3.257262871801523,-0.0006011805510156,33.43067575105999,0.0004,0.0,4048.312,23
5,24,1.837012071856044,3.258314058927768,-0.0002589121507762,33.362947951186754,0.0004,0.0,4058.968,23
5,24,1.837012071856044,3.1419814441061,-0.0004771683741928,38.988362881396775,0.0004,0.0,3558.578,23
5,24,1.837012071856044,3.1488998879860826,-0.0025027729081132,38.83127796547392,0.0006,0.0,3569.218,23
5,24,1.837012071856044,3.2608108394432604,0.0004855914811037,33.10818099964857,0.0006,0.0,4090.906,23
5,24,1.837012071856044,3.2614861538807425,-0.0009913779760502,33.02749102660246,0.0006,-0.0,4101.578,23
5,24,1.837012071856044,3.2625220661085863,-0.0009864864977356,32.956265025910426,0.0004,0.0,4112.312,23
5,24,1.837012071856044,3.263079887561063,-0.0008206900343867,32.87719915157722,0.0004,0.0,4123.031,23
5,24,1.837012071856044,3.2638446089850524,-0.0022116920328153,32.80752530616141,0.0004,0.0,4133.718,23
5,24,1.837012071856044,3.264421669633374,-0.0019130950789177,32.71944978799424,0.0004,0.0,4144.406,23
5,24,1.837012071856044,3.274059776574506,-0.0009039530495378,31.59870442320433,0.0006,0.0,4325.64,23
5,24,1.837012071856044,3.2743535126642755,-0.0018475994107698,31.5333926652086,0.0004,-0.0,4336.343,23
5,24,1.837012071856044,3.2665324964707185,-0.0009273735428944,32.49601496769663,0.0004,0.0,4176.422,23
5,24,1.837012071856044,3.267089477647837,-0.0001151724187779,32.42939129010154,0.0004,-0.0,4187.062,23
5,24,1.837012071856044,3.2676965466919765,-0.0021773101934511,32.36274855741242,0.0006,0.0,4197.703,23
5,24,1.837012071856044,3.2682498541552483,-0.0003533319664487,32.30607156109172,0.0004,0.0,4208.297,23
5,24,1.837012071856044,3.268958692998608,-0.001911921837498,32.22326211762233,0.0006,-0.0,4218.984,23
5,24,1.837012071856044,3.269333388037232,-0.0037924702053937,32.16754979053245,0.0006,0.0,4229.609,23
5,24,1.837012071856044,3.277404647685076,-0.0013346427743008,31.163441213485317,0.0004,0.0,4410.718,23
5,24,1.837012071856044,3.2776687991711757,-4.292424915850681e-05,31.116695199385926,0.0004,0.0,4421.437,23
5,24,1.837012071856044,3.271027646917289,-0.0022359828258934,31.962174670377824,0.0004,0.0,4261.609,23
5,24,1.837012071856044,3.271608639771567,-0.0004668070216902,31.88972270719002,0.0004,0.0,4272.375,23
5,24,1.837012071856044,3.272167664401499,0.0007174541272261,31.828813960836957,0.0004,-0.0,4283.047,23
5,24,1.837012071856044,3.2724692384754697,-0.0008320994997717,31.76740385607945,0.0004,0.0,4293.718,23
5,24,1.837012071856044,3.273053088661346,-0.0003524919438122,31.72106446753094,0.0004,0.0,4304.359,23
5,24,1.837012071856044,3.273441890794058,-0.0007491332446412,31.663051416023333,0.0004,0.0,4315.015,23
5,24,1.837012071856044,3.280077148580469,-0.0014127850502098,30.74572459699173,0.0004,0.0,4495.953,23
5,24,1.837012071856044,3.28064374584126,-0.0011212805049715,30.70976355087187,0.0004,0.0,4506.625,23
5,24,1.837012071856044,3.2749215682921653,-0.0026474784962307,31.483421670857023,0.0004,-0.0,4346.953,23
5,24,1.837012071856044,3.27525914407917,-0.0003012314139626,31.426072799971596,0.0004,0.0,4357.578,23
5,24,1.837012071856044,3.275836862876862,-0.0009455557072207,31.36139744005968,0.0006,0.0,4368.172,23
5,24,1.837012071856044,3.276092582958404,0.0004812737844012,31.315613938858107,0.0006,0.0,4378.812,23
5,24,1.837012071856044,3.276661313234092,-0.0011744882055267,31.264058903909383,0.0004,0.0,4389.437,23
5,24,1.837012071856044,3.2769538138613736,-0.0005256888283782,31.20866968481999,0.0004,0.0,4400.047,23
5,24,1.837012071856044,3.241971227791958,-4.452417834198271e-05,34.729101190515635,0.0006,0.0,3899.453,23
5,24,1.837012071856044,3.2431038397508285,-0.0007515603239044,34.61919813194319,0.0006,-0.0,3910.078,23
5,24,1.837012071856044,3.278184148216584,-0.0006606104096885,31.04819740304607,0.0004,0.0,4432.078,23
5,24,1.837012071856044,3.278547844637505,-0.0009393418413608,30.99141646203067,0.0004,0.0,4442.718,23
5,24,1.837012071856044,3.2788084592615854,-0.0014603777173266,30.945296536817537,0.0004,-0.0,4453.375,23
5,24,1.837012071856044,3.2793375044758144,-0.0002425120633123,30.88526357138539,0.0006,0.0,4464.015,23
5,24,1.837012071856044,3.279604892927926,-0.0012282592156572,30.83921036745929,0.0004,0.0,4474.687,23
5,24,1.837012071856044,3.279955593168153,-0.0004124889141221,30.80260132576137,0.0004,0.0,4485.328,23
5,24,1.837012071856044,3.285283890589147,-0.0017859925463502,30.08402007722253,0.0006,-0.0,4666.453,23
5,24,1.837012071856044,3.2854865271208884,-0.0004353881344286,30.054396783543822,0.0006,0.0,4677.109,23
5,24,1.837012071856044,3.280993641209264,-0.0014289862308124,30.66351386972982,0.0004,0.0,4517.281,23
5,24,1.837012071856044,3.281143662238672,-0.0021374099189885,30.610098077728725,0.0006,0.0,4527.922,23
5,24,1.837012071856044,3.2815971581155803,-0.0012341699283674,30.565832370590275,0.0006,0.0,4538.547,23
5,24,1.837012071856044,3.281921119725945,-0.000770691739361,30.523584805119217,0.0004,0.0,4549.281,23
5,24,1.837012071856044,3.282288894935995,-0.0007754516387728,30.48519379115061,0.0004,0.0,4559.922,23
5,24,1.837012071856044,3.282378382510331,-0.0028289766395037,30.44318360590823,0.0006,0.0,4570.609,23
5,24,1.837012071856044,3.2871395464949744,-0.0019646709264241,29.807067248254324,0.0004,-0.0,4751.672,23
5,24,1.837012071856044,3.287304081805542,-0.0007251347431888,29.782913120190216,0.0004,0.0,4762.343,23
5,24,1.837012071856044,3.283418490293972,-0.0012718770867566,30.318077709411057,0.0006,0.0,4602.5,23
5,24,1.837012071856044,3.2836662355125497,-0.0012260085331478,30.283601557808588,0.0006,0.0,4613.14,23
5,24,1.837012071856044,3.2840418922851726,-0.0015657591968971,30.24405660776716,0.0006,0.0,4623.812,23
5,24,1.837012071856044,3.284276869795638,0.000270995289978,30.215673469799,0.0006,-0.0,4634.468,23
5,24,1.837012071856044,3.2843986631626856,-0.0002882372842951,30.16980955993729,0.0004,0.0,4645.172,23
5,24,1.837012071856044,3.2848605742843566,-0.0008572770940008,30.1306948695643,0.0006,0.0,4655.797,23
5,24,1.837012071856044,3.2890321415740083,-0.0015725009640253,29.54737764077412,0.0004,0.0,4836.906,23
5,24,1.837012071856044,3.2892286645728763,-0.002209730255446,29.518519946622646,0.0004,0.0,4847.562,23
5,24,1.837012071856044,3.285677832186112,-0.0010574918562122,30.01212341265141,0.0006,0.0,4687.75,23
5,24,1.837012071856044,3.285802438044715,0.0009670028851856,29.970146650890022,0.0004,-0.0,4698.406,23
5,24,1.837012071856044,3.286288150697558,-0.0019233071098224,29.938037211910466,0.0006,0.0,4709.015,23
5,24,1.837012071856044,3.286394674124536,-0.0012942953340554,29.89325731173276,0.0006,0.0,4719.718,23
5,24,1.837012071856044,3.2867120968065078,-0.0016238064354029,29.87214683628275,0.0004,0.0,4730.359,23
5,24,1.837012071856044,3.2869841673302105,0.0005200029019711,29.839699206012146,0.0004,0.0,4741.031,23
5,24,1.837012071856044,3.269992810424005,-0.0011130276262997,32.081929417386746,0.0004,0.0,4240.25,23
5,24,1.837012071856044,3.270483425126863,-0.0002142913313589,32.01924639830385,0.0004,0.0,4250.953,23
5,24,1.837012071856044,3.2877739722185577,-0.0022399173031574,29.747044909970395,0.0004,0.0,4772.984,23
5,24,1.837012071856044,3.287937872662939,-0.0010045496796782,29.715515679976196,0.0006,0.0,4783.625,23
5,24,1.837012071856044,3.288051567135877,-0.0013574904445294,29.67018762861564,0.0004,0.0,4794.265,23
5,24,1.837012071856044,3.2884217384833363,-0.0006884292253419,29.639491854185103,0.0006,0.0,4804.937,23
5,24,1.837012071856044,3.288500019727082,-0.0007746984867557,29.614636902577992,0.0004,0.0,4815.578,23
5,24,1.837012071856044,3.288670232047889,-0.0018938827445986,29.58201877000726,0.0004,-0.0,4826.265,23
5,24,1.837012071856044,3.2923244670944563,-0.0020792486696144,29.0981784546563,0.0004,0.0,5007.375,23
5,24,1.837012071856044,3.29251707910229,0.0009022958274886,29.08182611370768,0.0004,0.0,5018.047,23
5,24,1.837012071856044,3.289484996305502,-0.0013538005314177,29.495732514976936,0.0004,0.0,4858.203,23
5,24,1.837012071856044,3.2897165868313536,-0.0014963664089689,29.46331854202516,0.0004,0.0,4868.859,23
5,24,1.837012071856044,3.2899035867048307,-0.0008613586451039,29.438440516576645,0.0004,-0.0,4879.484,23
5,24,1.837012071856044,3.290053616512352,-0.0015644492090689,29.412107568956085,0.0004,-0.0,4890.218,23
5,24,1.837012071856044,3.2904676653157034,-0.0022394789291398,29.372396348808604,0.0004,0.0,4900.843,23
5,24,1.837012071856044,3.2904701415442505,-0.0003181540910075,29.341283478980763,0.0004,0.0,4911.453,23
5,24,1.837012071856044,3.293847899378582,-0.0007891677989249,28.909021898554126,0.0004,0.0,5092.64,23
5,24,1.837012071856044,3.294121986258128,-0.0009978293009396,28.891670220020806,0.0006,0.0,5103.297,23
5,24,1.837012071856044,3.291196592431354,4.977716923384055e-06,29.249010364164217,0.0006,0.0,4943.39,23
5,24,1.837012071856044,3.2912951958739765,7.87052834405535e-05,29.234781915360905,0.0006,-0.0,4954.109,23
5,24,1.837012071856044,3.2915451709102044,0.0007251659926097,29.20771399308482,0.0004,-0.0,4964.797,23
5,24,1.837012071856044,3.291755195500832,-0.0031641487254826,29.182095499549657,0.0004,0.0,4975.453,23
5,24,1.837012071856044,3.292013765738363,-0.0007168840762031,29.160152798772497,0.0006,0.0,4986.078,23
5,24,1.837012071856044,3.292212031330738,-0.0006684737169684,29.13420710161308,0.0004,-0.0,4996.75,23
5,24,1.837012071856044,3.2954656936208417,-0.000858683283177,28.74380253068652,0.0004,0.0,5177.843,23
5,24,1.837012071856044,3.295604095287633,-0.0030774164679237,28.72427904479936,0.0006,0.0,5188.578,23
5,24,1.837012071856044,3.292957372699381,-0.0018490934606198,29.05734422705892,0.0004,0.0,5028.718,23
5,24,1.837012071856044,3.292893509855865,-8.426473512763312e-05,29.02759466514232,0.0006,0.0,5039.375,23
5,24,1.837012071856044,3.293144717076899,-0.0018373862735662,29.01220290934196,0.0004,0.0,5050.015,23
5,24,1.837012071856044,3.2932942513666275,-3.1507303234091217e-06,28.98419840848472,0.0004,0.0,5060.656,23
5,24,1.837012071856044,3.2935638018732067,-0.002009442886696,28.96660821170811,0.0004,0.0,5071.312,23
5,24,1.837012071856044,3.2936202092617264,0.0002951377926856,28.933181211354736,0.0004,0.0,5081.937,23
5,24,1.837012071856044,3.2830123227278216,-0.0015714717590337,30.408463038797933,0.0006,0.0,4581.234,23
5,24,1.837012071856044,3.2830675513702734,-0.0026450992146274,30.367502685181087,0.0004,0.0,4591.89,23
5,24,1.837012071856044,3.294321216111628,0.0002881895003649,28.866732079104032,0.0004,0.0,5113.984,23
5,24,1.837012071856044,3.2944702540591404,-0.0026438011453606,28.848633041044486,0.0006,0.0,5124.656,23
5,24,1.837012071856044,3.2945831922093998,-0.0014698699233113,28.825584114854383,0.0004,0.0,5135.297,23
5,24,1.837012071856044,3.294857013320846,-0.0019526398384978,28.81302865350448,0.0006,0.0,5145.922,23
5,24,1.837012071856044,3.29523645405266,-0.0010434623287563,28.78537128744988,0.0004,0.0,5156.578,23
5,24,1.837012071856044,3.295372033440662,0.0015422658347587,28.76368237499191,0.0004,0.0,5167.187,23
5,24,1.837012071856044,3.297832749317948,-0.0015092437644897,28.461487594108373,0.0004,0.0,5348.39,23
5,24,1.837012071856044,3.2982123201142595,-0.0029398856093276,28.439759802537218,0.0004,0.0,5359.047,23
5,24,1.837012071856044,3.29566586110159,-0.0001431964353454,28.700178140950545,0.0004,0.0,5199.25,23
5,24,1.837012071856044,3.2959237469933647,-0.0030790096250686,28.687823932891572,0.0006,0.0,5209.843,23
5,24,1.837012071856044,3.2958612703144974,-0.0017633570209177,28.67568745308438,0.0006,0.0,5220.515,23
5,24,1.837012071856044,3.296228283120846,-0.0015662662575247,28.653631771677627,0.0004,0.0,5231.172,23
5,24,1.837012071856044,3.296188895026099,-0.0016149844001046,28.6294680880909,0.0004,-0.0,5241.828,23
5,24,1.837012071856044,3.2963168893989288,-0.0014051555803442,28.60934238276076,0.0004,0.0,5252.453,23
5,24,1.837012071856044,3.299261471419954,0.002094336702039,28.34300639737028,0.0004,0.0,5433.547,23
5,24,1.837012071856044,3.299307349000135,-0.0037576640958053,28.31754612472442,0.0004,-0.0,5444.187,23
5,24,1.837012071856044,3.2970261182200526,-0.000899981696629,28.56808961367451,0.0004,0.0,5284.437,23
5,24,1.837012071856044,3.2971510831332624,-9.195995670243362e-05,28.544319754743064,0.0006,0.0,5295.078,23
5,24,1.837012071856044,3.2975034102698064,-0.0028183899170048,28.523857425604124,0.0004,0.0,5305.718,23
5,24,1.837012071856044,3.29733832730549,-0.0007573279899617,28.507078347333696,0.0004,0.0,5316.359,23
5,24,1.837012071856044,3.2976111361126925,0.0007990108268629,28.478024028273754,0.0004,0.0,5327.0,23
5,24,1.837012071856044,3.297696544294542,-0.0028302275467594,28.48545040073228,0.0004,0.0,5337.687,23
5,24,1.837012071856044,3.300336131552416,-0.0031464447746388,28.208571548767523,0.0004,0.0,5518.562,23
5,24,1.837012071856044,3.300365102127711,0.0007631944731543,28.20350974857047,0.0004,0.0,5529.281,23
5,24,1.837012071856044,3.298328088353702,-0.0012961719266893,28.42528219217427,0.0004,0.0,5369.687,23
5,24,1.837012071856044,3.2985202214283373,-0.0036972817349611,28.410058824104688,0.0006,0.0,5380.312,23
5,24,1.837012071856044,3.2987518729577063,0.000957257369504,28.391563788734107,0.0006,0.0,5390.984,23
5,24,1.837012071856044,3.298930266557836,-0.0019936611320516,28.374130065080877,0.0004,0.0,5401.625,23
5,24,1.837012071856044,3.2989820430927197,-0.002109827765778,28.364603804743627,0.0006,0.0,5412.281,23
5,24,1.837012071856044,3.298991692448162,-0.0019868655286812,28.339153272931647,0.0004,0.0,5422.922,23
5,24,1.837012071856044,3.2908313119416044,-0.0009146715461139,29.317128501696004,0.0004,0.0,4922.125,23
5,24,1.837012071856044,3.291019634498604,-0.0008043949966795,29.2873953620905,0.0004,0.0,4932.718,23
5,24,1.837012071856044,3.2995643005331527,-0.0014932456622545,28.30673680983953,0.0004,0.0,5454.797,23
5,24,1.837012071856044,3.299791720824963,-0.0049408041295544,28.29047476374324,0.0004,-0.0,5465.422,23
5,24,1.837012071856044,3.299733424260248,-0.0009876965573807,28.272735860523536,0.0006,0.0,5476.047,23
5,24,1.837012071856044,3.299935960905356,-0.0005057992485679,28.255866502138065,0.0004,0.0,5486.656,23
5,24,1.837012071856044,3.300027646670021,-0.0002586375045841,28.23762328741533,0.0004,0.0,5497.343,23
5,24,1.837012071856044,3.300261162930215,-0.0031710253959899,28.2207925368346,0.0004,0.0,5507.937,23
5,24,1.837012071856044,3.3024592797337853,6.832805740213777e-05,27.9983550991441,0.0004,0.0,5688.906,23
5,24,1.837012071856044,3.3024706317245656,-0.00450257080036,27.994684384457944,0.0004,0.0,5699.531,23
5,24,1.837012071856044,3.300673358890549,-0.0019364514539411,28.193080695061823,0.0004,0.0,5539.906,23
5,24,1.837012071856044,3.300556405761838,-0.0001778154857785,28.185871833723247,0.0006,0.0,5550.578,23
5,24,1.837012071856044,3.300696755691819,-0.0019822234782555,28.16596674924216,0.0004,0.0,5561.234,23
5,24,1.837012071856044,3.301111876733529,-0.00064509630606,28.14544507270799,0.0004,0.0,5571.875,23
5,24,1.837012071856044,3.30112428301484,-0.0019975636757121,28.13481385530144,0.0004,0.0,5582.515,23
5,24,1.837012071856044,3.301325933197355,-0.0006712667546223,28.12177553238339,0.0006,0.0,5593.156,23
5,24,1.837012071856044,3.3033931732265494,0.00072943017034,27.932021178253013,0.0004,0.0,5774.14,23
5,24,1.837012071856044,3.30349455286408,-0.0012029101048386,27.92468801242549,0.0004,-0.0,5784.89,23
5,24,1.837012071856044,3.301560774017005,-0.0022093092604147,28.07700043828588,0.0004,0.0,5625.156,23
5,24,1.837012071856044,3.301754263682114,-0.001696095036558,28.06619340188852,0.0006,-0.0,5635.812,23
5,24,1.837012071856044,3.301874903511265,-0.0001681707911597,28.05464912343229,0.0004,0.0,5646.468,23
5,24,1.837012071856044,3.3020327082854344,-0.0015164951506313,28.044179101308348,0.0004,0.0,5657.078,23
5,24,1.837012071856044,3.3021481430536204,-0.001163783859499,28.032902104445935,0.0004,0.0,5667.672,23
5,24,1.837012071856044,3.3022933017533416,-0.0030003141955955,28.02042254527296,0.0006,0.0,5678.265,23
5,24,1.837012071856044,3.3044034357347893,-0.0027195585548768,27.843438329677834,0.0004,0.0,5859.562,23
5,24,1.837012071856044,3.3044101387730067,-0.0009266478673567,27.840106594005373,0.0004,-0.0,5870.218,23
5,24,1.837012071856044,3.302570310935625,-0.0008883825853349,27.98645883366872,0.0004,-0.0,5710.203,23
5,24,1.837012071856044,3.3028506660495927,-0.0010480569008827,27.98221693969721,0.0004,-0.0,5720.89,23
5,24,1.837012071856044,3.302989501244346,-4.309683994091602e-05,27.959960570983068,0.0004,0.0,5731.515,23
5,24,1.837012071856044,3.303080073318892,-0.0019079214380464,27.95545791622212,0.0004,-0.0,5742.156,23
5,24,1.837012071856044,3.303274997787534,-0.0022365005118975,27.94689424902333,0.0006,-0.0,5752.797,23
5,24,1.837012071856044,3.3032806060431783,-0.0002890189458211,27.936414295176352,0.0006,-0.0,5763.437,23
5,24,1.837012071856044,3.2965933572517248,-0.0017835644836983,28.603187018008075,0.0004,0.0,5263.14,23
5,24,1.837012071856044,3.296808423944737,-0.0021785684650095,28.58304210976425,0.0004,0.0,5273.797,23
5,24,1.837012071856044,3.3036609940365347,-0.0017556010256449,27.90301711865445,0.0004,0.0,5795.593,23
5,24,1.837012071856044,3.3038656322367483,-0.001725451906212,27.89875477970532,0.0004,0.0,5806.265,23
5,24,1.837012071856044,3.303876931349264,-0.0020994771450469,27.885642307607345,0.0004,0.0,5816.906,23
5,24,1.837012071856044,3.303940639064373,-0.0020295028058526,27.87306538947924,0.0004,0.0,5827.609,23
5,24,1.837012071856044,3.30397679882713,-0.0006424804137312,27.86178883642409,0.0004,-0.0,5838.218,23
5,24,1.837012071856044,3.3041726795016078,-0.0013502997328522,27.85870471092852,0.0004,0.0,5848.859,23
5,24,1.837012071856044,3.3061877382332927,-0.0027419646110907,27.70410493200109,0.0004,0.0,6030.0,23
5,24,1.837012071856044,3.3063124075772587,-0.0018491233700934,27.706044517884525,0.0004,0.0,6040.672,23
5,24,1.837012071856044,3.304369313192061,0.0012962580128419,27.83386881469797,0.0004,0.0,5880.89,23
5,24,1.837012071856044,3.304588855241561,-0.0013024869615868,27.82353025910808,0.0004,0.0,5891.531,23
5,24,1.837012071856044,3.304900677431676,0.0007527971479197,27.813064944882477,0.0004,0.0,5902.218,23
5,24,1.837012071856044,3.304934723624676,-0.0005945929288748,27.807176084634733,0.0006,0.0,5912.89,23
5,24,1.837012071856044,3.305091797851748,-0.0015536267595257,27.79651377398099,0.0004,0.0,5923.562,23
5,24,1.837012071856044,3.305122600149893,-0.0008881735285463,27.77723670356103,0.0004,0.0,5934.187,23
5,24,1.837012071856044,3.306781051314041,-0.0009473486100974,27.65381741801856,0.0004,0.0,6115.25,23
5,24,1.837012071856044,3.3070476668050626,-0.0014897157981245,27.651242508299685,0.0004,0.0,6125.922,23
5,24,1.837012071856044,3.3054188665985165,0.0013527390874032,27.74479152619364,0.0004,-0.0,5966.047,23
5,24,1.837012071856044,3.3056990414670517,0.0008219526154174,27.7443180809767,0.0004,0.0,5976.672,23
5,24,1.837012071856044,3.305819326683511,-0.0017437869965695,27.736275628854088,0.0004,0.0,5987.297,23
5,24,1.837012071856044,3.30584582285754,-0.0017859024745636,27.729354536517366,0.0006,0.0,5998.0,23
5,24,1.837012071856044,3.305888582515244,0.0009130814147759,27.720229583970585,0.0006,0.0,6008.718,23
5,24,1.837012071856044,3.3060716155262435,-0.0002642764157448,27.71990504168857,0.0004,0.0,6019.328,23
5,24,1.837012071856044,3.307877218299645,-0.0007102405071981,27.593847174477656,0.0004,-0.0,6200.515,23
5,24,1.837012071856044,3.308022542718583,0.000384413822372,27.58876636885359,0.0006,0.0,6211.156,23
5,24,1.837012071856044,3.306416005796186,-0.0025275448831515,27.69542298720658,0.0004,0.0,6051.39,23
5,24,1.837012071856044,3.306516306818964,-0.0016110410730657,27.697053582884443,0.0004,0.0,6062.078,23
5,24,1.837012071856044,3.306473822575216,-0.0017200836844444,27.684974334493475,0.0004,0.0,6072.734,23
5,24,1.837012071856044,3.306723654326335,-7.879376935495706e-05,27.675809598777917,0.0004,-0.0,6083.328,23
5,24,1.837012071856044,3.3067581320860184,-0.001575362902479,27.670556500668656,0.0006,0.0,6093.922,23
5,24,1.837012071856044,3.306871526748221,-0.0011166420891931,27.66003010430886,0.0006,0.0,6104.578,23
5,24,1.837012071856044,3.3014179584456125,-0.0021167288862186,28.113085345545716,0.0004,-0.0,5603.875,23
5,24,1.837012071856044,3.3015571082218216,0.0002867021897098,28.09982610980969,0.0006,-0.0,5614.515,23
5,24,1.837012071856044,3.307299689906149,-0.000712809050078,27.639131338205967,0.0004,0.0,6136.578,23
5,24,1.837012071856044,3.307276931103879,-0.0011091817523103,27.63228248513995,0.0006,-0.0,6147.25,23
5,24,1.837012071856044,3.307518714302422,-0.0001036028682743,27.623403973911195,0.0004,-0.0,6157.859,23
5,24,1.837012071856044,3.3075468059210444,-0.0022066025024384,27.616003543896348,0.0004,0.0,6168.453,23
5,24,1.837012071856044,3.3076491530780268,0.0001691516061999,27.59745434049188,0.0004,0.0,6179.109,23
5,24,1.837012071856044,3.307752504372144,-0.0003036618694146,27.59687818270524,0.0004,0.0,6189.828,23
5,24,1.837012071856044,3.308060259634494,-0.000482238825365,27.58345892502939,0.0004,0.0,6221.781,23
5,24,1.837012071856044,3.3082369663800386,-0.00176853532002,27.566806762485488,0.0006,0.0,6232.453,23
5,24,1.837012071856044,3.3083260422765184,-0.0009728834097202,27.56627255147158,0.0004,0.0,6243.093,23
5,24,1.837012071856044,3.3083200848561547,-0.0002532999410265,27.565359711562568,0.0006,0.0,6253.734,23
5,24,1.837012071856044,3.308553727517824,-0.0015165691195512,27.56386467588052,0.0004,0.0,6264.343,23
5,24,1.837012071856044,3.3085941177886853,-0.0005744662862372,27.54689550485913,0.0004,0.0,6274.922,23
5,24,1.837012071856044,3.3085806553947243,-0.0008730872271021,27.541702331192543,0.0004,0.0,6285.531,23
5,24,1.837012071856044,3.3088259132441658,-0.0016973311656699,27.534972498468065,0.0004,-0.0,6296.203,23
5,24,1.837012071856044,3.309041016050491,-0.0015538815364878,27.534671129917424,0.0006,0.0,6306.875,23
5,24,1.837012071856044,3.3089781532751528,-0.0014261222612339,27.52396021727679,0.0004,0.0,6317.5,23
5,24,1.837012071856044,3.3090697477098523,-0.0020132910755757,27.51841999997946,0.0004,0.0,6328.109,23
5,24,1.837012071856044,3.3091095510229165,-0.0016976807087747,27.51660893586413,0.0006,-0.0,6338.75,23
5,24,1.837012071856044,3.3093285983029417,-0.0003534213944906,27.505965564808708,0.0006,0.0,6349.437,23
5,24,1.837012071856044,3.3093883599856384,-0.0020399960054136,27.508963648722577,0.0004,-0.0,6360.047,23
5,24,1.837012071856044,3.3093931646152064,-0.0012384949136569,27.502816030073927,0.0004,0.0,6370.765,23
5,24,1.837012071856044,3.3096758322949573,-0.0036434914273142,27.489104894184614,0.0004,0.0,6381.437,23
5,24,1.837012071856044,3.3097395811008448,0.0003100946000149,27.48933964682212,0.0004,0.0,6392.078,23
5,24,1.837012071856044,3.309888102950591,0.0004291714957932,27.48181095219398,0.0004,0.0,6402.687,23
5,24,1.837012071856044,3.3100077695495456,-0.0028611631001301,27.472506640572465,0.0004,0.0,6413.359,23
5,24,1.837012071856044,3.3099248000537957,-0.0012610616609843,27.47101111524441,0.0004,-0.0,6423.984,23
5,24,1.837012071856044,3.3099813048315068,-0.0027726193850964,27.471633562989528,0.0006,0.0,6434.656,23
5,24,1.837012071856044,3.310171320241168,-0.0009930410240278,27.45474965359999,0.0006,0.0,6445.343,23
5,24,1.837012071856044,3.310239214069572,-0.001531023632468,27.451662824688835,0.0006,0.0,6456.0,23
5,24,1.837012071856044,3.310373402196175,-0.0019888596262422,27.44845031119062,0.0006,-0.0,6466.672,23
5,24,1.837012071856044,3.3053260839680814,-0.0023164547516311,27.77215743074037,0.0004,0.0,5944.875,23
5,24,1.837012071856044,3.3055374281351413,-0.000653244517061,27.761404058461604,0.0004,-0.0,5955.453,23
5,24,1.837012071856044,4.023174770096011,0.0002763240252566,30.554992446445137,0.0006,4.013,357.531,23
5,24,1.837012071856044,3.583001945294497,-4.025943923967851,30.615223801911547,3.996,1.704,367.781,23
5,24,1.837012071856044,4.07023186967245,-0.0002813163874573,29.14955975251811,0.0004,4.062,214.172,23
5,24,1.837012071856044,3.6205773448498593,-4.025974167931114,29.23804344223247,3.996,1.736,224.359,23
5,24,1.837012071856044,4.063162628402584,-0.0003590878206346,29.365936657518088,0.0006,4.055,234.609,23
5,24,1.837012071856044,3.614391518645547,-4.027561685899688,29.444744142652382,3.996,1.732,244.906,23
5,24,1.837012071856044,4.055796397504733,-0.001529230781697,29.56773922496447,0.0006,4.047,255.093,23
5,24,1.837012071856044,3.60899275930993,-4.023649240431927,29.66200748797517,3.996,1.727,265.297,23
5,24,1.837012071856044,3.99992467108788,-0.0014376200267448,31.22770921659585,0.0006,3.99,439.265,23
5,24,1.837012071856044,3.565157331331254,-4.027261272755833,31.27850400244238,3.996,1.686,449.453,23
5,24,1.837012071856044,4.042434246049695,-0.0013889563386614,29.979081348487835,0.0006,4.033,296.125,23
5,24,1.837012071856044,3.5980000057326653,-4.025833138228384,30.057936043549617,3.996,1.718,306.422,23
5,24,1.837012071856044,4.035836253419618,0.0004107010377939,30.184388163265183,0.0004,4.025,316.625,23
5,24,1.837012071856044,3.5929032655844684,-4.024408711098684,30.25032435762267,3.996,1.714,326.859,23
5,24,1.837012071856044,4.029352645751124,-0.0012029046511432,30.36595542733645,0.0006,4.019,337.093,23
5,24,1.837012071856044,3.5878727326072446,-4.025874630939165,30.435516728894942,3.996,1.709,347.359,23
5,24,1.837012071856044,3.977033923230157,-0.0004409441346134,31.87069429357936,0.0004,3.968,520.984,23
5,24,1.837012071856044,3.546661065277592,-4.025398987432358,31.913440760248825,3.996,1.671,531.25,23
5,24,1.837012071856044,4.017274525888338,-0.0016099050015606,30.72279368634949,0.0006,4.007,378.078,23
5,24,1.837012071856044,3.5786169395931604,-4.025743789654248,30.79275112427612,3.996,1.697,388.265,23
5,24,1.837012071856044,4.011246401856773,0.0015163430879947,30.90997987334996,0.0006,4.002,398.437,23
5,24,1.837012071856044,3.574224581932243,-4.0243487885807046,30.95903105985275,3.996,1.694,408.64,23
5,24,1.837012071856044,4.005398583854634,-0.0012502400549154,31.069130670245475,0.0006,3.997,418.828,23
5,24,1.837012071856044,3.569495296762162,-4.0242860312525215,31.118326974194613,3.996,1.69,429.031,23
5,24,1.837012071856044,3.994404194165935,0.0001646533320592,31.38745778908698,0.0006,3.984,459.672,23
5,24,1.837012071856044,3.5605255015690904,-4.0253919181174735,31.45527280945561,3.996,1.682,469.906,23
5,24,1.837012071856044,3.98846991681306,-0.0012197734549079,31.55571510005424,0.0004,3.979,480.125,23
5,24,1.837012071856044,3.555863760680396,-4.024420631256032,31.59842181729567,3.996,1.682,490.39,23
5,24,1.837012071856044,3.982712753907981,0.000136076372805,31.716208471186192,0.0006,3.973,500.547,23
5,24,1.837012071856044,3.551488929199703,-4.025771792289428,31.76179283858492,3.996,1.676,510.75,23
5,24,1.837012071856044,4.168528592446134,-0.0012153769161714,26.87690580438517,0.0006,4.171,30.015,23
5,24,1.837012071856044,3.719608248364359,-4.026370214740807,27.004435658778387,3.996,1.808,40.234,23
5,24,1.837012071856044,4.112538596069761,0.000111945234007,27.975246780328,0.0004,4.107,111.797,23
5,24,1.837012071856044,3.659282794586436,-4.02344476756292,28.074561379442304,3.996,1.772,122.0,23
5,24,1.837012071856044,4.200058863569411,-0.002176648709374,26.62155103186892,0.0004,-0.0,0.0,23
5,24,1.837012071856044,4.2000485205005615,-0.0012343702754481,26.61720163533676,0.0006,4.215,9.359,23
5,24,1.837012071856044,3.7464361318005768,-4.025556072768787,26.701832136205415,3.996,1.799,19.828,23
5,24,1.837012071856044,4.077606863441109,-0.0015239413248026,28.919777060424057,0.0004,4.069,193.703,23
5,24,1.837012071856044,3.6268502431321656,-4.025270607221356,29.009607555389703,3.996,1.742,203.922,23
5,24,1.837012071856044,4.149890228762704,-0.000158784272038,27.16841109985692,0.0006,4.149,50.531,23
5,24,1.837012071856044,3.699305536011659,-4.026553529890998,27.290746289872445,3.996,1.795,60.812,23
5,24,1.837012071856044,4.135149124802818,-0.0004467550181597,27.45859607503716,0.0006,4.132,71.0,23
5,24,1.837012071856044,3.683265225335538,-4.025667385967686,27.562601279819727,3.996,1.786,81.23400000000001,23
5,24,1.837012071856044,4.123076824005387,0.0002108742203534,27.71635096605163,0.0006,4.119,91.437,23
5,24,1.837012071856044,3.670310829035016,-4.024152635033332,27.834790681309283,3.996,1.778,101.625,23
5,24,1.837012071856044,4.103088787742566,-0.0010868644323165,28.22125461533715,0.0006,4.097,132.281,23
5,24,1.837012071856044,3.6495027440816696,-4.024111890136297,28.311640179006098,3.996,1.765,142.578,23
5,24,1.837012071856044,4.093959433668671,-0.0002014010782019,28.463168148882968,0.0006,4.087,152.797,23
5,24,1.837012071856044,3.6413414377945137,-4.024878553625814,28.552978994333365,3.996,1.757,162.98399999999998,23
5,24,1.837012071856044,4.08554820969923,-0.0011546377736263,28.696094299456234,0.0006,4.078,173.187,23
5,24,1.837012071856044,3.633533439924237,-4.027221458278474,28.78143209346375,3.996,1.749,183.437,23
6,24,1.817549211247137,3.842842347574603,-0.0013708114803405,33.22028717622616,0.0006,3.836,997.219,22
6,24,1.817549211247137,3.4308437057147034,-4.024165047279723,33.20678927540504,3.996,1.552,1007.469,22
6,24,1.817549211247137,3.8389430355666514,-0.0002248505825761,33.26486819715356,0.0006,3.832,1017.75,22
6,24,1.817549211247137,3.427016481518418,-4.025002321350627,33.25659548815129,3.996,1.549,1028.047,22
6,24,1.817549211247137,3.834719002365982,-0.0012459141385296,33.288082683342175,0.0006,3.829,1038.312,22
6,24,1.817549211247137,4.178122904439056,-0.0035980143048109,26.38695918330851,0.0004,-0.0,0.0,22
6,24,1.817549211247137,4.177589425375443,-0.0019618122009143,26.389170316743584,0.0006,4.193,9.328,22
6,24,1.817549211247137,3.719893458279046,-4.024995582476795,26.478197441035707,3.996,1.82,19.844,22
6,24,1.817549211247137,4.035254529542741,0.0005499997156467,29.560051110544634,0.0006,4.025,256.406,22
6,24,1.817549211247137,3.5925682753259216,-4.025656438316102,29.639169863171013,3.996,1.707,266.687,22
6,24,1.817549211247137,4.029122330465071,-0.000172443227751,29.775501859218195,0.0006,4.02,276.984,22
6,24,1.817549211247137,3.588045461067621,-4.025059039123266,29.8526289403564,3.996,1.702,287.312,22
6,24,1.817549211247137,4.023161846579771,-0.0002062389773105,30.003295105745885,0.0006,4.013,297.609,22
6,24,1.817549211247137,3.547921044828614,-4.020599848068417,31.67778162460986,3.996,1.669,472.547,22
6,24,1.817549211247137,3.970570988142263,-0.0036858684520782,31.78676431248752,0.0006,3.958,482.797,22
6,24,1.817549211247137,3.434448050568472,-4.023656067705693,33.1741713892367,3.996,1.558,986.922,22
6,24,1.817549211247137,4.064259120761229,0.0002398832965846,28.614019267346112,0.0006,4.056,174.078,22
6,24,1.817549211247137,3.61456251420312,-4.023735429683521,28.70967848077789,3.996,1.722,184.328,22
6,24,1.817549211247137,4.056826646158712,0.0011695449854816,28.857282751911843,0.0006,4.047,194.594,22
6,24,1.817549211247137,3.6082653835438734,-4.025224734820053,28.954379190623214,3.996,1.719,204.906,22
6,24,1.817549211247137,4.049313556738492,-0.001513941538007,29.10487460781525,0.0006,4.041,215.25,22
6,24,1.817549211247137,3.5665240839614785,-4.024885087976768,30.88792639598172,3.996,1.685,390.203,22
6,24,1.817549211247137,3.9952699026706777,-0.000613988119002,31.0213820904981,0.0006,3.984,400.437,22
6,24,1.817549211247137,3.597198126985139,-4.024076337158984,29.41312137218622,3.996,1.712,246.125,22
6,24,1.817549211247137,4.101501888489464,-0.002904965511747,27.56451229348901,0.0006,4.097,91.922,22
6,24,1.817549211247137,3.647606560095293,-4.025361092983282,27.67924302419994,3.996,1.747,102.203,22
6,24,1.817549211247137,4.090977499558712,-0.0016382839707125,27.84078011701556,0.0006,4.084,112.469,22
6,24,1.817549211247137,3.637350724622309,-4.024286029448005,27.95506532271999,3.996,1.738,122.75,22
6,24,1.817549211247137,4.081246023343522,0.0021228773020723,28.10103199367072,0.0006,4.075,132.969,22
6,24,1.817549211247137,3.58358364133908,-4.0259261389511005,30.07589187006581,3.996,1.698,307.922,22
6,24,1.817549211247137,4.017465308490601,0.000497780043446,30.196995135684556,0.0006,4.008,318.187,22
6,24,1.817549211247137,3.6210529236938864,-4.02512353221015,28.45719395411813,3.996,1.727,163.781,22
6,24,1.817549211247137,3.4889702923859907,-4.025390615523271,33.08799421042995,3.996,1.606,719.422,22
6,24,1.817549211247137,3.899305469022678,-0.0021414032562123,33.1398294796114,0.0006,3.892,729.703,22
6,24,1.817549211247137,3.522249333868986,-4.025082023680161,32.511224141434965,3.996,1.643,575.406,22
6,24,1.817549211247137,3.936642998233078,0.0004361250706467,32.5788596854383,0.0006,3.928,585.672,22
6,24,1.817549211247137,3.5167006001797225,-4.02351346900227,32.607917019910886,3.996,1.636,596.016,22
6,24,1.817549211247137,3.9301972524017055,0.0020970665103727,32.71404400814332,0.0006,3.923,606.297,22
6,24,1.817549211247137,3.511828926536244,-4.025175548084355,32.76496356733211,3.996,1.631,616.562,22
6,24,1.817549211247137,3.924315813762109,0.0006500865701143,32.820627195032884,0.0006,3.917,626.859,22
6,24,1.817549211247137,3.506967406703259,-4.023571240036503,32.8500704313478,3.996,1.627,637.172,22
6,24,1.817549211247137,3.918718571183616,-0.0002028922828064,32.930557584393206,0.0006,3.911,647.5,22
6,24,1.817549211247137,3.5429881357712123,-4.024514226377535,31.85435612058538,3.996,1.665,493.125,22
6,24,1.817549211247137,3.96388639990624,-0.002864178627914,31.958322544671077,0.0006,3.954,503.406,22
6,24,1.817549211247137,3.538062443330153,-4.023797743194993,32.04614835756272,3.996,1.661,513.687,22
6,24,1.817549211247137,3.957241199674869,-0.001933852669751,32.139522857847275,0.0006,3.946,523.984,22
6,24,1.817549211247137,3.532734703645439,-4.026018345959989,32.19717367053608,3.996,1.653,534.281,22
6,24,1.817549211247137,3.950259405826602,0.0014917022576588,32.28391820437884,0.0006,3.94,544.531,22
6,24,1.817549211247137,3.5275712246290905,-4.024093623793183,32.368559483197686,3.996,1.648,554.844,22
6,24,1.817549211247137,3.943621796739103,-0.0012483870618024,32.44235454136841,0.0006,3.934,565.125,22
6,24,1.817549211247137,3.5618662331029283,-4.026691796392227,31.096391395189556,3.996,1.68,410.781,22
6,24,1.817549211247137,3.9895007821725503,-4.96864338765578e-05,31.21502332741151,0.0006,3.978,421.109,22
6,24,1.817549211247137,3.5578330097608117,-4.026664010018454,31.269424930230787,3.996,1.678,431.359,22
6,24,1.817549211247137,3.9834413065954286,-0.001182258593295,31.389370271524808,0.0006,3.973,441.609,22
6,24,1.817549211247137,3.5527724262579303,-4.024022618548592,31.463169440064554,3.996,1.674,451.937,22
6,24,1.817549211247137,3.976987805934455,0.00112917431554,31.580982295445608,0.0006,3.966,462.219,22
6,24,1.817549211247137,4.146791204565516,-0.001062614474628,26.66097948162808,0.0006,4.149,30.125,22
6,24,1.817549211247137,4.072439731530277,-0.0003642231029583,28.359992068863956,0.0006,4.065,153.484,22
6,24,1.817549211247137,3.502382234937082,-4.024310628191149,32.97589531449639,3.996,1.621,657.781,22
6,24,1.817549211247137,3.913445661682489,-0.0009233810475499,33.05283631456991,0.0006,3.907,668.016,22
6,24,1.817549211247137,3.497669115522685,-4.026154741531721,33.025100172616725,3.996,1.617,678.281,22
6,24,1.817549211247137,3.908524361540889,-0.0012557234126334,33.06488622711217,0.0006,3.902,688.562,22
6,24,1.817549211247137,3.493304525965023,-4.0249084725659765,33.04683744847588,3.996,1.612,698.844,22
6,24,1.817549211247137,3.903865858338508,0.0001205984608993,33.10666233099261,0.0006,3.897,709.172,22
6,24,1.817549211247137,3.366219702064713,-4.024772100424551,34.35107051390091,3.996,1.487,1378.0,22
6,24,1.817549211247137,3.769288141334379,-0.0012637743589378,34.398391927673096,0.0006,3.764,1388.266,22
6,24,1.817549211247137,3.390493358855299,-4.02823190197934,33.95214721519773,3.996,1.513,1233.844,22
6,24,1.817549211247137,3.795344861693291,0.0005023931926567,34.021484177015566,0.0006,3.788,1244.266,22
6,24,1.817549211247137,3.387084882818912,-4.025426541926236,34.054704023327325,3.996,1.505,1254.547,22
6,24,1.817549211247137,3.791363646740043,0.0002924868212651,34.09919015840924,0.0006,3.786,1264.781,22
6,24,1.817549211247137,3.383574168071842,-4.024978238925449,34.078672753521325,3.996,1.5,1275.094,22
6,24,1.817549211247137,3.7876800460981626,-0.0010260590431092,34.10612851455763,0.0006,3.781,1285.406,22
6,24,1.817549211247137,3.37990643181003,-4.022567378782291,34.15539105089314,3.996,1.495,1295.687,22
6,24,1.817549211247137,3.78386226263606,-0.000547704838291,34.192430006533144,0.0006,3.777,1305.937,22
6,24,1.817549211247137,3.404498142387086,-4.026300891742543,33.636541897101,3.996,1.529,1151.484,22
6,24,1.817549211247137,3.8103811870777298,-0.0010182979851344,33.71344898367964,0.0006,3.804,1161.781,22
6,24,1.817549211247137,3.40092069427052,-4.024677957063504,33.71871596199391,3.996,1.527,1172.078,22
6,24,1.817549211247137,3.806565732138103,-0.000185223245536,33.77807719334262,0.0006,3.8,1182.375,22
6,24,1.817549211247137,3.397598629866816,-4.02623991539843,33.81213725001665,3.996,1.521,1192.672,22
6,24,1.817549211247137,3.802787478388663,-0.0005782392934863,33.87758634655164,0.0006,3.796,1202.984,22
6,24,1.817549211247137,3.394067091156123,-4.024195432472592,33.890856019379626,3.996,1.519,1213.281,22
6,24,1.817549211247137,3.7989106597890814,-0.0001123482481549,33.94331413373629,0.0006,3.793,1223.578,22
6,24,1.817549211247137,3.419329547464125,-4.025461703445777,33.36239550796933,3.996,1.544,1069.141,22
6,24,1.817549211247137,3.82644124385494,-0.000905972869398,33.43305312063988,0.0006,3.82,1079.359,22
6,24,1.817549211247137,3.415238966216465,-4.024966940019398,33.42349097425912,3.996,1.539,1089.734,22
6,24,1.817549211247137,3.822223233346314,9.117892165657788e-05,33.506658721607,0.0006,3.814,1100.0,22
6,24,1.817549211247137,3.4116650095646346,-4.024768995096064,33.51064545444016,3.996,1.537,1110.297,22
6,24,1.817549211247137,3.818563987450838,-0.0014985402648129,33.56402040998813,0.0006,3.812,1120.641,22
6,24,1.817549211247137,3.408261012256524,-4.026444310337656,33.59494805893373,3.996,1.533,1130.922,22
6,24,1.817549211247137,3.8144679168893134,-0.0019347184180218,33.61919191806159,0.0006,3.808,1141.172,22
6,24,1.817549211247137,3.325024638370443,-4.0253662787770335,35.16969596730848,3.996,1.451,1645.609,22
6,24,1.817549211247137,3.7269115119531375,-0.0008193088575865,35.175080964169254,0.0006,3.721,1655.891,22
6,24,1.817549211247137,3.3223016239724226,-4.025396151764989,35.19867754368897,3.996,1.447,1666.172,22
6,24,1.817549211247137,3.72419485469742,0.0027032285738123,35.23677232956876,0.0006,3.718,1676.484,22
6,24,1.817549211247137,3.319718009078476,-4.021646090089417,35.25539349119423,3.996,1.445,1686.719,22
6,24,1.817549211247137,3.721101685184345,0.0005124169592003,35.28451735714128,0.0006,3.714,1696.984,22
6,24,1.817549211247137,3.3167334016468426,-4.026879814417137,35.2969006665184,3.996,1.443,1707.266,22
6,24,1.817549211247137,3.718430986055781,-0.0002599249978817,35.33670755746219,0.0006,3.713,1717.547,22
6,24,1.817549211247137,3.337017236420061,-4.024507543531644,34.929476332328065,3.996,1.461,1563.266,22
6,24,1.817549211247137,3.7391639704585833,-0.00037732373677,34.98933362835001,0.0006,3.732,1573.609,22
6,24,1.817549211247137,3.33416032791638,-4.025217306961003,35.014340115480614,3.996,1.46,1583.906,22
6,24,1.817549211247137,3.735974209838405,0.0004892424296473,35.0125741405911,0.0006,3.73,1594.203,22
6,24,1.817549211247137,3.331282325262078,-4.023678217028003,35.02742919180769,3.996,1.456,1604.453,22
6,24,1.817549211247137,3.732965387117441,0.0013336744338627,35.073241930684965,0.0006,3.727,1614.75,22
6,24,1.817549211247137,3.3281814351365795,-4.024176942195654,35.10187713101165,3.996,1.454,1625.062,22
6,24,1.817549211247137,3.729793831086055,0.0008411176702783,35.14168359240031,0.0006,3.724,1635.297,22
6,24,1.817549211247137,3.349706608197456,-4.025430590602905,34.70368275321106,3.996,1.473,1480.844,22
6,24,1.817549211247137,3.751929715090494,0.0010570048486593,34.705549615939226,0.0006,3.747,1491.094,22
6,24,1.817549211247137,3.3465071071655035,-4.023251033315618,34.73347103079423,3.996,1.471,1501.406,22
6,24,1.817549211247137,3.748887583815224,0.0002708937242376,34.78115845587513,0.0006,3.743,1511.766,22
6,24,1.817549211247137,3.3432193037910363,-4.024973008116767,34.75808864187655,3.996,1.467,1522.109,22
6,24,1.817549211247137,3.745401332602524,-0.0005406747397826,34.79254834701465,0.0006,3.74,1532.375,22
6,24,1.817549211247137,3.340123897903236,-4.02566667924382,34.87148326735588,3.996,1.465,1542.672,22
6,24,1.817549211247137,3.742276738989804,-0.0019427199148851,34.95248272029427,0.0006,3.736,1552.969,22
6,24,1.817549211247137,3.3630406266051733,-4.023265164185092,34.422918932868654,3.996,1.483,1398.516,22
6,24,1.817549211247137,3.7657735877143703,-0.001223819120985,34.507262765624084,0.0006,3.76,1408.812,22
6,24,1.817549211247137,3.359382727012516,-4.024039110467104,34.52745927934233,3.996,1.481,1419.125,22
6,24,1.817549211247137,3.762155796417253,-0.0011174742098363,34.57279641315677,0.0006,3.756,1429.375,22
6,24,1.817549211247137,3.356138750800878,-4.027087956720551,34.61137967916548,3.996,1.479,1439.703,22
6,24,1.817549211247137,3.758620173164376,-0.0010648722463387,34.6385939845852,0.0006,3.753,1449.969,22
6,24,1.817549211247137,3.3528936984460898,-4.023547714824802,34.617121147061944,3.996,1.475,1460.281,22
6,24,1.817549211247137,3.755351803854276,0.0017546421258618,34.67594063192506,0.0006,3.749,1470.547,22
6,24,1.817549211247137,3.284555700761583,-4.024226819355319,35.90658312482315,3.996,1.412,1974.734,22
6,24,1.817549211247137,3.6868796163028126,-0.0011777252594242,36.01983237999004,0.0004,3.681,1985.016,22
6,24,1.817549211247137,3.2826188447661724,-4.0268588018759255,35.956547576560695,3.996,1.409,1995.281,22
6,24,1.817549211247137,3.684741889856919,-0.0013459408593125,36.02971897883683,0.0006,3.678,2005.547,22
6,24,1.817549211247137,3.280467711381353,-4.0246653526821845,36.02565394688142,3.996,1.407,2015.828,22
6,24,1.817549211247137,3.682949150780293,0.0001609695774505,36.06544970152924,0.0006,3.678,2026.094,22
6,24,1.817549211247137,3.2787695800574834,-4.024919094442887,36.07750632996218,3.996,1.406,2036.328,22
6,24,1.817549211247137,3.681100047915884,3.03152837192066e-07,36.161822281131016,0.0006,3.676,2046.609,22
6,24,1.817549211247137,3.293461121831788,-4.0240858809993725,35.77550241525744,3.996,1.419,1892.359,22
6,24,1.817549211247137,3.695302875279256,-0.0005508762832276,35.77196246587858,0.0006,3.69,1902.609,22
6,24,1.817549211247137,3.291155365536948,-4.024628119875653,35.84200510322255,3.996,1.417,1912.922,22
6,24,1.817549211247137,3.6930253050595394,0.0003549600360137,35.868745365722454,0.0006,3.688,1923.156,22
6,24,1.817549211247137,3.2889956057824503,-4.026673318402259,35.89702073365154,3.996,1.414,1933.484,22
6,24,1.817549211247137,3.691023242653353,-0.0011762333016112,35.92161536871993,0.0006,3.685,1943.75,22
6,24,1.817549211247137,3.286808630292027,-4.0263158190399615,35.95621109852905,3.996,1.413,1954.078,22
6,24,1.817549211247137,3.688971256786811,-0.000480505395856,35.96231951283385,0.0006,3.684,1964.391,22
6,24,1.817549211247137,3.303690266150463,-4.024699111716674,35.52038919065916,3.996,1.429,1810.219,22
6,24,1.817549211247137,3.705195213108594,0.0011949909210449,35.60130167411607,0.0006,3.7,1820.453,22
6,24,1.817549211247137,3.300988889097269,-4.024873085445884,35.59169493544981,3.996,1.427,1830.734,22
6,24,1.817549211247137,3.702361325286839,-0.000903706319328,35.655668777980495,0.0006,3.697,1840.984,22
6,24,1.817549211247137,3.298390117405294,-4.025617099552445,35.64219603675256,3.996,1.425,1851.266,22
6,24,1.817549211247137,3.700006756348326,0.0004917131551639,35.67859149526017,0.0006,3.694,1861.5,22
6,24,1.817549211247137,3.2959472737604862,-4.024860123493056,35.67744788396147,3.996,1.421,1871.781,22
6,24,1.817549211247137,3.697643512750453,0.0007937083073652,35.731261309798334,0.0006,3.692,1882.047,22
6,24,1.817549211247137,3.3138885691105484,-4.024095734970062,35.34309214493092,3.996,1.441,1727.906,22
6,24,1.817549211247137,3.715593524958804,-0.0015179029159661,35.346300182946976,0.0006,3.709,1738.203,22
6,24,1.817549211247137,3.3113198015031173,-4.026384895148284,35.36577662531845,3.996,1.437,1748.453,22
6,24,1.817549211247137,3.712898860070446,-0.0015764960223,35.4064835637405,0.0006,3.708,1758.781,22
6,24,1.817549211247137,3.308636069633802,-4.023518818479258,35.433120401888495,3.996,1.435,1769.047,22
6,24,1.817549211247137,3.710304749390073,0.0011624744869674,35.4717510116568,0.0006,3.704,1779.359,22
6,24,1.817549211247137,3.306052235766647,-4.026594313790524,35.48203524980174,3.996,1.431,1789.609,22
6,24,1.817549211247137,3.707905400389555,0.00052414170677,35.51253814414675,0.0006,3.702,1799.953,22
6,24,1.817549211247137,3.253643932732292,-4.025569145771346,36.78213609448028,3.996,1.383,2303.781,22
6,24,1.817549211247137,3.659405886766198,0.0013291776772291,36.84847179455279,0.0006,3.652,2314.078,22
6,24,1.817549211247137,3.251359517059897,-4.027483683161357,36.817605598422574,3.996,1.383,2324.375,22
6,24,1.817549211247137,3.65779565303419,0.0002718374458251,36.90517011084893,0.0006,3.651,2334.656,22
6,24,1.817549211247137,3.24950752781131,-4.024190222909827,36.88072904851396,3.996,1.379,2344.922,22
6,24,1.817549211247137,3.655946025592056,-0.0014838380022833,36.8928907868024,0.0006,3.648,2355.219,22
6,24,1.817549211247137,3.2474677638116463,-4.022167422652913,36.9600407954201,3.996,1.378,2365.469,22
6,24,1.817549211247137,3.654390725322591,-2.64952392618758e-05,37.03766619433209,0.0006,3.646,2375.859,22
6,24,1.817549211247137,3.261285945146474,-4.025084398574799,36.59381421163936,3.996,1.392,2221.547,22
6,24,1.817549211247137,3.665719947553751,0.0001434473781222,36.62326295098951,0.0006,3.659,2231.781,22
6,24,1.817549211247137,3.259377031249936,-4.024815185883087,36.6406622604916,3.996,1.388,2242.078,22
6,24,1.817549211247137,3.664401125609741,-0.0016107543444116,36.66303284720481,0.0006,3.657,2252.406,22
6,24,1.817549211247137,3.257600253370992,-4.025884547810902,36.67910684019058,3.996,1.387,2262.641,22
6,24,1.817549211247137,3.662712857504728,-0.0019872461792409,36.7033883441551,0.0006,3.656,2272.937,22
6,24,1.817549211247137,3.255444797956793,-4.025175484897437,36.724601404806464,3.996,1.385,2283.234,22
6,24,1.817549211247137,3.6609987108069655,-0.000119796522526,36.76530147283302,0.0006,3.654,2293.484,22
6,24,1.817549211247137,3.2690240262115826,-4.024839865284077,36.35217852072424,3.996,1.397,2139.203,22
6,24,1.817549211247137,3.672476938077876,-0.0014247405028237,36.3665133346538,0.0006,3.667,2149.484,22
6,24,1.817549211247137,3.267096211830697,-4.025155483478175,36.36302728120775,3.996,1.396,2159.781,22
6,24,1.817549211247137,3.670732572784528,-0.0002145745779244,36.417387135416405,0.0006,3.664,2170.047,22
6,24,1.817549211247137,3.2650756854779543,-4.0269915844599335,36.43559162589558,3.996,1.393,2180.375,22
6,24,1.817549211247137,3.669174815937903,0.0010945753401423,36.52132043248612,0.0006,3.663,2190.672,22
6,24,1.817549211247137,3.26317944711849,-4.026145169287158,36.52298267594587,3.996,1.393,2200.937,22
6,24,1.817549211247137,3.667429565731074,-0.0002482325509575,36.615026353232736,0.0006,3.662,2211.187,22
6,24,1.817549211247137,3.2764815120085737,-4.02417185763036,36.202921665992726,3.996,1.403,2056.937,22
6,24,1.817549211247137,3.679262286293512,0.0010728616779725,36.21957963194716,0.0006,3.673,2067.234,22
6,24,1.817549211247137,3.2746706511387718,-4.023267416811945,36.23976618065488,3.996,1.402,2077.5,22
6,24,1.817549211247137,3.677464980030635,-0.0001432761377807,36.240754498814354,0.0006,3.672,2087.75,22
6,24,1.817549211247137,3.2726582700028177,-4.026940336159188,36.292985666875886,3.996,1.401,2098.062,22
6,24,1.817549211247137,3.6758196846391775,-0.0009702665602424,36.32199238015436,0.0006,3.67,2108.344,22
6,24,1.817549211247137,3.27080414563695,-4.02374777481309,36.34585475448684,3.996,1.398,2118.625,22
6,24,1.817549211247137,3.674091622874936,0.0007122118505033,36.36309819572079,0.0006,3.668,2128.937,22
6,24,1.817549211247137,3.214599927008947,-4.025685484567851,37.8069500294535,3.996,1.351,2634.062,22
6,24,1.817549211247137,3.627360648826524,-0.0002428195167185,37.90023476350068,0.0004,3.617,2644.531,22
6,24,1.817549211247137,3.2112165331537645,-4.024103447256557,37.88479773456388,3.996,1.349,2655.031,22
6,24,1.817549211247137,3.624622276817228,-0.0007057131228768,37.97577383892594,0.0006,3.613,2665.5,22
6,24,1.817549211247137,3.207630285876056,-4.024537059163881,37.95780935228823,3.996,1.345,2675.969,22
6,24,1.817549211247137,3.621812853517828,-0.0006853103643354,38.016224566646535,0.0006,3.611,2686.437,22
6,24,1.817549211247137,3.204144903615045,-4.02418875125465,37.99222897397423,3.996,1.345,2696.922,22
6,24,1.817549211247137,3.6188870630588847,-0.0006262866393824,38.08608060648658,0.0006,3.607,2707.359,22
6,24,1.817549211247137,3.2258772484102014,-4.024009762665952,37.52285591769117,3.996,1.361,2550.687,22
6,24,1.817549211247137,3.63674213529511,-0.0006824641365246,37.55232058341005,0.0006,3.627,2561.141,22
6,24,1.817549211247137,3.223332177916743,-4.024782108651007,37.50928429821775,3.996,1.36,2571.531,22
6,24,1.817549211247137,3.63456155172612,-0.0012361291569269,37.675023799487,0.0006,3.625,2581.953,22
6,24,1.817549211247137,3.2204030387768228,-4.023990667134399,37.6794463965607,3.996,1.355,2592.391,22
6,24,1.817549211247137,3.632026770390631,-0.0001779984693885,37.74770156324841,0.0006,3.622,2602.781,22
6,24,1.817549211247137,3.217295667034408,-4.02642693630752,37.75147232503287,3.996,1.354,2613.219,22
6,24,1.817549211247137,3.629783302960986,-0.0008399334703893,37.84470655295946,0.0006,3.619,2623.672,22
6,24,1.817549211247137,3.235922445761509,-4.024866170914423,37.33484698690375,3.996,1.368,2468.422,22
6,24,1.817549211247137,3.645078565747289,-0.0007161373103611,37.37821232554717,0.0006,3.636,2478.687,22
6,24,1.817549211247137,3.233485464048567,-4.025792587979964,37.30200407492217,3.996,1.367,2488.969,22
6,24,1.817549211247137,3.64295949533753,0.0007768065863644,37.35589601877623,0.0006,3.635,2499.219,22
6,24,1.817549211247137,3.2310141790156406,-4.025114931779734,37.40473997576771,3.996,1.366,2509.531,22
6,24,1.817549211247137,3.641042122116515,-0.000745400084458,37.4596879163989,0.0006,3.632,2519.781,22
6,24,1.817549211247137,3.228373193563684,-4.025259673299564,37.49124815912954,3.996,1.362,2530.141,22
6,24,1.817549211247137,3.6389919868985623,-0.0013411266289131,37.52103885428971,0.0006,3.629,2540.406,22
6,24,1.817549211247137,3.245328720121936,-4.024038311173808,37.04043941182607,3.996,1.377,2386.109,22
6,24,1.817549211247137,3.652637977698479,-0.0001465056489344,37.10108093760971,0.0006,3.645,2396.406,22
6,24,1.817549211247137,3.2431658340772134,-4.024951444564531,37.08789526860256,3.996,1.374,2406.672,22
6,24,1.817549211247137,3.650787149367057,-0.0016956861816688,37.15087243830538,0.0006,3.643,2416.953,22
6,24,1.817549211247137,3.240788669721926,-4.025161627748106,37.18218569333598,3.996,1.373,2427.203,22
6,24,1.817549211247137,3.6488997744791294,0.0002577162579996,37.237205068688574,0.0006,3.641,2437.484,22
6,24,1.817549211247137,3.23833441289,-4.025298648952757,37.194193352972185,3.996,1.371,2447.828,22
6,24,1.817549211247137,3.646960195150151,-1.8183519091625185e-05,37.26947110961824,0.0006,3.639,2458.078,22
6,24,1.817549211247137,3.126430583302495,-4.026418693021792,38.9006168964234,3.996,1.277,2968.016,22
6,24,1.817549211247137,3.5542938275099747,0.0002508737699494,38.99924591300749,0.0006,3.537,2978.391,22
6,24,1.817549211247137,3.1145507319160823,-4.02555455940529,38.97747311809498,3.996,1.269,2988.984,22
6,24,1.817549211247137,3.544946889994458,-0.0004782018910175,39.011367883832,0.0006,3.527,2999.437,22
6,24,1.817549211247137,3.1034900378688315,-4.024512994944864,39.05267508081016,3.996,1.259,3009.844,22
6,24,1.817549211247137,3.53488734168904,-0.0008329960733356,39.17061265579223,0.0006,3.516,3020.297,22
6,24,1.817549211247137,3.0899776265272423,-4.024911230666008,39.17537514883317,3.996,1.246,3030.703,22
6,24,1.817549211247137,3.5231011557831207,-0.0014870039965974,39.2245914341374,0.0006,3.505,3041.125,22
6,24,1.817549211247137,3.159999606665889,-4.024367571757824,38.654775418363855,3.996,1.307,2884.641,22
6,24,1.817549211247137,3.5824673817030046,-0.0006233307119656,38.71763619875847,0.0006,3.569,2895.078,22
6,24,1.817549211247137,3.1530804076585657,-4.025718121433323,38.71811323812078,3.996,1.3,2905.484,22
6,24,1.817549211247137,3.57654883934642,-0.0003259895209403,38.78597071390478,0.0006,3.561,2915.937,22
6,24,1.817549211247137,3.145368997342415,-4.024974169069743,38.76655692469559,3.996,1.295,2926.344,22
6,24,1.817549211247137,3.5699846823898187,0.0003725939816018,38.881320160850514,0.0006,3.554,2936.719,22
6,24,1.817549211247137,3.136548827279797,-4.025682868559104,38.865413465113605,3.996,1.288,2947.141,22
6,24,1.817549211247137,3.562606430465354,-0.0016183107280241,38.95353066433056,0.0006,3.547,2957.531,22
6,24,1.817549211247137,3.183166831977263,-4.023423730582544,38.37648295544102,3.996,1.325,2801.187,22
6,24,1.817549211247137,3.6015344393365565,-0.000531060553982,38.43592671052371,0.0006,3.589,2811.609,22
6,24,1.817549211247137,3.1781124249785706,-4.0269240091394405,38.45409735378382,3.996,1.322,2822.031,22
6,24,1.817549211247137,3.597317413915523,0.0004862020145089,38.50834675313812,0.0006,3.583,2832.484,22
6,24,1.817549211247137,3.1722905444137823,-4.024827022437284,38.53547733704787,3.996,1.316,2842.969,22
6,24,1.817549211247137,3.5925521380602774,-0.0014056102034654,38.58751915730713,0.0006,3.579,2853.375,22
6,24,1.817549211247137,3.1665635211591465,-4.024563725965498,38.59267875113437,3.996,1.312,2863.766,22
6,24,1.817549211247137,3.587801129472305,0.0001460552042414,38.66053949271706,0.0006,3.573,2874.187,22
6,24,1.817549211247137,3.2002629270582994,-4.024794774900929,38.09070848615234,3.996,1.34,2717.844,22
6,24,1.817549211247137,3.615744645762071,0.0008631144009158,38.12340620375332,0.0006,3.603,2728.281,22
6,24,1.817549211247137,3.196595883947101,-4.027561439717998,38.15171013443935,3.996,1.336,2738.672,22
6,24,1.817549211247137,3.612547256463957,0.0010292574194514,38.25430866684981,0.0006,3.601,2749.062,22
6,24,1.817549211247137,3.192230201742127,-4.0252153874912695,38.23551523168101,3.996,1.333,2759.516,22
6,24,1.817549211247137,3.60929756459577,0.0009617460089261,38.32939177346143,0.0006,3.597,2770.016,22
6,24,1.817549211247137,3.1881188064686,-4.026301115396466,38.31451515014104,3.996,1.329,2780.422,22
6,24,1.817549211247137,3.605316629517596,-0.0007530206734126,38.37237042701434,0.0006,3.593,2790.781,22
6,24,1.817549211247137,2.2687412621324383,-4.024873574748788,40.729853373904405,3.996,0.65,3302.344,22
6,24,1.817549211247137,2.896304942025512,-0.0005984491094954,40.87228874077987,0.0006,2.799,3312.828,22
6,24,1.817549211247137,1.9399607811955053,-3.953389696227352,41.00364725712693,3.996,0.423,3323.25,22
6,24,1.817549211247137,2.7706814692085464,0.0005620430793908,41.15307253815554,0.0006,0.0,3333.953,22
6,24,1.817549211247137,2.8606531619163578,-0.0020085748951045,41.08990023207167,0.0006,0.0,3344.609,22
6,24,1.817549211247137,2.90833822403143,-0.0038001269184671,40.91432623667553,0.0006,-0.0,3355.312,22
6,24,1.817549211247137,2.940776725322571,-0.0020697496013265,40.68959217356162,0.0006,0.0,3366.016,22
6,24,1.817549211247137,2.965546218984262,-0.0027068370486306,40.51639004536177,0.0006,0.0,3376.719,22
6,24,1.817549211247137,2.813264561964711,-4.024739401663695,40.08623913725853,3.996,1.008,3218.594,22
6,24,1.817549211247137,3.2726870018952736,1.314685702984814e-05,40.22424179627784,0.0006,3.244,3229.062,22
6,24,1.817549211247137,2.744545096852246,-4.025536629029412,40.23495000879262,3.996,0.955,3239.594,22
6,24,1.817549211247137,3.2104815680778964,-7.635943449189477e-05,40.34521368544785,0.0006,3.179,3249.969,22
6,24,1.817549211247137,2.653323152538236,-4.024841242519827,40.37460915880068,3.996,0.881,3260.391,22
6,24,1.817549211247137,3.1333181923415774,-0.0012789442449257,40.44685201136653,0.0006,3.092,3270.937,22
6,24,1.817549211247137,2.511418798634063,-4.024860937129119,40.52903006881502,3.996,0.785,3281.437,22
6,24,1.817549211247137,3.026910299887669,-0.0012432828755967,40.669266555595456,0.0006,2.971,3291.922,22
6,24,1.817549211247137,2.982334521161583,-4.024001334751344,39.640568786333326,3.996,1.157,3135.016,22
6,24,1.817549211247137,3.4278018543162303,0.0003242698954826,39.79296315097558,0.0006,3.405,3145.391,22
6,24,1.817549211247137,2.9502956465982613,-4.024062758769331,39.7556053920201,3.996,1.126,3155.781,22
6,24,1.817549211247137,3.398838359885532,-7.130577387818264e-05,39.88501777189182,0.0006,3.375,3166.25,22
6,24,1.817549211247137,2.9121066719103093,-4.024847505059662,39.88637181475793,3.996,1.096,3176.734,22
6,24,1.817549211247137,3.363996152736809,-0.0006437428599195,39.99633059341426,0.0006,3.339,3187.203,22
6,24,1.817549211247137,2.867347954815504,-4.024634231660067,40.00531334864032,3.996,1.056,3197.656,22
6,24,1.817549211247137,3.322553684289664,-0.0011780182760393,40.1194810337975,0.0006,3.294,3208.141,22
6,24,1.817549211247137,3.073453435211352,-4.023902840213277,39.25848210085527,3.996,1.233,3051.625,22
6,24,1.817549211247137,3.5088929098358443,-0.0012279215230593,39.32429377125128,0.0006,3.489,3062.016,22
6,24,1.817549211247137,3.055523879310179,-4.024474469237903,39.32075864409239,3.996,1.219,3072.453,22
6,24,1.817549211247137,3.4930765913076858,4.895892356810528e-05,39.35902423621896,0.0006,3.474,3082.859,22
6,24,1.817549211247137,3.034383316803186,-4.02638474479896,39.40267072657489,3.996,1.199,3093.344,22
6,24,1.817549211247137,3.4747002224419696,0.0001869441599402,39.50658382059262,0.0006,3.453,3103.781,22
6,24,1.817549211247137,3.010954272464827,-4.024160351300633,39.50823328339779,3.996,1.181,3114.172,22
6,24,1.817549211247137,3.453165743651764,6.715836082897195e-05,39.6149005459197,0.0006,3.43,3124.547,22
6,24,1.817549211247137,3.153226210940829,0.000712822664195,36.207340744245634,0.0006,0.0,3644.422,22
6,24,1.817549211247137,3.1566696895102853,-0.0018243799044319,36.07861368357222,0.0006,0.0,3655.172,22
6,24,1.817549211247137,3.15953607648417,-0.0001964544214333,35.93617891284056,0.0006,-0.0,3665.953,22
6,24,1.817549211247137,3.1623875875889,-0.000730585648789,35.82342731596344,0.0006,0.0,3676.672,22
6,24,1.817549211247137,3.165066553882784,0.0009207971989273,35.67400679004219,0.0006,0.0,3687.391,22
6,24,1.817549211247137,3.167762741644372,-0.0009997943331136,35.55960372175992,0.0006,0.0,3698.078,22
6,24,1.817549211247137,3.1703512285149524,-0.0003003195709557,35.43663950233462,0.0006,0.0,3708.781,22
6,24,1.817549211247137,3.1728610221705806,-0.001507244201157,35.29220449035973,0.0006,0.0,3719.5,22
6,24,1.817549211247137,3.1227639752345544,0.0003418792054994,37.348556044220594,0.0006,0.0,3558.719,22
6,24,1.817549211247137,3.127305980510615,-0.0015317354608371,37.1911053401503,0.0006,0.0,3569.469,22
6,24,1.817549211247137,3.131573970745287,-0.0004585603688743,37.05259121926442,0.0006,0.0,3580.172,22
6,24,1.817549211247137,3.135687021124129,-0.0006385490948554,36.91048523717421,0.0006,0.0,3590.922,22
6,24,1.817549211247137,3.1394356087805546,-3.406934667122593e-06,36.79236030695998,0.0006,0.0,3601.641,22
6,24,1.817549211247137,3.143203631459062,0.0014628559194997,36.62628387925782,0.0004,0.0,3612.406,22
6,24,1.817549211247137,3.1466006204357755,0.000289493863593,36.47161853563732,0.0006,0.0,3623.078,22
6,24,1.817549211247137,3.1499993322428224,-0.0001343909707198,36.34383768482336,0.0006,0.0,3633.734,22
6,24,1.817549211247137,3.0761145777202765,-0.0009795723242456,38.66614528029387,0.0006,0.0,3473.062,22
6,24,1.817549211247137,3.0833704394631094,-1.315500443104162e-05,38.52964622701451,0.0006,0.0,3483.766,22
6,24,1.817549211247137,3.0900545604364686,-0.0026913225632067,38.348605722440695,0.0006,-0.0,3494.5,22
6,24,1.817549211247137,3.096380882869588,-0.0002880896037238,38.15788107666224,0.0004,0.0,3505.172,22
6,24,1.817549211247137,3.1021825128784224,-0.0017421797867302,38.02355862742724,0.0006,-0.0,3515.891,22
6,24,1.817549211247137,3.1078236584206067,-0.0008677855943012,37.90249037414149,0.0006,0.0,3526.641,22
6,24,1.817549211247137,3.113076547835928,-0.0005388310508049,37.77651304933543,0.0006,-0.0,3537.328,22
6,24,1.817549211247137,3.118067843024415,-0.0006987470605005,37.52415667637037,0.0006,0.0,3548.047,22
6,24,1.817549211247137,2.985586970768556,-0.0008576334624284,40.25109410997571,0.0006,0.0,3387.437,22
6,24,1.817549211247137,3.0023035941044727,-0.0023730461428631,40.02904852730315,0.0006,0.0,3398.109,22
6,24,1.817549211247137,3.0168169670204814,-0.0005552568138218,39.81173962117179,0.0006,0.0,3408.875,22
6,24,1.817549211247137,3.029506519344485,-0.0009583418759263,39.58252220163656,0.0006,0.0,3419.562,22
6,24,1.817549211247137,3.04087334917726,-0.0017258489395478,39.417665334499645,0.0006,0.0,3430.344,22
6,24,1.817549211247137,3.0509373931312718,-0.0005447307664917,39.20760115078769,0.0006,0.0,3441.031,22
6,24,1.817549211247137,3.060026830866375,-0.0006661175817968,39.0372012994013,0.0004,0.0,3451.687,22
6,24,1.817549211247137,3.068439788181345,-0.0008003302280881,38.84670361461332,0.0006,0.0,3462.359,22
6,24,1.817549211247137,3.216289003553921,-0.0021574014985185,32.78309333192927,0.0006,0.0,3987.641,22
6,24,1.817549211247137,3.2176005991249874,2.905890255623225e-05,32.71431406461451,0.0006,-0.0,3998.266,22
6,24,1.817549211247137,3.218572186396364,0.0006724177101761,32.62289187031855,0.0006,0.0,4009.016,22
6,24,1.817549211247137,3.219998204937541,-0.0014478606010877,32.54073026080647,0.0006,0.0,4019.859,22
6,24,1.817549211247137,3.221107013026466,-0.0009230686585653,32.47274049365928,0.0006,0.0,4030.562,22
6,24,1.817549211247137,3.2224037363590545,0.0007095089957167,32.37805346086115,0.0006,0.0,4041.391,22
6,24,1.817549211247137,3.223395766602477,-0.0013057792891389,32.31175254867121,0.0006,0.0,4052.109,22
6,24,1.817549211247137,3.2244635468932006,-0.0019617875209603,32.24813092373138,0.0006,0.0,4062.812,22
6,24,1.817549211247137,3.2054944333235533,0.0006910198090759,33.476387386634606,0.0006,-0.0,3901.844,22
6,24,1.817549211247137,3.206968549328032,-0.0009158998945967,33.39275561664947,0.0006,0.0,3912.547,22
6,24,1.817549211247137,3.208272673390839,0.0005042315432948,33.310512016713524,0.0006,0.0,3923.297,22
6,24,1.817549211247137,3.209741545457342,-0.0005578923498672,33.217108830454066,0.0006,0.0,3934.031,22
6,24,1.817549211247137,3.2111298314776446,-0.0012563859654435,33.13380336892735,0.0006,0.0,3944.75,22
6,24,1.817549211247137,3.2125934620943744,-0.0016785176877019,33.075039887733894,0.0006,0.0,3955.453,22
6,24,1.817549211247137,3.2137350687663835,-0.00178661920314,33.02523852929373,0.0006,0.0,3966.172,22
6,24,1.817549211247137,3.2150585628265382,-0.0003568076834049,32.97498586044442,0.0006,0.0,3976.937,22
6,24,1.817549211247137,3.1919412282694446,-2.5297488151765567e-05,34.2816903682706,0.0004,0.0,3815.953,22
6,24,1.817549211247137,3.1938104506799334,-0.0016348337793692,34.18372220873338,0.0006,0.0,3826.625,22
6,24,1.817549211247137,3.195616605005092,0.0005300538562411,34.06272492052587,0.0006,0.0,3837.406,22
6,24,1.817549211247137,3.1973875033405954,-0.0007619652991606,33.97404360062279,0.0006,0.0,3848.172,22
6,24,1.817549211247137,3.1989961805131726,-0.0024574333422537,33.87504488481401,0.0004,0.0,3858.937,22
6,24,1.817549211247137,3.2007992038850674,-0.0022838687077738,33.75311750945128,0.0006,0.0,3869.687,22
6,24,1.817549211247137,3.202265294176516,0.0011297325550596,33.666441953477374,0.0006,0.0,3880.453,22
6,24,1.817549211247137,3.203851517847025,0.0002771819666263,33.56584253180299,0.0006,0.0,3891.109,22
6,24,1.817549211247137,3.175208083425425,-0.0018798878299848,35.195250022117925,0.0006,-0.0,3730.219,22
6,24,1.817549211247137,3.177690727965832,0.001633852649308,35.0825569558795,0.0006,0.0,3740.875,22
6,24,1.817549211247137,3.1798553807915733,-0.0021106839026834,34.96026702261751,0.0006,0.0,3751.547,22
6,24,1.817549211247137,3.1819904209339347,-0.0001021921005305,34.85762158556366,0.0006,0.0,3762.219,22
6,24,1.817549211247137,3.18405802634782,-4.1957914011777775e-05,34.753215829426665,0.0006,0.0,3772.984,22
6,24,1.817549211247137,3.1861270880776438,-0.0009118415233301,34.62546909458803,0.0006,-0.0,3783.672,22
6,24,1.817549211247137,3.1881289916728086,-0.002292461634466,34.49025991548065,0.0006,0.0,3794.375,22
6,24,1.817549211247137,3.190113209770135,-0.0023839447468651,34.37701888136204,0.0006,0.0,3805.125,22
6,24,1.817549211247137,3.245392920610828,-0.0002335020423608,30.69797949412381,0.0004,0.0,4330.578,22
6,24,1.817549211247137,3.246334769880128,-0.0008236765409925,30.65505382541295,0.0006,0.0,4341.328,22
6,24,1.817549211247137,3.246830941588382,0.0023515983988806,30.58959865079168,0.0006,0.0,4352.141,22
6,24,1.817549211247137,3.2474483166023083,0.0005483465499726,30.550741892264437,0.0006,0.0,4362.844,22
6,24,1.817549211247137,3.248119649827998,-0.0007810914654537,30.502561921680112,0.0006,0.0,4373.562,22
6,24,1.817549211247137,3.248619837910943,-0.0007439037791714,30.440424191571648,0.0006,-0.0,4384.281,22
6,24,1.817549211247137,3.2493496791587604,-0.0002730349838732,30.3964837706527,0.0006,0.0,4395.0,22
6,24,1.817549211247137,3.249949920682947,-0.0018633995988748,30.343078142380318,0.0006,0.0,4405.687,22
6,24,1.817549211247137,3.2397298695674257,-0.0003093861051117,31.137362277377985,0.0006,0.0,4244.969,22
6,24,1.817549211247137,3.2405491519754523,0.0005810331585879,31.066092454557875,0.0006,-0.0,4255.734,22
6,24,1.817549211247137,3.241282170209595,-0.0012553963959338,31.01205148709766,0.0004,0.0,4266.437,22
6,24,1.817549211247137,3.2421096218606222,-0.0025495679319295,30.95390718244391,0.0006,-0.0,4277.156,22
6,24,1.817549211247137,3.2428746598239786,-0.0007019860539878,30.8926087364837,0.0004,0.0,4287.844,22
6,24,1.817549211247137,3.243638150933938,-0.0029901474679839,30.86697908416869,0.0006,0.0,4298.531,22
6,24,1.817549211247137,3.244123914893269,0.000946729785959,30.829010194843704,0.0006,0.0,4309.203,22
6,24,1.817549211247137,3.244812405436904,0.0012952833898181,30.753776020034437,0.0004,0.0,4319.891,22
6,24,1.817549211247137,3.2331625691973165,-0.0005593362032576,31.60276284953815,0.0006,0.0,4159.266,22
6,24,1.817549211247137,3.2340901596278684,0.0015745475468513,31.554972803909592,0.0006,0.0,4169.984,22
6,24,1.817549211247137,3.234879903920618,-0.0023138991928996,31.48650664231563,0.0006,0.0,4180.687,22
6,24,1.817549211247137,3.235861932990536,-0.0016719774385086,31.415041968300372,0.0006,0.0,4191.406,22
6,24,1.817549211247137,3.2365539244728776,-0.0009146835258317,31.363325478507065,0.0006,0.0,4202.156,22
6,24,1.817549211247137,3.2374725295616256,-0.000446321125923,31.300546446234215,0.0004,0.0,4212.859,22
6,24,1.817549211247137,3.238136035174613,-0.0005417889065517,31.240996387197477,0.0006,0.0,4223.562,22
6,24,1.817549211247137,3.2391928504085628,-0.0001400920292486,31.18059703898592,0.0006,0.0,4234.281,22
6,24,1.817549211247137,3.2254229878382628,0.0003605588579416,32.17696219104116,0.0004,0.0,4073.578,22
6,24,1.817549211247137,3.2266021463065164,-0.0051488984906674,32.09323307504018,0.0004,-0.0,4084.297,22
6,24,1.817549211247137,3.2275019529865747,-0.0002116649338861,32.02445299999328,0.0006,0.0,4095.031,22
6,24,1.817549211247137,3.2284298967063028,-0.0019272003711987,31.96516060972795,0.0006,0.0,4105.687,22
6,24,1.817549211247137,3.2294713512411097,-0.0019172114404243,31.89329885416393,0.0006,-0.0,4116.375,22
6,24,1.817549211247137,3.2304468425647195,-0.0009963765590001,31.817741224653947,0.0006,0.0,4127.125,22
6,24,1.817549211247137,3.231303018648575,-0.0014736293606565,31.75369552039445,0.0004,0.0,4137.859,22
6,24,1.817549211247137,3.2324219019022764,-0.0010090448019843,31.70185070521143,0.0004,-0.0,4148.562,22
6,24,1.817549211247137,3.26247253100822,0.0008259530844775,29.408174373418355,0.0006,0.0,4673.734,22
6,24,1.817549211247137,3.262826353601133,0.0008162962277543,29.37856298982216,0.0004,0.0,4684.453,22
6,24,1.817549211247137,3.263224399617059,-0.0003363988000336,29.3564678532055,0.0004,0.0,4695.141,22
6,24,1.817549211247137,3.263775573599072,-0.000269597708825,29.323461812972464,0.0006,0.0,4705.844,22
6,24,1.817549211247137,3.264042572288299,-0.002096249259436,29.28885542860801,0.0006,-0.0,4716.578,22
6,24,1.817549211247137,3.2644363770510605,-0.0003875487870003,29.271961186614927,0.0006,-0.0,4727.281,22
6,24,1.817549211247137,3.2648779524968505,0.0016121078142655,29.23487629325787,0.0006,0.0,4737.984,22
6,24,1.817549211247137,3.265258131731972,7.317387004276648e-06,29.19680340138887,0.0006,0.0,4748.75,22
6,24,1.817549211247137,3.2588263790052143,0.0002914630786164,29.675876789804025,0.0006,0.0,4587.891,22
6,24,1.817549211247137,3.259400544127231,-0.0020411530016454,29.63386144916298,0.0006,0.0,4598.672,22
6,24,1.817549211247137,3.259674116343245,-0.0002655894823876,29.609853965283325,0.0006,0.0,4609.391,22
6,24,1.817549211247137,3.2602952591210355,-0.0010048147407708,29.56750318723196,0.0006,-0.0,4620.156,22
6,24,1.817549211247137,3.260622868992094,-0.0001569515194699,29.53182346890905,0.0006,0.0,4630.828,22
6,24,1.817549211247137,3.26109063161122,-0.0003526565064773,29.49500232748866,0.0004,0.0,4641.531,22
6,24,1.817549211247137,3.2615703043685693,0.0013505335789236,29.46476676209031,0.0004,-0.0,4652.312,22
6,24,1.817549211247137,3.261923377928454,-0.0006547312850885,29.432409904002817,0.0004,0.0,4663.016,22
6,24,1.817549211247137,3.2550590838008358,0.0004574873341942,29.9914931964826,0.0004,0.0,4502.25,22
6,24,1.817549211247137,3.255498259839386,-0.0024936921449519,29.94801058800765,0.0006,0.0,4512.937,22
6,24,1.817549211247137,3.256062267390274,-0.0010678156192444,29.90367035268567,0.0006,0.0,4523.609,22
6,24,1.817549211247137,3.2565209166013704,0.0002096535615376,29.871252426710207,0.0006,0.0,4534.344,22
6,24,1.817549211247137,3.2568559760248323,-0.003442790292523,29.826131849667775,0.0006,0.0,4545.094,22
6,24,1.817549211247137,3.257457856133207,-0.0011881364446165,29.78919613233175,0.0004,0.0,4555.766,22
6,24,1.817549211247137,3.257877368149802,-0.0010074214530489,29.74517472831636,0.0006,0.0,4566.437,22
6,24,1.817549211247137,3.258414272480218,0.0005141294843897,29.720151763302493,0.0006,0.0,4577.156,22
6,24,1.817549211247137,3.25058808903667,-0.0006307054126806,30.31042632301816,0.0006,0.0,4416.453,22
6,24,1.817549211247137,3.2510848323241834,-0.0011328637003753,30.260045426246627,0.0006,0.0,4427.156,22
6,24,1.817549211247137,3.251574953305786,-0.0034018403686037,30.209127509077952,0.0004,0.0,4437.875,22
6,24,1.817549211247137,3.252412011241609,-0.0009988183600157,30.173095062393585,0.0006,0.0,4448.609,22
6,24,1.817549211247137,3.252789244981527,-0.0028635612295853,30.1452613117704,0.0006,0.0,4459.359,22
6,24,1.817549211247137,3.253320884460944,0.0015189945520276,30.093146536999797,0.0004,0.0,4470.078,22
6,24,1.817549211247137,3.253905618084996,-0.0003035661295907,30.05908589748503,0.0006,0.0,4480.828,22
6,24,1.817549211247137,3.254482303184915,-0.0019572979695862,30.02359742282635,0.0006,0.0,4491.531,22
6,24,1.817549211247137,3.2736147458249145,-0.0027903749065079,28.56870077014931,0.0006,-0.0,5016.812,22
6,24,1.817549211247137,3.274083462837079,-0.0034230802154981,28.54045515946649,0.0006,-0.0,5027.453,22
6,24,1.817549211247137,3.274326370459118,-0.0021266261571221,28.5203655363278,0.0006,0.0,5038.266,22
6,24,1.817549211247137,3.2746349106046675,-0.0020044396908622,28.497020613146,0.0006,0.0,5049.094,22
6,24,1.817549211247137,3.2747952706081,0.000423845593725,28.472947294266483,0.0006,0.0,5059.766,22
6,24,1.817549211247137,3.27510679952823,-0.0009465226234895,28.4672257864998,0.0004,0.0,5070.469,22
6,24,1.817549211247137,3.2754274312339926,-0.000480167390263,28.448141889424825,0.0004,0.0,5081.25,22
6,24,1.817549211247137,3.275674562933176,0.0004206577546788,28.431476488938465,0.0004,0.0,5091.922,22
6,24,1.817549211247137,3.271350417378742,-0.0025074865301728,28.743040401916865,0.0006,-0.0,4931.031,22
6,24,1.817549211247137,3.2716482677911167,-0.001456083457081,28.72104623497459,0.0006,0.0,4941.812,22
6,24,1.817549211247137,3.271928695373107,0.000539495071896,28.693622547418773,0.0004,0.0,4952.5,22
6,24,1.817549211247137,3.2724900666620296,-0.0005246637963455,28.672299481831114,0.0006,0.0,4963.172,22
6,24,1.817549211247137,3.2723262801693256,-0.0042609939431227,28.65268096716457,0.0006,0.0,4973.953,22
6,24,1.817549211247137,3.272896290466865,-0.00663785955181,28.632567479540505,0.0006,0.0,4984.703,22
6,24,1.817549211247137,3.2731821804180306,-0.0033106867630969,28.610806591953317,0.0006,-0.0,4995.406,22
6,24,1.817549211247137,3.2735281917982504,-0.0013280344975269,28.586683846333383,0.0006,0.0,5006.109,22
6,24,1.817549211247137,3.2684847090104543,0.0005985663979598,28.931155174734865,0.0006,-0.0,4845.172,22
6,24,1.817549211247137,3.2688912526773573,-0.0024156470277819,28.909216573122997,0.0006,-0.0,4855.875,22
6,24,1.817549211247137,3.2693844869676383,0.0031691595779807,28.880895182169464,0.0006,0.0,4866.578,22
6,24,1.817549211247137,3.2696840611415565,-0.0006291712903287,28.853200133788853,0.0006,-0.0,4877.297,22
6,24,1.817549211247137,3.2699809956687704,-0.002271353920196,28.82621596117285,0.0004,0.0,4888.156,22
6,24,1.817549211247137,3.2703544885092724,-0.0038718297837984,28.801342702533667,0.0004,0.0,4898.844,22
6,24,1.817549211247137,3.270515205227751,-0.0015750357514017,28.785976712138684,0.0004,0.0,4909.531,22
6,24,1.817549211247137,3.271031769902198,-0.0029177425913476,28.760056991728607,0.0006,0.0,4920.281,22
6,24,1.817549211247137,3.265617566559063,-0.0018476336559318,29.17281355001025,0.0004,0.0,4759.453,22
6,24,1.817549211247137,3.266178863294829,-9.57136863774722e-05,29.13380711972913,0.0004,0.0,4770.125,22
6,24,1.817549211247137,3.2665372357332685,0.0015631681208847,29.09623997321301,0.0006,0.0,4780.906,22
6,24,1.817549211247137,3.26677307534509,-0.0026991080748232,29.07451774520991,0.0006,-0.0,4791.594,22
6,24,1.817549211247137,3.2672290018653114,-0.0022933232080849,29.050083534328444,0.0006,0.0,4802.312,22
6,24,1.817549211247137,3.267444473223291,0.0014466573650793,29.01737241331529,0.0006,0.0,4813.031,22
6,24,1.817549211247137,3.267849772688757,-0.0002537650296079,28.98769350541247,0.0006,-0.0,4823.734,22
6,24,1.817549211247137,3.268429524564284,-0.0014509260158493,28.960875896936507,0.0006,-0.0,4834.453,22
6,24,1.817549211247137,3.282248717438927,-0.0010066338753091,28.04158506158262,0.0006,0.0,5360.094,22
6,24,1.817549211247137,3.28245561934485,-0.0274750219992146,28.03450533448794,0.0006,0.0,5370.844,22
6,24,1.817549211247137,3.282790468418063,-4.077461175169712e-05,28.022078161994617,0.0006,0.0,5381.594,22
6,24,1.817549211247137,3.283099130315978,-0.0006603698852813,28.008893496150613,0.0006,0.0,5392.312,22
6,24,1.817549211247137,3.283184822440409,-0.0009753767512558,28.00841132381515,0.0006,0.0,5403.031,22
6,24,1.817549211247137,3.2834677733749293,0.0011994678124088,27.98896238144247,0.0006,0.0,5413.719,22
6,24,1.817549211247137,3.2836825770657554,-0.0019620413297621,27.96568667929844,0.0006,0.0,5424.453,22
6,24,1.817549211247137,3.283913822257412,0.0016066751518048,27.955557349230823,0.0006,-0.0,5435.141,22
6,24,1.817549211247137,3.28022786494537,0.001558146280648,28.16594810288098,0.0006,0.0,5274.422,22
6,24,1.817549211247137,3.2806691736016216,-0.0010710634613055,28.150374555607783,0.0006,0.0,5285.156,22
6,24,1.817549211247137,3.2807156192307256,0.0005176764113434,28.13492997159971,0.0006,0.0,5295.859,22
6,24,1.817549211247137,3.281031167391322,-0.0008603759767526,28.123216372755785,0.0006,0.0,5306.516,22
6,24,1.817549211247137,3.281258043397929,0.000974530553415,28.107713050006023,0.0006,-0.0,5317.203,22
6,24,1.817549211247137,3.281529278819511,-0.0034271653901698,28.1135028375097,0.0006,0.0,5327.906,22
6,24,1.817549211247137,3.2817067883917805,-0.0029779861476006,28.08227695159164,0.0006,0.0,5338.609,22
6,24,1.817549211247137,3.281952277995037,0.0028898728075,28.060705238285472,0.0006,0.0,5349.297,22
6,24,1.817549211247137,3.2781756516455656,-0.0009868118162509,28.27988368491869,0.0006,-0.0,5188.531,22
6,24,1.817549211247137,3.2784336185402174,-0.0009264394594724,28.26497296406981,0.0006,0.0,5199.25,22
6,24,1.817549211247137,3.278646822509077,-0.0016652269983572,28.249985487151346,0.0006,0.0,5210.0,22
6,24,1.817549211247137,3.2789113035275794,-0.001901419850229,28.235701001149835,0.0006,0.0,5220.75,22
6,24,1.817549211247137,3.2793447956099047,-0.0020642079009404,28.225546156989008,0.0006,0.0,5231.547,22
6,24,1.817549211247137,3.279314972082052,4.828310874945077e-05,28.1984033386212,0.0004,0.0,5242.25,22
6,24,1.817549211247137,3.2796611011786068,0.0002558686087076,28.18804854713198,0.0006,0.0,5253.0,22
6,24,1.817549211247137,3.279931941376591,0.0009428760925467,28.17713306099003,0.0006,0.0,5263.687,22
6,24,1.817549211247137,3.27584754858121,-0.0006418390553938,28.410087837364063,0.0006,0.0,5102.625,22
6,24,1.817549211247137,3.2762503175074427,-0.0015800339482261,28.38831268148729,0.0006,0.0,5113.375,22
6,24,1.817549211247137,3.2766147319585865,-9.841884360563346e-05,28.37455087658161,0.0006,0.0,5124.078,22
6,24,1.817549211247137,3.27683137314646,0.0005549996642445,28.365296732507947,0.0006,0.0,5134.828,22
6,24,1.817549211247137,3.277118308287293,-0.0003952282306562,28.342297690875775,0.0006,0.0,5145.578,22
6,24,1.817549211247137,3.27742372781341,-0.0004720879038025,28.32331844585934,0.0004,0.0,5156.312,22
6,24,1.817549211247137,3.2776985096038325,-0.0004291501680953,28.302356041645247,0.0006,-0.0,5167.047,22
6,24,1.817549211247137,3.2779077370673284,-0.0026616157605504,28.288564844998746,0.0006,0.0,5177.812,22
6,24,1.817549211247137,3.2891305710215364,-0.0005718072091892,27.687731070515632,0.0004,0.0,5703.25,22
6,24,1.817549211247137,3.2895429557600315,-0.0004243432926872,27.68553260283418,0.0006,0.0,5713.922,22
6,24,1.817549211247137,3.289637874199122,-0.0013173378926163,27.675842489521777,0.0004,0.0,5724.703,22
6,24,1.817549211247137,3.289877792211352,0.0006523900038322,27.661682337648063,0.0006,0.0,5735.406,22
6,24,1.817549211247137,3.28989604736641,-0.000196181026965,27.6580908963887,0.0006,0.0,5746.125,22
6,24,1.817549211247137,3.290354019764866,-0.002282205741585,27.64655718099805,0.0006,0.0,5756.828,22
6,24,1.817549211247137,3.2902387056949376,0.0012872677953385,27.636822414325927,0.0006,-0.0,5767.531,22
6,24,1.817549211247137,3.2906274043562624,-0.0024653145398638,27.62928471762249,0.0004,0.0,5778.203,22
6,24,1.817549211247137,3.287612556589761,-0.0011746116437164,27.76210304016147,0.0006,0.0,5617.406,22
6,24,1.817549211247137,3.287710070429043,0.0002048671021972,27.752936096761037,0.0006,0.0,5628.125,22
6,24,1.817549211247137,3.288101009625804,-0.0032221914391822,27.74879030064229,0.0006,0.0,5638.906,22
6,24,1.817549211247137,3.288308431913869,-0.0031630122956182,27.74150481911019,0.0006,0.0,5649.609,22
6,24,1.817549211247137,3.2883851810927416,-0.0010606600828615,27.733676787047724,0.0006,-0.0,5660.391,22
6,24,1.817549211247137,3.2886019619237,-0.0013838760924928,27.72926845885917,0.0006,0.0,5671.094,22
6,24,1.817549211247137,3.28877442399564,0.0007456463653895,27.70767955660705,0.0006,0.0,5681.781,22
6,24,1.817549211247137,3.289055856582408,-0.0039173502924863,27.70011525362245,0.0006,0.0,5692.547,22
6,24,1.817549211247137,3.2861086938714403,-0.0008509557682886,27.84368198034941,0.0004,0.0,5531.719,22
6,24,1.817549211247137,3.286103038258046,-0.0012092499248996,27.829321416168018,0.0006,0.0,5542.437,22
6,24,1.817549211247137,3.2865153477452105,0.000650217432735,27.825550164473693,0.0006,0.0,5553.109,22
6,24,1.817549211247137,3.286729986975536,-0.0023427967894814,27.81380898587541,0.0006,0.0,5563.828,22
6,24,1.817549211247137,3.2867787621021294,7.376267024715825e-05,27.81873146707734,0.0006,0.0,5574.484,22
6,24,1.817549211247137,3.287019080149036,0.0012031196220243,27.80451179477513,0.0004,0.0,5585.203,22
6,24,1.817549211247137,3.2871448457971093,-0.0004471791556633,27.7810372788516,0.0006,-0.0,5595.969,22
6,24,1.817549211247137,3.28751363083548,-1.95166475657232e-05,27.76310838011416,0.0004,0.0,5606.687,22
6,24,1.817549211247137,3.284052648348626,0.0005870086473522,27.944429214129094,0.0006,0.0,5445.859,22
6,24,1.817549211247137,3.284384017766046,-0.0003615541360226,27.92391626954692,0.0004,0.0,5456.687,22
6,24,1.817549211247137,3.2845623865460545,0.0005193851080803,27.92022112333821,0.0004,0.0,5467.359,22
6,24,1.817549211247137,3.285109921953393,-0.0006693878606037,27.897926305281175,0.0006,0.0,5478.141,22
6,24,1.817549211247137,3.2851276843182347,-0.002913125031316,27.88980356389454,0.0006,0.0,5488.891,22
6,24,1.817549211247137,3.285396752607728,-0.001791023649671,27.873373792834972,0.0006,0.0,5499.547,22
6,24,1.817549211247137,3.2854964087899754,-0.0018134425740134,27.863814948293903,0.0006,0.0,5510.266,22
6,24,1.817549211247137,3.2858564766228366,-0.0011370869629076,27.85302626040218,0.0006,0.0,5520.953,22
6,24,1.817549211247137,3.294978535901464,-0.0025660561977935,27.458980609239603,0.0006,0.0,6046.172,22
6,24,1.817549211247137,3.295208603397394,8.997686458044177e-05,27.44923553866581,0.0006,0.0,6056.875,22
6,24,1.817549211247137,3.29534745732277,-0.0023467463735625,27.438154878850824,0.0006,0.0,6067.578,22
6,24,1.817549211247137,3.2955008819514537,-0.0038512072678443,27.448369218516635,0.0006,0.0,6078.266,22
6,24,1.817549211247137,3.2956366214668504,-0.0017733513574633,27.426550838279997,0.0006,0.0,6089.016,22
6,24,1.817549211247137,3.295935722005792,-0.0035844224056166,27.41957777274185,0.0006,0.0,6099.703,22
6,24,1.817549211247137,3.292481887376125,-0.0009794273358077,27.54497396790612,0.0004,-0.0,5885.297,22
6,24,1.817549211247137,3.2926296039484497,0.0009503238446147,27.542529718256883,0.0006,-0.0,5896.0,22
6,24,1.817549211247137,3.292807476190949,-0.0006862403984316,27.533519683472125,0.0006,0.0,5906.75,22
6,24,1.817549211247137,3.2930215065635053,3.33412751169152e-05,27.532784178258414,0.0006,0.0,5917.469,22
6,24,1.817549211247137,3.293172711765037,0.0009658473597954,27.522251384245465,0.0006,0.0,5928.156,22
6,24,1.817549211247137,3.296203750515958,-0.0033905134515552,27.41247674049204,0.0006,-0.0,6110.453,22
6,24,1.817549211247137,3.2963014422837738,0.0010650341846523,27.420916369577498,0.0004,0.0,6121.156,22
6,24,1.817549211247137,3.2936556353682565,-0.0003547545562455,27.50464782699605,0.0006,0.0,5960.328,22
6,24,1.817549211247137,3.2909344394946034,-0.0008144135392968,27.619017091338748,0.0004,0.0,5799.609,22
6,24,1.817549211247137,3.291097604179204,-0.0005765815180204,27.60501024991664,0.0006,0.0,5810.297,22
6,24,1.817549211247137,3.2913230665912065,-0.0019361830364311,27.599903155251432,0.0006,0.0,5821.031,22
6,24,1.817549211247137,3.291394211486733,-0.0024669508983715,27.59103365860549,0.0006,0.0,5831.734,22
6,24,1.817549211247137,3.291619837930102,0.0001596043319963,27.58197160896043,0.0006,-0.0,5842.484,22
6,24,1.817549211247137,3.294626525127534,-0.0017919952944048,27.46300084575774,0.0006,0.0,6024.703,22
6,24,1.817549211247137,3.294923702977,-0.0007953458022691,27.45969185479918,0.0006,0.0,6035.391,22
6,24,1.817549211247137,3.2921106482423546,0.00123533342399,27.55509651004703,0.0004,0.0,5874.609,22
6,24,1.817549211247137,4.006805774151121,-0.0005250764158231,30.62474005996232,0.0006,3.996,359.328,22
6,24,1.817549211247137,3.57110789121922,-4.025278325456209,30.69802938057996,3.996,1.688,369.625,22
6,24,1.817549211247137,4.001086039300447,-0.0004193061348773,30.81838445717544,0.0006,3.991,379.875,22
6,24,1.817549211247137,3.67456977826777,-4.024336831205186,27.09608603843619,3.996,1.77,61.062,22
6,24,1.817549211247137,4.113558536237917,-0.0003932179153007,27.26729674608353,0.0006,4.111,71.328,22
6,24,1.817549211247137,3.2932570073364063,6.432779991187183e-06,27.51089979648722,0.0006,0.0,5938.906,22
6,24,1.817549211247137,3.293574438005637,-0.0021740996461578,27.513195750874477,0.0006,0.0,5949.578,22
6,24,1.817549211247137,3.290648461563048,-0.0007350832032345,27.620930397172906,0.0006,0.0,5788.891,22
6,24,1.817549211247137,3.291819711589955,0.0007215859448428,27.571711778792416,0.0006,0.0,5853.219,22
6,24,1.817549211247137,3.292053756126864,-0.0004706892808978,27.56443168839836,0.0006,0.0,5863.891,22
6,24,1.817549211247137,3.30010526289779,-0.0028245968262206,27.283279220431385,0.0006,0.0,6389.187,22
6,24,1.817549211247137,3.300429160201348,-0.0016779115345129,27.27517080977956,0.0006,0.0,6399.969,22
6,24,1.817549211247137,3.300511927786672,-0.0005492197978202,27.265140851477057,0.0006,0.0,6410.672,22
6,24,1.817549211247137,3.5794006073434583,-4.024451002037622,30.2790340296326,3.996,1.696,328.484,22
6,24,1.817549211247137,4.011974057629002,0.0010537897022183,30.40610355221112,0.0006,4.002,338.781,22
6,24,1.817549211247137,3.5754409182896287,-4.025297007102957,30.4900973071804,3.996,1.691,349.047,22
6,24,1.817549211247137,3.2991289172012945,-0.0007729649051935,27.306859011372524,0.0004,0.0,6314.172,22
6,24,1.817549211247137,3.299327065466715,-0.0002396569076253,27.306123969017,0.0006,0.0,6324.844,22
6,24,1.817549211247137,3.299472638215935,-0.0023630977865647,27.301579116959584,0.0006,0.0,6335.516,22
6,24,1.817549211247137,3.29957109640446,-0.0011684640673747,27.297457996331207,0.0006,0.0,6346.328,22
6,24,1.817549211247137,3.299719257703296,-0.0013941470891653,27.29816999213781,0.0006,0.0,6357.078,22
6,24,1.817549211247137,3.602920159143099,-4.024001073625413,29.19885992823257,3.996,1.717,225.5,22
6,24,1.817549211247137,4.042172716226419,0.0007319059423563,29.33293953021097,0.0006,4.033,235.766,22
6,24,1.817549211247137,3.65963044505776,-4.025789600374892,27.39411035920703,3.996,1.76,81.625,22
6,24,1.817549211247137,3.3001667267284285,-0.0006019274808804,27.28769088640952,0.0006,0.0,6378.516,22
6,24,1.817549211247137,3.2976440257856248,-0.0018166922738493,27.36237472825918,0.0006,0.0,6217.578,22
6,24,1.817549211247137,3.2979720522266747,0.0002699912781165,27.35125749076449,0.0006,0.0,6228.375,22
6,24,1.817549211247137,3.298030788470376,-0.0023430296245045,27.33812627584977,0.0006,0.0,6239.125,22
6,24,1.817549211247137,3.298145328500372,-2.226594379743443e-05,27.33755053794188,0.0006,0.0,6249.828,22
6,24,1.817549211247137,3.29827066243774,-0.0011474828517911,27.32836037507676,0.0006,-0.0,6260.594,22
6,24,1.817549211247137,3.2986000358806344,0.000816401082687,27.325818152550724,0.0006,0.0,6271.266,22
6,24,1.817549211247137,3.2989058513863543,-0.002390815234497,27.308788911817764,0.0004,-0.0,6303.453,22
6,24,1.817549211247137,3.298908735601206,-0.0022456498300741,27.32301170190972,0.0006,0.0,6292.719,22
6,24,1.817549211247137,3.296415731281939,-0.0017522593545856,27.40391372785105,0.0006,0.0,6131.828,22
6,24,1.817549211247137,3.2965871797011603,-0.002223787755551,27.404252592328927,0.0004,0.0,6142.516,22
6,24,1.817549211247137,3.2966495315289497,-0.0005121528218139,27.393014157570125,0.0006,-0.0,6153.234,22
6,24,1.817549211247137,3.296798615344907,0.0005539665240609,27.385878893287558,0.0006,-0.0,6163.969,22
6,24,1.817549211247137,3.2972155871506823,0.0023731649355938,27.386417995627934,0.0006,-0.0,6174.734,22
6,24,1.817549211247137,3.2973902369894184,0.0010356264955706,27.37788068577872,0.0004,0.0,6185.422,22
6,24,1.817549211247137,3.299847205537954,-0.0026363126494025,27.29284710307705,0.0006,0.0,6367.844,22
6,24,1.817549211247137,3.293797656289596,-0.0013760318432911,27.49654487921009,0.0004,0.0,5971.031,22
6,24,1.817549211247137,3.2940463273272007,-4.400213790725092e-05,27.49057767427964,0.0006,0.0,5981.75,22
6,24,1.817549211247137,3.294226015760964,0.0007188815613821,27.480713404242177,0.0006,0.0,5992.422,22
6,24,1.817549211247137,3.294441678125688,0.0023057584358348,27.473946804477816,0.0006,0.0,6003.187,22
6,24,1.817549211247137,3.294544488331837,-4.01532509499356e-06,27.467924696095903,0.0006,-0.0,6013.922,22
6,24,1.817549211247137,3.2973520453843057,-0.0016817749512205,27.37230161773473,0.0006,0.0,6196.125,22
6,24,1.817549211247137,3.2975061014537066,-0.0016848476932271,27.37561887667953,0.0004,0.0,6206.891,22
6,24,1.817549211247137,3.298553118311913,-0.0008045411148476,27.3233863118838,0.0006,0.0,6282.0,22
6,24,1.817549211247137,3.423119960325539,-4.02339322051306,33.304343655177114,3.996,1.547,1048.594,22
6,24,1.817549211247137,3.8305256751366903,-0.000877446787629,33.371014308304495,0.0006,3.824,1058.828,22
6,24,1.817549211247137,3.450740605676417,-4.023732524265069,33.073823092434054,3.996,1.575,904.578,22
6,24,1.817549211247137,3.85986866684012,-0.0006056362382969,33.08146331038835,0.0006,3.852,914.812,22
6,24,1.817549211247137,3.4464216015495754,-4.0240023295293765,33.063893033799665,3.996,1.572,925.172,22
6,24,1.817549211247137,3.855434239086218,0.0003312198411222,33.08180922701936,0.0006,3.849,935.406,22
6,24,1.817549211247137,3.442680687971165,-4.024160741199957,33.066377847573136,3.996,1.569,945.672,22
6,24,1.817549211247137,3.85143381553539,-0.0005717996893854,33.14427256154211,0.0006,3.844,955.969,22
6,24,1.817549211247137,3.438580222186138,-4.023650859703344,33.10789997369406,3.996,1.563,966.281,22
6,24,1.817549211247137,3.847075277422456,0.0004484284490729,33.18702927167161,0.0006,3.84,976.562,22
6,24,1.817549211247137,3.46740618803988,-4.025517296153119,33.117555790066675,3.996,1.592,822.359,22
6,24,1.817549211247137,3.8771430256597,0.0003054771967698,33.127967857317536,0.0006,3.87,832.609,22
6,24,1.817549211247137,3.463089645831706,-4.02315875236633,33.02832000021108,3.996,1.588,842.906,22
6,24,1.817549211247137,3.8727238955458234,-0.0006456229955266,33.04449300886166,0.0004,3.867,853.172,22
6,24,1.817549211247137,3.459016708856201,-4.026317610901478,33.044347204743175,3.996,1.585,863.453,22
6,24,1.817549211247137,3.868389470429957,-0.00150389127189,33.07382648936775,0.0006,3.862,873.687,22
6,24,1.817549211247137,3.454770538062499,-4.026238425510421,33.061259230680164,3.996,1.581,883.969,22
6,24,1.817549211247137,3.864161106101704,-0.0007936992745227,33.08505920323606,0.0006,3.857,894.266,22
6,24,1.817549211247137,3.484557269850079,-4.025677650650741,33.12602282531322,3.996,1.603,739.984,22
6,24,1.817549211247137,3.8948048159086346,0.0008602546186646,33.1509536298212,0.0006,3.888,750.266,22
6,24,1.817549211247137,3.480394393026956,-4.025577473321363,33.148160346478164,3.996,1.601,760.5,22
6,24,1.817549211247137,3.890445848423727,-0.0020908172019986,33.1098403420524,0.0006,3.884,770.828,22
6,24,1.817549211247137,3.4758213039892287,-4.023538576776868,33.128374428106326,3.996,1.595,781.187,22
6,24,1.817549211247137,3.8856938373230903,-0.0002299047106033,33.150742092544704,0.0006,3.88,791.453,22
6,24,1.817549211247137,3.4716836525977794,-4.025426249722617,33.15656013236249,3.996,1.593,801.687,22
6,24,1.817549211247137,3.881695247115748,-0.000846742525883,33.16951710758568,0.0006,3.875,812.031,22
6,24,1.817549211247137,3.3765388524464357,-4.0247717460158885,34.186426690126645,3.996,1.493,1316.234,22
6,24,1.817549211247137,3.7801129989070654,-0.0004002248524811,34.27397761612255,0.0006,3.774,1326.547,22
6,24,1.817549211247137,3.3730467385548293,-4.025101959459446,34.25941580535539,3.996,1.492,1336.828,22
6,24,1.817549211247137,3.776567603531858,0.0013918374511818,34.32495630682704,0.0006,3.77,1347.094,22
6,24,1.817549211247137,3.3696619864637256,-4.024519167629849,34.304771313830045,3.996,1.488,1357.391,22
6,24,1.817549211247137,3.772597981906791,0.0010926143551148,34.370547710897505,0.0006,3.766,1367.672,22
6,24,1.817549211247137,3.693789122410323,-4.0230869027860825,26.78986696010041,3.996,1.788,40.422,22
6,24,1.817549211247137,4.12830061750456,-0.000385690413794,26.961024514051687,0.0006,4.127,50.75,22
6,24,1.817549211247137,3.628571557591875,-4.024369055314081,28.222612283405223,3.996,1.73,143.234,22
7,24,1.839863822522073,3.293458397861026,-0.0006977429769406,27.389810909397703,0.0006,0.0,6355.328,21
7,24,1.839863822522073,3.2936327386198707,-0.0028184635862019,27.38655314941916,0.0006,0.0,6366.172,21
7,24,1.839863822522073,3.2925170786526228,-0.0023156217197495,27.43055293786105,0.0006,0.0,6268.985,21
7,24,1.839863822522073,3.292530265119492,-0.0003098561275324,27.425492458858216,0.0006,0.0,6279.766,21
7,24,1.839863822522073,3.294608311827563,-0.0019570942115379,27.35401977718572,0.0004,0.0,6463.328,21
7,24,1.839863822522073,3.294884807221285,-0.0004447741695225,27.358176217697544,0.0006,0.0,6474.156,21
7,24,1.839863822522073,3.292877109764168,-0.0033755871921458,27.40402338305445,0.0006,0.0,6312.094,21
7,24,1.839863822522073,3.293063308400589,-0.0008309511691717,27.40092440052557,0.0006,0.0,6322.86,21
7,24,1.839863822522073,3.29357043211616,-0.0002504691756296,27.39316636228525,0.0006,0.0,6333.703,21
7,24,1.839863822522073,3.2934661405327463,-0.0001706994946045,27.392588684239275,0.0006,0.0,6344.516,21
7,24,1.839863822522073,3.291423230328421,-0.0016256076336272,27.474918496152068,0.0006,0.0,6182.547,21
7,24,1.839863822522073,3.2915074910590776,-0.0013911246616455,27.474634884173184,0.0006,-0.0,6193.375,21
7,24,1.839863822522073,3.293634413991977,-0.0013918645376721,27.38525150791077,0.0006,0.0,6376.953,21
7,24,1.839863822522073,3.2938737399600435,-0.0010352260172622,27.37540918526823,0.0006,0.0,6387.703,21
7,24,1.839863822522073,3.2919033558518005,-0.0001696156324598,27.454415656409584,0.0006,0.0,6225.719,21
7,24,1.839863822522073,3.2920247463708847,-0.0001778821527981,27.440811671096363,0.0006,-0.0,6236.5,21
7,24,1.839863822522073,3.2922714791330017,-0.0006014895742252,27.442262350817117,0.0006,0.0,6247.297,21
7,24,1.839863822522073,3.292145042834087,0.0002058521941998,27.441023754071104,0.0006,0.0,6258.172,21
7,24,1.839863822522073,3.291589801060149,-0.0018911718962874,27.46638284463987,0.0004,0.0,6204.156,21
7,24,1.839863822522073,3.291731935870822,-0.0011254205930871,27.462181979633414,0.0004,-0.0,6214.953,21
7,24,1.839863822522073,3.292867270144379,-0.0007088480719298,27.418402610579992,0.0006,0.0,6290.547,21
7,24,1.839863822522073,3.292864025721665,-0.0005165819775997,27.41146967503888,0.0004,0.0,6301.344,21
7,24,1.839863822522073,3.2908357589772907,-0.0006371297249485,27.49881347583989,0.0004,0.0,6139.297,21
7,24,1.839863822522073,3.290992438528378,-0.0014052710400333,27.495142907960155,0.0004,-0.0,6150.125,21
7,24,1.839863822522073,3.291048017824419,-0.0031346950293697,27.484814942252235,0.0006,-0.0,6160.938,21
7,24,1.839863822522073,3.2912254238648773,-0.0018962291574288,27.4760934515876,0.0006,-0.0,6171.766,21
7,24,1.839863822522073,4.1101536747723255,-0.0017115998861291,27.578429454145336,0.0006,4.104,113.422,21
7,24,1.839863822522073,3.6630881118698606,-4.02497819354832,27.681044132045088,3.996,1.767,123.781,21
7,24,1.839863822522073,3.940295013946346,-0.000690236754952,32.48208419843956,0.0006,3.932,632.75,21
7,24,1.839863822522073,3.5230266279535827,-4.024279636455015,32.510308284612506,3.996,1.647,643.11,21
7,24,1.839863822522073,3.933981053266668,-0.0043764243327804,32.57474592264357,0.0006,3.925,653.469,21
7,24,1.839863822522073,3.5176457712953444,-4.027224470374415,32.61821323258385,3.996,1.641,663.813,21
7,24,1.839863822522073,3.927843191003546,-0.0003507681388017,32.671416054660455,0.0006,3.92,674.141,21
7,24,1.839863822522073,3.512677389845002,-4.02452355053822,32.70504714048589,3.996,1.635,684.516,21
7,24,1.839863822522073,4.16664013003035,0.0016105564744659,26.431383307168986,0.0006,4.169,30.469,21
7,24,1.839863822522073,3.721683448870062,-4.024824699030215,26.573918442094705,3.996,1.805,40.875,21
7,24,1.839863822522073,3.99965226461509,-0.0001139893269285,30.98037536122549,0.0006,3.99,445.781,21
7,24,1.839863822522073,3.570760301663223,-4.024338580712016,31.04710705863588,3.996,1.692,456.156,21
7,24,1.839863822522073,3.8625569886922473,0.0002648400121766,32.98855497458767,0.0006,3.854,964.766,21
7,24,1.839863822522073,3.450088188174407,-4.0276459362796615,32.98840785678454,3.996,1.576,975.156,21
7,24,1.839863822522073,3.858355125359623,0.0009179213678201,33.030877343161066,0.0006,3.85,985.516,21
7,24,1.839863822522073,3.4465137673139377,-4.0224160562225935,33.030058689380475,3.996,1.572,995.828,21
7,24,1.839863822522073,3.8541602711569087,0.00162098395087,33.06707862173337,0.0006,3.847,1006.172,21
7,24,1.839863822522073,3.441663948468732,-4.023893879108138,33.047228848206295,3.996,1.567,1016.656,21
7,24,1.839863822522073,4.02151353493774,-2.5163406439263443e-05,30.243351581847453,0.0006,4.013,362.688,21
7,24,1.839863822522073,3.588962673711874,-4.025659483780844,30.302011811268247,3.996,1.708,373.094,21
7,24,1.839863822522073,4.06769189221502,-0.0029096604141002,28.787733017704245,0.0006,4.06,217.172,21
7,24,1.839863822522073,3.625469764860939,-4.023481933764387,28.871867881955176,3.996,1.739,227.563,21
7,24,1.839863822522073,4.060098546536003,-0.0012227380501984,29.01232141457733,0.0006,4.052,237.953,21
7,24,1.839863822522073,3.6193030991724338,-4.0256741860501,29.102781423897905,3.996,1.736,248.313,21
7,24,1.839863822522073,4.053068347456384,-0.0006176223808612,29.223614957378715,0.0006,4.043,258.719,21
7,24,1.839863822522073,3.613453514341991,-4.025526696430619,29.3023539237868,3.996,1.731,269.156,21
7,24,1.839863822522073,4.045777292382393,0.000571171300357,29.444298050749037,0.0006,4.037,279.485,21
7,24,1.839863822522073,3.608236038168041,-4.025196185248697,29.534253397260105,3.996,1.726,289.86,21
7,24,1.839863822522073,4.100605307226592,-0.0011237843955451,27.84324710439867,0.0006,4.094,134.172,21
7,24,1.839863822522073,3.654066336238748,-4.025737357269686,27.932373686226708,3.996,1.758,144.531,21
7,24,1.839863822522073,4.091505220518733,0.0007078582679225,28.079662856519352,0.0006,4.085,154.875,21
7,24,1.839863822522073,3.6456665906396433,-4.024668456464626,28.17223048149807,3.996,1.752,165.25,21
7,24,1.839863822522073,4.083092140681805,-0.0008446548521884,28.33082138922489,0.0006,4.076,175.625,21
7,24,1.839863822522073,3.6383892617318745,-4.024771516579389,28.410981411010813,3.996,1.747,186.0,21
7,24,1.839863822522073,4.07516165113926,-7.891015015024743e-05,28.56175866912136,0.0006,4.065,196.375,21
7,24,1.839863822522073,3.63152057460551,-4.026446948648411,28.638668495997667,3.996,1.745,206.75,21
7,24,1.839863822522073,4.147814124186223,-0.0009180042936055,26.755230579235825,0.0006,4.148,51.266,21
7,24,1.839863822522073,3.70230678319746,-4.025545443296075,26.865217741605043,3.996,1.791,61.61,21
7,24,1.839863822522073,4.133309843057797,-0.000391450919427,27.042809487908187,0.0006,4.13,71.985,21
7,24,1.839863822522073,3.686995496577561,-4.025740974375986,27.157778370820346,3.996,1.786,82.344,21
7,24,1.839863822522073,4.121044979382209,-0.0007283413540307,27.31377711166129,0.0006,4.116,92.672,21
7,24,1.839863822522073,3.673783397096457,-4.025058085727244,27.42340514464153,3.996,1.777,103.11,21
7,24,1.839863822522073,3.902560608550613,0.0001495827396062,32.920715069643784,0.0006,3.896,777.891,21
7,24,1.839863822522073,3.489464763433894,-4.024777304248556,32.91541285979324,3.996,1.611,788.297,21
7,24,1.839863822522073,3.7968509156335446,0.0003891710243552,33.84385481556034,0.0006,3.79,1296.766,21
7,24,1.839863822522073,3.389040082669436,-4.024302185096478,33.88173277590111,3.996,1.516,1307.11,21
7,24,1.839863822522073,3.793392702667045,-0.0020671767934267,33.96782675312919,0.0004,3.787,1317.531,21
7,24,1.839863822522073,3.385626580577106,-4.024042771611616,33.98419598183201,3.996,1.513,1327.844,21
7,24,1.839863822522073,3.789452770246891,-0.00152858769622,33.99444667414983,0.0006,3.784,1338.172,21
7,24,1.839863822522073,3.382029764955117,-4.025647328560926,33.98225107613776,3.996,1.511,1348.5,21
7,24,1.839863822522073,3.9222064983414553,0.0007448462441707,32.77705859235056,0.0006,3.915,694.844,21
7,24,1.839863822522073,3.507905833148674,-4.025825399529496,32.769430658504824,3.996,1.629,705.235,21
7,24,1.839863822522073,3.968246744516072,0.0034142010656882,31.856064028978544,0.0006,3.957,549.735,21
7,24,1.839863822522073,3.544668160841649,-4.028169008527116,31.911820633343464,3.996,1.668,560.172,21
7,24,1.839863822522073,3.961044007534456,0.0013677214208309,32.03016921766331,0.0006,3.95,570.485,21
7,24,1.839863822522073,3.538983490360133,-4.023557539852461,32.07902329060521,3.996,1.662,580.938,21
7,24,1.839863822522073,3.954171575009661,-0.0014666089600713,32.19314441541699,0.0006,3.944,591.328,21
7,24,1.839863822522073,3.5339731872099778,-4.02459099717962,32.21260843469435,3.996,1.657,601.641,21
7,24,1.839863822522073,3.947568396885132,-0.0027507668793783,32.33030307102462,0.0006,3.938,611.953,21
7,24,1.839863822522073,3.528229543932776,-4.027348528806371,32.385552560458514,3.996,1.653,622.438,21
7,24,1.839863822522073,3.9937305256300304,-0.0022069083185876,31.16243185703477,0.0006,3.982,466.516,21
7,24,1.839863822522073,3.565696241849419,-4.024266210208213,31.22010642173924,3.996,1.69,476.922,21
7,24,1.839863822522073,3.987588254214851,-2.4190898334465796e-05,31.35126004883989,0.0006,3.976,487.391,21
7,24,1.839863822522073,3.5607348166222934,-4.024454358968679,31.402297996965714,3.996,1.683,497.75,21
7,24,1.839863822522073,3.9812966883360783,-0.0033370208038315,31.528519264761123,0.0006,3.97,508.156,21
7,24,1.839863822522073,3.555719096888544,-4.024747678291829,31.5763579316786,3.996,1.678,518.531,21
7,24,1.839863822522073,3.974956324893314,-0.0010490272990693,31.69312897167169,0.0004,3.964,528.953,21
7,24,1.839863822522073,3.550325866389129,-4.025263369342808,31.745378992922163,3.996,1.674,539.391,21
7,24,1.839863822522073,4.016059375846572,-0.0010531048378752,30.42410889960413,0.0006,4.006,383.453,21
7,24,1.839863822522073,3.584522785245824,-4.022818892594808,30.49710498221021,3.996,1.704,393.813,21
7,24,1.839863822522073,4.01061932785332,0.0004887194450833,30.61334902014084,0.0006,3.999,404.219,21
7,24,1.839863822522073,3.5800709128693016,-4.025386154024512,30.68657744328086,3.996,1.7,414.578,21
7,24,1.839863822522073,4.005211509366155,0.0008559341987313,30.792306340703945,0.0006,3.994,424.953,21
7,24,1.839863822522073,3.5754116713741806,-4.023616015828866,30.8495487123356,3.996,1.698,435.36,21
7,24,1.839863822522073,3.8328857511650223,-0.0004959775375307,33.26385560796381,0.0006,3.826,1110.016,21
7,24,1.839863822522073,3.4220521173546645,-4.025210676825663,33.274377911172586,3.996,1.548,1120.344,21
7,24,1.839863822522073,3.740993985010161,-3.051271675773176e-05,34.742539664063365,0.0006,3.734,1628.735,21
7,24,1.839863822522073,3.3356230691137747,-4.0254877516622685,34.71609454880628,3.996,1.481,1639.094,21
7,24,1.839863822522073,3.737779847344972,0.0015374431703128,34.78755110985721,0.0006,3.731,1649.485,21
7,24,1.839863822522073,3.332580632666802,-4.0264024346492855,34.79063066659081,3.996,1.477,1659.875,21
7,24,1.839863822522073,3.73479042493725,-0.0014814505165459,34.876280417152564,0.0006,3.728,1670.25,21
7,24,1.839863822522073,3.3298510535335213,-4.025045235117154,34.863536909063534,3.996,1.473,1680.672,21
7,24,1.839863822522073,3.849600468288571,-0.0005891820440501,33.1197464771941,0.0006,3.842,1026.985,21
7,24,1.839863822522073,3.4375732084606776,-4.025314769843517,33.10161699549892,3.996,1.563,1037.391,21
7,24,1.839863822522073,3.880322633465388,0.0001224381914356,32.95209142147603,0.0006,3.873,881.656,21
7,24,1.839863822522073,3.4676223417977736,-4.02297713633496,32.93787861883427,3.996,1.592,892.0,21
7,24,1.839863822522073,3.8760436838806736,-0.0013565283913438,32.96313596835651,0.0006,3.868,902.391,21
7,24,1.839863822522073,3.462863596918237,-4.024681573830904,32.93749972571639,3.996,1.587,912.844,21
7,24,1.839863822522073,3.871339441139089,0.0004698710933892,32.94830638159281,0.0006,3.864,923.203,21
7,24,1.839863822522073,3.4587086245849474,-4.024055084723776,32.93203292362128,3.996,1.583,933.672,21
7,24,1.839863822522073,3.866992917545988,-0.0014309692304352,32.968580749252375,0.0006,3.859,944.094,21
7,24,1.839863822522073,3.4546577840123027,-4.024280913127596,32.98058695929354,3.996,1.581,954.453,21
7,24,1.839863822522073,3.8979421060663086,-8.603948334309056e-05,32.94310312071094,0.0006,3.892,798.641,21
7,24,1.839863822522073,3.485073612596518,-4.023628712520962,32.92118163649614,3.996,1.609,809.0,21
7,24,1.839863822522073,3.893461080580305,-0.0011740116267343,32.91615798956742,0.0004,3.886,819.375,21
7,24,1.839863822522073,3.480554891101636,-4.025743256976822,32.9169529921339,3.996,1.605,829.766,21
7,24,1.839863822522073,3.888863905229736,-0.0029231737144658,32.92695606977058,0.0006,3.882,840.172,21
7,24,1.839863822522073,3.476069928025466,-4.0267872074609325,32.93437658125528,3.996,1.601,850.563,21
7,24,1.839863822522073,3.8844410307592137,0.0006418166604111,32.9384617721369,0.0006,3.877,860.875,21
7,24,1.839863822522073,3.4717072165874763,-4.022774876007526,32.91712411134296,3.996,1.596,871.235,21
7,24,1.839863822522073,3.916849303548757,0.0018422087630314,32.8104216554182,0.0006,3.91,715.594,21
7,24,1.839863822522073,3.5032659785899423,-4.025791796165662,32.8581627147577,3.996,1.624,725.906,21
7,24,1.839863822522073,3.9121673216338553,0.0005905580003169,32.91047386108859,0.0006,3.904,736.313,21
7,24,1.839863822522073,3.4986540532347714,-4.025310004106164,32.84186748638734,3.996,1.622,746.703,21
7,24,1.839863822522073,3.907246604148816,-0.0002741749094801,32.91520622736575,0.0006,3.899,757.094,21
7,24,1.839863822522073,3.4939047555804605,-4.02402333706786,32.91073426544136,3.996,1.615,767.531,21
7,24,1.839863822522073,3.771260302394187,-0.0005397574629227,34.233664326295646,0.0006,3.766,1441.844,21
7,24,1.839863822522073,3.3648341273653184,-4.023772145297561,34.25552744634066,3.996,1.492,1452.235,21
7,24,1.839863822522073,3.6972384420863578,0.0002358002982771,35.544767765487414,0.0006,3.692,1960.672,21
7,24,1.839863822522073,3.292370126158444,-4.02428950235041,35.53837112435799,3.996,1.434,1971.094,21
7,24,1.839863822522073,3.6947904007850942,0.0004208692899762,35.589021743838295,0.0006,3.689,1981.469,21
7,24,1.839863822522073,3.290012313479832,-4.024599203084922,35.574579568291206,3.996,1.432,1991.844,21
7,24,1.839863822522073,3.692525027343737,-0.001004945902128,35.62578501121878,0.0006,3.687,2002.156,21
7,24,1.839863822522073,3.2877239141564667,-4.025284205599189,35.62504001756872,3.996,1.429,2012.531,21
7,24,1.839863822522073,3.785836955693288,-0.0014582888407939,34.02303577399812,0.0006,3.779,1358.844,21
7,24,1.839863822522073,3.3784282250998663,-4.024967393594941,34.03978706513315,3.996,1.507,1369.188,21
7,24,1.839863822522073,3.812623321305988,-0.0013664962072052,33.58754540739733,0.0006,3.805,1213.813,21
7,24,1.839863822522073,3.403222193672256,-4.026301242504607,33.59486422695877,3.996,1.532,1224.203,21
7,24,1.839863822522073,3.808586476105289,-0.0012086231328761,33.65436891588132,0.0006,3.801,1234.547,21
7,24,1.839863822522073,3.399586864056313,-4.023276527763093,33.671699169186866,3.996,1.527,1244.969,21
7,24,1.839863822522073,3.804731069452511,0.0009020489614602,33.719253703042824,0.0006,3.797,1255.36,21
7,24,1.839863822522073,3.395897939346672,-4.025168758384139,33.72172091582028,3.996,1.524,1265.735,21
7,24,1.839863822522073,3.800836202535575,-0.0027407254928191,33.75621962989583,0.0006,3.794,1276.078,21
7,24,1.839863822522073,3.392454322030717,-4.023922316628605,33.803163959935254,3.996,1.52,1286.422,21
7,24,1.839863822522073,3.828759180801187,-8.72564597253636e-05,33.309442727749015,0.0006,3.821,1130.719,21
7,24,1.839863822522073,3.4182339731571623,-4.024024291953102,33.34177352840801,3.996,1.546,1141.156,21
7,24,1.839863822522073,3.8246542129044383,0.0006212487210517,33.40012195515576,0.0006,3.816,1151.5,21
7,24,1.839863822522073,3.4140907105462577,-4.02407220243836,33.38061341724827,3.996,1.542,1161.938,21
7,24,1.839863822522073,3.8205029618263526,0.0007357222751924,33.423525449849286,0.0006,3.814,1172.281,21
7,24,1.839863822522073,3.410445318428703,-4.024401593950655,33.47004271568679,3.996,1.537,1182.703,21
7,24,1.839863822522073,3.816575904382972,0.0019160858763605,33.52261402713261,0.0006,3.81,1193.125,21
7,24,1.839863822522073,3.4070334321649702,-4.025307321883225,33.507996614741664,3.996,1.533,1203.469,21
7,24,1.839863822522073,3.845219605507337,-0.0031821106243079,33.14182607930331,0.0006,3.838,1047.735,21
7,24,1.839863822522073,3.433823382070196,-4.025249417083121,33.142041085322745,3.996,1.559,1058.094,21
7,24,1.839863822522073,3.841473611764808,-0.0005668112291144,33.177465852700614,0.0006,3.834,1068.485,21
7,24,1.839863822522073,3.4297820955635148,-4.026285592012159,33.19720754319956,3.996,1.556,1078.922,21
7,24,1.839863822522073,3.8371170392269622,-0.0001138601883689,33.23809322120611,0.0006,3.83,1089.313,21
7,24,1.839863822522073,3.4262128285996285,-4.024208006044501,33.23755919183998,3.996,1.552,1099.688,21
7,24,1.839863822522073,3.720221189775835,-0.0006842674276336,35.10663806873923,0.0006,3.715,1773.906,21
7,24,1.839863822522073,3.315181833788529,-4.026050348912202,35.11228613266755,3.996,1.457,1784.297,21
7,24,1.839863822522073,3.6673629649544783,0.0020330425779225,36.28008787363333,0.0006,3.661,2292.828,21
7,24,1.839863822522073,3.2591518807196898,-4.025647077893578,36.25327274680994,3.996,1.403,2303.219,21
7,24,1.839863822522073,3.665554716249914,-0.0007606764645629,36.34324462307304,0.0006,3.659,2313.547,21
7,24,1.839863822522073,3.2570206538438327,-4.023718187821936,36.31603488005154,3.996,1.401,2323.938,21
7,24,1.839863822522073,3.6638194670083393,0.0003615125813077,36.36756976968851,0.0006,3.657,2334.297,21
7,24,1.839863822522073,3.2551623719083467,-4.023599140602321,36.36523549031704,3.996,1.399,2344.641,21
7,24,1.839863822522073,3.7316190361187416,-0.0006947537605671,34.92079842238287,0.0006,3.725,1691.031,21
7,24,1.839863822522073,3.326719751485076,-4.024080756802635,34.94143782670275,3.996,1.47,1701.391,21
7,24,1.839863822522073,3.753770260782441,-0.0008398801100025,34.53313983516676,0.0006,3.748,1545.75,21
7,24,1.839863822522073,3.3481882903395213,-4.024591198534937,34.56516979460332,3.996,1.476,1556.156,21
7,24,1.839863822522073,3.7505239896398233,-0.0010543832215921,34.612652788118346,0.0006,3.744,1566.5,21
7,24,1.839863822522073,3.3448832179784427,-4.024735831644106,34.613348165059044,3.996,1.473,1576.906,21
7,24,1.839863822522073,3.747156364305695,-0.0005875424831038,34.649052960664804,0.0006,3.741,1587.25,21
7,24,1.839863822522073,3.341701374142773,-4.024025125455651,34.692526792692064,3.996,1.469,1597.594,21
7,24,1.839863822522073,3.744177545081687,0.0003085577717023,34.7006074733157,0.0006,3.737,1607.969,21
7,24,1.839863822522073,3.338651828186583,-4.025055305538333,34.70370485869144,3.996,1.468,1618.344,21
7,24,1.839863822522073,3.7677787407122376,-0.0015747751120856,34.28606447746894,0.0006,3.762,1462.656,21
7,24,1.839863822522073,3.361209000838312,-4.024756326492329,34.30870348104051,3.996,1.489,1473.11,21
7,24,1.839863822522073,3.76428089326864,-0.0002387000949086,34.38082517402328,0.0006,3.758,1483.516,21
7,24,1.839863822522073,3.3578887272381093,-4.024545275009952,34.40598431421173,3.996,1.486,1493.875,21
7,24,1.839863822522073,3.76081727121957,-0.001598623209892,34.49988975269204,0.0006,3.754,1504.297,21
7,24,1.839863822522073,3.354848065976123,-4.026049482230962,34.505109047099374,3.996,1.483,1514.641,21
7,24,1.839863822522073,3.757422791271837,0.0004929858945988,34.54074166025913,0.0006,3.751,1524.969,21
7,24,1.839863822522073,3.351353928722665,-4.02421959680079,34.49910657291586,3.996,1.479,1535.406,21
7,24,1.839863822522073,3.782152729490244,5.031116484181363e-05,34.09148400889902,0.0006,3.776,1379.563,21
7,24,1.839863822522073,3.375152300572834,-4.024949571870428,34.117773204875085,3.996,1.503,1389.875,21
7,24,1.839863822522073,3.77860982379466,-0.0003448190196397,34.20543615519061,0.0006,3.772,1400.36,21
7,24,1.839863822522073,3.371608154040711,-4.025398972450848,34.21790745335316,3.996,1.499,1410.735,21
7,24,1.839863822522073,3.774722726371301,0.001981518979815,34.250434485220545,0.0006,3.768,1421.078,21
7,24,1.839863822522073,3.3680327022258423,-4.025127336657369,34.21841012698999,3.996,1.495,1431.422,21
7,24,1.839863822522073,3.682693573018976,0.0010842223472052,35.855501459268616,0.0006,3.676,2105.938,21
7,24,1.839863822522073,3.277369347199332,-4.026478448422222,35.824382173066766,3.996,1.42,2116.25,21
7,24,1.839863822522073,3.6379874261199134,0.0001422099562285,37.14196790355854,0.0006,3.629,2625.0,21
7,24,1.839863822522073,3.221611879459082,-4.024804271866832,37.15201440711179,3.996,1.369,2635.375,21
7,24,1.839863822522073,3.635342982344931,0.0002162559992305,37.225313891206895,0.0006,3.625,2645.735,21
7,24,1.839863822522073,3.218423218020518,-4.026089297018803,37.21225833388049,3.996,1.369,2656.11,21
7,24,1.839863822522073,3.632952444096956,0.001191325536771,37.29984246344881,0.0006,3.622,2666.453,21
7,24,1.839863822522073,3.2155647420807907,-4.024199349114088,37.26888516213253,3.996,1.366,2676.797,21
7,24,1.839863822522073,3.69071472250759,-0.0003090745600032,35.634440203204285,0.0006,3.685,2022.922,21
7,24,1.839863822522073,3.285646870656619,-4.024982534564749,35.627316017313994,3.996,1.427,2033.297,21
7,24,1.839863822522073,3.706660954201522,-0.0014596822077284,35.36867532776986,0.0006,3.7,1877.61,21
7,24,1.839863822522073,3.301873600295961,-4.026235806758906,35.3222538188244,3.996,1.444,1888.0,21
7,24,1.839863822522073,3.704221642304027,-0.0001336438898337,35.37390736371189,0.0004,3.698,1898.375,21
7,24,1.839863822522073,3.2994095406651054,-4.024891887215625,35.41645511915042,3.996,1.441,1908.781,21
7,24,1.839863822522073,3.701679863860848,-0.0011164277974516,35.43052459091441,0.0004,3.696,1919.125,21
7,24,1.839863822522073,3.2971301524350487,-4.025776056686033,35.430026528588364,3.996,1.439,1929.453,21
7,24,1.839863822522073,3.699345830279517,0.0008263854903263,35.46082319082094,0.0006,3.694,1939.875,21
7,24,1.839863822522073,3.294870274266035,-4.025179248584921,35.48426603415279,3.996,1.437,1950.235,21
7,24,1.839863822522073,3.717305721679165,-0.0012700789340768,35.198261365924054,0.0006,3.71,1794.625,21
7,24,1.839863822522073,3.312315125853506,-4.025579002450433,35.18078409902155,3.996,1.455,1805.047,21
7,24,1.839863822522073,3.7144566194074224,0.0002107109737632,35.19105728813756,0.0006,3.708,1815.375,21
7,24,1.839863822522073,3.3096319812134527,-4.024696718036858,35.13799130625085,3.996,1.452,1825.75,21
7,24,1.839863822522073,3.711725351145005,1.3745254656553192e-05,35.259350273659045,0.0006,3.705,1836.11,21
7,24,1.839863822522073,3.3068619297712027,-4.025018598018886,35.27763469588864,3.996,1.449,1846.516,21
7,24,1.839863822522073,3.709053278734029,-0.0008244567870198,35.30122374235185,0.0006,3.703,1856.875,21
7,24,1.839863822522073,3.304446458182635,-4.024700593399324,35.32594995285921,3.996,1.447,1867.235,21
7,24,1.839863822522073,3.728803499440422,0.0009997113498654,34.95196213719847,0.0006,3.722,1711.75,21
7,24,1.839863822522073,3.3238220486069703,-4.026766731240815,34.96008149117056,3.996,1.467,1722.125,21
7,24,1.839863822522073,3.725917096194505,0.0007340031662744,35.02022000949175,0.0006,3.72,1732.5,21
7,24,1.839863822522073,3.3210383673923736,-4.025592340181102,35.030368234737544,3.996,1.463,1742.844,21
7,24,1.839863822522073,3.723068620469111,0.0002154395530028,35.04399358409805,0.0006,3.717,1753.203,21
7,24,1.839863822522073,3.318219781229829,-4.023552407524998,35.01628853437684,3.996,1.46,1763.563,21
7,24,1.839863822522073,3.6556313752692495,8.459011953547934e-05,36.64270875195269,0.0006,3.647,2437.906,21
7,24,1.839863822522073,3.24467719774672,-4.023548614530314,36.67039839581508,3.996,1.391,2448.344,21
7,24,1.839863822522073,3.5825318918449174,0.0004978411422181,38.23901780677317,0.0006,3.568,2957.61,21
7,24,1.839863822522073,3.1490138713594824,-4.025598980893303,38.26269486537305,3.996,1.311,2968.047,21
7,24,1.839863822522073,3.5762290071722664,-0.001832674251057,38.30593829617092,0.0006,3.561,2978.406,21
7,24,1.839863822522073,3.140722890785423,-4.025914713545187,38.29628799672266,3.996,1.304,2988.828,21
7,24,1.839863822522073,3.56954642057484,-0.0003283972154797,38.42494496679545,0.0006,3.554,2999.172,21
7,24,1.839863822522073,3.1319670697401363,-4.023803560870905,38.40501856065735,3.996,1.296,3009.531,21
7,24,1.839863822522073,3.662302437312087,-0.0005825229845123,36.4382698846876,0.0006,3.655,2355.016,21
7,24,1.839863822522073,3.252923990707988,-4.024999902284581,36.42706525546043,3.996,1.397,2365.422,21
7,24,1.839863822522073,3.6739227266613934,0.0015051592030968,36.09456348243042,0.0006,3.666,2209.844,21
7,24,1.839863822522073,3.266645415511768,-4.024932730639852,36.04250123013857,3.996,1.409,2220.36,21
7,24,1.839863822522073,3.671749977925083,0.0010699013519553,36.129580717668944,0.0006,3.666,2230.625,21
7,24,1.839863822522073,3.264754137437269,-4.0284426372332245,36.14716883955105,3.996,1.407,2240.985,21
7,24,1.839863822522073,3.670344644462121,-5.997883288996543e-05,36.182424989027,0.0006,3.664,2251.391,21
7,24,1.839863822522073,3.2630403365560228,-4.023637133604673,36.175469271815565,3.996,1.405,2261.735,21
7,24,1.839863822522073,3.66891059021908,0.0012246086398094,36.19514509967219,0.0006,3.661,2272.156,21
7,24,1.839863822522073,3.2614032335559404,-4.024448051184279,36.21245782040884,3.996,1.403,2282.469,21
7,24,1.839863822522073,3.681065254508758,0.0004497859289212,35.882378905719065,0.0004,3.674,2126.703,21
7,24,1.839863822522073,3.275481811904598,-4.023998207091204,35.87304513322818,3.996,1.418,2137.031,21
7,24,1.839863822522073,3.67903166044602,-0.0003640996320627,35.93328861294781,0.0006,3.672,2147.422,21
7,24,1.839863822522073,3.273064615758566,-4.023068245625984,35.90690491248655,3.996,1.415,2157.797,21
7,24,1.839863822522073,3.677395298842878,-0.0015356348753605,35.99505394609538,0.0006,3.671,2168.203,21
7,24,1.839863822522073,3.2708620525630856,-4.025758468922804,35.98815772893428,3.996,1.414,2178.672,21
7,24,1.839863822522073,3.675600726064269,0.0002527666145943,36.02467586287568,0.0006,3.67,2189.047,21
7,24,1.839863822522073,3.2689128328047774,-4.024840166300993,36.022682869103264,3.996,1.413,2199.453,21
7,24,1.839863822522073,3.688327135591276,-0.0017828974356214,35.69618674763333,0.0006,3.683,2043.688,21
7,24,1.839863822522073,3.2833731922498064,-4.025964437461544,35.72857228238659,3.996,1.425,2054.125,21
7,24,1.839863822522073,3.6865532785343738,-0.0017122724074911,35.7752492901443,0.0006,3.681,2064.485,21
7,24,1.839863822522073,3.2813266324375308,-4.023339548652983,35.787709078861546,3.996,1.423,2074.828,21
7,24,1.839863822522073,3.6845721349288536,-0.0025833367091725,35.801482286256594,0.0006,3.679,2085.172,21
7,24,1.839863822522073,3.2792618900751638,-4.025356190792641,35.80254691067258,3.996,1.422,2095.547,21
7,24,1.839863822522073,3.619557800273073,-0.0005508042453371,37.57541741369794,0.0006,3.608,2770.469,21
7,24,1.839863822522073,3.1982168870324568,-4.023508956482311,37.58828241144507,3.996,1.35,2780.828,21
7,24,1.839863822522073,3.246024372541983,0.0013953401147965,39.91142250458029,0.0006,3.212,3289.922,21
7,24,1.839863822522073,2.697170916465573,-4.02471140110257,39.94163265206263,3.996,0.93,3300.344,21
7,24,1.839863822522073,3.177072006531453,-0.0009271320310962,40.08173181554965,0.0006,3.138,3310.735,21
7,24,1.839863822522073,2.5836508644089977,-4.023949196057471,40.06950655625131,3.996,0.851,3321.094,21
7,24,1.839863822522073,3.083395981228472,-3.8019056993365305e-05,40.22930645248144,0.0006,3.035,3331.594,21
7,24,1.839863822522073,2.3848142479183148,-4.023538614369477,40.2671080859972,3.996,0.723,3342.219,21
7,24,1.839863822522073,3.6307051619869073,-0.0004809637925301,37.336360534932496,0.0006,3.62,2687.156,21
7,24,1.839863822522073,3.212022691277645,-4.02513759960347,37.32323960089556,3.996,1.363,2697.61,21
7,24,1.839863822522073,3.646342575935291,0.0006190993989741,36.904846674274346,0.0006,3.638,2541.875,21
7,24,1.839863822522073,3.232094229820842,-4.023791347719075,36.8955912254296,3.996,1.378,2552.313,21
7,24,1.839863822522073,3.644340452011652,7.918310534128796e-05,36.93670708476298,0.0006,3.635,2562.672,21
7,24,1.839863822522073,3.2297737677906597,-4.0255943175619455,36.92232535309132,3.996,1.377,2573.094,21
7,24,1.839863822522073,3.642278000678803,-0.0004839162590677,36.95799210681744,0.0006,3.633,2583.453,21
7,24,1.839863822522073,3.227216171808304,-4.02627047942715,36.99460801401308,3.996,1.374,2593.813,21
7,24,1.839863822522073,3.6402657218381504,-0.0006402739945678,37.11364867291091,0.0006,3.629,2604.235,21
7,24,1.839863822522073,3.224370826636496,-4.024738640321108,37.12459879280218,3.996,1.372,2614.625,21
7,24,1.839863822522073,3.6541043243444142,-0.0002034094119093,36.70420385245729,0.0006,3.645,2458.75,21
7,24,1.839863822522073,3.2424488566498764,-4.024430395737505,36.67751629913206,3.996,1.389,2469.11,21
7,24,1.839863822522073,3.65220027518639,-0.0017801224365163,36.76147647347898,0.0006,3.643,2479.516,21
7,24,1.839863822522073,3.2399475878878023,-4.026190982103924,36.75475539893111,3.996,1.387,2489.891,21
7,24,1.839863822522073,3.650411185083631,-0.0004294777606332,36.79245414337658,0.0006,3.641,2500.313,21
7,24,1.839863822522073,3.2375643385139954,-4.026089009379688,36.74107740541668,3.996,1.385,2510.703,21
7,24,1.839863822522073,3.648386266661691,0.0010776861525518,36.8362287676113,0.0006,3.639,2521.094,21
7,24,1.839863822522073,3.235043307202547,-4.024169135773828,36.80573721370092,3.996,1.383,2531.5,21
7,24,1.839863822522073,3.660715385664568,0.0009032566193187,36.50151017673915,0.0006,3.653,2375.766,21
7,24,1.839863822522073,3.251076394783292,-4.024107070797832,36.46706706810357,3.996,1.395,2386.11,21
7,24,1.839863822522073,3.659228413717965,-0.0032374105583418,36.51056480411361,0.0006,3.652,2396.469,21
7,24,1.839863822522073,3.248797856331715,-4.024894863885681,36.5355342612736,3.996,1.392,2406.828,21
7,24,1.839863822522073,3.657423052733495,-0.0027763753595271,36.60907461960085,0.0006,3.649,2417.203,21
7,24,1.839863822522073,3.246816846468337,-4.024002454189946,36.58733269650672,3.996,1.393,2427.547,21
7,24,1.839863822522073,3.520862100059708,-0.0004554756885349,38.802685748363615,0.0006,3.501,3102.969,21
7,24,1.839863822522073,3.06610047601259,-4.024713710026252,38.82016593319076,3.996,1.24,3113.36,21
7,24,1.839863822522073,3.135154036880061,-0.0019130285090213,37.33274942924382,0.0006,0.0,3632.594,21
7,24,1.839863822522073,3.139816461183403,-0.0020311900616298,37.14107724466451,0.0006,-0.0,3643.375,21
7,24,1.839863822522073,3.1442803514262883,-3.263570357942303e-05,37.02015494071456,0.0004,-0.0,3654.156,21
7,24,1.839863822522073,3.1484916969046792,0.0002010909819188,36.88825422508405,0.0004,0.0,3664.969,21
7,24,1.839863822522073,3.1525587679811906,-0.0007736295431372,36.73402281810073,0.0006,0.0,3675.828,21
7,24,1.839863822522073,3.156148562725124,-0.0017439668727517,36.5783870180309,0.0006,0.0,3686.625,21
7,24,1.839863822522073,3.5619094631321127,0.0026617559873969,38.4561767759676,0.0008,3.545,3019.844,21
7,24,1.839863822522073,3.121862580110943,-4.023965386706079,38.46534710862563,3.996,1.286,3030.188,21
7,24,1.839863822522073,3.602000036963372,3.179237199171483e-05,37.925109433655535,0.0006,3.588,2874.469,21
7,24,1.839863822522073,3.1750537033625217,-4.023209700607732,37.9321120492719,3.996,1.332,2884.844,21
7,24,1.839863822522073,3.597874501561219,0.0019293526116474,37.97973387636306,0.0006,3.583,2895.297,21
7,24,1.839863822522073,3.169913648485798,-4.026532999150678,37.99687837916736,3.996,1.328,2905.656,21
7,24,1.839863822522073,3.593212211751527,-0.0028228772062071,38.09206860450666,0.0006,3.578,2916.063,21
7,24,1.839863822522073,3.1634197122544823,-4.025011273040649,38.093346668446586,3.996,1.32,2926.5,21
7,24,1.839863822522073,3.5880093550389858,5.495720079210373e-05,38.1859356911828,0.0006,3.574,2936.891,21
7,24,1.839863822522073,3.1569604951608343,-4.024226161468722,38.1466605973619,3.996,1.315,2947.281,21
7,24,1.839863822522073,3.61653232601936,-0.0009022729201384,37.67361457076763,0.0006,3.605,2791.203,21
7,24,1.839863822522073,3.193957690742034,-4.025515469650456,37.6500928607944,3.996,1.346,2801.625,21
7,24,1.839863822522073,3.6132415607293207,0.002607598555149,37.71669607701206,0.0006,3.601,2812.016,21
7,24,1.839863822522073,3.189724405600236,-4.025157987587985,37.72253754815294,3.996,1.343,2822.391,21
7,24,1.839863822522073,3.609503833042982,0.0010852343173419,37.80408363656932,0.0006,3.597,2832.813,21
7,24,1.839863822522073,3.1845905216592367,-4.024746254693453,37.814539658463126,3.996,1.339,2843.297,21
7,24,1.839863822522073,3.605802004978155,-0.0008006326806828,37.87341909215915,0.0006,3.592,2853.719,21
7,24,1.839863822522073,3.1803485905061257,-4.026249646229916,37.82706654126679,3.996,1.337,2864.078,21
7,24,1.839863822522073,3.627861595306917,-0.0021925479977121,37.41160062584067,0.0006,3.615,2708.11,21
7,24,1.839863822522073,3.2089754564273143,-4.026792401273091,37.3683264647509,3.996,1.359,2718.469,21
7,24,1.839863822522073,3.6253825665463695,8.052731682934145e-05,37.48589627457057,0.0006,3.613,2728.844,21
7,24,1.839863822522073,3.205592854477973,-4.024281188676298,37.46484537768339,3.996,1.358,2739.219,21
7,24,1.839863822522073,3.6230245721689225,0.0033887686877355,37.49619851631677,0.0006,3.61,2749.656,21
7,24,1.839863822522073,3.2019647307894394,-4.027876946403535,37.49802017821184,3.996,1.353,2760.078,21
7,24,1.839863822522073,2.942240208086141,-0.0024579695673113,40.51515858621598,0.0004,0.0,3438.172,21
7,24,1.839863822522073,2.965765322101084,0.000460618989858,40.332254269336985,0.0006,0.0,3448.953,21
7,24,1.839863822522073,3.216251965119313,0.0004526152953195,33.54263926717084,0.0006,0.0,3978.25,21
7,24,1.839863822522073,3.2177003921940903,0.0005889958719256,33.44145882878002,0.0006,0.0,3989.031,21
7,24,1.839863822522073,3.219078552122209,-0.0015504306282484,33.34472119845596,0.0004,0.0,3999.828,21
7,24,1.839863822522073,3.220261714205224,-1.9167977072267063e-05,33.25222129229978,0.0006,-0.0,4010.641,21
7,24,1.839863822522073,3.221499313418438,-0.0003070692095855,33.16118626122568,0.0006,-0.0,4021.438,21
7,24,1.839863822522073,3.2227030214416126,0.002573146786581,33.102457304890265,0.0006,0.0,4032.219,21
7,24,1.839863822522073,2.956376710601179,0.000842230443503,40.427305667077256,0.0006,2.875,3352.703,21
7,24,1.839863822522073,2.0268693096184838,-4.024855775448945,40.52120436532312,3.996,0.544,3363.156,21
7,24,1.839863822522073,3.4180565783836694,-0.0019764528200369,39.39682220393951,0.0006,3.392,3206.844,21
7,24,1.839863822522073,2.929793663526969,-4.025605148107708,39.40571085284877,3.996,1.124,3217.313,21
7,24,1.839863822522073,3.385637498276217,-0.002859681427859,39.53869798864302,0.0006,3.357,3227.672,21
7,24,1.839863822522073,2.888391010642316,-4.023171148343484,39.52373951951766,3.996,1.084,3238.031,21
7,24,1.839863822522073,3.347810491484924,-0.001223002219546,39.63867956301135,0.0006,3.319,3248.406,21
7,24,1.839863822522073,2.83895331905173,-4.025525053103836,39.64251418386818,3.996,1.046,3258.766,21
7,24,1.839863822522073,3.3022573477128674,-0.0001165066652216,39.7793268360444,0.0006,3.272,3269.125,21
7,24,1.839863822522073,2.777083125099576,-4.025073607094402,39.78007234577164,3.996,0.993,3279.578,21
7,24,1.839863822522073,3.506284408433602,-0.0003178730415719,38.93066279052572,0.0006,3.485,3123.735,21
7,24,1.839863822522073,3.046455693434918,-4.025417524690426,38.93008576075689,3.996,1.224,3134.141,21
7,24,1.839863822522073,3.4892575136909216,-0.000497079103133,39.02411777676942,0.0006,3.467,3144.5,21
7,24,1.839863822522073,3.023804137750283,-4.024534144511578,39.054090096551896,3.996,1.204,3154.875,21
7,24,1.839863822522073,3.4695551393946964,-0.0003369844713338,39.16585258327729,0.0006,3.447,3165.313,21
7,24,1.839863822522073,2.9975526943761217,-4.02478183107291,39.11710962960174,3.996,1.182,3175.735,21
7,24,1.839863822522073,3.445866902835238,-0.0002693158824244,39.25382606034666,0.0006,3.421,3186.078,21
7,24,1.839863822522073,2.966378327811826,-4.026465708563163,39.26897964650887,3.996,1.151,3196.516,21
7,24,1.839863822522073,3.554046582243377,-3.038398113752705e-05,38.567002145807066,0.0006,3.537,3040.594,21
7,24,1.839863822522073,3.110683438203802,-4.024624366374501,38.55419679959549,3.996,1.277,3050.969,21
7,24,1.839863822522073,3.5443824984680043,0.0020909466997554,38.65807016581928,0.0006,3.526,3061.344,21
7,24,1.839863822522073,3.0974357555665386,-4.025848713531563,38.64593093288177,3.996,1.266,3071.781,21
7,24,1.839863822522073,3.533429893994866,0.0022271042473261,38.74535962482162,0.0006,3.515,3082.172,21
7,24,1.839863822522073,3.083034864614137,-4.026275784698037,38.71594864086267,3.996,1.254,3092.594,21
7,24,1.839863822522073,3.183239365421952,-0.0009333660296102,35.42306169192024,0.0006,-0.0,3783.906,21
7,24,1.839863822522073,3.1855521356868284,-0.0008973375801007,35.317214175481645,0.0006,-0.0,3794.656,21
7,24,1.839863822522073,3.246599660594151,-0.0004184359665055,31.22575598694696,0.0006,0.0,4323.953,21
7,24,1.839863822522073,3.2472762578614103,-0.0003054646049084,31.160416484764077,0.0004,0.0,4334.75,21
7,24,1.839863822522073,3.247935972595232,-0.0004140945055834,31.095314692458736,0.0006,-0.0,4345.547,21
7,24,1.839863822522073,3.248589776548345,-0.0007761589248244,31.042572247739844,0.0006,0.0,4356.36,21
7,24,1.839863822522073,3.2492229252613303,-0.0023224296679461,30.985005363753988,0.0006,0.0,4367.156,21
7,24,1.839863822522073,3.2496475740855555,0.0002385538170082,30.93495385957318,0.0006,0.0,4377.969,21
7,24,1.839863822522073,3.15988513201672,-3.163790154356292e-05,36.45566001521109,0.0004,-0.0,3697.453,21
7,24,1.839863822522073,3.1633334778064754,-0.0005514587503079,36.30367737867661,0.0006,0.0,3708.313,21
7,24,1.839863822522073,3.0838959182708425,-0.0013098033938568,38.60116405596518,0.0006,0.0,3546.266,21
7,24,1.839863822522073,3.0918320750277712,-0.0006253736282583,38.451455212574665,0.0006,0.0,3557.016,21
7,24,1.839863822522073,3.099282228588333,-0.000394017445346,38.27331552139501,0.0004,-0.0,3567.813,21
7,24,1.839863822522073,3.106261580000158,-0.0012615508199973,38.08867304557606,0.0006,0.0,3578.641,21
7,24,1.839863822522073,3.112923612989748,0.00036274020513,37.933830721700055,0.0006,0.0,3589.453,21
7,24,1.839863822522073,3.119076342239714,0.0002100955672405,37.79142920991986,0.0006,0.0,3600.266,21
7,24,1.839863822522073,3.1247722592282345,-0.001038227908197,37.62321846719183,0.0004,0.0,3611.047,21
7,24,1.839863822522073,3.130022098231957,-0.0019618169322173,37.47423240249741,0.0006,0.0,3621.828,21
7,24,1.839863822522073,2.98519950582482,0.0005465585217612,40.082999340143225,0.0006,-0.0,3459.703,21
7,24,1.839863822522073,3.002512363726642,0.0010278627533663,39.87002081000845,0.0006,0.0,3470.5,21
7,24,1.839863822522073,3.0176369064556225,-0.0027344127486215,39.65450260351097,0.0006,0.0,3481.297,21
7,24,1.839863822522073,3.031393222326696,-0.0001619695109118,39.46940805640913,0.0006,-0.0,3492.141,21
7,24,1.839863822522073,3.043534492302966,-0.0024431327185213,39.28478124410385,0.0004,0.0,3502.969,21
7,24,1.839863822522073,3.055254510350076,-0.0024936134287314,39.124356503356886,0.0006,0.0,3513.797,21
7,24,1.839863822522073,3.0654532846583065,-0.0013194380156684,38.9572009877074,0.0004,0.0,3524.641,21
7,24,1.839863822522073,3.0747852194279988,-0.0001665902551527,38.77369918404733,0.0006,0.0,3535.453,21
7,24,1.839863822522073,2.807383544818754,-0.0005789344293049,40.76950230628208,0.0006,2.656,3373.641,21
7,24,1.839863822522073,1.7632585904014149,-3.6217484725526696,40.88621932079005,3.996,0.24,3384.125,21
7,24,1.839863822522073,2.7009241662311663,-0.0008546075522728,41.167510218490015,0.0006,0.0,3394.969,21
7,24,1.839863822522073,2.8165092090456216,-0.0006248391243645,41.078948138816216,0.0006,0.0,3405.766,21
7,24,1.839863822522073,2.8748065452390854,-0.0009954791039001,40.91250705431779,0.0006,0.0,3416.61,21
7,24,1.839863822522073,2.9134312630066,0.0015838497082799,40.70692308589412,0.0006,0.0,3427.406,21
7,24,1.839863822522073,3.2324821853017225,0.0003373883702324,32.38102414712947,0.0006,0.0,4129.5,21
7,24,1.839863822522073,3.233386508445063,0.0008740716183675,32.31311293010436,0.0006,0.0,4140.328,21
7,24,1.839863822522073,3.2623367432608763,-0.0003980641017659,29.735216122418592,0.0006,0.0,4669.578,21
7,24,1.839863822522073,3.262476358425052,-0.0011063180070902,29.70114598751801,0.0004,0.0,4680.422,21
7,24,1.839863822522073,3.2629054623099574,0.0015779112076193,29.671453258278408,0.0004,-0.0,4691.203,21
7,24,1.839863822522073,3.263286156209919,-0.0015318065764331,29.643201074222954,0.0006,0.0,4702.0,21
7,24,1.839863822522073,3.263597227511569,-0.0005339740322536,29.609226261607294,0.0006,-0.0,4712.781,21
7,24,1.839863822522073,3.263938921166372,0.0002972349524226,29.570336079683976,0.0006,0.0,4723.594,21
7,24,1.839863822522073,3.2240059759511768,-0.0015716558257314,33.00108225329496,0.0006,-0.0,4043.016,21
7,24,1.839863822522073,3.225131339460815,0.0016456386417146,32.94055468990544,0.0004,0.0,4053.86,21
7,24,1.839863822522073,3.20387159047638,-0.0005662191572247,34.29527000352057,0.0006,0.0,3891.953,21
7,24,1.839863822522073,3.2056134305095805,0.0006971219505077,34.202846513514,0.0006,0.0,3902.781,21
7,24,1.839863822522073,3.2072715949403143,-0.0013128661811222,34.09522796411549,0.0006,0.0,3913.547,21
7,24,1.839863822522073,3.208942134247218,0.0004545057318075,33.994079842421115,0.0006,0.0,3924.328,21
7,24,1.839863822522073,3.21043651334547,-0.0027412162164164,33.90421813167538,0.0006,0.0,3935.063,21
7,24,1.839863822522073,3.211910910118997,-0.0019435964753428,33.81111673209905,0.0006,0.0,3945.891,21
7,24,1.839863822522073,3.213486943038843,-0.0016539092096702,33.711380572980495,0.0006,0.0,3956.672,21
7,24,1.839863822522073,3.2148953169109262,-0.0017863064044614,33.62167393157849,0.0006,0.0,3967.516,21
7,24,1.839863822522073,3.187985034333131,-3.954092189837964e-05,35.177365569680745,0.0006,-0.0,3805.469,21
7,24,1.839863822522073,3.1901207697206435,-0.0024239474694152,35.081676409392536,0.0006,0.0,3816.313,21
7,24,1.839863822522073,3.1922231743579745,-0.0017745246993145,34.94174254319612,0.0004,0.0,3827.094,21
7,24,1.839863822522073,3.1945408512498346,0.0008842261222059,34.831102041710295,0.0006,0.0,3837.875,21
7,24,1.839863822522073,3.19646682686737,-0.0002738516898777,34.753018900039,0.0004,0.0,3848.688,21
7,24,1.839863822522073,3.198336656169161,-0.0015495649516163,34.63936269303446,0.0006,0.0,3859.5,21
7,24,1.839863822522073,3.200226456110268,-0.0010657562394671,34.515756687949576,0.0006,-0.0,3870.281,21
7,24,1.839863822522073,3.202195758080676,0.0004153403612546,34.40048091371789,0.0006,0.0,3881.141,21
7,24,1.839863822522073,3.1664962680492774,-0.0008944747002579,36.16463278945036,0.0004,0.0,3719.11,21
7,24,1.839863822522073,3.1696631333207725,0.0001207478177558,36.03264973371238,0.0004,0.0,3729.891,21
7,24,1.839863822522073,3.172603046683951,-0.0024896294284107,35.91639507011423,0.0004,0.0,3740.688,21
7,24,1.839863822522073,3.1754506965058864,6.659455936032982e-05,35.777820598261656,0.0006,0.0,3751.516,21
7,24,1.839863822522073,3.178068806550961,-0.0017324614616432,35.63571807272978,0.0006,0.0,3762.297,21
7,24,1.839863822522073,3.1807373010068245,-0.0016211387431816,35.52055679328845,0.0006,0.0,3773.11,21
7,24,1.839863822522073,3.254373248770926,-0.0012310557778508,30.50635851735993,0.0006,0.0,4475.063,21
7,24,1.839863822522073,3.255020879260617,-0.0016630513351431,30.457362888877565,0.0006,-0.0,4485.906,21
7,24,1.839863822522073,3.2717805702267984,0.002037080641804,28.81310374111808,0.0006,0.0,5015.203,21
7,24,1.839863822522073,3.2720250820603347,0.0012257425644898,28.79205765472899,0.0004,0.0,5025.969,21
7,24,1.839863822522073,3.2723487803087763,-0.007521368681266,28.778440817490672,0.0006,0.0,5036.781,21
7,24,1.839863822522073,3.272514247102648,-0.0037250280158358,28.75033237000933,0.0006,-0.0,5047.61,21
7,24,1.839863822522073,3.2728172805130527,0.0018756233899574,28.734080382045384,0.0006,0.0,5058.453,21
7,24,1.839863822522073,3.273281570811735,0.0006253686251244,28.71208709430108,0.0006,0.0,5069.25,21
7,24,1.839863822522073,3.250283843766188,-0.0012587335438227,30.880438424607934,0.0006,0.0,4388.719,21
7,24,1.839863822522073,3.2508326876361733,-0.0008222801718602,30.84638720609906,0.0006,0.0,4399.5,21
7,24,1.839863822522073,3.2411050326785364,-0.0008428473573264,31.71558104772049,0.0006,0.0,4237.641,21
7,24,1.839863822522073,3.241702240153472,-0.0034093554562764,31.66208096496966,0.0006,0.0,4248.36,21
7,24,1.839863822522073,3.2424974239597386,-0.0008182730690517,31.597338380126526,0.0006,0.0,4259.11,21
7,24,1.839863822522073,3.2431887236115053,9.416561166270865e-05,31.515185923132517,0.0004,0.0,4269.891,21
7,24,1.839863822522073,3.244043305914277,-0.0009295896128928,31.46770135816133,0.0006,0.0,4280.703,21
7,24,1.839863822522073,3.2445856314878894,8.73206759417844e-05,31.41179905651201,0.0006,0.0,4291.516,21
7,24,1.839863822522073,3.245312772813655,-0.0008630200807812,31.337735760356736,0.0006,0.0,4302.344,21
7,24,1.839863822522073,3.245882289693161,-0.0013833228429448,31.2784276334946,0.0006,0.0,4313.156,21
7,24,1.839863822522073,3.234302644749728,-0.0002525444576474,32.239455582119675,0.0006,0.0,4151.125,21
7,24,1.839863822522073,3.235214974973223,-0.0011073417923615,32.17776473890369,0.0006,0.0,4162.047,21
7,24,1.839863822522073,3.2360985553337454,-0.0014022103648857,32.109071416536416,0.0004,-0.0,4172.844,21
7,24,1.839863822522073,3.2370011280081874,-0.0015967246155886,32.04067712521039,0.0006,0.0,4183.61,21
7,24,1.839863822522073,3.237898674946328,-0.0009814507277982,31.981394616238788,0.0006,0.0,4194.406,21
7,24,1.839863822522073,3.2387924645883777,-0.0020474356847821,31.901702706608862,0.0006,0.0,4205.219,21
7,24,1.839863822522073,3.2394382328984155,-0.0012537138816767,31.83873576484702,0.0006,0.0,4216.078,21
7,24,1.839863822522073,3.24024329989166,-0.0018197549542332,31.7685895367245,0.0006,0.0,4226.875,21
7,24,1.839863822522073,3.226238696118453,-0.0013664906295967,32.84861493611625,0.0006,-0.0,4064.688,21
7,24,1.839863822522073,3.227354625981085,-0.0016382251257182,32.775602835352366,0.0006,-0.0,4075.516,21
7,24,1.839863822522073,3.2284370101632875,-0.0008441250578291,32.675098426579204,0.0004,-0.0,4086.328,21
7,24,1.839863822522073,3.229495629844208,-0.0014171233174054,32.58507543698394,0.0004,0.0,4097.094,21
7,24,1.839863822522073,3.230488213663952,-0.000490939079284,32.52173897099879,0.0004,0.0,4107.891,21
7,24,1.839863822522073,3.2314628104373924,-0.0001013259084556,32.46228550155757,0.0004,0.0,4118.672,21
7,24,1.839863822522073,3.266853388751821,-0.002763503283188,29.274096884985884,0.0006,0.0,4820.766,21
7,24,1.839863822522073,3.2669655179307333,-0.0008083163026606,29.238058173610703,0.0006,0.0,4831.531,21
7,24,1.839863822522073,3.278920250146047,0.0002220799423105,28.22745655596656,0.0006,-0.0,5361.188,21
7,24,1.839863822522073,3.279049598920958,-0.0015352301266897,28.2077755958896,0.0006,0.0,5371.969,21
7,24,1.839863822522073,3.279317333199597,-0.0006313281878564,28.193307206881336,0.0006,0.0,5382.891,21
7,24,1.839863822522073,3.279727195498316,-0.00330290212143,28.169691161813358,0.0004,0.0,5393.719,21
7,24,1.839863822522073,3.279868411371453,-0.001367309332028,28.15764369659457,0.0006,0.0,5404.516,21
7,24,1.839863822522073,3.2799927216399545,-0.0020747771247998,28.140891472947107,0.0006,-0.0,5415.281,21
7,24,1.839863822522073,3.264232271955396,-0.0017967003632572,29.534024975297594,0.0006,0.0,4734.375,21
7,24,1.839863822522073,3.264683061644883,-0.0005564496832303,29.49586216625258,0.0004,0.0,4745.125,21
7,24,1.839863822522073,3.2591495234289383,-0.0019573408049452,30.076590753295957,0.0006,0.0,4583.156,21
7,24,1.839863822522073,3.259532216955435,0.0021104712754036,30.02201397999703,0.0006,-0.0,4593.922,21
7,24,1.839863822522073,3.2599123095543945,0.0028277958601604,29.982605243997053,0.0006,0.0,4604.75,21
7,24,1.839863822522073,3.260311321331141,0.0002160524673149,29.946783084738843,0.0006,-0.0,4615.531,21
7,24,1.839863822522073,3.2606904827769347,0.0022310775719422,29.90011208989122,0.0006,0.0,4626.313,21
7,24,1.839863822522073,3.2611393222912057,-0.0015749978556953,29.868432905137336,0.0004,0.0,4637.141,21
7,24,1.839863822522073,3.2612979238088258,0.0003418775820559,29.829768997833515,0.0006,0.0,4647.985,21
7,24,1.839863822522073,3.2618149859542367,-0.0008907135273082,29.79066554740983,0.0004,0.0,4658.766,21
7,24,1.839863822522073,3.255491554276541,0.0003746044145057,30.40833204072479,0.0006,0.0,4496.719,21
7,24,1.839863822522073,3.255789875678267,-0.0022443318530503,30.34776789923558,0.0006,0.0,4507.547,21
7,24,1.839863822522073,3.256643427708568,-0.0068174022477958,30.29857398752544,0.0006,-0.0,4518.375,21
7,24,1.839863822522073,3.256775296206996,-0.0001305635397709,30.263226529949826,0.0006,0.0,4529.172,21
7,24,1.839863822522073,3.2573431275229185,0.0010604486820208,30.23565911017472,0.0006,0.0,4539.953,21
7,24,1.839863822522073,3.257758225435563,0.0019173193528989,30.18842206704521,0.0006,-0.0,4550.75,21
7,24,1.839863822522073,3.258220013088301,0.0002853809386698,30.14547823061832,0.0006,-0.0,4561.563,21
7,24,1.839863822522073,3.2588127908739004,-0.0022243072531919,30.10582187012042,0.0004,0.0,4572.391,21
7,24,1.839863822522073,3.251395269810093,-0.0013223793038702,30.778180506773207,0.0006,0.0,4410.297,21
7,24,1.839863822522073,3.2518432917370936,-0.0011756910759153,30.745030367814,0.0006,0.0,4421.063,21
7,24,1.839863822522073,3.252496481191354,-0.0018357565322943,30.69030035541477,0.0006,0.0,4431.828,21
7,24,1.839863822522073,3.253004139735605,0.0002457741621385,30.63866460335193,0.0006,0.0,4442.656,21
7,24,1.839863822522073,3.2535280084729963,0.0001418442354039,30.58788808042991,0.0006,0.0,4453.438,21
7,24,1.839863822522073,3.2540912273613216,-0.001570154339602,30.55857166135832,0.0006,0.0,4464.219,21
7,24,1.839863822522073,3.2753829274233364,0.002355230391081,28.542649362303766,0.0004,0.0,5166.578,21
7,24,1.839863822522073,3.275374677351233,-0.0043441903245627,28.5281873914066,0.0006,0.0,5177.406,21
7,24,1.839863822522073,3.2847312667889352,-0.0004687409026264,27.815984754444628,0.0004,0.0,5706.985,21
7,24,1.839863822522073,3.284834579428092,-0.0040584632733824,27.80069523998565,0.0006,0.0,5717.828,21
7,24,1.839863822522073,3.285087814264154,-0.0001805293799697,27.79324601202877,0.0004,-0.0,5728.61,21
7,24,1.839863822522073,3.2851795212470383,-0.0006777587102656,27.783138452514237,0.0004,-0.0,5739.406,21
7,24,1.839863822522073,3.2854439495142804,-0.0016629984281519,27.77407438428864,0.0004,0.0,5750.219,21
7,24,1.839863822522073,3.285557810183908,-0.0032592646623428,27.76396945170701,0.0006,-0.0,5760.985,21
7,24,1.839863822522073,3.273106361805944,0.001076555925122,28.691989361022063,0.0006,0.0,5080.047,21
7,24,1.839863822522073,3.2734834938842057,-0.0007125004084761,28.67565744800533,0.0004,0.0,5090.86,21
7,24,1.839863822522073,3.2697192342990986,-0.0008312999303929,29.001552112337865,0.0006,0.0,4928.781,21
7,24,1.839863822522073,3.270128056124827,0.0013673790212896,28.982027100291717,0.0006,0.0,4939.594,21
7,24,1.839863822522073,3.2702033572448257,0.0013959750006717,28.9639482817872,0.0004,0.0,4950.422,21
7,24,1.839863822522073,3.2698166676919325,-0.0023794723027936,28.936624504567792,0.0004,0.0,4961.188,21
7,24,1.839863822522073,3.270772716722894,-0.0003693133689217,28.9087844442584,0.0006,0.0,4971.969,21
7,24,1.839863822522073,3.271034675339437,0.0016959377205692,28.881437563445967,0.0006,0.0,4982.781,21
7,24,1.839863822522073,3.271295517494325,0.0006106662003872,28.86036250638601,0.0006,0.0,4993.61,21
7,24,1.839863822522073,3.2714411185215044,0.0012363807138041,28.83249824406981,0.0006,-0.0,5004.453,21
7,24,1.839863822522073,3.267330458141679,-0.0001411451589337,29.20912624353702,0.0006,-0.0,4842.281,21
7,24,1.839863822522073,3.267687320748203,0.0020525522108771,29.18259793557603,0.0006,0.0,4853.078,21
7,24,1.839863822522073,3.2680102641949667,-0.0015636329536501,29.157667473721432,0.0006,0.0,4863.953,21
7,24,1.839863822522073,3.268253120803592,-0.0075728233346024,29.13600935886932,0.0006,0.0,4874.766,21
7,24,1.839863822522073,3.268790373312352,0.0119423208121402,29.10202563464706,0.0006,-0.0,4885.547,21
7,24,1.839863822522073,3.2688496248983343,-0.0019084318428478,29.07859833970786,0.0006,0.0,4896.313,21
7,24,1.839863822522073,3.2690905994020816,0.00335658173697,29.060756799676525,0.0006,0.0,4907.094,21
7,24,1.839863822522073,3.2697192026579054,-0.0007456144535219,29.0278480714781,0.0006,-0.0,4917.969,21
7,24,1.839863822522073,3.265035847109877,0.0010136566083042,29.46388571592368,0.0006,0.0,4755.938,21
7,24,1.839863822522073,3.2654167117998063,-0.0010203319943255,29.423362575141308,0.0006,0.0,4766.766,21
7,24,1.839863822522073,3.265608404945515,-0.003458362963208,29.400024103644807,0.0006,0.0,4777.578,21
7,24,1.839863822522073,3.2659178969925,-0.0003256753119616,29.36688312092575,0.0006,-0.0,4788.391,21
7,24,1.839863822522073,3.266370710430698,-0.0012564306341875,29.335468349661145,0.0006,0.0,4799.141,21
7,24,1.839863822522073,3.266526016528002,9.930498290608744e-05,29.30783039586223,0.0006,0.0,4809.938,21
7,24,1.839863822522073,3.2815072805298158,0.0001067130623637,28.02551769169938,0.0004,0.0,5512.578,21
7,24,1.839863822522073,3.281830956507429,-0.0038471280700386,28.01051280465133,0.0006,-0.0,5523.375,21
7,24,1.839863822522073,3.28988254787066,1.7675812608608074e-05,27.559690153692685,0.0004,0.0,6052.906,21
7,24,1.839863822522073,3.289769234492041,-0.001610363132717,27.55320293493305,0.0006,-0.0,6063.641,21
7,24,1.839863822522073,3.2899926315271077,-9.394803962387564e-08,27.53994554380806,0.0006,0.0,6074.453,21
7,24,1.839863822522073,3.290115927423209,0.0008532008716625,27.531690760786507,0.0006,0.0,6085.281,21
7,24,1.839863822522073,3.290110398519362,-0.0019126437460817,27.538441257540672,0.0006,-0.0,6096.094,21
7,24,1.839863822522073,3.2903250030322053,0.00030830197047,27.519994017963207,0.0006,0.0,6106.86,21
7,24,1.839863822522073,3.2802809560888178,-0.0016176998212233,28.12945484187157,0.0004,0.0,5426.063,21
7,24,1.839863822522073,3.2802472954164736,-0.000330649851092,28.110033972637712,0.0006,0.0,5436.828,21
7,24,1.839863822522073,3.2773913617161354,0.0004663622104096,28.366584372877536,0.0006,0.0,5274.672,21
7,24,1.839863822522073,3.277713938087783,0.0013950430746952,28.34432748125004,0.0006,0.0,5285.5,21
7,24,1.839863822522073,3.2778978511611183,0.0027035789752184,28.32914163875521,0.0006,-0.0,5296.313,21
7,24,1.839863822522073,3.278053455955708,0.0001289555742184,28.307077823942056,0.0006,0.0,5307.11,21
7,24,1.839863822522073,3.278147761241087,-0.0022568628604734,28.298082417142894,0.0006,-0.0,5317.922,21
7,24,1.839863822522073,3.2783804235210168,0.0003166019458139,28.28002051787921,0.0006,-0.0,5328.703,21
7,24,1.839863822522073,3.278853643376549,8.010668052138913e-06,28.26962151160368,0.0006,0.0,5339.485,21
7,24,1.839863822522073,3.2790716990679734,-0.0015409101348866,28.248204214664657,0.0004,-0.0,5350.328,21
7,24,1.839863822522073,3.275971471326594,0.0004609823573523,28.512600978849445,0.0006,0.0,5188.188,21
7,24,1.839863822522073,3.276027897625614,-0.0001921580029871,28.490508724519263,0.0006,0.0,5199.0,21
7,24,1.839863822522073,3.276024716601066,-0.0018328397173848,28.468387814370114,0.0006,0.0,5209.844,21
7,24,1.839863822522073,3.276266621089514,-0.0014759255364415,28.455319470336736,0.0006,0.0,5220.672,21
7,24,1.839863822522073,3.2766072459125186,-0.0010028063936806,28.43716407983395,0.0006,0.0,5231.469,21
7,24,1.839863822522073,3.276692149414691,-0.0014251000233498,28.415499051391123,0.0004,-0.0,5242.328,21
7,24,1.839863822522073,3.277067311573646,-0.0038712624142217,28.40159995829395,0.0006,0.0,5253.141,21
7,24,1.839863822522073,3.277422804766579,-0.0011680192204011,28.38032448799138,0.0004,0.0,5263.906,21
7,24,1.839863822522073,3.2736258438744086,-0.0004513973134489,28.65182808110044,0.0006,0.0,5101.656,21
7,24,1.839863822522073,3.274085349567177,-0.0013001285051246,28.635708373393943,0.0006,0.0,5112.516,21
7,24,1.839863822522073,3.2743120412748934,-0.0024816486643629,28.6160845227728,0.0006,0.0,5123.344,21
7,24,1.839863822522073,3.274526211672176,-0.0021114307531116,28.595210800865708,0.0006,-0.0,5134.11,21
7,24,1.839863822522073,3.2747370818146493,-0.0002203285920387,28.57999448467996,0.0006,0.0,5144.922,21
7,24,1.839863822522073,3.275071197450381,-0.0035528370471446,28.561205599598324,0.0006,0.0,5155.766,21
7,24,1.839863822522073,3.2870197922711384,-0.0003708906096617,27.68830870374589,0.0004,0.0,5858.453,21
7,24,1.839863822522073,3.28718760198145,-0.0016840068176216,27.677342190864792,0.0004,0.0,5869.25,21
7,24,1.839863822522073,3.2941176895584228,-0.0004680109569304,27.368010125733026,0.0006,0.0,6398.516,21
7,24,1.839863822522073,3.294164906972844,-0.0008530491512764,27.369036525406127,0.0006,0.0,6409.344,21
7,24,1.839863822522073,3.294286954803684,-0.0021156629107391,27.366807814594672,0.0006,0.0,6420.156,21
7,24,1.839863822522073,3.294403011795903,0.0001988442796272,27.3671203955805,0.0006,0.0,6430.891,21
7,24,1.839863822522073,3.294613577177176,-0.00235788823103,27.369256191331758,0.0006,0.0,6441.688,21
7,24,1.839863822522073,3.2947168092367973,-4.4633925349768826e-05,27.361347910012167,0.0006,0.0,6452.547,21
7,24,1.839863822522073,3.285762924438876,-0.0014900453390889,27.760906415073958,0.0004,0.0,5771.781,21
7,24,1.839863822522073,3.285904231180443,-0.0013689635820932,27.755515586473155,0.0006,-0.0,5782.594,21
7,24,1.839863822522073,3.2833659532686768,-0.0009360921391208,27.913124913411288,0.0006,0.0,5620.563,21
7,24,1.839863822522073,3.2835629832629367,-0.0012647587857093,27.889532713382707,0.0006,-0.0,5631.406,21
7,24,1.839863822522073,3.283813837920755,-0.0005033957193758,27.879814333969627,0.0006,0.0,5642.203,21
7,24,1.839863822522073,3.283787912494044,0.0003832499749699,27.867451394327794,0.0006,-0.0,5653.016,21
7,24,1.839863822522073,3.283979368607401,-0.0008173490134576,27.85360657061229,0.0006,0.0,5663.797,21
7,24,1.839863822522073,3.284311131556154,0.0015624857333431,27.85444956339658,0.0004,0.0,5674.594,21
7,24,1.839863822522073,3.284453378454168,-0.0022473509813412,27.834686448131755,0.0006,0.0,5685.438,21
7,24,1.839863822522073,3.284438594644812,-0.0003249407557044,27.82589337113466,0.0006,0.0,5696.203,21
7,24,1.839863822522073,3.282055818949936,-0.0019350523228455,27.99462810877709,0.0006,0.0,5534.203,21
7,24,1.839863822522073,3.282190947164429,-0.0018147670450202,27.98876895852826,0.0004,0.0,5545.0,21
7,24,1.839863822522073,3.2824475782813884,-0.0003245510501858,27.97691754379003,0.0006,0.0,5555.813,21
7,24,1.839863822522073,3.2825365181185817,-0.0005165233126331,27.96546164737575,0.0006,-0.0,5566.61,21
7,24,1.839863822522073,3.2827159059887863,-0.0020914442850003,27.959164514016425,0.0006,0.0,5577.391,21
7,24,1.839863822522073,3.282889477937159,-0.0007969249770344,27.94978722648036,0.0006,0.0,5588.188,21
7,24,1.839863822522073,3.2829524272189308,-0.0025720358804299,27.926868842062177,0.0006,0.0,5598.969,21
7,24,1.839863822522073,3.283205201418096,0.00097722309752,27.90884943730365,0.0006,0.0,5609.781,21
7,24,1.839863822522073,3.280581118328944,-0.0017426586541929,28.09708966599801,0.0006,0.0,5447.61,21
7,24,1.839863822522073,3.2806376095105323,-0.0005189754118947,28.092584000789856,0.0004,0.0,5458.422,21
7,24,1.839863822522073,3.280954458351976,-0.002672022936076,28.07238218818341,0.0004,-0.0,5469.235,21
7,24,1.839863822522073,3.2810640452276627,-0.0017184185621623,28.06828219639594,0.0004,0.0,5480.078,21
7,24,1.839863822522073,3.281442550868583,-0.0013001853831228,28.052562362753942,0.0006,0.0,5490.906,21
7,24,1.839863822522073,3.2813905369119003,-0.0015973181763226,28.03553245112736,0.0006,0.0,5501.735,21
7,24,1.839863822522073,4.039649161584613,-0.0011278895016004,29.65721599962773,0.0006,4.029,300.281,21
7,24,1.839863822522073,3.602998935525114,-4.024907374279137,29.7247630155784,3.996,1.722,310.719,21
7,24,1.839863822522073,4.03311365983036,-0.002981612497602,29.845516471823387,0.0006,4.025,321.078,21
7,24,1.839863822522073,3.598317765789575,-4.025572610152353,29.912778073763565,3.996,1.717,331.485,21
7,24,1.839863822522073,4.027372557417475,-0.0036355057290991,30.03496945328052,0.0006,4.019,341.891,21
7,24,1.839863822522073,3.5935815940925897,-4.023072850307103,30.115974608770475,3.996,1.712,352.281,21
7,24,1.839863822522073,3.290468864854618,-0.0009474478300882,27.512218183273173,0.0006,0.0,6117.656,21
7,24,1.839863822522073,3.2906757144046,0.0008501001447772,27.508728882960018,0.0006,0.0,6128.469,21
7,24,1.839863822522073,3.2885264554933804,-0.0004243584355726,27.606477241089088,0.0006,-0.0,5966.641,21
7,24,1.839863822522073,3.288521560738419,-0.0002470645471309,27.603777250783924,0.0006,-0.0,5977.375,21
7,24,1.839863822522073,3.2886622672065347,-0.0007780066998699,27.59521424181771,0.0006,-0.0,5988.172,21
7,24,1.839863822522073,3.2888935472601584,-0.0015567278447458,27.58625743628456,0.0006,0.0,5998.906,21
7,24,1.839863822522073,3.289187880419572,-0.0011506779288575,27.574827598603903,0.0004,0.0,6009.703,21
7,24,1.839863822522073,3.2891521435471245,-0.0001625624951739,27.563524574110676,0.0006,0.0,6020.469,21
7,24,1.839863822522073,3.289374112632265,-0.0003647422482118,27.56224075928585,0.0006,0.0,6031.281,21
7,24,1.839863822522073,3.2895097627007983,-0.0001173942734352,27.55693207172459,0.0004,0.0,6042.125,21
7,24,1.839863822522073,3.287277976371082,-0.0026509984794431,27.673526548328685,0.0006,0.0,5880.125,21
7,24,1.839863822522073,3.287570335312394,0.0002673911417537,27.668003080696536,0.0006,-0.0,5890.922,21
7,24,1.839863822522073,3.287617092857869,-9.949271243371002e-05,27.657067065059252,0.0006,-0.0,5901.75,21
7,24,1.839863822522073,3.287781633082385,-2.884767511638101e-05,27.648310146057533,0.0006,-0.0,5912.516,21
7,24,1.839863822522073,3.28794008473656,0.0002968677738974,27.63895623122141,0.0004,-0.0,5923.266,21
7,24,1.839863822522073,3.2881602571031507,-0.0003326607010504,27.63050853011441,0.0006,0.0,5934.11,21
7,24,1.839863822522073,3.2881022719700965,-0.0005765733814271,27.62968556308745,0.0006,0.0,5945.0,21
7,24,1.839863822522073,3.2884165362772904,-0.0012471911057847,27.617592782057105,0.0004,0.0,5955.797,21
7,24,1.839863822522073,3.2860814127129703,-0.0008901890180455,27.736250557156392,0.0006,0.0,5793.406,21
7,24,1.839863822522073,3.2862439295078034,0.0003353360971763,27.732463490520853,0.0006,0.0,5804.297,21
7,24,1.839863822522073,3.2862655406384835,0.0008138101939067,27.723817075429444,0.0006,-0.0,5815.172,21
7,24,1.839863822522073,3.2864098629388456,-0.0020701918489214,27.714508977684098,0.0006,0.0,5825.953,21
7,24,1.839863822522073,3.286746328439645,0.0005817918990165,27.70434188249083,0.0006,-0.0,5836.781,21
7,24,1.839863822522073,3.286841111344899,-0.002399464153299,27.699560479904072,0.0006,-0.0,5847.61,21
7,24,1.839863822522073,4.198227921922519,-0.0031052190643288,26.187400529229773,0.0006,0.0,0.0,21
7,24,1.839863822522073,4.198026175581641,-0.0008757219049335,26.182583925840603,0.0006,4.213,9.421999999999995,21
7,24,1.839863822522073,3.7479742961344,-4.027148557585128,26.262614002063955,3.996,1.813,20.11,21
8,24,1.8430595619731431,3.3923863890061843,-4.024245789156836,34.10936741430776,3.996,1.511,1296.562,20
8,24,1.8430595619731431,3.7961617652744337,-0.0034903456691085,34.18356144170502,0.0006,3.789,1307.015,20
8,24,1.8430595619731431,3.388975385538975,-4.025065806108616,34.191996289209435,3.996,1.509,1317.484,20
8,24,1.8430595619731431,3.7922731651601658,-0.0007282376899567,34.23624878204227,0.0006,3.786,1327.937,20
8,24,1.8430595619731431,3.3853447279629747,-4.024574928408783,34.254535290533056,3.996,1.504,1338.375,20
8,24,1.8430595619731431,3.8197463270894207,0.0016864164025285,33.841770347484115,0.0006,3.812,1181.64,20
8,24,1.8430595619731431,3.410772193763588,-4.025435352563191,33.81104322364597,3.996,1.529,1192.062,20
8,24,1.8430595619731431,3.902834006259442,0.0015504079138486,33.270555094950616,0.0006,3.896,783.812,20
8,24,1.8430595619731431,3.3781145145415588,-4.026346030749269,34.30772463549947,3.996,1.497,1380.25,20
8,24,1.8430595619731431,3.7809890963868713,-0.0014839585937842,34.42745651849056,0.0006,3.774,1390.672,20
8,24,1.8430595619731431,3.374648640915226,-4.0257997163829335,34.44208415783446,3.996,1.495,1401.125,20
8,24,1.8430595619731431,3.777289276149234,-0.0019261562748868,34.495323945981234,0.0006,3.772,1411.625,20
8,24,1.8430595619731431,3.371508637500092,-4.025202526091513,34.478164597169965,3.996,1.491,1422.14,20
8,24,1.8430595619731431,3.8038268118731353,0.0020850968742118,34.098944386006174,0.0006,3.796,1265.265,20
8,24,1.8430595619731431,3.395921504300509,-4.023949828616497,34.08571740757888,3.996,1.514,1275.718,20
8,24,1.8430595619731431,3.79992134180686,0.0002874291486618,34.14421837902918,0.0006,3.793,1286.14,20
8,24,1.8430595619731431,3.364129245402192,-4.0265499633334665,34.578193966751805,3.996,1.492,1464.078,20
8,24,1.8430595619731431,3.7665337137665658,-0.0007883751846339,34.674965002576926,0.0006,3.759,1474.547,20
8,24,1.8430595619731431,3.3610825306732437,-4.026692445256513,34.64072976866611,3.996,1.488,1484.984,20
8,24,1.8430595619731431,3.7627849672248304,-0.000470361846946,34.70500256113917,0.0006,3.757,1495.39,20
8,24,1.8430595619731431,3.3574925825464668,-4.027260191189667,34.692446738763344,3.996,1.485,1505.922,20
8,24,1.8430595619731431,3.788392692684713,-0.0008936652082038,34.30168831176701,0.0006,3.782,1348.828,20
8,24,1.8430595619731431,3.3813518673476906,-4.0248070508790885,34.276558789551686,3.996,1.501,1359.312,20
8,24,1.8430595619731431,3.7846206994408296,0.0019876984599222,34.340606447390584,0.0006,3.777,1369.812,20
8,24,1.8430595619731431,3.47264033249635,-4.026150063047553,33.25687835618637,3.996,1.585,878.062,20
8,24,1.8430595619731431,3.880118007322137,0.0003455916178349,33.29848166052329,0.0006,3.872,888.5,20
8,24,1.8430595619731431,3.468051885834327,-4.026422337531859,33.243682323601824,3.996,1.582,898.984,20
8,24,1.8430595619731431,3.875727730831634,0.0011077853221116,33.29387307791988,0.0006,3.869,909.484,20
8,24,1.8430595619731431,3.463960407518435,-4.0220831407563695,33.29259770612426,3.996,1.583,919.906,20
8,24,1.8430595619731431,3.773599590505632,0.0040865998305891,34.54928462752979,0.0006,3.767,1432.64,20
8,24,1.8430595619731431,3.367776018356589,-4.021185859665873,34.53151774374451,3.996,1.487,1443.125,20
8,24,1.8430595619731431,3.7698753504330274,-0.0002702160580466,34.59706488624709,0.0006,3.764,1453.578,20
8,24,1.8430595619731431,3.889321053013607,-0.0010709780233151,33.28253842603611,0.0006,3.882,846.672,20
8,24,1.8430595619731431,3.477321990356686,-4.024761538895028,33.2970675795237,3.996,1.589,857.109,20
8,24,1.8430595619731431,3.815667379593679,-0.001553586365414,33.89939192984856,0.0006,3.809,1202.515,20
8,24,1.8430595619731431,3.4068257242321067,-4.025571124194415,33.88595859528509,3.996,1.526,1213.015,20
8,24,1.8430595619731431,3.811666949511967,-0.0021598902713883,33.93535826770928,0.0006,3.805,1223.484,20
8,24,1.8430595619731431,3.403527099240232,-4.024571701681536,33.9542861608412,3.996,1.521,1233.922,20
8,24,1.8430595619731431,3.8077564098319474,-0.0013802855441449,33.998113656390096,0.0006,3.8,1244.39,20
8,24,1.8430595619731431,3.3996637676887724,-4.025623639587434,34.00710686209153,3.996,1.519,1254.812,20
8,24,1.8430595619731431,3.871477251208843,-0.0013166454784141,33.285159872872114,0.0006,3.864,930.406,20
8,24,1.8430595619731431,3.4597321553311806,-4.024526011830286,33.29239731239994,3.996,1.578,940.89,20
8,24,1.8430595619731431,3.866822736239463,-0.0019308078312837,33.33804014402878,0.0006,3.86,951.343,20
8,24,1.8430595619731431,3.455429969050177,-4.025535047914633,33.32164461205955,3.996,1.575,961.797,20
8,24,1.8430595619731431,3.8625198981610698,-0.0022657223258506,33.361475746794184,0.0006,3.854,972.265,20
8,24,1.8430595619731431,3.4507702772636977,-4.025422887262351,33.368834261795136,3.996,1.57,982.781,20
8,24,1.8430595619731431,3.858016849305887,0.0009208427454002,33.375476138351075,0.0006,3.85,993.203,20
8,24,1.8430595619731431,3.4465124635991886,-4.02702467093893,33.372259084152105,3.996,1.567,1003.703,20
8,24,1.8430595619731431,3.8535808829571145,0.0007027391189233,33.44497990523934,0.0006,3.845,1014.156,20
8,24,1.8430595619731431,3.442438042373024,-4.027599758558153,33.41363715278776,3.996,1.563,1024.625,20
8,24,1.8430595619731431,3.849190828028856,-0.0010419648778163,33.468098850143754,0.0006,3.842,1035.078,20
8,24,1.8430595619731431,3.437968153404053,-4.024363343423846,33.4470926774057,3.996,1.56,1045.625,20
8,24,1.8430595619731431,3.844840206385181,1.8275910588097296e-05,33.50391267053383,0.0006,3.838,1056.078,20
8,24,1.8430595619731431,3.4339213541059346,-4.024999696894766,33.52339909613508,3.996,1.555,1066.562,20
8,24,1.8430595619731431,3.840615125229759,0.0004409536304096,33.564641199283045,0.0006,3.833,1077.0,20
8,24,1.8430595619731431,3.430006609676229,-4.0250433016038505,33.540739809038584,3.996,1.548,1087.453,20
8,24,1.8430595619731431,3.490746708675568,-4.023904628080157,33.283465692003496,3.996,1.602,794.25,20
8,24,1.8430595619731431,3.5782290598720468,-4.025003697991296,31.22976458458337,3.996,1.689,438.718,20
8,24,1.8430595619731431,4.00020321682135,0.0011321606421725,31.354815790203567,0.0006,3.989,449.218,20
8,24,1.8430595619731431,3.5732591884748133,-4.024976413595424,31.40616310357697,3.996,1.684,459.687,20
8,24,1.8430595619731431,3.8283185738408574,-0.0016720689494661,33.711922293072284,0.0006,3.821,1139.812,20
8,24,1.8430595619731431,3.418440821204308,-4.024066525286253,33.73278064512958,3.996,1.536,1150.297,20
8,24,1.8430595619731431,3.824022524738536,-0.003011869875992,33.76964747727345,0.0006,3.816,1160.781,20
8,24,1.8430595619731431,3.4147091888214995,-4.026356071136898,33.78677548246532,3.996,1.532,1171.234,20
8,24,1.8430595619731431,3.710335383193604,0.0006356426508867,35.52651208452976,0.0006,3.704,1851.422,20
8,24,1.8430595619731431,3.306276384459985,-4.024900255181955,35.57337966740546,3.996,1.436,1861.953,20
8,24,1.8430595619731431,3.707826065254629,-0.0028241161185183,35.5945679473263,0.0006,3.702,1872.422,20
8,24,1.8430595619731431,3.303664907720535,-4.025237533198235,35.633960459336265,3.996,1.432,1882.89,20
8,24,1.8430595619731431,3.7053772588125833,-0.0009814397627066,35.69333379645622,0.0006,3.699,1893.39,20
8,24,1.8430595619731431,3.3013559818357567,-4.023890305933697,35.63908900034278,3.996,1.429,1903.812,20
8,24,1.8430595619731431,3.70280421393732,-0.0011790182891167,35.705897926668314,0.0006,3.697,1914.281,20
8,24,1.8430595619731431,3.2988256907998337,-4.027240117181944,35.70922078558591,3.996,1.427,1924.687,20
8,24,1.8430595619731431,3.700221958357192,-0.0008939427032352,35.72427304858918,0.0006,3.694,1935.172,20
8,24,1.8430595619731431,3.295954314119618,-4.024896213465603,35.749107422816635,3.996,1.426,1945.703,20
8,24,1.8430595619731431,3.6979116939734937,-0.0001141722253065,35.738110219870016,0.0006,3.692,1956.187,20
8,24,1.8430595619731431,3.2937963575208165,-4.025622607116414,35.7549690223568,3.996,1.423,1966.609,20
8,24,1.8430595619731431,3.695703514850723,-0.0006552591737254,35.80958331035211,0.0006,3.689,1977.093,20
8,24,1.8430595619731431,3.291367015302676,-4.0261177918803055,35.837904565532455,3.996,1.42,1987.593,20
8,24,1.8430595619731431,3.693427625457889,-0.0009109211119436,35.91658381815512,0.0006,3.688,1998.015,20
8,24,1.8430595619731431,3.2890726669517707,-4.023830113187867,35.88949444875943,3.996,1.419,2008.547,20
8,24,1.8430595619731431,3.691187581751152,0.0013693033926052,35.90923501362496,0.0006,3.686,2018.984,20
8,24,1.8430595619731431,3.2868055051230463,-4.024711521972374,35.926256416748004,3.996,1.415,2029.468,20
8,24,1.8430595619731431,3.6890410467273087,-0.0011948484474867,35.96573293587912,0.0006,3.683,2039.937,20
8,24,1.8430595619731431,3.2847260849635087,-4.026437097365336,36.02394133877344,3.996,1.415,2050.406,20
8,24,1.8430595619731431,3.687232160758732,-0.0018709660277176,36.019345979525305,0.0006,3.682,2060.89,20
8,24,1.8430595619731431,3.2823900108531343,-4.025061020757168,36.04186351988306,3.996,1.411,2071.328,20
8,24,1.8430595619731431,3.6850458097774994,0.0008588852973221,36.068872557168525,0.0006,3.679,2081.797,20
8,24,1.8430595619731431,3.280337939214984,-4.02327715419529,36.0564957866553,3.996,1.411,2092.265,20
8,24,1.8430595619731431,3.683163986070325,-0.0004541452093729,36.10082539003184,0.0006,3.678,2102.765,20
8,24,1.8430595619731431,3.278044088734989,-4.025783049056425,36.10293946358093,3.996,1.408,2113.25,20
8,24,1.8430595619731431,3.681277623198292,0.0012470417515471,36.15576873196471,0.0006,3.674,2123.672,20
8,24,1.8430595619731431,3.276022728103921,-4.023646831124147,36.182920124127776,3.996,1.407,2134.172,20
8,24,1.8430595619731431,3.6792011417391786,-0.0014311179332469,36.18004883645504,0.0006,3.674,2144.609,20
8,24,1.8430595619731431,3.274009615126281,-4.023050621097647,36.18049128608092,3.996,1.405,2155.078,20
8,24,1.8430595619731431,3.677826527764093,-0.0016944023036981,36.23644803994958,0.0006,3.671,2165.547,20
8,24,1.8430595619731431,3.2718596917015867,-4.02687640934366,36.23362052126145,3.996,1.401,2176.062,20
8,24,1.8430595619731431,3.6757772021328954,0.001374045148833,36.28408566807762,0.0006,3.67,2186.515,20
8,24,1.8430595619731431,3.26997741393259,-4.025622513021662,36.31463008944082,3.996,1.401,2196.984,20
8,24,1.8430595619731431,3.6743488781642535,-0.0008791788426515,36.337128371255226,0.0006,3.667,2207.484,20
8,24,1.8430595619731431,3.268091819992684,-4.02489877700234,36.30681119838091,3.996,1.398,2217.906,20
8,24,1.8430595619731431,3.672377324147845,-0.0009053762216255,36.34239284775472,0.0006,3.666,2228.406,20
8,24,1.8430595619731431,3.2657779351376046,-4.0246139782222405,36.3870510758949,3.996,1.398,2238.875,20
8,24,1.8430595619731431,3.670848952390789,-0.0043341962057345,36.41469710926504,0.0006,3.664,2249.359,20
8,24,1.8430595619731431,3.2634455482172697,-4.024828255945744,36.41922457785367,3.996,1.395,2259.875,20
8,24,1.8430595619731431,3.6690435387550218,6.652462468770562e-05,36.45990254384491,0.0006,3.662,2270.297,20
8,24,1.8430595619731431,3.2616149573949795,-4.023968633891383,36.45183808526365,3.996,1.394,2280.781,20
8,24,1.8430595619731431,3.6672084023997806,-0.0052862566292613,36.46641638885791,0.0006,3.661,2291.234,20
8,24,1.8430595619731431,3.2596078951023166,-4.0249919560570735,36.52886596388756,3.996,1.391,2301.672,20
8,24,1.8430595619731431,3.665534332337085,0.0017830244594721,36.547302531771486,0.0006,3.658,2312.14,20
8,24,1.8430595619731431,3.257542900946282,-4.026526713931916,36.60841611567108,3.996,1.391,2322.64,20
8,24,1.8430595619731431,3.663897183296922,-0.0016162649149321,36.66671743477239,0.0006,3.657,2333.093,20
8,24,1.8430595619731431,3.2553452145077397,-4.023359679552684,36.69430535204904,3.996,1.388,2343.578,20
8,24,1.8430595619731431,3.662302052799851,0.0014630224089515,36.73827343143567,0.0006,3.655,2354.078,20
8,24,1.8430595619731431,3.2533562392729585,-4.023690756301979,36.67850156411255,3.996,1.385,2364.531,20
8,24,1.8430595619731431,3.6605758626738014,-0.0019357498976966,36.70898062922347,0.0006,3.653,2374.984,20
8,24,1.8430595619731431,3.251217252274046,-4.024934202075604,36.73220259825376,3.996,1.385,2385.437,20
8,24,1.8430595619731431,3.658677981875472,0.0005126496564118,36.78902329340514,0.0006,3.65,2395.937,20
8,24,1.8430595619731431,3.248794203470125,-4.024864502678639,36.81684589454106,3.996,1.382,2406.406,20
8,24,1.8430595619731431,3.656905338382967,-0.0035996803691376,36.85379289435967,0.0006,3.649,2416.875,20
8,24,1.8430595619731431,3.246802398640092,-4.025934240509625,36.85236823346572,3.996,1.381,2427.359,20
8,24,1.8430595619731431,3.655146434539856,-5.9845505853989895e-05,36.94538508266683,0.0006,3.648,2437.765,20
8,24,1.8430595619731431,3.2443830065585093,-4.022362159185256,36.92393677124918,3.996,1.378,2448.281,20
8,24,1.8430595619731431,3.65326873146029,0.0011011473784762,36.98285324370361,0.0006,3.645,2458.718,20
8,24,1.8430595619731431,3.2418512890284967,-4.0233303557383975,36.97628365419144,3.996,1.377,2469.234,20
8,24,1.8430595619731431,3.651293267336812,0.0003558609997106,37.04641603750278,0.0006,3.643,2479.687,20
8,24,1.8430595619731431,3.239380102224957,-4.026414072963374,37.03609724802589,3.996,1.374,2490.156,20
8,24,1.8430595619731431,3.649467006358469,-0.0004843561899048,37.1181651847082,0.0006,3.641,2500.64,20
8,24,1.8430595619731431,3.2373966504218954,-4.024033509146444,37.11369499053846,3.996,1.374,2511.062,20
8,24,1.8430595619731431,3.6475280135860575,-0.0010732697592013,37.125395025368185,0.0006,3.639,2521.547,20
8,24,1.8430595619731431,3.234258684375842,-4.024652830897847,37.17795446615248,3.996,1.37,2532.062,20
8,24,1.8430595619731431,3.645161785589601,-0.0016770487183604,37.23323288247202,0.0006,3.635,2542.484,20
8,24,1.8430595619731431,3.232016298421652,-4.022276455062654,37.24561127930652,3.996,1.369,2552.922,20
8,24,1.8430595619731431,3.6430427969227264,-0.0012211013601995,37.29144472105247,0.0006,3.635,2563.312,20
8,24,1.8430595619731431,3.2292103564161088,-4.024901258483668,37.30259375152812,3.996,1.365,2573.765,20
8,24,1.8430595619731431,3.641411408111149,-0.0007457636571948,37.32955596380041,0.0006,3.632,2584.234,20
8,24,1.8430595619731431,3.226669830642517,-4.026526080790457,37.31693151915324,3.996,1.363,2594.687,20
8,24,1.8430595619731431,3.6391375563847848,-0.0034073655714716,37.38437013938744,0.0006,3.629,2605.109,20
8,24,1.8430595619731431,3.223648709617963,-4.023544914755545,37.39779892300388,3.996,1.362,2615.625,20
8,24,1.8430595619731431,3.636730196195043,-0.00167744878401,37.47234240175728,0.0006,3.627,2626.078,20
8,24,1.8430595619731431,3.220705211381576,-4.026512547268957,37.4303974631064,3.996,1.359,2636.547,20
8,24,1.8430595619731431,3.634230751409661,0.0003177006301947,37.49878278171706,0.0006,3.623,2647.015,20
8,24,1.8430595619731431,3.2175630564577307,-4.027219792162289,37.513435609200194,3.996,1.355,2657.5,20
8,24,1.8430595619731431,3.631709207622648,-0.0004566565248336,37.61222672359422,0.0006,3.621,2667.937,20
8,24,1.8430595619731431,3.214604137277303,-4.025543849971948,37.612138905356176,3.996,1.354,2678.453,20
8,24,1.8430595619731431,3.6294589839882505,0.0007041868962215,37.64193696365236,0.0006,3.617,2688.89,20
8,24,1.8430595619731431,3.2109807487239324,-4.023549240489812,37.63729731712393,3.996,1.349,2699.422,20
8,24,1.8430595619731431,3.626614985948416,-0.0009607197632152,37.70296464470277,0.0006,3.615,2709.843,20
8,24,1.8430595619731431,3.207627640852745,-4.025007816378687,37.70047570019656,3.996,1.348,2720.328,20
8,24,1.8430595619731431,3.623614099441335,-0.003120251514471,37.78086115956931,0.0006,3.613,2730.765,20
8,24,1.8430595619731431,3.204209915826023,-4.0240064594476825,37.83091159847972,3.996,1.344,2741.187,20
8,24,1.8430595619731431,3.620919730042031,-0.0010428466097429,37.81733646439957,0.0006,3.609,2751.625,20
8,24,1.8430595619731431,3.20038783560592,-4.026212559123128,37.83400740087064,3.996,1.341,2762.078,20
8,24,1.8430595619731431,3.617954810862503,3.153886729563102e-05,37.93327931690745,0.0006,3.605,2772.578,20
8,24,1.8430595619731431,3.1966760675504675,-4.025473671380382,37.93730633901074,3.996,1.337,2783.031,20
8,24,1.8430595619731431,3.614629919550961,0.0014157221825137,37.9940015110214,0.0006,3.603,2793.453,20
8,24,1.8430595619731431,3.192261422826178,-4.02545200413929,37.99447284117903,3.996,1.335,2803.922,20
8,24,1.8430595619731431,3.611289576685612,0.0017040062232433,38.04762476587074,0.0006,3.598,2814.343,20
8,24,1.8430595619731431,3.1878738495687786,-4.023847429814016,38.03481291875923,3.996,1.332,2824.812,20
8,24,1.8430595619731431,3.6074214010691614,0.0001914338063555,38.11019425320893,0.0006,3.595,2835.297,20
8,24,1.8430595619731431,3.182654780181925,-4.025414590280393,38.067173321595895,3.996,1.326,2845.797,20
8,24,1.8430595619731431,3.60341341433608,-0.0013111369055885,38.172784162520415,0.0006,3.589,2856.281,20
8,24,1.8430595619731431,3.177945467550628,-4.0276063641984825,38.17384603047572,3.996,1.322,2866.687,20
8,24,1.8430595619731431,3.5995690901215505,0.0029108141895478,38.27400979130169,0.0006,3.585,2877.203,20
8,24,1.8430595619731431,3.172386759344758,-4.028591260100669,38.22522539378082,3.996,1.319,2887.703,20
8,24,1.8430595619731431,3.594597581746287,0.0006733589345605,38.31917228461628,0.0006,3.579,2898.093,20
8,24,1.8430595619731431,3.1664218306841274,-4.024892430215779,38.316952548562014,3.996,1.312,2908.609,20
8,24,1.8430595619731431,3.589653015796768,-0.0014719997603732,38.42674512605275,0.0006,3.575,2919.078,20
8,24,1.8430595619731431,3.15967721864114,-4.022499884028803,38.41896583456434,3.996,1.308,2929.578,20
8,24,1.8430595619731431,3.58421504982559,-0.0013741301545573,38.48268214344144,0.0006,3.57,2940.015,20
8,24,1.8430595619731431,3.1519642740965725,-4.02637503204185,38.47346509675032,3.996,1.3,2950.5,20
8,24,1.8430595619731431,3.578132735082193,-0.0022421379469912,38.58170696982411,0.0006,3.562,2960.968,20
8,24,1.8430595619731431,3.144404916842337,-4.02644918336296,38.573955955411485,3.996,1.295,2971.422,20
8,24,1.8430595619731431,3.571620453404317,-0.0004893672593083,38.620995612078616,0.0006,3.555,2981.922,20
8,24,1.8430595619731431,3.1349152119495267,-4.025014939887286,38.628820005210734,3.996,1.286,2992.422,20
8,24,1.8430595619731431,3.5641946182338065,-0.0009852975359694,38.72667999565744,0.0006,3.546,3002.89,20
8,24,1.8430595619731431,3.1251214269295544,-4.025913685699754,38.70084048180781,3.996,1.277,3013.343,20
8,24,1.8430595619731431,3.5558022974770376,0.0006745539839598,38.76882705917631,0.0006,3.539,3023.828,20
8,24,1.8430595619731431,3.113968962484616,-4.0260493631947565,38.78877811138349,3.996,1.269,3034.25,20
8,24,1.8430595619731431,3.5461592406481697,-4.176599352743897e-06,38.83126149090763,0.0006,3.527,3044.718,20
8,24,1.8430595619731431,3.101173067239736,-4.025515147500094,38.852758180497005,3.996,1.256,3055.218,20
8,24,1.8430595619731431,3.53537261520601,-0.0006201295376712,38.93062730639982,0.0006,3.517,3065.656,20
8,24,1.8430595619731431,3.0860063656859107,-4.024976054205236,38.95010646123677,3.996,1.246,3076.156,20
8,24,1.8430595619731431,3.5228544780752964,0.000138264409824,39.04116245059929,0.0006,3.502,3086.593,20
8,24,1.8430595619731431,3.0691259613828032,-4.025591475952304,39.050731706897714,3.996,1.23,3097.078,20
8,24,1.8430595619731431,3.5082783246835394,0.0017824051726977,39.135117994711656,0.0006,3.488,3107.531,20
8,24,1.8430595619731431,3.049968789089284,-4.025181564561278,39.11098651808951,3.996,1.215,3117.953,20
8,24,1.8430595619731431,3.491544407832244,0.0010939840066334,39.24770101429928,0.0006,3.469,3128.406,20
8,24,1.8430595619731431,3.0278582834244943,-4.024960575591332,39.27142390984325,3.996,1.198,3138.828,20
8,24,1.8430595619731431,3.471940588614567,-0.0016079761442063,39.38473833254886,0.0006,3.451,3149.265,20
8,24,1.8430595619731431,3.001207651580957,-4.02521639476202,39.36780127210252,3.996,1.172,3159.765,20
8,24,1.8430595619731431,3.4482900324518067,-0.0011989890469639,39.47925179082621,0.0006,3.425,3170.156,20
8,24,1.8430595619731431,2.971128949883866,-4.024553308626883,39.513039922768506,3.996,1.147,3180.562,20
8,24,1.8430595619731431,3.4214636843696185,0.0012002098665403,39.58930573597495,0.0006,3.396,3191.015,20
8,24,1.8430595619731431,2.935614716055305,-4.0250090591240335,39.61648520627711,3.996,1.118,3201.484,20
8,24,1.8430595619731431,3.389279148223959,-0.0006636657911999,39.70888162387954,0.0006,3.364,3211.906,20
8,24,1.8430595619731431,2.893493715937704,-4.024469829865218,39.74754380483626,3.996,1.079,3222.375,20
8,24,1.8430595619731431,3.350926157707073,3.808938353817005e-05,39.84755030949977,0.0006,3.323,3232.781,20
8,24,1.8430595619731431,2.844443114144513,-4.025890636877641,39.83730270193957,3.996,1.038,3243.172,20
8,24,1.8430595619731431,3.3059697367853627,6.684061380771958e-05,39.97663118747739,0.0006,3.276,3253.609,20
8,24,1.8430595619731431,2.783605521963446,-4.024394762072866,39.9722656023718,3.996,0.989,3264.062,20
8,24,1.8430595619731431,3.250802020483903,0.0014268328014996,40.09816445773829,0.0006,3.22,3274.531,20
8,24,1.8430595619731431,2.7047901746108702,-4.0258430922256485,40.1500309488345,3.996,0.923,3285.015,20
8,24,1.8430595619731431,3.181997142026914,0.0004895950937411,40.26524833530716,0.0006,3.143,3295.468,20
8,24,1.8430595619731431,2.592060507407364,-4.025126120127522,40.303249701353664,3.996,0.847,3305.937,20
8,24,1.8430595619731431,3.089656519164533,-0.0017662728093292,40.47425843441923,0.0006,3.039,3316.625,20
8,24,1.8430595619731431,2.3985833228553703,-4.025247559760512,40.49947886060347,3.996,0.729,3327.25,20
8,24,1.8430595619731431,2.963316004232051,0.0009279458486936,40.61803110127094,0.0006,2.883,3337.906,20
8,24,1.8430595619731431,2.03038197134661,-4.0262543995629,40.713738535087295,3.996,0.538,3348.547,20
8,24,1.8430595619731431,2.812658749859178,0.0007947141679652,41.01972686102563,0.0006,2.655,3359.234,20
8,24,1.8430595619731431,1.7411634552856723,-3.5530201416917717,41.11737855143852,3.996,0.228,3369.859,20
8,24,1.8430595619731431,2.6975400509039584,-0.0028049921645383,41.40744159178738,0.0006,0.0,3380.734,20
8,24,1.8430595619731431,2.8173439167239804,-0.0005624624098301,41.38093797278912,0.0006,0.0,3391.593,20
8,24,1.8430595619731431,2.8767683485907463,-0.0019488871007038,41.196409183629946,0.0006,0.0,3402.437,20
8,24,1.8430595619731431,2.9161157182132835,-0.0010842210113244,40.99501388316879,0.0006,0.0,3413.297,20
8,24,1.8430595619731431,2.9462168244956914,-0.0018488354582691,40.77704698860082,0.0006,-0.0,3424.125,20
8,24,1.8430595619731431,2.970838126475668,-0.0007149232463336,40.57478172033433,0.0006,0.0,3435.047,20
8,24,1.8430595619731431,2.9918340317274126,-0.0015226295975883,40.383916474871015,0.0006,-0.0,3445.906,20
8,24,1.8430595619731431,3.009711848909264,0.0019339854756832,40.19823148018764,0.0006,0.0,3456.797,20
8,24,1.8430595619731431,3.026193259747581,0.0010300103229841,40.00476762153602,0.0006,0.0,3467.64,20
8,24,1.8430595619731431,3.041078181718697,0.0039868011027047,39.835605884638966,0.0006,0.0,3478.484,20
8,24,1.8430595619731431,3.0544367637072547,-0.0037773979588769,39.63406587542106,0.0006,0.0,3489.39,20
8,24,1.8430595619731431,3.066917523857239,0.0001233597935846,39.46064416364613,0.0006,0.0,3500.265,20
8,24,1.8430595619731431,3.078249235534574,-0.0024881766690361,39.273247678425655,0.0006,-0.0,3511.14,20
8,24,1.8430595619731431,3.0887314699674704,-0.0011008948890135,39.09395319838083,0.0006,0.0,3522.125,20
8,24,1.8430595619731431,3.098339264803526,0.0034373613776834,38.941400853691015,0.0006,0.0,3532.984,20
8,24,1.8430595619731431,3.107272063751024,-0.0036574358744937,38.75353041332783,0.0006,0.0,3543.828,20
8,24,1.8430595619731431,3.1152192205151445,-0.0055445048705252,38.59702948974901,0.0006,0.0,3554.656,20
8,24,1.8430595619731431,3.1228021637583594,-0.0012990443608347,38.43235977779705,0.0006,-0.0,3565.531,20
8,24,1.8430595619731431,3.1298922832256304,-0.003027740353196,38.25903224202424,0.0006,0.0,3576.39,20
8,24,1.8430595619731431,3.1363189840376315,-0.0001861183032094,38.086539632004325,0.0006,0.0,3587.218,20
8,24,1.8430595619731431,3.142542281748516,-0.0010788200612496,37.9410880034366,0.0006,-0.0,3598.109,20
8,24,1.8430595619731431,3.148229960869573,-0.0013667560731906,37.77256980576454,0.0006,-0.0,3609.062,20
8,24,1.8430595619731431,3.153531809687555,-0.001352501189571,37.61607963082031,0.0006,0.0,3619.922,20
8,24,1.8430595619731431,3.1584679077548308,-0.0005791305072541,37.46365958419541,0.0006,0.0,3630.812,20
8,24,1.8430595619731431,3.16321996280782,0.0003698449901138,37.32951065361704,0.0004,0.0,3641.718,20
8,24,1.8430595619731431,3.167653268357088,-0.0031531440555456,37.17973432814546,0.0006,-0.0,3652.593,20
8,24,1.8430595619731431,3.171800051600891,-0.0010310131123642,37.04320010608469,0.0006,0.0,3663.468,20
8,24,1.8430595619731431,3.1759113287121195,0.0005419940266391,36.87069622738552,0.0006,-0.0,3674.422,20
8,24,1.8430595619731431,3.179677828157596,0.0022399080914544,36.73683812434363,0.0006,0.0,3685.265,20
8,24,1.8430595619731431,3.183078762818118,-0.0010154522871996,36.6135762222724,0.0006,-0.0,3696.172,20
8,24,1.8430595619731431,3.186715414128038,-0.0020920620104141,36.4382950070743,0.0006,0.0,3707.047,20
8,24,1.8430595619731431,3.189888536283214,-0.0004448597544688,36.294335808384375,0.0006,0.0,3717.984,20
8,24,1.8430595619731431,3.1928862581870923,-0.000588791664763,36.14593109963253,0.0006,0.0,3728.968,20
8,24,1.8430595619731431,3.1960794093377904,0.0010731501067387,36.04789752770039,0.0006,-0.0,3739.89,20
8,24,1.8430595619731431,3.1988372251657657,0.0001085735350704,35.93752076289735,0.0006,0.0,3750.718,20
8,24,1.8430595619731431,3.201598648843713,0.0002136264573744,35.79312537350152,0.0004,-0.0,3761.562,20
8,24,1.8430595619731431,3.2043477020014945,-0.0003412863893747,35.673089548005336,0.0004,0.0,3772.468,20
8,24,1.8430595619731431,3.2068182201362623,-9.965151514560556e-05,35.555105803128235,0.0006,0.0,3783.39,20
8,24,1.8430595619731431,3.209356736566332,-0.0020789426764742,35.44264664906333,0.0006,0.0,3794.218,20
8,24,1.8430595619731431,3.2116795819089874,-0.0023892760243005,35.29803169546554,0.0006,0.0,3805.078,20
8,24,1.8430595619731431,3.2141647472508312,-0.0043242589702284,35.19697835587993,0.0006,0.0,3816.015,20
8,24,1.8430595619731431,3.216144209020782,-0.001202070832433,35.0891593148628,0.0006,0.0,3826.859,20
8,24,1.8430595619731431,3.218303947962663,-0.0012210788797531,34.97413128192549,0.0004,-0.0,3837.718,20
8,24,1.8430595619731431,3.2203364750778616,-0.002334110536487,34.847011066127685,0.0006,0.0,3848.593,20
8,24,1.8430595619731431,3.2222067402304466,0.0008830638790568,34.746220150770306,0.0006,-0.0,3859.453,20
8,24,1.8430595619731431,3.22424736464558,-0.0021950958428626,34.6356938484753,0.0006,0.0,3870.297,20
8,24,1.8430595619731431,3.226031141798057,0.0013598723226354,34.52744620536646,0.0006,0.0,3881.14,20
8,24,1.8430595619731431,3.227713363980884,-0.0017938238377186,34.43467196746886,0.0006,0.0,3892.062,20
8,24,1.8430595619731431,3.229651608446284,0.0016265469087805,34.33952736151861,0.0004,0.0,3903.015,20
8,24,1.8430595619731431,3.231242498494199,0.0024930494678446,34.2351555530584,0.0006,0.0,3913.937,20
8,24,1.8430595619731431,3.232853168314672,-0.0010029625433798,34.12328531023476,0.0004,0.0,3924.843,20
8,24,1.8430595619731431,3.234869388594828,-0.0012880307426724,34.01743164362664,0.0006,-0.0,3935.703,20
8,24,1.8430595619731431,3.236506252372738,-0.0031839213322919,33.91786372999331,0.0006,0.0,3946.5,20
8,24,1.8430595619731431,3.237861021611954,-0.0014601634014824,33.83722743799587,0.0006,0.0,3957.422,20
8,24,1.8430595619731431,3.239408620681918,0.0009494958658417,33.73881243271284,0.0006,0.0,3968.39,20
8,24,1.8430595619731431,3.2409807582554966,-0.002953433091841,33.63860933017721,0.0006,0.0,3979.25,20
8,24,1.8430595619731431,3.242116431240329,-0.0002474368384272,33.544225891750344,0.0006,0.0,3990.078,20
8,24,1.8430595619731431,3.243724755600473,0.0005465785829603,33.47427609073668,0.0006,0.0,4001.047,20
8,24,1.8430595619731431,3.24502986339728,0.0005532278259154,33.37040858330948,0.0006,0.0,4011.922,20
8,24,1.8430595619731431,3.246341893222356,-0.001933253423404,33.29592535032912,0.0006,-0.0,4022.781,20
8,24,1.8430595619731431,3.247635299263661,0.0013682940667836,33.203761733364246,0.0004,0.0,4033.64,20
8,24,1.8430595619731431,3.2489505335617173,-0.0014333323947406,33.12783130606326,0.0006,-0.0,4044.515,20
8,24,1.8430595619731431,3.250079358369407,0.0016114816140523,33.05104552214512,0.0006,0.0,4055.406,20
8,24,1.8430595619731431,3.251647953403746,-0.0019501796763813,32.96607170538584,0.0004,0.0,4066.343,20
8,24,1.8430595619731431,3.2525379210865424,-0.0014376750424155,32.87238602241255,0.0006,0.0,4077.234,20
8,24,1.8430595619731431,3.2536359847610856,-0.0021137036617001,32.799200505127,0.0006,-0.0,4088.14,20
8,24,1.8430595619731431,3.2548778484467444,-0.0049350048986981,32.71439703947392,0.0006,0.0,4099.031,20
8,24,1.8430595619731431,3.2558712166554877,-0.000495743901784,32.64069878252594,0.0006,-0.0,4109.984,20
8,24,1.8430595619731431,3.256911851574866,-0.0004235503290992,32.56305517967573,0.0006,0.0,4120.875,20
8,24,1.8430595619731431,3.2580001532166176,-0.0010696413393565,32.49021540922671,0.0006,-0.0,4131.797,20
8,24,1.8430595619731431,3.2591348964561444,0.0009731036246082,32.42634740557252,0.0006,0.0,4142.656,20
8,24,1.8430595619731431,3.260118644819158,-0.0010027023971784,32.341256649071305,0.0004,0.0,4153.5,20
8,24,1.8430595619731431,3.261011829768999,-0.0014286099939964,32.275564919254336,0.0006,0.0,4164.406,20
8,24,1.8430595619731431,3.26205675062912,-0.0015622495482382,32.20551850177495,0.0006,0.0,4175.281,20
8,24,1.8430595619731431,3.26304771537949,-0.0020096923031673,32.124106695599075,0.0006,0.0,4186.187,20
8,24,1.8430595619731431,3.26379863485489,-0.0017897730607357,32.045922176579175,0.0004,0.0,4197.047,20
8,24,1.8430595619731431,3.264780470502465,-0.001016563393986,31.98427343044465,0.0004,-0.0,4207.906,20
8,24,1.8430595619731431,3.2654287275570093,-0.0012011237673722,31.924576022851703,0.0006,-0.0,4218.812,20
8,24,1.8430595619731431,3.266473419969336,-0.0025503067432872,31.847712484279096,0.0006,0.0,4229.687,20
8,24,1.8430595619731431,3.267218628676689,2.2559695429308895e-05,31.799103898862437,0.0004,0.0,4240.547,20
8,24,1.8430595619731431,3.2680437200498043,-0.0005642879844381,31.7358629873054,0.0006,0.0,4251.468,20
8,24,1.8430595619731431,3.268891276055014,-0.0018522207422406,31.66277201900941,0.0006,0.0,4262.422,20
8,24,1.8430595619731431,3.2696609102202645,-0.0004404978723842,31.602965448421468,0.0006,0.0,4273.265,20
8,24,1.8430595619731431,3.270349504502466,-0.000519071825145,31.549307023398605,0.0006,-0.0,4284.172,20
8,24,1.8430595619731431,3.2712452972184374,-0.0023074583248114,31.483332760829224,0.0006,0.0,4295.062,20
8,24,1.8430595619731431,3.2719616827102893,-0.0016554951678903,31.41696596254949,0.0006,-0.0,4306.0,20
8,24,1.8430595619731431,3.272431902982559,-0.0011023213293268,31.34480565765597,0.0006,0.0,4316.812,20
8,24,1.8430595619731431,3.2733365506682124,0.0001608157979163,31.281489873363256,0.0004,0.0,4327.718,20
8,24,1.8430595619731431,3.2740624574054835,-0.0021661094061649,31.23182631065937,0.0006,0.0,4338.578,20
8,24,1.8430595619731431,3.274664684316097,-0.0007377611839277,31.177685685615582,0.0004,-0.0,4349.5,20
8,24,1.8430595619731431,3.2753525304309608,-0.0006801055094662,31.131816047707243,0.0006,0.0,4360.359,20
8,24,1.8430595619731431,3.275947204841058,0.000216433328145,31.07527947063006,0.0004,0.0,4371.25,20
8,24,1.8430595619731431,3.2766425159403645,-0.0003692900147075,31.002415462721736,0.0006,0.0,4382.203,20
8,24,1.8430595619731431,3.277190627845971,-0.0013064307448525,30.95722572670393,0.0006,0.0,4393.062,20
8,24,1.8430595619731431,3.2779844440370307,-0.0022428321024639,30.910773901073227,0.0006,0.0,4403.937,20
8,24,1.8430595619731431,3.278459217152606,-0.0012946743548636,30.837576569357115,0.0004,0.0,4414.812,20
8,24,1.8430595619731431,3.279058178900908,0.0001511169985061,30.79151884006936,0.0006,0.0,4425.687,20
8,24,1.8430595619731431,3.2797339816462663,6.766213331800302e-05,30.74867486051093,0.0006,-0.0,4436.562,20
8,24,1.8430595619731431,3.2802730742555752,-0.0006745283343927,30.702041118395563,0.0006,0.0,4447.437,20
8,24,1.8430595619731431,3.2807418865013824,0.0004811255010455,30.642345214219127,0.0006,0.0,4458.281,20
8,24,1.8430595619731431,3.281422614760415,0.0005372680633721,30.59336344931068,0.0006,0.0,4469.14,20
8,24,1.8430595619731431,3.2819073809790136,-0.0017475224309523,30.55108079792282,0.0006,0.0,4480.0,20
8,24,1.8430595619731431,3.282329346481899,-0.0007234799475099,30.52396261826605,0.0004,-0.0,4490.875,20
8,24,1.8430595619731431,3.282784287744017,0.0006613222959964,30.460382291093893,0.0006,0.0,4501.765,20
8,24,1.8430595619731431,3.283402683968104,0.0001383751580877,30.400333345393257,0.0006,-0.0,4512.593,20
8,24,1.8430595619731431,3.2838522162999406,-0.000692604108562,30.355147707857707,0.0006,-0.0,4523.468,20
8,24,1.8430595619731431,3.2844634241045343,-0.0010899978763458,30.30462558802461,0.0006,0.0,4534.375,20
8,24,1.8430595619731431,3.284876084646089,0.0002150694334127,30.282431926498084,0.0006,0.0,4545.265,20
8,24,1.8430595619731431,3.2853826631514496,0.0042511214256072,30.244645204518537,0.0006,0.0,4556.187,20
8,24,1.8430595619731431,3.2856445897476725,-0.0011424137752194,30.20079136895477,0.0006,0.0,4567.031,20
8,24,1.8430595619731431,3.2862524369983563,-0.0004181781005494,30.149908586526653,0.0006,0.0,4577.89,20
8,24,1.8430595619731431,3.286685299047948,-0.0018963890417257,30.120627823774825,0.0006,0.0,4588.734,20
8,24,1.8430595619731431,3.287037200554751,0.0008467575102327,30.079132967260463,0.0006,-0.0,4599.609,20
8,24,1.8430595619731431,3.2874734341868503,0.0001055668046579,30.02242807356604,0.0006,-0.0,4610.531,20
8,24,1.8430595619731431,3.2879693252015803,-0.0016710184724622,29.98531164567348,0.0006,0.0,4621.375,20
8,24,1.8430595619731431,3.2883424009987894,-0.0023698332778708,29.955010104357267,0.0006,0.0,4632.203,20
8,24,1.8430595619731431,3.2887224482869755,-0.0002475740425676,29.91554537848624,0.0006,0.0,4643.047,20
8,24,1.8430595619731431,3.289231813442352,-0.0008225627525302,29.87468754468649,0.0006,-0.0,4653.906,20
8,24,1.8430595619731431,3.289762107006688,-0.0014403008057384,29.835872683632584,0.0004,0.0,4664.781,20
8,24,1.8430595619731431,3.290004326663691,0.00099716892112,29.801772500329868,0.0006,0.0,4675.64,20
8,24,1.8430595619731431,3.290422117367466,-0.0012804671152219,29.7665001309387,0.0006,0.0,4686.562,20
8,24,1.8430595619731431,3.2908266087999567,-0.0022609426105068,29.731708204317425,0.0006,0.0,4697.453,20
8,24,1.8430595619731431,3.291229675657134,6.549237811705949e-05,29.697010443361144,0.0006,0.0,4708.328,20
8,24,1.8430595619731431,3.291570359394561,-0.0023230535274111,29.64896780276094,0.0006,0.0,4719.172,20
8,24,1.8430595619731431,3.2917645362707346,0.0008248067440066,29.60877910909513,0.0006,0.0,4730.015,20
8,24,1.8430595619731431,3.292101129247028,-0.0013168869527784,29.58363942428308,0.0006,-0.0,4740.875,20
8,24,1.8430595619731431,3.2925214829204297,-0.003020547716781,29.52854446939245,0.0006,0.0,4751.797,20
8,24,1.8430595619731431,3.292738327650292,-0.003111772309844,29.48044398139683,0.0004,-0.0,4762.64,20
8,24,1.8430595619731431,3.2933460330735973,-0.0030822497843531,29.46184739498452,0.0006,0.0,4773.531,20
8,24,1.8430595619731431,3.293601368651755,-0.0013812867668701,29.429940293139275,0.0004,-0.0,4784.453,20
8,24,1.8430595619731431,3.293830401466876,-0.0017148858528887,29.40312232896701,0.0006,0.0,4795.359,20
8,24,1.8430595619731431,3.2943377457235625,-0.0007986419263275,29.371790508168434,0.0006,0.0,4806.234,20
8,24,1.8430595619731431,3.294375235883424,-0.0005213744959176,29.32936711992432,0.0006,-0.0,4817.109,20
8,24,1.8430595619731431,3.294711508518535,-0.0012021235943503,29.308433227415623,0.0006,0.0,4827.937,20
8,24,1.8430595619731431,3.295043337773065,-0.0003363158189564,29.27921606758732,0.0006,0.0,4838.797,20
8,24,1.8430595619731431,3.295458812567532,-0.0014408670758504,29.23628391326021,0.0004,0.0,4849.687,20
8,24,1.8430595619731431,3.295614432462334,-0.0015246128318197,29.19882692437019,0.0006,0.0,4860.578,20
8,24,1.8430595619731431,3.296108016253942,-0.0001517976577242,29.181113999520505,0.0006,0.0,4871.468,20
8,24,1.8430595619731431,3.2964218318631024,0.0003764681240523,29.14924069501423,0.0006,0.0,4882.375,20
8,24,1.8430595619731431,3.296619449770471,0.0015808580165358,29.115204178546414,0.0006,0.0,4893.25,20
8,24,1.8430595619731431,3.296710700112147,0.0005885362588264,29.08601814873809,0.0006,0.0,4904.14,20
8,24,1.8430595619731431,3.2969999313348928,-0.0010280195893795,29.05818367846546,0.0006,-0.0,4915.078,20
8,24,1.8430595619731431,3.297422981923951,-0.000499777918284,29.03176410927505,0.0004,0.0,4925.937,20
8,24,1.8430595619731431,3.2974339883616284,-0.0003480521299327,29.0051683271803,0.0004,0.0,4936.812,20
8,24,1.8430595619731431,3.297798013109411,0.0023662570449558,28.986571493545146,0.0006,0.0,4947.718,20
8,24,1.8430595619731431,3.2983352996590645,-0.0005966441081807,28.95160927791377,0.0006,-0.0,4958.64,20
8,24,1.8430595619731431,3.298601958950499,-0.0028107565183201,28.92850157035385,0.0004,0.0,4969.468,20
8,24,1.8430595619731431,3.298723131107021,-0.0052398505520894,28.899209337768067,0.0006,0.0,4980.359,20
8,24,1.8430595619731431,3.2989261255803983,-0.0005420724451735,28.86979020805106,0.0006,0.0,4991.203,20
8,24,1.8430595619731431,3.2990987143704515,0.0006044312719558,28.84533307214645,0.0006,0.0,5002.078,20
8,24,1.8430595619731431,3.299335515903687,-0.0006889420004476,28.818480997558652,0.0006,0.0,5013.0,20
8,24,1.8430595619731431,3.29960838989926,-0.0001397804728384,28.798839722000952,0.0006,-0.0,5023.875,20
8,24,1.8430595619731431,3.299949818951686,0.0004931384258257,28.768942330511926,0.0006,0.0,5034.687,20
8,24,1.8430595619731431,3.3002798585716766,-0.0017299303767219,28.74121269448068,0.0006,0.0,5045.562,20
8,24,1.8430595619731431,3.300412099489863,-0.0010102365027593,28.714389308654688,0.0006,-0.0,5056.422,20
8,24,1.8430595619731431,3.300677332679804,-0.0005542730301024,28.689785861039383,0.0006,0.0,5067.39,20
8,24,1.8430595619731431,3.300934464256673,0.0002912997922391,28.68379334115084,0.0006,0.0,5078.218,20
8,24,1.8430595619731431,3.301033937789454,-0.0022216471706608,28.64935403130114,0.0006,-0.0,5089.078,20
8,24,1.8430595619731431,3.301282619181204,-0.0014630778833872,28.624982168553395,0.0006,0.0,5099.984,20
8,24,1.8430595619731431,3.301528178524212,-0.0001584436793752,28.6061774713104,0.0006,0.0,5110.781,20
8,24,1.8430595619731431,3.3017983285164485,-0.0004368391829718,28.59129857436163,0.0006,-0.0,5121.625,20
8,24,1.8430595619731431,3.301943668513311,-0.0015096151290395,28.565921328495243,0.0006,0.0,5132.593,20
8,24,1.8430595619731431,3.302145058699791,-0.0005209385864285,28.546960222253723,0.0006,0.0,5143.484,20
8,24,1.8430595619731431,3.302572827516866,-0.0011834524375785,28.532072444820848,0.0004,0.0,5154.468,20
8,24,1.8430595619731431,3.302893784597007,-0.0015185207097178,28.50545201524863,0.0004,0.0,5165.312,20
8,24,1.8430595619731431,3.302919085830955,-0.0018140825991108,28.488012144644603,0.0006,0.0,5176.203,20
8,24,1.8430595619731431,3.303334604905168,-0.0005145722072326,28.459499128564964,0.0006,0.0,5187.015,20
8,24,1.8430595619731431,3.303401374924661,-0.001183805740421,28.441346663867503,0.0006,-0.0,5197.875,20
8,24,1.8430595619731431,3.303462345921913,-0.0018934123824979,28.425425230840577,0.0004,0.0,5208.75,20
8,24,1.8430595619731431,3.3038194906485807,-0.001263413469709,28.400552088788924,0.0004,0.0,5219.687,20
8,24,1.8430595619731431,3.3039746721437204,-0.001119099002683,28.3863591690696,0.0004,0.0,5230.578,20
8,24,1.8430595619731431,3.3042634125529062,-0.0033639277635695,28.362636341495605,0.0006,0.0,5241.531,20
8,24,1.8430595619731431,3.304447777012417,-0.0022678249499812,28.34746187017432,0.0004,0.0,5252.422,20
8,24,1.8430595619731431,3.304657918927897,-0.0031978744700977,28.32653192457781,0.0004,0.0,5263.312,20
8,24,1.8430595619731431,3.3048680859863686,-0.0012623369497487,28.310124860859503,0.0006,0.0,5274.203,20
8,24,1.8430595619731431,3.305048264720912,0.0008785473284059,28.290518304041797,0.0006,-0.0,5285.047,20
8,24,1.8430595619731431,3.305262306871999,0.0005079502841438,28.27583899582183,0.0006,0.0,5295.922,20
8,24,1.8430595619731431,3.305407748763024,0.0027011021842729,28.261030675425893,0.0006,0.0,5306.797,20
8,24,1.8430595619731431,3.305639617382208,0.0007985738456755,28.24539922437166,0.0006,0.0,5317.625,20
8,24,1.8430595619731431,3.3055562281439905,0.0014249043350402,28.221594155416337,0.0006,0.0,5328.609,20
8,24,1.8430595619731431,3.3059267077582493,0.000292924131508,28.20276500738697,0.0006,0.0,5339.468,20
8,24,1.8430595619731431,3.3062211837739044,0.0010700132403556,28.186541697941603,0.0006,-0.0,5350.422,20
8,24,1.8430595619731431,3.306312278140336,-0.002094108394249,28.16650682372488,0.0006,-0.0,5361.25,20
8,24,1.8430595619731431,3.306399756576236,-0.0024354106590294,28.15240846738232,0.0004,0.0,5372.109,20
8,24,1.8430595619731431,3.3066243284398977,-0.0025281762177136,28.13462334232912,0.0006,0.0,5382.968,20
8,24,1.8430595619731431,3.3068903521650723,-0.0025366073947233,28.11669347523485,0.0004,0.0,5393.828,20
8,24,1.8430595619731431,3.3068669622157683,-0.0013745318827618,28.10493426894285,0.0006,0.0,5404.656,20
8,24,1.8430595619731431,3.3071453437459275,-0.0012928118414333,28.090903717858826,0.0006,0.0,5415.547,20
8,24,1.8430595619731431,3.3074976049846,0.0013890832585149,28.07908711097029,0.0006,0.0,5426.359,20
8,24,1.8430595619731431,3.307615659369107,-0.0020693626704468,28.058730024596,0.0006,0.0,5437.234,20
8,24,1.8430595619731431,3.307870258153192,-0.0004913957757634,28.045018362877176,0.0006,0.0,5448.062,20
8,24,1.8430595619731431,3.3078860048448413,-0.0023563368891743,28.032934698079,0.0006,0.0,5458.984,20
8,24,1.8430595619731431,3.3082977369320896,-0.0021601178065913,28.01556130794164,0.0006,0.0,5469.828,20
8,24,1.8430595619731431,3.3081989261900766,-0.0004583975768093,28.00126453529364,0.0006,0.0,5480.75,20
8,24,1.8430595619731431,3.308443754596639,-0.0040992868154194,27.990908945866018,0.0004,0.0,5491.672,20
8,24,1.8430595619731431,3.308646500884681,-0.0009585607564698,27.97582037749074,0.0006,0.0,5502.562,20
8,24,1.8430595619731431,3.3088086384411715,-0.0007646459070103,27.963922916023343,0.0006,0.0,5513.484,20
8,24,1.8430595619731431,3.309047824158874,-0.0015867657720742,27.950537047117983,0.0006,0.0,5524.437,20
8,24,1.8430595619731431,3.3090864412218077,-0.0013479853716454,27.92436205955403,0.0006,0.0,5535.312,20
8,24,1.8430595619731431,3.3093867838974407,0.0006206426883006,27.916640444825923,0.0004,0.0,5546.203,20
8,24,1.8430595619731431,3.309606194542914,-0.0019778360176075,27.89835229570677,0.0006,0.0,5557.109,20
8,24,1.8430595619731431,3.309838597209949,-0.0005698999374601,27.885217623633125,0.0004,0.0,5567.968,20
8,24,1.8430595619731431,3.30976743461344,-0.0009499630479927,27.86335288297979,0.0006,0.0,5578.875,20
8,24,1.8430595619731431,3.309891104042694,-0.0031956282409785,27.859265875467663,0.0006,0.0,5589.828,20
8,24,1.8430595619731431,3.309874467864788,0.0006217882087568,27.842838213656957,0.0006,0.0,5600.687,20
8,24,1.8430595619731431,3.310283298958615,-0.0005305968257968,27.82960526141168,0.0006,0.0,5611.609,20
8,24,1.8430595619731431,3.3104727401790197,0.0004180470606923,27.819196155209312,0.0006,0.0,5622.5,20
8,24,1.8430595619731431,3.310585356258906,-0.0021369239730673,27.797660417239907,0.0006,-0.0,5633.312,20
8,24,1.8430595619731431,3.310825177062722,-0.0008276902538339,27.797542458728167,0.0006,0.0,5644.187,20
8,24,1.8430595619731431,3.3108529475503468,-0.0019897133699812,27.777196146532237,0.0006,0.0,5655.047,20
8,24,1.8430595619731431,3.3110594093114694,0.0003073910237586,27.76218820805579,0.0006,0.0,5665.953,20
8,24,1.8430595619731431,3.311232943622432,-0.001668422212837,27.763198673996914,0.0006,-0.0,5676.843,20
8,24,1.8430595619731431,3.31148520810521,-0.0006253263136661,27.74430116532749,0.0006,0.0,5687.765,20
8,24,1.8430595619731431,3.3114285001418384,-0.0014975445865739,27.73324008665874,0.0004,0.0,5698.703,20
8,24,1.8430595619731431,3.31151302865099,0.002623554096939,27.725384294895917,0.0006,0.0,5709.578,20
8,24,1.8430595619731431,3.3118089479526605,-0.0003701704695604,27.71882427581169,0.0006,0.0,5720.437,20
8,24,1.8430595619731431,3.312026669599029,0.0002209054085949,27.69402628354037,0.0006,0.0,5731.343,20
8,24,1.8430595619731431,3.312102411035241,-0.0013498640388978,27.68558808302652,0.0006,0.0,5742.172,20
8,24,1.8430595619731431,3.312421821953161,-0.0030993513458983,27.680166599526203,0.0004,0.0,5753.109,20
8,24,1.8430595619731431,3.312406260146455,-0.0020444700242641,27.674218934858207,0.0006,-0.0,5763.968,20
8,24,1.8430595619731431,3.3126627767512247,-0.0020677955017369,27.663218356414056,0.0006,0.0,5774.859,20
8,24,1.8430595619731431,3.312841353207261,-0.0011024200788254,27.64313674912208,0.0006,0.0,5785.672,20
8,24,1.8430595619731431,3.312908115727666,-0.0006785088273478,27.63903626343754,0.0006,0.0,5796.562,20
8,24,1.8430595619731431,3.313037665676456,0.0023079207639211,27.62474021151002,0.0006,0.0,5807.5,20
8,24,1.8430595619731431,3.31305451192222,0.0013874976524773,27.61263735925979,0.0006,-0.0,5818.39,20
8,24,1.8430595619731431,3.313252191721942,0.0004009759374939,27.613558231741575,0.0006,0.0,5829.25,20
8,24,1.8430595619731431,3.3136309650420723,-0.0002510107295282,27.60448411346417,0.0006,-0.0,5840.156,20
8,24,1.8430595619731431,3.3134597363783587,-0.0011869253064956,27.59021325612784,0.0006,-0.0,5851.062,20
8,24,1.8430595619731431,3.313870000232377,-0.002534263803021,27.568049954992865,0.0006,-0.0,5861.906,20
8,24,1.8430595619731431,3.313925651810713,0.0023602724798273,27.57068983891265,0.0006,0.0,5872.75,20
8,24,1.8430595619731431,3.314139495655993,-0.0011741128544647,27.56155669777702,0.0004,0.0,5883.609,20
8,24,1.8430595619731431,3.3141784786452857,-0.0002535253255156,27.55525919136852,0.0006,0.0,5894.468,20
8,24,1.8430595619731431,3.314246662241686,0.0002780468199631,27.53646589328873,0.0006,0.0,5905.375,20
8,24,1.8430595619731431,3.3144044928190466,-0.0020197395815811,27.52318073708527,0.0004,0.0,5916.281,20
8,24,1.8430595619731431,3.314655943395887,0.0011183424832385,27.52079560416881,0.0006,0.0,5927.109,20
8,24,1.8430595619731431,3.314816792221447,-0.0010314035894125,27.508269270557737,0.0006,0.0,5938.078,20
8,24,1.8430595619731431,3.314828446919612,-0.002460357368529,27.49520856784948,0.0006,-0.0,5948.984,20
8,24,1.8430595619731431,3.3149323418101835,-0.0019256837472869,27.49945894193599,0.0006,0.0,5959.859,20
8,24,1.8430595619731431,3.3152963888580875,-0.0025995311438893,27.482139515405574,0.0006,-0.0,5970.75,20
8,24,1.8430595619731431,3.3152967116123304,-0.0013845393114514,27.476011803674755,0.0006,0.0,5981.625,20
8,24,1.8430595619731431,3.315496027362806,0.0025829666967483,27.47469322003056,0.0006,0.0,5992.5,20
8,24,1.8430595619731431,3.315690653368157,-0.0010076068088045,27.4571748795672,0.0006,-0.0,6003.468,20
8,24,1.8430595619731431,3.315671824542937,-0.0018580091737102,27.45826686063118,0.0006,0.0,6014.343,20
8,24,1.8430595619731431,3.3157024503235477,-0.000158100681909,27.44208274548308,0.0006,0.0,6025.234,20
8,24,1.8430595619731431,3.316135962870572,-0.0003264974215681,27.431815465763496,0.0004,0.0,6036.109,20
8,24,1.8430595619731431,3.315978080715088,-0.0022434219088267,27.42512531393617,0.0006,0.0,6047.031,20
8,24,1.8430595619731431,3.316369366534287,0.0004310819043716,27.423627615606065,0.0004,0.0,6057.89,20
8,24,1.8430595619731431,3.316387838191176,0.00142763183056,27.412347158441403,0.0006,0.0,6068.812,20
8,24,1.8430595619731431,3.3164579287895903,0.0003003690494373,27.405003922317025,0.0006,0.0,6079.672,20
8,24,1.8430595619731431,3.316720779672181,-8.729126834881793e-05,27.40397160038891,0.0006,0.0,6090.593,20
8,24,1.8430595619731431,3.316611051676885,0.0016587113547102,27.39784057759329,0.0006,0.0,6101.453,20
8,24,1.8430595619731431,3.3168498888987785,-0.0016496831679251,27.38722557341701,0.0006,0.0,6112.297,20
8,24,1.8430595619731431,3.316973080494792,-0.0029800070502962,27.38108469393252,0.0006,0.0,6123.125,20
8,24,1.8430595619731431,3.317096661355601,0.0032524526279668,27.37786534697761,0.0006,0.0,6133.984,20
8,24,1.8430595619731431,3.3174336902189925,0.0005261472828168,27.372844740527224,0.0006,-0.0,6144.89,20
8,24,1.8430595619731431,3.31745061533005,-0.00177912573189,27.365379501231995,0.0006,0.0,6155.812,20
8,24,1.8430595619731431,3.3175028821566226,-0.0002051830022776,27.355185030122783,0.0006,0.0,6166.64,20
8,24,1.8430595619731431,3.3175017002097875,-0.0019928371197748,27.344339810608417,0.0006,0.0,6177.5,20
8,24,1.8430595619731431,3.317810850542219,-0.001535933749083,27.35044011260044,0.0006,-0.0,6188.468,20
8,24,1.8430595619731431,3.3179434034233943,-0.0009224256514709,27.35439536545796,0.0006,0.0,6199.359,20
8,24,1.8430595619731431,3.3181700619636767,-0.0018817015779813,27.33832837146594,0.0006,-0.0,6210.218,20
8,24,1.8430595619731431,3.31806815966256,-0.0024326140189598,27.33205842142605,0.0006,0.0,6221.156,20
8,24,1.8430595619731431,3.318238046000929,-0.001739338270644,27.32287045198485,0.0006,0.0,6231.984,20
8,24,1.8430595619731431,3.3183614882491344,-0.0012867717553037,27.31655504987812,0.0006,0.0,6242.859,20
8,24,1.8430595619731431,3.3185293368593127,-0.0012575328502238,27.316121605663973,0.0006,-0.0,6253.672,20
8,24,1.8430595619731431,3.318696243662519,-0.0002024328730549,27.31185976050455,0.0006,-0.0,6264.547,20
8,24,1.8430595619731431,3.318660898493334,-0.0019309055506437,27.30229661635957,0.0004,0.0,6275.422,20
8,24,1.8430595619731431,3.318760474915284,-0.0011230837155482,27.301943309881963,0.0006,-0.0,6286.328,20
8,24,1.8430595619731431,3.318916332544974,-0.0009007531608602,27.29946711778168,0.0006,0.0,6297.25,20
8,24,1.8430595619731431,3.319137509530524,0.0001628875837141,27.29081527080129,0.0006,0.0,6308.14,20
8,24,1.8430595619731431,3.9408618607670136,-0.0015527799352368,32.83639317711809,0.0006,3.931,637.422,20
8,24,1.8430595619731431,3.5246016395317583,-4.025721904898316,32.850070841998715,3.996,1.636,647.875,20
8,24,1.8430595619731431,3.934387988469538,0.0006353942606361,32.92334909907768,0.0006,3.926,658.343,20
8,24,1.8430595619731431,3.519221732602801,-4.024882516024021,32.93509785965477,3.996,1.631,668.828,20
8,24,1.8430595619731431,3.981561214787615,-0.0002634136201192,31.90727973747033,0.0006,3.971,511.906,20
8,24,1.8430595619731431,3.5577681219299797,-4.024082793126513,31.948762076246627,3.996,1.666,522.343,20
8,24,1.8430595619731431,3.975307975659114,-0.0011829443746674,32.04359711304001,0.0006,3.964,532.859,20
8,24,1.8430595619731431,3.552553700308659,-4.027294413185279,32.118732107621724,3.996,1.663,543.281,20
8,24,1.8430595619731431,4.0170958275675215,0.0004203105795373,30.814694009467253,0.0006,4.007,386.484,20
8,24,1.8430595619731431,3.5875009056126146,-4.024172090176654,30.87124137080376,3.996,1.698,396.968,20
8,24,1.8430595619731431,4.011256574326467,0.0008169434792548,30.99162927382587,0.0006,4.002,407.375,20
8,24,1.8430595619731431,3.583076844726369,-4.023478181036604,31.06219425002453,3.996,1.692,417.89,20
8,24,1.8430595619731431,4.05451432722522,0.0007997122516114,29.64253400899602,0.0006,4.045,260.828,20
8,24,1.8430595619731431,3.535894987620245,-4.023890835731983,32.58879668764047,3.996,1.648,606.031,20
8,24,1.8430595619731431,3.9476842133623182,-0.001153346281259,32.69937765590075,0.0006,3.938,616.437,20
8,24,1.8430595619731431,3.5299941739593783,-4.024575886074702,32.73631051969683,3.996,1.643,626.953,20
8,24,1.8430595619731431,3.994337141372123,0.0028918174164781,31.54791338243439,0.0006,3.984,470.14,20
8,24,1.8430595619731431,3.5685037164339684,-4.02439634281688,31.592010737949973,3.996,1.68,480.578,20
8,24,1.8430595619731431,3.988215395021762,-0.0010430966236612,31.72953988906932,0.0004,3.976,491.015,20
8,24,1.8430595619731431,3.562943832992015,-4.026723970764809,31.794726689862117,3.996,1.672,501.484,20
8,24,1.8430595619731431,4.028286958949416,-0.0005281579115922,30.44298535535803,0.0006,4.019,344.609,20
8,24,1.8430595619731431,3.5970681459419853,-4.025072655477158,30.49752433262073,3.996,1.705,355.047,20
8,24,1.8430595619731431,4.02258944238449,0.0010700398143089,30.628128407268655,0.0006,4.012,365.5,20
8,24,1.8430595619731431,3.5921242076205857,-4.0253996989047485,30.690004911646675,3.996,1.7,375.984,20
8,24,1.8430595619731431,3.320335770352349,-0.0014485872732699,27.24159055366062,0.0006,0.0,6406.312,20
8,24,1.8430595619731431,3.32026097972222,-0.0008112722461696,27.2394911163505,0.0004,0.0,6417.187,20
8,24,1.8430595619731431,3.3204613635118325,-0.0014512858204249,27.23443846176677,0.0006,-0.0,6428.125,20
8,24,1.8430595619731431,3.320474769136519,-0.0006878455336196,27.237138361916507,0.0006,0.0,6439.015,20
8,24,1.8430595619731431,3.320750172046004,0.0002528569404758,27.225742839897524,0.0004,0.0,6449.89,20
8,24,1.8430595619731431,3.3208111940431326,-0.0024634737731283,27.21403618935327,0.0004,0.0,6460.75,20
8,24,1.8430595619731431,3.319343523010945,-0.0028104002196675,27.28560184666344,0.0004,0.0,6319.0,20
8,24,1.8430595619731431,3.3194079316168703,-0.0022660089785084,27.2784723915184,0.0006,0.0,6329.906,20
8,24,1.8430595619731431,3.635812783451944,-4.025926859217486,29.054622787932257,3.996,1.736,208.5,20
8,24,1.8430595619731431,4.069071264887594,-0.0003790473649743,29.188261344566637,0.0006,4.061,218.984,20
8,24,1.8430595619731431,3.629652402517354,-4.0244992320777095,29.273264660659656,3.996,1.732,229.453,20
8,24,1.8430595619731431,4.061755291642004,0.0001228182240852,29.41014804857547,0.0006,4.052,239.937,20
8,24,1.8430595619731431,3.623346044408178,-4.025362065296957,29.500535327681785,3.996,1.725,250.406,20
8,24,1.8430595619731431,3.9075612512568494,-0.0014156541933804,33.23607708772064,0.0006,3.9,762.968,20
8,24,1.8430595619731431,3.495289322401129,-4.025057573377155,33.25131952066294,3.996,1.607,773.406,20
8,24,1.8430595619731431,3.8848126262295577,-0.0008799118242061,33.283944954261614,0.0006,3.878,867.562,20
8,24,1.8430595619731431,3.6120310221522702,-4.024781490600714,29.92185024317308,3.996,1.716,292.187,20
8,24,1.8430595619731431,4.041117190529728,-0.0015358694780914,30.053314088011884,0.0006,4.032,302.718,20
8,24,1.8430595619731431,3.606898055257228,-4.024796595466624,30.121827659828323,3.996,1.714,313.187,20
8,24,1.8430595619731431,4.034505866415885,-0.0025794092910632,30.239770671413,0.0006,4.024,323.672,20
8,24,1.8430595619731431,3.601832225503622,-4.02432604872911,30.30587988768802,3.996,1.708,334.125,20
8,24,1.8430595619731431,4.085153140876493,-0.0029513050605216,28.721909766064343,0.0006,4.077,177.109,20
8,24,1.8430595619731431,3.64327055586509,-4.023298670429936,28.814641124294354,3.996,1.744,187.562,20
8,24,1.8430595619731431,4.076933746129022,0.0004538160728259,28.96064362221204,0.0006,4.068,198.0,20
8,24,1.8430595619731431,3.319590704338896,-0.002320759045977,27.272225766144977,0.0004,0.0,6340.781,20
8,24,1.8430595619731431,3.319731930989077,-0.0020719890443965,27.270245723519672,0.0006,0.0,6351.64,20
8,24,1.8430595619731431,3.3198750250390594,-0.0006370396444884,27.26541153403421,0.0004,0.0,6362.578,20
8,24,1.8430595619731431,3.3198109858286524,-0.0016028579101435,27.25837866909978,0.0006,-0.0,6373.468,20
8,24,1.8430595619731431,3.320002040059473,-0.0016447836900129,27.251503907801663,0.0006,-0.0,6384.359,20
8,24,1.8430595619731431,3.3201781315692704,0.0004082568306919,27.257160120444286,0.0004,0.0,6395.312,20
8,24,1.8430595619731431,3.617651898895093,-4.0246667349069885,29.713726414124725,3.996,1.722,271.312,20
8,24,1.8430595619731431,4.047499335525409,-0.0004014107925002,29.84790062135876,0.0006,4.037,281.75,20
8,24,1.8430595619731431,3.968444683047344,-0.0017160371294264,32.23867583272118,0.0006,3.956,553.703,20
8,24,1.8430595619731431,3.547058337926976,-4.024253904904511,32.2867521664122,3.996,1.658,564.156,20
8,24,1.8430595619731431,3.9616947152320456,-0.0015241413019571,32.40173013850276,0.0006,3.952,574.625,20
8,24,1.8430595619731431,3.541352285487053,-4.028105510729835,32.43696526166417,3.996,1.655,585.093,20
8,24,1.8430595619731431,3.836458160861288,0.0015736656197248,33.61373724693367,0.0006,3.83,1097.937,20
8,24,1.8430595619731431,3.4264491815510336,-4.0268078404959535,33.60970397247569,3.996,1.539,1108.375,20
8,24,1.8430595619731431,3.832492974817205,-0.0029807684778179,33.67111384779853,0.0006,3.825,1118.89,20
8,24,1.8430595619731431,3.422593546704769,-4.023567481963606,33.67370960333682,3.996,1.536,1129.359,20
8,24,1.8430595619731431,3.759425165263122,-0.0001343060960373,34.76261262239362,0.0006,3.752,1516.406,20
8,24,1.8430595619731431,3.354198416148331,-4.0238774618267925,34.785111883881534,3.996,1.481,1526.859,20
8,24,1.8430595619731431,3.7559033261132986,0.0002808725916633,34.81374770713244,0.0006,3.75,1537.297,20
8,24,1.8430595619731431,3.3508148797542554,-4.0252278547424725,34.80012427380963,3.996,1.479,1547.828,20
8,24,1.8430595619731431,3.752515304018592,-0.0025207307097371,34.87787199416288,0.0006,3.747,1558.281,20
8,24,1.8430595619731431,3.347641940269352,-4.025298985795625,34.87456896639676,3.996,1.475,1568.718,20
8,24,1.8430595619731431,3.749303970319314,0.0031775580286779,34.914560198892474,0.0006,3.743,1579.203,20
8,24,1.8430595619731431,3.3446381210622382,-4.024337664315395,34.94652291589074,3.996,1.473,1589.64,20
8,24,1.8430595619731431,3.746126898039118,0.0027393656677124,34.97784223181668,0.0006,3.739,1600.125,20
8,24,1.8430595619731431,3.3415417823229947,-4.024725281101942,35.019974978195904,3.996,1.469,1610.625,20
8,24,1.8430595619731431,3.7428458249257663,0.0002100707028793,35.04204575433507,0.0006,3.736,1621.093,20
8,24,1.8430595619731431,3.338374307800607,-4.025044211209811,35.01788471970269,3.996,1.467,1631.531,20
8,24,1.8430595619731431,3.739312190918326,0.0002726099461076,35.08009591594453,0.0006,3.734,1641.984,20
8,24,1.8430595619731431,3.3348415513850416,-4.02115453338801,35.08395186597483,3.996,1.463,1652.547,20
8,24,1.8430595619731431,3.7362592286740974,-0.0028324187245775,35.123086327732985,0.0006,3.73,1662.984,20
8,24,1.8430595619731431,3.332074524873619,-4.023130350105446,35.09799109587849,3.996,1.461,1673.437,20
8,24,1.8430595619731431,3.733339397012513,0.0017152162202248,35.20295724593352,0.0006,3.728,1683.89,20
8,24,1.8430595619731431,3.3289331998176124,-4.0230899318897535,35.206341125571186,3.996,1.457,1694.406,20
8,24,1.8430595619731431,3.730065058619031,0.0010131534235718,35.21496479256429,0.0006,3.724,1704.843,20
8,24,1.8430595619731431,3.3259967556623624,-4.024577478503916,35.23540392199865,3.996,1.453,1715.359,20
8,24,1.8430595619731431,3.727076999173225,-0.001606755408796,35.25383161870055,0.0006,3.721,1725.781,20
8,24,1.8430595619731431,3.3230828060306936,-4.024989282149165,35.23652779868359,3.996,1.451,1736.218,20
8,24,1.8430595619731431,3.7241886832307687,-0.0005193129711332,35.30717149484294,0.0006,3.718,1746.703,20
8,24,1.8430595619731431,3.320032388650107,-4.027361304572064,35.28364698163204,3.996,1.449,1757.203,20
8,24,1.8430595619731431,3.721507411372865,-0.0028338386250286,35.361581022574775,0.0006,3.716,1767.64,20
8,24,1.8430595619731431,3.3172609939316837,-4.02590500707209,35.372407563904474,3.996,1.445,1778.109,20
8,24,1.8430595619731431,3.718461816385197,-0.0016084412901299,35.41975495581667,0.0006,3.712,1788.609,20
8,24,1.8430595619731431,3.314366797180031,-4.02479326672591,35.45260102718873,3.996,1.442,1799.078,20
8,24,1.8430595619731431,3.715677934446485,-0.0022863011735945,35.44730477869042,0.0006,3.71,1809.578,20
8,24,1.8430595619731431,3.3116595432234,-4.024147369569895,35.48156741899848,3.996,1.441,1820.062,20
8,24,1.8430595619731431,3.7129220272900176,0.0023151734249785,35.51548584582007,0.0006,3.708,1830.515,20
8,24,1.8430595619731431,3.308920703647497,-4.02576591272014,35.512349272260344,3.996,1.437,1840.968,20
8,24,1.8430595619731431,3.898295257737857,4.593657131695162e-05,33.28884791233585,0.0006,3.892,804.734,20
8,24,1.8430595619731431,3.486057073843621,-4.024617905727485,33.25005787083536,3.996,1.599,815.203,20
8,24,1.8430595619731431,3.8938532864548527,0.0004275791716608,33.27797231844425,0.0006,3.886,825.656,20
8,24,1.8430595619731431,3.4816609004173893,-4.025223686458294,33.26082974359846,3.996,1.593,836.125,20
8,24,1.8430595619731431,3.927982420031947,-0.0005505650611967,33.024820476530174,0.0006,3.92,679.234,20
8,24,1.8430595619731431,3.513851545600873,-4.0242882779357565,33.062352666231256,3.996,1.627,689.75,20
8,24,1.8430595619731431,3.922455525214557,0.000218008939436,33.09883453654016,0.0006,3.915,700.234,20
8,24,1.8430595619731431,3.5090585053647128,-4.024950793952712,33.12661723370631,3.996,1.622,710.703,20
8,24,1.8430595619731431,3.9172234806981674,4.540580335834914e-05,33.168410533921815,0.0006,3.909,721.14,20
8,24,1.8430595619731431,3.504599453354251,-4.024522507971804,33.20370992320419,3.996,1.617,731.625,20
8,24,1.8430595619731431,3.912359540730729,-0.0007856260380851,33.211435611060296,0.0006,3.905,742.093,20
8,24,1.8430595619731431,3.4998840239635483,-4.024321045822641,33.22756246003188,3.996,1.613,752.531,20
8,24,1.8430595619731431,3.954731725923829,0.000650636223049,32.55859106447241,0.0006,3.944,595.562,20
8,24,1.8430595619731431,4.123088288585197,0.0024770415411461,27.69567024025236,0.0006,4.119,93.328,20
8,24,1.8430595619731431,3.6790895446003047,-4.025185595900398,27.81407622799697,3.996,1.772,103.812,20
8,24,1.8430595619731431,4.1122998972338,-0.0001767769809262,27.957132642651423,0.0006,4.106,114.25,20
8,24,1.8430595619731431,3.668663938813478,-4.023906247462257,28.06596289806203,3.996,1.763,124.718,20
8,24,1.8430595619731431,4.102544155605919,-0.0006492890652413,28.243858286856643,0.0006,4.097,135.234,20
8,24,1.8430595619731431,3.6591596716683625,-4.02525046090722,28.31975530227544,3.996,1.756,145.687,20
8,24,1.8430595619731431,4.093767555518975,0.0022950660105559,28.487676001928293,0.0006,4.085,156.14,20
8,24,1.8430595619731431,3.6507380090444568,-4.024567555622,28.58248114894465,3.996,1.748,166.60899999999998,20
8,24,1.8430595619731431,4.200633632668145,-0.0016408310224818,26.57839299781365,0.0006,4.216,9.359000000000002,20
8,24,1.8430595619731431,3.7539089321985695,-4.025966714955803,26.65331902213754,3.996,1.793,20.031,20
8,24,1.8430595619731431,4.16901337335104,0.000716377331347,26.8336581343515,0.0006,4.171,30.515000000000004,20
8,24,1.8430595619731431,3.727498392647047,-4.024901198361203,26.952487249817352,3.996,1.806,40.968,20
8,24,1.8430595619731431,4.149845260233612,0.000465579709077,27.139311107193816,0.0006,4.15,51.406,20
8,24,1.8430595619731431,3.707965216099365,-4.026882297537295,27.257446321494427,3.996,1.792,61.89,20
8,24,1.8430595619731431,4.135186198809744,0.0015649219384297,27.43508544183752,0.0006,4.133,72.375,20
8,24,1.8430595619731431,3.692394300313632,-4.024566744030135,27.544449968792623,3.996,1.782,82.812,20
8,24,1.8430595619731431,4.201052747751877,0.0007371536150308,26.58224564068464,0.0006,0.0,0.0,20
8,24,1.8430595619731431,4.005624050007453,-0.0017174212807636,31.178928723655662,0.0006,3.996,428.297,20
9,24,1.8401871729536057,3.4538647194243266,-4.026132239936408,33.25364366069723,3.996,1.563,965.875,19
9,24,1.8401871729536057,3.860419146983581,-0.0018788196110902,33.32249683515442,0.0006,3.852,976.375,19
9,24,1.8401871729536057,3.449335237230032,-4.026517397454636,33.304412358596025,3.996,1.558,986.938,19
9,24,1.8401871729536057,3.8558954060361423,-0.0006242046270585,33.345273188997524,0.0006,3.848,997.407,19
9,24,1.8401871729536057,3.4451677630237043,-4.024713758926715,33.32807215058399,3.996,1.556,1007.875,19
9,24,1.8401871729536057,3.8517504880437543,-0.0003453996943742,33.39342261109516,0.0006,3.845,1018.391,19
9,24,1.8401871729536057,3.475564244730118,-4.028787836120025,33.163149037444164,3.996,1.582,860.954,19
9,24,1.8401871729536057,3.8825309708203495,-0.0032375719802298,33.216922446229674,0.0006,3.876,871.407,19
9,24,1.8401871729536057,3.436814057473557,-4.025209169989623,33.431874515570634,3.996,1.547,1049.829,19
9,24,1.8401871729536057,3.8431444630304097,0.0004645774600136,33.48603406188813,0.0006,3.836,1060.422,19
9,24,1.8401871729536057,3.4328888619479465,-4.026629872235681,33.48670089307351,3.996,1.543,1070.907,19
9,24,1.8401871729536057,3.8387937161586327,-4.0672589559846254e-05,33.54419457097519,0.0008,3.832,1081.454,19
9,24,1.8401871729536057,3.428658084147,-4.024928399655964,33.52592531920995,3.996,1.539,1092.032,19
9,24,1.8401871729536057,3.834241937253261,-0.0010334238682072,33.56619689143038,0.0006,3.827,1102.485,19
9,24,1.8401871729536057,3.4585003588837973,-4.023005122765433,33.24311518887764,3.996,1.568,944.875,19
9,24,1.8401871729536057,3.864967889845375,0.0001644466897125,33.260241313410944,0.0006,3.858,955.375,19
9,24,1.8401871729536057,3.420373802179133,-4.026197227492638,33.618953488263415,3.996,1.546,1134.032,19
9,24,1.8401871729536057,3.825808983070816,0.000496803985858,33.669003872972254,0.0006,3.819,1144.547,19
9,24,1.8401871729536057,3.416772333796075,-4.023878365127708,33.69174297917782,3.996,1.541,1155.079,19
9,24,1.8401871729536057,3.821986885472653,-0.0037427605366945,33.73452301632029,0.0006,3.814,1165.657,19
9,24,1.8401871729536057,3.41311148771336,-4.023203024509567,33.74157488922268,3.996,1.538,1176.157,19
9,24,1.8401871729536057,3.8178325349036326,0.0007124253561587,33.79527734832885,0.0006,3.81,1186.688,19
9,24,1.8401871729536057,3.4410330351288443,-4.024337184042611,33.35495548766752,3.996,1.551,1028.922,19
9,24,1.8401871729536057,3.847127926875388,-0.0019664691469743,33.42614739892014,0.0006,3.84,1039.375,19
9,24,1.8401871729536057,3.550504395072879,-4.025552282058138,32.07427950300275,3.996,1.655,545.641,19
9,24,1.8401871729536057,3.9659478631451455,-0.0021186626182844,32.183088649546534,0.0006,3.956,556.125,19
9,24,1.8401871729536057,3.5450470293422875,-4.027069215546341,32.23878162510421,3.996,1.647,566.641,19
9,24,1.8401871729536057,3.9591108108097774,-0.0030443532290879,32.354060635410285,0.0006,3.949,577.157,19
9,24,1.8401871729536057,3.539654446240208,-4.025786208309565,32.403274890689445,3.996,1.641,587.625,19
9,24,1.8401871729536057,3.9521060651745294,0.0014685663078847,32.51282930507609,0.0006,3.942,598.125,19
9,24,1.8401871729536057,3.424600002161758,-4.027398890129147,33.55615911672773,3.996,1.551,1113.0,19
9,24,1.8401871729536057,3.829913478276271,-0.000494292034708,33.617009613547424,0.0006,3.823,1123.485,19
9,24,1.8401871729536057,3.3907869593097284,-4.027802151946068,34.11664746307088,3.996,1.515,1302.219,19
9,24,1.8401871729536057,3.7937876220424016,-0.0009899137033338,34.15779506058525,0.0006,3.786,1312.813,19
9,24,1.8401871729536057,3.3873085607895783,-4.024450340418265,34.168073601152074,3.996,1.511,1323.329,19
9,24,1.8401871729536057,3.790055657425284,-0.0023458222270867,34.24585292731622,0.0006,3.783,1333.86,19
9,24,1.8401871729536057,3.3833099081254265,-4.025910027064998,34.25758679045549,3.996,1.503,1344.407,19
9,24,1.8401871729536057,3.7861485594832978,-0.0006898225898837,34.27160295404596,0.0006,3.779,1354.922,19
9,24,1.8401871729536057,3.4094313350299608,-4.026156828254188,33.803168060001695,3.996,1.535,1197.235,19
9,24,1.8401871729536057,3.8136744789050447,0.00028864488635,33.85231690147948,0.0006,3.806,1207.735,19
9,24,1.8401871729536057,3.3761078169629384,-4.024453418221662,34.367188791680576,3.996,1.492,1386.532,19
9,24,1.8401871729536057,3.7786045902620433,-0.0049726878726836,34.424713927072055,0.0006,3.771,1397.094,19
9,24,1.8401871729536057,3.372762917777828,-4.024985675854627,34.42330425395718,3.996,1.491,1407.594,19
9,24,1.8401871729536057,3.774814075704625,0.0016780963977777,34.47842829843629,0.0006,3.768,1418.11,19
9,24,1.8401871729536057,3.3691130683125348,-4.023521002106767,34.515592776885065,3.996,1.491,1428.61,19
9,24,1.8401871729536057,3.77108879900763,0.0004413657651604,34.54097298953441,0.0006,3.765,1439.079,19
9,24,1.8401871729536057,3.394479832407697,-4.023405326742544,34.06166293952643,3.996,1.519,1281.266,19
9,24,1.8401871729536057,3.797540102915096,-0.0008446776477096,34.13267287210452,0.0006,3.792,1291.735,19
9,24,1.8401871729536057,3.3617796994662217,-4.026737832458417,34.59854248606361,3.996,1.482,1470.704,19
9,24,1.8401871729536057,3.763761692850369,-0.0010676470152748,34.65606901349991,0.0006,3.758,1481.219,19
9,24,1.8401871729536057,3.3586100939148418,-4.026935880002517,34.67839945652467,3.996,1.479,1491.75,19
9,24,1.8401871729536057,3.7602441294204936,0.0002502771250104,34.699719966595055,0.0006,3.753,1502.204,19
9,24,1.8401871729536057,3.355326086024265,-4.025268450658993,34.694521970267814,3.996,1.475,1512.704,19
9,24,1.8401871729536057,3.756951199158667,-0.0027912206650012,34.757764711230266,0.0006,3.75,1523.172,19
9,24,1.8401871729536057,3.379678368405476,-4.024194044134343,34.30941545338643,3.996,1.493,1365.5,19
9,24,1.8401871729536057,3.782197384960485,0.0010083688499413,34.36674876427563,0.0006,3.775,1376.016,19
9,24,1.8401871729536057,3.471044573285907,-4.026195871282608,33.22765502871879,3.996,1.578,881.922,19
9,24,1.8401871729536057,3.8779148393182594,-0.0016792697453745,33.257683842566365,0.0006,3.87,892.391,19
9,24,1.8401871729536057,3.4666831886943266,-4.0252768102466,33.216595432799,3.996,1.573,902.875,19
9,24,1.8401871729536057,3.873642746407735,-0.0010666108096036,33.24035138447876,0.0006,3.866,913.391,19
9,24,1.8401871729536057,3.462719865713055,-4.025225468839252,33.209992305072305,3.996,1.571,923.86,19
9,24,1.8401871729536057,3.869213500791737,-0.0003240580308103,33.23880657843316,0.0006,3.862,934.407,19
9,24,1.8401871729536057,3.36553878408302,-4.024982124840439,34.542795555727444,3.996,1.486,1449.641,19
9,24,1.8401871729536057,3.767282958149116,0.0013817630558795,34.58842640789377,0.0006,3.762,1460.11,19
9,24,1.8401871729536057,3.336022261612699,-4.024145214110066,35.05587743237955,3.996,1.46,1638.844,19
9,24,1.8401871729536057,3.737307448612593,-0.0020830397184343,35.095822950935535,0.0006,3.731,1649.344,19
9,24,1.8401871729536057,3.3329559178865,-4.024805326002381,35.11469038802146,3.996,1.457,1659.891,19
9,24,1.8401871729536057,3.733978345396424,0.0002483850744254,35.145384071556705,0.0006,3.728,1670.438,19
9,24,1.8401871729536057,3.3298708956008367,-4.024470320403746,35.14463863593123,3.996,1.453,1680.938,19
9,24,1.8401871729536057,3.730973694211432,0.0020484685686932,35.21902427515193,0.0006,3.725,1691.469,19
9,24,1.8401871729536057,3.352019802377797,-4.025490649512483,34.78329052412326,3.996,1.473,1533.672,19
9,24,1.8401871729536057,3.753600471248679,-0.0002926820210105,34.81942249624288,0.0006,3.748,1544.219,19
9,24,1.8401871729536057,3.3237341312208444,-4.0265290102653495,35.28855853851232,3.996,1.447,1723.063,19
9,24,1.8401871729536057,3.724860341289269,-0.0010923934366652,35.30585860465285,0.0006,3.718,1733.563,19
9,24,1.8401871729536057,3.32096029055334,-4.024963194794577,35.328322383029345,3.996,1.444,1744.094,19
9,24,1.8401871729536057,3.72193403390469,0.0008410991931347,35.31861820726007,0.0006,3.715,1754.579,19
9,24,1.8401871729536057,3.3180907437977325,-4.024893223921856,35.400828983702766,3.996,1.441,1765.094,19
9,24,1.8401871729536057,3.719070323176426,0.0012016954754443,35.411040549937084,0.0006,3.713,1775.594,19
9,24,1.8401871729536057,3.339244509696722,-4.025108449074914,34.98621008767401,3.996,1.461,1617.813,19
9,24,1.8401871729536057,3.7404050207569983,0.0020590072891934,35.04227422307228,0.0006,3.734,1628.313,19
9,24,1.8401871729536057,3.312749761242666,-4.024678026560199,35.43919253296826,3.996,1.437,1807.172,19
9,24,1.8401871729536057,3.7137708680843073,-0.0010446864287032,35.49311347224976,0.0006,3.708,1817.672,19
9,24,1.8401871729536057,3.3098696334942974,-4.02512969872982,35.52427706601879,3.996,1.434,1828.172,19
9,24,1.8401871729536057,3.7110992900381343,-0.0013390785507499,35.5470312450749,0.0006,3.706,1838.719,19
9,24,1.8401871729536057,3.3072594209317505,-4.024057556636658,35.50176452607161,3.996,1.431,1849.25,19
9,24,1.8401871729536057,3.7083529024734334,-0.000673071118512,35.58612401113248,0.0006,3.702,1859.719,19
9,24,1.8401871729536057,3.3265700255476607,-4.024488548036748,35.25040300374675,3.996,1.451,1702.079,19
9,24,1.8401871729536057,3.72780438965204,0.0002642767131367,35.266735701007775,0.0006,3.722,1712.547,19
9,24,1.8401871729536057,3.40545826288604,-4.024801043053538,33.859325783324,3.996,1.53,1218.235,19
9,24,1.8401871729536057,3.80954457577959,-0.0003836497114013,33.9209274973047,0.0006,3.802,1228.75,19
9,24,1.8401871729536057,3.401809623093867,-4.025809579042881,33.910847929614604,3.996,1.526,1239.25,19
9,24,1.8401871729536057,3.805666312726393,-0.0005105166792549,33.98828639193776,0.0006,3.798,1249.766,19
9,24,1.8401871729536057,3.3983383337489084,-4.024204375575017,34.00031656391731,3.996,1.524,1260.25,19
9,24,1.8401871729536057,3.8015134815988394,-0.0010602757121846,34.0350352885698,0.0006,3.795,1270.719,19
9,24,1.8401871729536057,3.3152421151966696,-4.025706623695067,35.39982960735588,3.996,1.44,1786.094,19
9,24,1.8401871729536057,3.716450233483159,-0.000919542404738,35.48076618342942,0.0006,3.711,1796.657,19
9,24,1.8401871729536057,3.292042665447417,-4.026067554076302,35.83941460836495,3.996,1.417,1975.391,19
9,24,1.8401871729536057,3.693901647159361,-0.0003494552062045,35.93094143397535,0.0006,3.687,1985.891,19
9,24,1.8401871729536057,3.289924253719094,-4.026714796256712,35.8691236550235,3.996,1.414,1996.375,19
9,24,1.8401871729536057,3.691928134652864,-0.0026159491275712,35.94123762401578,0.0006,3.686,2006.891,19
9,24,1.8401871729536057,3.2876093820721555,-4.024326869124216,35.91643094356001,3.996,1.411,2017.454,19
9,24,1.8401871729536057,3.6896919794102216,-0.0005434796348212,35.97028208057205,0.0006,3.683,2027.985,19
9,24,1.8401871729536057,3.304191608574627,-4.024413006695213,35.63246834876227,3.996,1.428,1870.329,19
9,24,1.8401871729536057,3.7056251891760543,4.38135651729844e-05,35.631258755399784,0.0006,3.7,1880.829,19
9,24,1.8401871729536057,3.2829677464920266,-4.024726794921621,36.068703363338095,3.996,1.407,2059.547,19
9,24,1.8401871729536057,3.685494158857638,0.0006777798019482,36.03329929448757,0.0006,3.68,2070.047,19
9,24,1.8401871729536057,3.2809321449653743,-4.025220912300624,36.057386618913725,3.996,1.407,2080.516,19
9,24,1.8401871729536057,3.68360820604254,-0.0006438939260831,36.06998380590349,0.0006,3.678,2091.0,19
9,24,1.8401871729536057,3.2787910496074324,-4.025841314914788,36.132625656754726,3.996,1.404,2101.5,19
9,24,1.8401871729536057,3.681595229811236,-0.0017397933235818,36.16500651267821,0.0006,3.675,2112.0,19
9,24,1.8401871729536057,3.294361389617145,-4.026890385786757,35.769786085868624,3.996,1.419,1954.313,19
9,24,1.8401871729536057,3.696034954883833,-0.001235491626042,35.82798882269831,0.0006,3.689,1964.844,19
9,24,1.8401871729536057,3.274793269556646,-4.024627539342225,36.200065954079314,3.996,1.402,2143.516,19
9,24,1.8401871729536057,3.678049865263199,-0.0002780804069686,36.25357004747848,0.0006,3.672,2154.016,19
9,24,1.8401871729536057,3.2725482562806243,-4.02528200965034,36.25629873469238,3.996,1.399,2164.516,19
9,24,1.8401871729536057,3.676370243872679,-0.0002883219656053,36.30572327565454,0.0006,3.67,2175.047,19
9,24,1.8401871729536057,3.2704575084481124,-4.025728604064098,36.33288776728548,3.996,1.397,2185.61,19
9,24,1.8401871729536057,3.674634295144035,-0.0002885352636297,36.30821492183919,0.0006,3.668,2196.172,19
9,24,1.8401871729536057,3.284970608884975,-4.023888447883389,35.98724643292121,3.996,1.409,2038.579,19
9,24,1.8401871729536057,3.687450455376272,-0.0017345871381496,36.01926107037225,0.0006,3.681,2049.063,19
9,24,1.8401871729536057,3.3488871509971734,-4.024259096280726,34.82674684975552,3.996,1.471,1554.735,19
9,24,1.8401871729536057,3.750029207075841,-0.0005131900923575,34.87450946154361,0.0006,3.744,1565.25,19
9,24,1.8401871729536057,3.345756115801417,-4.024726113674589,34.86463806615594,3.996,1.468,1575.735,19
9,24,1.8401871729536057,3.74687946262206,-0.0023319325915951,34.89253643717406,0.0006,3.74,1586.25,19
9,24,1.8401871729536057,3.342195289585255,-4.028044379474638,34.94558626459363,3.996,1.464,1596.797,19
9,24,1.8401871729536057,3.743700955904696,-0.0020953919619621,34.955785824442835,0.0006,3.736,1607.297,19
9,24,1.8401871729536057,3.276798165057204,-4.0262341086411295,36.19755260367109,3.996,1.401,2122.454,19
9,24,1.8401871729536057,3.68007777019658,-0.000958749240104,36.18805719393572,0.0006,3.674,2133.016,19
9,24,1.8401871729536057,3.2581531223251536,-4.02426148779251,36.5851998765845,3.996,1.387,2311.735,19
9,24,1.8401871729536057,3.6642357275424295,0.000201880327527,36.61676123803406,0.0006,3.658,2322.219,19
9,24,1.8401871729536057,3.2560344497379896,-4.025164148028368,36.66626577472156,3.996,1.384,2332.704,19
9,24,1.8401871729536057,3.662730415200934,0.0007383818004071,36.71168060561699,0.0006,3.655,2343.172,19
9,24,1.8401871729536057,3.25402573832968,-4.025210192137627,36.7153701050116,3.996,1.383,2353.641,19
9,24,1.8401871729536057,3.6609803162090393,0.0007894343890019,36.74766650568711,0.0006,3.654,2364.11,19
9,24,1.8401871729536057,3.268436399189304,-4.024225866730364,36.36011502973458,3.996,1.395,2206.672,19
9,24,1.8401871729536057,3.672798622736865,0.0002410095477371,36.41182650080813,0.0006,3.667,2217.172,19
9,24,1.8401871729536057,3.249555957421802,-4.024392567370548,36.83762688453053,3.996,1.378,2395.594,19
9,24,1.8401871729536057,3.657596957777465,0.0007183105697804,36.877466365458666,0.0006,3.65,2406.188,19
9,24,1.8401871729536057,3.247461675541634,-4.024753475759151,36.88576162551332,3.996,1.377,2416.688,19
9,24,1.8401871729536057,3.655785119976972,0.0010384624005165,36.91336682163493,0.0006,3.648,2427.172,19
9,24,1.8401871729536057,3.2448310317641997,-4.024490804539464,36.943712231881655,3.996,1.376,2437.704,19
9,24,1.8401871729536057,3.6538236393225336,0.0011455517801593,36.959732142143295,0.0006,3.646,2448.188,19
9,24,1.8401871729536057,3.260162569363861,-4.025277167625542,36.523312492969175,3.996,1.388,2290.641,19
9,24,1.8401871729536057,3.666166793444999,0.0021512021366252,36.52432409254262,0.0006,3.66,2301.188,19
9,24,1.8401871729536057,3.2403130780899017,-4.026130721868225,37.07394233271533,3.996,1.371,2479.813,19
9,24,1.8401871729536057,3.650089045627862,-0.001854964129449,37.11218789776078,0.0006,3.642,2490.313,19
9,24,1.8401871729536057,3.2379260068155955,-4.024669772252083,37.07459423939316,3.996,1.369,2500.797,19
9,24,1.8401871729536057,3.648233699953178,0.0009033190196714,37.12247812898948,0.0006,3.639,2511.297,19
9,24,1.8401871729536057,3.235432800620861,-4.0244528070134935,37.10896322654944,3.996,1.366,2521.782,19
9,24,1.8401871729536057,3.6462577213140936,0.0001918563345682,37.226930796511766,0.0006,3.637,2532.266,19
9,24,1.8401871729536057,3.2517549825790333,-4.023082037193096,36.74594087779386,3.996,1.381,2374.61,19
9,24,1.8401871729536057,3.659187785647798,-0.0005347241563616,36.80317529686391,0.0006,3.651,2385.094,19
9,24,1.8401871729536057,3.301889652576992,-4.025820383250681,35.66045503829352,3.996,1.426,1891.313,19
9,24,1.8401871729536057,3.703048338853236,-0.0007742312456822,35.679509993071285,0.0006,3.697,1901.797,19
9,24,1.8401871729536057,3.2993081434425138,-4.025081724397692,35.72877504895395,3.996,1.423,1912.297,19
9,24,1.8401871729536057,3.700833733701366,0.0013297076368826,35.79356172470991,0.0006,3.695,1922.782,19
9,24,1.8401871729536057,3.296839693149947,-4.024346169014876,35.76525919223058,3.996,1.421,1933.297,19
9,24,1.8401871729536057,3.698373661342791,0.0002080146503117,35.81986816331799,0.0006,3.693,1943.813,19
9,24,1.8401871729536057,3.2427203805465137,-4.023696396084323,36.95058016069934,3.996,1.373,2458.719,19
9,24,1.8401871729536057,3.6521001852112738,0.001179240140885,37.02956910229748,0.0006,3.644,2469.25,19
9,24,1.8401871729536057,3.2185646250893845,-4.026723554028523,37.50754325669988,3.996,1.354,2647.922,19
9,24,1.8401871729536057,3.63310865591812,-0.002004527809098,37.56636223587117,0.0006,3.622,2658.469,19
9,24,1.8401871729536057,3.215841816149687,-4.025655798002636,37.61916462301841,3.996,1.349,2668.954,19
9,24,1.8401871729536057,3.6304540257453417,-0.0011631676437077,37.690555917461005,0.0006,3.62,2679.407,19
9,24,1.8401871729536057,3.2123771788894184,-4.026687455508799,37.65904355083951,3.996,1.348,2689.954,19
9,24,1.8401871729536057,3.6279968905597872,-0.0008329343989704,37.74019385361383,0.0006,3.617,2700.485,19
9,24,1.8401871729536057,3.232636680702366,-4.024354560232493,37.24980963446488,3.996,1.366,2542.797,19
9,24,1.8401871729536057,3.644409450205005,0.0005374025799812,37.30761535441967,0.0006,3.635,2553.313,19
9,24,1.8401871729536057,3.2054854782244746,-4.025475655083406,37.78766655028544,3.996,1.342,2732.079,19
9,24,1.8401871729536057,3.622224679228543,0.0001607994252861,37.88112893850267,0.0006,3.611,2742.641,19
9,24,1.8401871729536057,3.2019786777206463,-4.026452857652738,37.85229101193901,3.996,1.339,2753.172,19
9,24,1.8401871729536057,3.619433495843508,-0.0003535684355881,37.90032943422215,0.0004,3.607,2763.688,19
9,24,1.8401871729536057,3.197748340664364,-4.023872123192237,37.938278302107726,3.996,1.336,2774.25,19
9,24,1.8401871729536057,3.615884691768224,-0.0023978804924763,38.0123845801074,0.0006,3.604,2784.75,19
9,24,1.8401871729536057,3.221982858874381,-4.026069368216107,37.45462307806688,3.996,1.355,2626.844,19
9,24,1.8401871729536057,3.635412586064208,-0.0005640971485204,37.49353160961551,0.0006,3.625,2637.344,19
9,24,1.8401871729536057,3.189360585543151,-4.023956473859041,38.07731101126711,3.996,1.328,2816.266,19
9,24,1.8401871729536057,3.609000978445107,-0.0008688685329663,38.15859308404204,0.0006,3.595,2826.735,19
9,24,1.8401871729536057,3.18457313072408,-4.025539189838973,38.131788150558485,3.996,1.326,2837.25,19
9,24,1.8401871729536057,3.605222899099205,0.0011892735356461,38.18779115268665,0.0006,3.591,2847.766,19
9,24,1.8401871729536057,3.179674851918916,-4.027212351230919,38.19064509921934,3.996,1.322,2858.282,19
9,24,1.8401871729536057,3.6009930300615958,-0.002681001121266,38.22011393671475,0.0006,3.587,2868.813,19
9,24,1.8401871729536057,3.2088145951138443,-4.02382290836312,37.70636241405516,3.996,1.345,2711.032,19
9,24,1.8401871729536057,3.6250658483016194,-0.0013761401405084,37.759147101347736,0.0006,3.614,2721.579,19
9,24,1.8401871729536057,3.266441875077432,-4.025435848713646,36.39851073664644,3.996,1.393,2227.657,19
9,24,1.8401871729536057,3.6709963922940654,-0.0026954887147162,36.46308284305013,0.0006,3.664,2238.094,19
9,24,1.8401871729536057,3.2642058412960586,-4.025507227811207,36.43821962640077,3.996,1.392,2248.579,19
9,24,1.8401871729536057,3.669337878534169,-0.0016104380147397,36.48440499586123,0.0006,3.663,2259.079,19
9,24,1.8401871729536057,3.262286799768263,-4.024615665267845,36.540821471284985,3.996,1.39,2269.594,19
9,24,1.8401871729536057,3.667776778843309,3.953502155508012e-05,36.52840355305919,0.0006,3.661,2280.141,19
9,24,1.8401871729536057,3.1938567404642644,-4.024514468825072,37.99176116611992,3.996,1.332,2795.25,19
9,24,1.8401871729536057,3.612723435432323,0.0011610908160977,38.09980308089081,0.0006,3.599,2805.766,19
9,24,1.8401871729536057,3.138084447828708,-4.02611481174046,38.66386090576746,3.996,1.287,2984.469,19
9,24,1.8401871729536057,3.567390953057274,0.0004449544278596,38.73613473713622,0.0006,3.55,2995.063,19
9,24,1.8401871729536057,3.1286572174423557,-4.023909589437156,38.739148755224136,3.996,1.28,3005.579,19
9,24,1.8401871729536057,3.55933786509288,0.0014441187210748,38.81790559966545,0.0006,3.541,3016.157,19
9,24,1.8401871729536057,3.117582994751257,-4.025447452461241,38.79171106439944,3.996,1.27,3026.688,19
9,24,1.8401871729536057,3.5497936891811173,0.0002257461593832,38.88293508696367,0.0006,3.531,3037.172,19
9,24,1.8401871729536057,3.173827220206264,-4.025125639654193,38.24204922733087,3.996,1.317,2879.375,19
9,24,1.8401871729536057,3.596361988080749,-0.0039050210558827,38.328053932890604,0.0006,3.583,2889.891,19
9,24,1.8401871729536057,3.089460603928657,-4.025564684060043,38.98314749539787,3.996,1.246,3068.75,19
9,24,1.8401871729536057,3.5264735452343383,-0.0004869822804828,39.05916203150505,0.0004,3.507,3079.235,19
9,24,1.8401871729536057,3.072810310113257,-4.026745758015,39.07659469278116,3.996,1.231,3089.75,19
9,24,1.8401871729536057,3.512392929034514,0.0003337921826663,39.16037468809884,0.0006,3.491,3100.25,19
9,24,1.8401871729536057,3.0532864337270444,-4.025840317111376,39.17489321251958,3.996,1.214,3110.829,19
9,24,1.8401871729536057,3.495414713432985,0.0016685382091593,39.27370375907855,0.0006,3.473,3121.297,19
9,24,1.8401871729536057,3.1465082967067937,-4.023874504491947,38.55544137062012,3.996,1.292,2963.516,19
9,24,1.8401871729536057,3.57375254720888,-0.0018130988650344,38.66135264566856,0.0006,3.557,2973.985,19
9,24,1.8401871729536057,3.004612147120608,-4.024880269992491,39.38804550765952,3.996,1.173,3152.938,19
9,24,1.8401871729536057,3.453301866656714,0.0015352891151096,39.54346286480371,0.0006,3.428,3163.532,19
9,24,1.8401871729536057,2.974727451843427,-4.026742523146648,39.50731186617321,3.996,1.148,3174.047,19
9,24,1.8401871729536057,3.4262080507312107,-0.0002038925865337,39.64631559091288,0.0006,3.4,3184.672,19
9,24,1.8401871729536057,2.9394611933760824,-4.026254294892577,39.67166758811398,3.996,1.118,3195.204,19
9,24,1.8401871729536057,3.3939883170720617,-0.001058443610579,39.75507377065952,0.0006,3.369,3205.672,19
9,24,1.8401871729536057,3.104579405550856,-4.024322594207105,38.876519150556376,3.996,1.259,3047.719,19
9,24,1.8401871729536057,3.538874553157098,-0.0009568151677928,38.970236074459606,0.0006,3.521,3058.188,19
9,24,1.8401871729536057,3.230258282066292,-4.025126424700665,37.28608506033018,3.996,1.363,2563.766,19
9,24,1.8401871729536057,3.642311434918331,-0.0004073672349978,37.315005835671215,0.0006,3.631,2574.282,19
9,24,1.8401871729536057,3.227640295738825,-4.024862231993173,37.335558023203966,3.996,1.361,2584.75,19
9,24,1.8401871729536057,3.640051713972348,-0.0006104514053623,37.35463747494497,0.0006,3.63,2595.25,19
9,24,1.8401871729536057,3.22483911273026,-4.025751223696495,37.35985059909889,3.996,1.36,2605.735,19
9,24,1.8401871729536057,3.637902509038339,0.0012256397603006,37.46127037381496,0.0006,3.628,2616.329,19
9,24,1.8401871729536057,3.029946021945316,-4.023830728154825,39.23464191783093,3.996,1.195,3131.954,19
9,24,1.8401871729536057,3.475516092474709,0.0012529236549725,39.354853678907055,0.0006,3.454,3142.454,19
9,24,1.8401871729536057,2.3926615666707467,-4.023727672817328,40.54833419458821,3.996,0.726,3321.688,19
9,24,1.8401871729536057,2.9617903426592664,-0.0015338194211399,40.725885272516,0.0006,2.877,3332.329,19
9,24,1.8401871729536057,1.990361763373611,-4.023652585091631,40.845749087094525,3.996,0.53,3343.032,19
9,24,1.8401871729536057,2.8160079641879934,0.0049952267545269,41.089112912518665,0.0006,0.0,3353.875,19
9,24,1.8401871729536057,2.9080495362168834,-0.0005635400603964,41.006156232694536,0.0006,0.0,3364.704,19
9,24,1.8401871729536057,2.958084755512501,-0.0012493302145564,40.86209309808976,0.0006,0.0,3375.563,19
9,24,1.8401871729536057,2.8972357858810422,-4.025231683298139,39.76319990378168,3.996,1.08,3216.188,19
9,24,1.8401871729536057,3.3558629702911995,-0.0013899710062556,39.89599857562623,0.0006,3.327,3226.672,19
9,24,1.8401871729536057,3.047262071852457,-0.0014634107280364,40.27105780744432,0.0006,-0.0,3408.344,19
9,24,1.8401871729536057,3.068305123240461,-0.0010663207437811,40.03950315142878,0.0006,0.0,3419.266,19
9,24,1.8401871729536057,3.0869003834270123,-0.001269217903421,39.87886407071352,0.0006,0.0,3430.282,19
9,24,1.8401871729536057,3.103130809652341,0.000179803539806,39.6399022286269,0.0006,0.0,3441.172,19
9,24,1.8401871729536057,3.1176713603063897,-0.0003848565064,39.48324254502982,0.0006,0.0,3452.125,19
9,24,1.8401871729536057,3.130718624953527,-0.0018372959494395,39.31705380587685,0.0006,0.0,3463.063,19
9,24,1.8401871729536057,2.5917121586232543,-4.026077449228065,40.34978999202247,3.996,0.839,3300.407,19
9,24,1.8401871729536057,3.0905382061287,-0.0014945407513821,40.54537637985395,0.0006,3.037,3311.047,19
9,24,1.8401871729536057,3.1617197753863118,-0.0022266332507854,38.748631072467504,0.0006,0.0,3495.969,19
9,24,1.8401871729536057,3.170348766241323,-0.0017956589779614,38.58970307076659,0.0006,0.0,3506.875,19
9,24,1.8401871729536057,3.1777911444457185,-0.0034347018891269,38.406421187751846,0.0006,-0.0,3517.829,19
9,24,1.8401871729536057,3.1849742536152466,-0.0013127922490168,38.24379837053489,0.0006,0.0,3528.735,19
9,24,1.8401871729536057,3.191516663947004,-0.0007802360992418,38.07749145804039,0.0006,0.0,3539.641,19
9,24,1.8401871729536057,3.197501925809612,-0.0009618254856932,37.91223001435543,0.0006,0.0,3550.563,19
9,24,1.8401871729536057,2.994374708785897,-0.0036062361931302,40.69155239912069,0.0006,0.0,3386.563,19
9,24,1.8401871729536057,3.023078668386813,0.0005822289695096,40.491340051811775,0.0006,0.0,3397.469,19
9,24,1.8401871729536057,3.168444403565472,-4.025001746928389,38.37584334431171,3.996,1.312,2900.375,19
9,24,1.8401871729536057,3.591697117513249,-0.0020545516986822,38.42512162627017,0.0006,3.575,2910.86,19
9,24,1.8401871729536057,3.161333067185825,-4.025003561024371,38.42902495509731,3.996,1.305,2921.422,19
9,24,1.8401871729536057,3.586456500727058,-0.0010577715016383,38.5230238448296,0.0006,3.57,2931.938,19
9,24,1.8401871729536057,3.15489732946402,-4.021775150375462,38.496784222945976,3.996,1.299,2942.454,19
9,24,1.8401871729536057,3.580485773443891,-1.4127105220641796e-05,38.54257705936261,0.0006,3.564,2952.985,19
9,24,1.8401871729536057,3.1421974197035096,-0.0009623579886176,39.09855061399598,0.0006,-0.0,3474.016,19
9,24,1.8401871729536057,3.1526123401745068,-0.0030291012028377,38.915363922895935,0.0006,0.0,3485.016,19
9,24,1.8401871729536057,3.2438906652490846,-0.0009299175036494,36.32362433046352,0.0006,0.0,3670.75,19
9,24,1.8401871729536057,3.247033617303348,-0.0015386537129332,36.186800207163,0.0006,0.0,3681.766,19
9,24,1.8401871729536057,3.2495699986163475,-0.0003842164588529,36.07915410561488,0.0006,0.0,3692.688,19
9,24,1.8401871729536057,3.252640610665102,-0.0015927545719743,35.96327551428744,0.0006,0.0,3703.579,19
9,24,1.8401871729536057,3.255369088375612,-0.0024022114606815,35.86008849388566,0.0004,0.0,3714.516,19
9,24,1.8401871729536057,3.257896500227918,8.819427341922716e-05,35.70552481614554,0.0006,0.0,3725.422,19
9,24,1.8401871729536057,3.2028942841986616,0.0010031921315725,37.78028965930885,0.0006,-0.0,3561.5,19
9,24,1.8401871729536057,3.208298835284069,-0.00211381036736,37.62559191403435,0.0006,-0.0,3572.407,19
9,24,1.8401871729536057,3.265065543163387,-0.0002636422683649,35.344797567744955,0.0006,0.0,3758.235,19
9,24,1.8401871729536057,3.2672533562794204,-0.0011159661455089,35.26520796520494,0.0006,0.0,3769.157,19
9,24,1.8401871729536057,3.269408508601962,-0.0014888475144917,35.13121052192968,0.0006,0.0,3780.172,19
9,24,1.8401871729536057,3.27158173190348,-0.0019533677845503,35.014041221744456,0.0006,0.0,3791.079,19
9,24,1.8401871729536057,3.2734925157990173,-0.0002424438571699,34.930839059263604,0.0006,0.0,3802.063,19
9,24,1.8401871729536057,3.275519157954965,-0.0012626359557613,34.818206994444644,0.0006,-0.0,3813.0,19
9,24,1.8401871729536057,3.2371723044182,-0.0009662180061633,36.60547468446362,0.0006,0.0,3648.86,19
9,24,1.8401871729536057,3.240672669478963,-0.0021851479717115,36.4743818127374,0.0006,0.0,3659.813,19
9,24,1.8401871729536057,3.2806118150380743,-0.0014676269278917,34.496803740741086,0.0004,0.0,3845.782,19
9,24,1.8401871729536057,3.282337225479178,0.0004848931079653,34.36344114052459,0.0006,0.0,3856.782,19
9,24,1.8401871729536057,3.283891944248119,-0.0017309042813304,34.29932923896784,0.0006,-0.0,3867.782,19
9,24,1.8401871729536057,3.285488474140903,0.0003320701752184,34.1811934828708,0.0006,0.0,3878.719,19
9,24,1.8401871729536057,3.286967044270388,-0.0029168224705462,34.08044647016854,0.0006,0.0,3889.735,19
9,24,1.8401871729536057,3.288471009654935,0.0001445213245606,34.00206278673116,0.0006,0.0,3900.657,19
9,24,1.8401871729536057,3.260377945926649,-0.0004106963453576,35.59797093359307,0.0006,-0.0,3736.375,19
9,24,1.8401871729536057,3.2627510585579205,-0.0014298301924744,35.4872395208489,0.0006,0.0,3747.329,19
9,24,1.8401871729536057,2.847475943670843,-4.02550678379522,39.912619595477366,3.996,1.036,3237.172,19
9,24,1.8401871729536057,3.3106466289526466,-0.0002034314140634,40.00214023499062,0.0006,3.28,3247.719,19
9,24,1.8401871729536057,2.786036064893053,-4.025037726732631,40.02745945850928,3.996,0.984,3258.266,19
9,24,1.8401871729536057,3.254305644515336,-0.0015494414772739,40.12768469140144,0.0006,3.221,3268.75,19
9,24,1.8401871729536057,2.7059709899713,-4.025122311903025,40.21515131359463,3.996,0.926,3279.313,19
9,24,1.8401871729536057,3.1852144575199914,4.833258962937405e-05,40.33625677670719,0.0006,3.146,3289.875,19
9,24,1.8401871729536057,3.2770590423701726,-0.0016663585336747,34.687611649595006,0.0006,0.0,3823.922,19
9,24,1.8401871729536057,3.278882194807205,-0.0007520574259578,34.59385553208043,0.0006,0.0,3834.829,19
9,24,1.8401871729536057,3.3018318281737824,-0.0011867131289038,33.03799529112609,0.0006,0.0,4021.0,19
9,24,1.8401871729536057,3.302909361082727,-0.0007250994979307,32.956982704484915,0.0006,0.0,4031.891,19
9,24,1.8401871729536057,3.3038623683295927,-0.0011758836528455,32.878375740081616,0.0006,-0.0,4042.875,19
9,24,1.8401871729536057,3.3049410641797854,-0.0005962563922594,32.806692605815044,0.0004,0.0,4053.782,19
9,24,1.8401871729536057,3.3057811668034174,-0.0007700221812101,32.73489198562481,0.0006,0.0,4064.735,19
9,24,1.8401871729536057,3.306680989082257,-0.0015514488808676,32.6685904862831,0.0004,0.0,4075.672,19
9,24,1.8401871729536057,3.289878384919179,-0.0014285099643214,33.89138583956358,0.0006,0.0,3911.563,19
9,24,1.8401871729536057,3.29138521134021,-0.0010902473966457,33.80666862460255,0.0006,0.0,3922.547,19
9,24,1.8401871729536057,3.309323314046062,-0.0027458564715086,32.45764336632814,0.0006,0.0,4108.438,19
9,24,1.8401871729536057,3.3101875147932622,3.263845993845271e-05,32.38233866610949,0.0006,0.0,4119.329,19
9,24,1.8401871729536057,3.3110206724000584,-0.0013443550962761,32.30064292959514,0.0006,0.0,4130.313,19
9,24,1.8401871729536057,3.311754569179724,-0.0008268627366101,32.21734083855961,0.0006,0.0,4141.282,19
9,24,1.8401871729536057,3.31250011967303,-0.0016861078676595,32.15820955045494,0.0006,0.0,4152.204,19
9,24,1.8401871729536057,3.3132623113491078,0.0004706187500348,32.06918220227253,0.0006,0.0,4163.11,19
9,24,1.8401871729536057,3.2997479562727032,-0.000603167863949,33.20072696877126,0.0006,-0.0,3999.172,19
9,24,1.8401871729536057,3.30096909496656,-8.36836556050578e-05,33.12358914503676,0.0006,-0.0,4010.094,19
9,24,1.8401871729536057,3.3153902788103844,-0.0014544780828137,31.8817424644493,0.0006,0.0,4195.938,19
9,24,1.8401871729536057,3.315999592951301,-0.0015870925803531,31.807090761151883,0.0006,0.0,4206.829,19
9,24,1.8401871729536057,3.3168259597248344,-0.0014769983334462,31.74131920739287,0.0006,0.0,4217.735,19
9,24,1.8401871729536057,3.317235122231528,-0.0004512676967182,31.69959482269763,0.0006,0.0,4228.61,19
9,24,1.8401871729536057,3.318013182784844,-0.0015622070713631,31.640736112329435,0.0006,0.0,4239.61,19
9,24,1.8401871729536057,3.318597421696372,-0.0011170110418906,31.59607068860949,0.0004,0.0,4250.547,19
9,24,1.8401871729536057,3.3077019256209708,-0.0007922639417594,32.58526246579795,0.0006,0.0,4086.61,19
9,24,1.8401871729536057,3.3085076506436453,0.0003923092356519,32.516699051640614,0.0006,0.0,4097.532,19
9,24,1.8401871729536057,3.213052250220665,-0.0016476885008115,37.46752353603356,0.0006,0.0,3583.297,19
9,24,1.8401871729536057,3.217607366388118,-0.0007991256222207,37.32669784882684,0.0006,0.0,3594.219,19
9,24,1.8401871729536057,3.22203394426314,-0.0003024125766186,37.17029436860451,0.0006,-0.0,3605.141,19
9,24,1.8401871729536057,3.226102577831106,-0.0004866063967152,37.01840327549741,0.0006,0.0,3616.079,19
9,24,1.8401871729536057,3.23013819459639,-0.0008322799404066,36.86374421664557,0.0006,-0.0,3627.0,19
9,24,1.8401871729536057,3.233836206590453,-0.0025949567338701,36.74647627542242,0.0006,0.0,3637.922,19
9,24,1.8401871729536057,3.313929910429537,-0.0012009288422528,31.99548967210192,0.0006,0.0,4174.063,19
9,24,1.8401871729536057,3.314664335774751,-0.0024164421928394,31.942162076587973,0.0006,0.0,4184.954,19
9,24,1.8401871729536057,3.3245163527000363,-7.943232089172214e-05,30.952110861035013,0.0006,0.0,4370.75,19
9,24,1.8401871729536057,3.3249529920989938,-0.0009731772227449,30.907414226273133,0.0006,0.0,4381.641,19
9,24,1.8401871729536057,3.3254486912311574,-0.0013665898734756,30.849755329239382,0.0006,0.0,4392.625,19
9,24,1.8401871729536057,3.325992272478542,0.0002142146816124,30.81675631597177,0.0006,-0.0,4403.532,19
9,24,1.8401871729536057,3.326231306693892,0.0008103282150955,30.755344920539425,0.0004,0.0,4414.469,19
9,24,1.8401871729536057,3.326911309409466,-0.0004912993571281,30.70498878139966,0.0006,0.0,4425.36,19
9,24,1.8401871729536057,3.319140135056593,-0.0008960436178009,31.52235795197917,0.0006,0.0,4261.485,19
9,24,1.8401871729536057,3.319922745267156,-0.00206334560152,31.45670262343407,0.0006,0.0,4272.407,19
9,24,1.8401871729536057,3.328150559456921,-0.0011954703149353,30.5658466541602,0.0006,-0.0,4458.219,19
9,24,1.8401871729536057,3.328453459868957,-0.0014049837973567,30.520214820122124,0.0006,0.0,4469.235,19
9,24,1.8401871729536057,3.328830762386409,-0.0011457289450581,30.492180868816156,0.0006,0.0,4480.188,19
9,24,1.8401871729536057,3.3291750556598063,0.0001427312791783,30.41748805344362,0.0006,0.0,4491.094,19
9,24,1.8401871729536057,3.329554575422832,0.0004002180507778,30.374263680219418,0.0006,-0.0,4501.985,19
9,24,1.8401871729536057,3.3298607033577485,0.0002073768669506,30.34901689911432,0.0006,-0.0,4512.938,19
9,24,1.8401871729536057,3.32348641899718,-0.0006161402915888,31.068604495142488,0.0006,0.0,4348.907,19
9,24,1.8401871729536057,3.3241014260105675,-0.0001019558182225,31.00511455815612,0.0006,0.0,4359.844,19
9,24,1.8401871729536057,3.3309654841336465,-0.0009075016350495,30.22568681354799,0.0006,0.0,4545.75,19
9,24,1.8401871729536057,3.3313617909843005,-0.002295637591966,30.19101149932655,0.0006,0.0,4556.672,19
9,24,1.8401871729536057,3.331580041009554,-0.0013894583778966,30.12303696079545,0.0006,0.0,4567.594,19
9,24,1.8401871729536057,3.331929059515158,-0.0004874931598476,30.09442311473912,0.0006,0.0,4578.516,19
9,24,1.8401871729536057,3.332265640574672,-0.0030046403496319,30.06453711058217,0.0006,0.0,4589.422,19
9,24,1.8401871729536057,3.332626399018359,-0.0014166086332372,30.029692423769667,0.0006,-0.0,4600.391,19
9,24,1.8401871729536057,3.3273747242999643,-0.0010645601877421,30.662713104800204,0.0006,0.0,4436.344,19
9,24,1.8401871729536057,3.3275222222017424,0.0009031348186085,30.62250399262001,0.0004,0.0,4447.266,19
9,24,1.8401871729536057,3.292734743769582,-0.0020294705117418,33.71588655418799,0.0004,0.0,3933.438,19
9,24,1.8401871729536057,3.2937404852368517,3.463119183300292e-05,33.62355867528815,0.0006,-0.0,3944.391,19
9,24,1.8401871729536057,3.294704695210135,-0.0010973639723725,33.534985830162334,0.0006,0.0,3955.438,19
9,24,1.8401871729536057,3.2963652307305846,-5.8850721266390994e-05,33.4305049728812,0.0006,0.0,3966.344,19
9,24,1.8401871729536057,3.297497870362068,-0.0036809458826211,33.37661871139918,0.0006,0.0,3977.282,19
9,24,1.8401871729536057,3.2985308685944186,-0.0021176820081855,33.29166020155473,0.0006,0.0,3988.172,19
9,24,1.8401871729536057,3.330324104349338,-0.0010136483642787,30.31589019448413,0.0006,0.0,4523.844,19
9,24,1.8401871729536057,3.330702841070372,-0.0011402135398781,30.264976761629224,0.0006,-0.0,4534.813,19
9,24,1.8401871729536057,3.335862247768778,-0.0025583220703214,29.63268950693076,0.0006,0.0,4720.672,19
9,24,1.8401871729536057,3.336232306436204,-0.0003099528502453,29.59232576521025,0.0006,0.0,4731.719,19
9,24,1.8401871729536057,3.336424359628192,-7.917572676913333e-06,29.557538877061333,0.0006,0.0,4742.672,19
9,24,1.8401871729536057,3.336657258264147,0.0003632296022341,29.524537940780608,0.0004,0.0,4753.672,19
9,24,1.8401871729536057,3.336851401206545,-0.0024922628669646,29.495272982172047,0.0006,0.0,4764.672,19
9,24,1.8401871729536057,3.3372165748444904,-0.0013198352169734,29.446899372298176,0.0006,-0.0,4775.547,19
9,24,1.8401871729536057,3.3330319753438413,6.750064230337891e-05,29.99552645824722,0.0004,0.0,4611.329,19
9,24,1.8401871729536057,3.333295259409672,-0.0027747110313445,29.958361637762803,0.0006,0.0,4622.235,19
9,24,1.8401871729536057,3.337878486573306,-0.0018791204311282,29.375183878403103,0.0004,0.0,4808.391,19
9,24,1.8401871729536057,3.338128457546092,-0.0007776460670449,29.32600068954909,0.0006,0.0,4819.329,19
9,24,1.8401871729536057,3.338202453682209,-0.0029088933206409,29.303727308821536,0.0006,0.0,4830.282,19
9,24,1.8401871729536057,3.338552100056133,-0.0008996967951011,29.266581941964876,0.0006,0.0,4841.204,19
9,24,1.8401871729536057,3.338689341015658,0.0010444069482049,29.232078759607493,0.0006,0.0,4852.172,19
9,24,1.8401871729536057,3.339114641728324,-0.0012044015941663,29.208282562120907,0.0006,-0.0,4863.11,19
9,24,1.8401871729536057,3.335394336735472,-0.0027768943733267,29.69735506124501,0.0006,0.0,4698.813,19
9,24,1.8401871729536057,3.3356944497442136,-0.0004532843204709,29.6714945341486,0.0006,-0.0,4709.75,19
9,24,1.8401871729536057,3.3398345661981512,0.0006697875130365,29.13454468318782,0.0006,0.0,4895.922,19
9,24,1.8401871729536057,3.339896132873469,0.0041942444581377,29.11537659193799,0.0006,0.0,4906.875,19
9,24,1.8401871729536057,3.340230105624836,-0.0008619629757919,29.07565311715937,0.0006,0.0,4917.813,19
9,24,1.8401871729536057,3.340296822330912,-0.0013395598412744,29.052342095518743,0.0006,0.0,4928.719,19
9,24,1.8401871729536057,3.340407337652899,-0.0025567662657258,29.032551018840334,0.0006,0.0,4939.594,19
9,24,1.8401871729536057,3.340730956211023,0.0007736244171103,29.006716861631475,0.0006,0.0,4950.5,19
9,24,1.8401871729536057,3.3372396075350794,0.0009901806975941,29.42108517627848,0.0006,0.0,4786.469,19
9,24,1.8401871729536057,3.337438661855785,-0.0009704046975378,29.391924130019287,0.0004,0.0,4797.454,19
9,24,1.8401871729536057,3.320361657259254,0.0011610965547256,31.413422834796297,0.0006,0.0,4283.313,19
9,24,1.8401871729536057,3.320901519333316,-0.0015104145629227,31.363367678320845,0.0004,-0.0,4294.25,19
9,24,1.8401871729536057,3.3214865818554866,-0.0011930918831426,31.287684208573737,0.0006,0.0,4305.172,19
9,24,1.8401871729536057,3.3221048442046017,-0.0009303562429636,31.22368568577819,0.0006,0.0,4316.094,19
9,24,1.8401871729536057,3.322505595504785,-0.00051835154143,31.173570936849508,0.0006,0.0,4327.016,19
9,24,1.8401871729536057,3.323137931349964,-0.001810697283375,31.129626565011105,0.0004,0.0,4338.0,19
9,24,1.8401871729536057,3.3392477252653063,0.0009521954452501,29.183913139156694,0.0006,-0.0,4874.11,19
9,24,1.8401871729536057,3.339430861159328,-0.0053951488837843,29.15594020940001,0.0004,0.0,4885.0,19
9,24,1.8401871729536057,3.342842005342602,-0.0003995130508044,28.756087335548376,0.0006,0.0,5070.907,19
9,24,1.8401871729536057,3.34296606577775,0.0007748421783659,28.733057922524782,0.0006,0.0,5081.813,19
9,24,1.8401871729536057,3.343070986076377,0.0020035744718282,28.711010979581943,0.0006,0.0,5092.75,19
9,24,1.8401871729536057,3.343189224802911,-0.0019218255903305,28.69176982965349,0.0006,0.0,5103.672,19
9,24,1.8401871729536057,3.343552354485104,0.0004086175240046,28.67532861193066,0.0004,0.0,5114.594,19
9,24,1.8401871729536057,3.343682080167155,-0.0022262443183961,28.64712028075873,0.0006,0.0,5125.563,19
9,24,1.8401871729536057,3.341091899633146,8.37949440569574e-05,28.974552005004725,0.0006,0.0,4961.391,19
9,24,1.8401871729536057,3.341045185552468,-0.001072993302819,28.947305803332195,0.0006,0.0,4972.329,19
9,24,1.8401871729536057,3.344271875600365,-0.0016353183026893,28.59366336829229,0.0006,0.0,5158.313,19
9,24,1.8401871729536057,3.3444622893829936,-0.0011132843819308,28.57115450884548,0.0006,0.0,5169.282,19
9,24,1.8401871729536057,3.34461696303968,0.000774090277949,28.553467104494956,0.0006,0.0,5180.204,19
9,24,1.8401871729536057,3.3449479845109678,-0.0006949759587254,28.535268674622955,0.0006,0.0,5191.125,19
9,24,1.8401871729536057,3.344873814583699,-0.0021332596568743,28.523784782754586,0.0006,-0.0,5202.141,19
9,24,1.8401871729536057,3.345309912100048,-0.0027200799764167,28.49795048569569,0.0006,0.0,5213.141,19
9,24,1.8401871729536057,3.342449540200826,-0.0024402012423198,28.796032009554175,0.0006,0.0,5049.047,19
9,24,1.8401871729536057,3.34293713728478,-0.0008179281002195,28.777424472301316,0.0006,0.0,5059.969,19
9,24,1.8401871729536057,3.345621133061135,8.032869829448848e-05,28.45551571728779,0.0006,-0.0,5245.938,19
9,24,1.8401871729536057,3.3458728376017697,-0.001746209473347,28.427348190742087,0.0006,0.0,5256.844,19
9,24,1.8401871729536057,3.3459756561849185,-0.0002032589815345,28.42121277334473,0.0006,0.0,5267.766,19
9,24,1.8401871729536057,3.3460626281979,-0.0013593356372863,28.407588921299567,0.0006,0.0,5278.704,19
9,24,1.8401871729536057,3.3462759647535,-0.001283679494186,28.386936371750597,0.0006,0.0,5289.641,19
9,24,1.8401871729536057,3.346761478388967,0.0010108560258124,28.36628010224529,0.0004,0.0,5300.61,19
9,24,1.8401871729536057,3.343809612664392,0.0007929285284341,28.633408321666835,0.0006,-0.0,5136.485,19
9,24,1.8401871729536057,3.3440947213224,-0.0014892828638047,28.614344068405146,0.0006,0.0,5147.407,19
9,24,1.8401871729536057,3.333585204774596,-0.0039529780664163,29.91107742155149,0.0004,-0.0,4633.157,19
9,24,1.8401871729536057,3.333878657180014,-0.0017292362508028,29.87232223899093,0.0006,-0.0,4644.094,19
9,24,1.8401871729536057,3.334281719314535,-0.0018543539762923,29.82998659826245,0.0004,0.0,4655.0,19
9,24,1.8401871729536057,3.3346147149270684,0.0001464936396861,29.79662400987269,0.0004,0.0,4665.969,19
9,24,1.8401871729536057,3.334769769661213,-0.0013306337853941,29.764609202569417,0.0004,0.0,4676.891,19
9,24,1.8401871729536057,3.3349631575571017,-0.000735513834783,29.731698401387387,0.0006,0.0,4687.813,19
9,24,1.8401871729536057,3.345363401739138,-0.0003345828775289,28.48614556760905,0.0006,-0.0,5224.047,19
9,24,1.8401871729536057,3.345580402851166,-0.0011474780703461,28.4701267346339,0.0006,0.0,5235.016,19
9,24,1.8401871729536057,3.348053204234685,0.001412748547575,28.183058598170227,0.0006,0.0,5421.063,19
9,24,1.8401871729536057,3.348168437792705,-0.0006583258398479,28.1694853809342,0.0004,0.0,5431.954,19
9,24,1.8401871729536057,3.348271186770626,-0.0026697451555662,28.15360381529984,0.0006,0.0,5442.969,19
9,24,1.8401871729536057,3.348414550517117,-0.0031356803829122,28.13938221819166,0.0006,0.0,5453.86,19
9,24,1.8401871729536057,3.348681599369489,-0.000310933270105,28.123847241505707,0.0006,0.0,5464.813,19
9,24,1.8401871729536057,3.348809475007077,-0.0018412143150356,28.11678751795252,0.0006,0.0,5475.766,19
9,24,1.8401871729536057,3.3466069526485467,-0.0036669735224895,28.34866593988644,0.0006,0.0,5311.579,19
9,24,1.8401871729536057,3.346782632245497,0.0004454916903656,28.3312270790044,0.0006,0.0,5322.5,19
9,24,1.8401871729536057,3.349312232182589,-0.0026643309193922,28.059467550872785,0.0006,-0.0,5508.579,19
9,24,1.8401871729536057,3.3492714749999584,-0.002331545013732,28.04712535597875,0.0006,0.0,5519.547,19
9,24,1.8401871729536057,3.349431758937731,-0.0007089012974406,28.0408744723992,0.0006,0.0,5530.485,19
9,24,1.8401871729536057,3.349732961396904,0.0003989353949661,28.02585410935633,0.0006,0.0,5541.407,19
9,24,1.8401871729536057,3.3497050451308303,6.504736947097399e-05,28.017814737129605,0.0006,0.0,5552.313,19
9,24,1.8401871729536057,3.3498971829921937,-0.0002631012363597,27.992330024062333,0.0006,0.0,5563.282,19
9,24,1.8401871729536057,3.3478576380116656,-0.0017562234370313,28.21870253544392,0.0006,0.0,5399.125,19
9,24,1.8401871729536057,3.348125496835178,-0.0013004405017107,28.19774965808532,0.0006,0.0,5410.094,19
9,24,1.8401871729536057,3.350205290869172,0.0006138710676097,27.96008054488467,0.0006,0.0,5596.047,19
9,24,1.8401871729536057,3.350298787409877,-0.0041580537722087,27.95505371531344,0.0006,0.0,5607.016,19
9,24,1.8401871729536057,3.350426465287148,-0.0011778245452152,27.932085560636004,0.0006,-0.0,5617.938,19
9,24,1.8401871729536057,3.350740114706224,2.04720769483358e-05,27.92297933215886,0.0004,-0.0,5628.891,19
9,24,1.8401871729536057,3.350844928154129,0.0008802068399332,27.916096325278158,0.0004,-0.0,5639.782,19
9,24,1.8401871729536057,3.350938122780315,-0.0012573297933618,27.8977277482736,0.0006,0.0,5650.688,19
9,24,1.8401871729536057,3.3488558608705423,-0.0008512983457728,28.098742279495944,0.0006,0.0,5486.672,19
9,24,1.8401871729536057,3.3490368827488526,-1.5597797632213154e-06,28.08535578588006,0.0004,0.0,5497.641,19
9,24,1.8401871729536057,3.341259721486192,0.0002832760511489,28.91729441286848,0.0006,0.0,4983.36,19
9,24,1.8401871729536057,3.341512522742366,-0.0023959784499746,28.912311092490118,0.0006,0.0,4994.282,19
9,24,1.8401871729536057,3.3417333496697834,1.5059730222654512e-05,28.8899750121012,0.0004,0.0,5005.188,19
9,24,1.8401871729536057,3.3420049090438027,-8.151580553518982e-05,28.861647342654205,0.0004,0.0,5016.141,19
9,24,1.8401871729536057,3.342014521277768,-0.0041420703375651,28.84787002878599,0.0006,0.0,5027.063,19
9,24,1.8401871729536057,3.3424143802499304,-0.000526456291257,28.813097653000835,0.0006,0.0,5038.11,19
9,24,1.8401871729536057,3.350022306765393,-0.0024251795842006,27.98930736809021,0.0006,0.0,5574.219,19
9,24,1.8401871729536057,3.350254350973023,0.0026215077310954,27.97308060697981,0.0004,0.0,5585.125,19
9,24,1.8401871729536057,3.3522819043566683,-1.7210777651958696e-05,27.78070273723023,0.0006,0.0,5771.047,19
9,24,1.8401871729536057,3.352542316776405,-0.0017608643537663,27.76761673656501,0.0006,-0.0,5782.0,19
9,24,1.8401871729536057,3.3523992587339357,0.0004615510096907,27.759275157567963,0.0004,0.0,5792.875,19
9,24,1.8401871729536057,3.352746473125681,-0.0007411604828812,27.741947748324268,0.0006,0.0,5803.813,19
9,24,1.8401871729536057,3.3528392608959576,-0.0014021163627102,27.73212721551354,0.0006,0.0,5814.782,19
9,24,1.8401871729536057,3.35296422432948,-0.0026827496402708,27.722900534859257,0.0006,0.0,5825.704,19
9,24,1.8401871729536057,3.3511926662671185,-0.0019765040813679,27.898486021120128,0.0006,0.0,5661.657,19
9,24,1.8401871729536057,3.3510955442764008,-0.0002179961090543,27.87769149638519,0.0006,-0.0,5672.579,19
9,24,1.8401871729536057,3.3533590270608915,-0.0003977452682339,27.70350218750343,0.0006,0.0,5858.563,19
9,24,1.8401871729536057,3.353265117530232,0.0006370508514669,27.69334915741939,0.0004,-0.0,5869.438,19
9,24,1.8401871729536057,3.353400112706378,0.00027299874717,27.67675493246584,0.0006,-0.0,5880.422,19
9,24,1.8401871729536057,3.35368899057388,-0.0023185220182594,27.67608075734741,0.0006,0.0,5891.375,19
9,24,1.8401871729536057,3.353643078239471,0.0006703278053393,27.652818556430955,0.0006,0.0,5902.266,19
9,24,1.8401871729536057,3.354031121102353,-0.0004495903666502,27.64710205926561,0.0004,-0.0,5913.172,19
9,24,1.8401871729536057,3.352110814725004,-0.000336203616926,27.79617054436905,0.0006,0.0,5749.063,19
9,24,1.8401871729536057,3.3523264370934824,0.0002798568072388,27.78889188892243,0.0006,0.0,5760.0,19
9,24,1.8401871729536057,3.354131834819704,-0.0003625890968779,27.62964194530093,0.0006,0.0,5945.922,19
9,24,1.8401871729536057,3.354395591474665,-0.0016226449056022,27.62550196083249,0.0004,0.0,5956.844,19
9,24,1.8401871729536057,3.354476874243822,0.0013293186469825,27.60850675443152,0.0006,-0.0,5967.797,19
9,24,1.8401871729536057,3.354511515597478,-0.0024614592402096,27.6072683031939,0.0006,0.0,5978.735,19
9,24,1.8401871729536057,3.3547022359058776,-0.0018272608055184,27.589455412378392,0.0006,0.0,5989.75,19
9,24,1.8401871729536057,3.354814972944285,-0.0015798162242743,27.57424149439989,0.0006,-0.0,6000.688,19
9,24,1.8401871729536057,3.352978027238977,-0.0022943543492596,27.718084191537343,0.0006,0.0,5836.688,19
9,24,1.8401871729536057,3.3532658272161555,-0.0028792546391903,27.699827469952535,0.0006,0.0,5847.657,19
9,24,1.8401871729536057,3.346773826533284,-0.0026846943071544,28.30931004423822,0.0006,0.0,5333.422,19
9,24,1.8401871729536057,3.346916108911008,-0.0003038267584893,28.30032310143784,0.0004,-0.0,5344.36,19
9,24,1.8401871729536057,3.3470423850663,-0.0017486535555591,28.27558699768697,0.0006,0.0,5355.36,19
9,24,1.8401871729536057,3.347280525448301,-0.0007252201933415,28.266964588909406,0.0006,0.0,5366.297,19
9,24,1.8401871729536057,3.347620051795562,0.0017285114903871,28.24657721235146,0.0006,0.0,5377.204,19
9,24,1.8401871729536057,3.347687553488092,0.0010463189028592,28.23206916853996,0.0006,0.0,5388.204,19
9,24,1.8401871729536057,3.353999150228953,-0.0029430267921701,27.642576095535723,0.0006,0.0,5924.047,19
9,24,1.8401871729536057,3.354274167804137,0.0004865340221852,27.63256657314009,0.0006,0.0,5934.954,19
9,24,1.8401871729536057,3.355830930231664,-0.0004995254337802,27.489008386709216,0.0004,0.0,6120.922,19
9,24,1.8401871729536057,3.3559759442765773,0.0005005960787182,27.49206969808907,0.0006,0.0,6131.829,19
9,24,1.8401871729536057,3.356171799676372,-0.0012729244654498,27.48010405204212,0.0006,0.0,6142.75,19
9,24,1.8401871729536057,3.356314229166617,-0.0026176101038945,27.469070177738068,0.0006,0.0,6153.719,19
9,24,1.8401871729536057,3.3564553317589154,0.0005814720501854,27.46738925226651,0.0006,-0.0,6164.672,19
9,24,1.8401871729536057,3.356438865306543,0.0006204511022565,27.456685115075874,0.0006,-0.0,6175.61,19
9,24,1.8401871729536057,3.3548461757941994,-0.0003942254942272,27.573298929631832,0.0006,-0.0,6011.625,19
9,24,1.8401871729536057,3.355089100529294,2.718170394827636e-05,27.561131119097524,0.0006,0.0,6022.547,19
9,24,1.8401871729536057,3.3567983120051483,0.0001955020539144,27.43640296303734,0.0006,0.0,6208.375,19
9,24,1.8401871729536057,3.356936275862596,-0.0013837459618809,27.42537395350709,0.0006,0.0,6219.282,19
9,24,1.8401871729536057,3.356967402244873,-0.0030283734388575,27.432329086525638,0.0006,0.0,6230.25,19
9,24,1.8401871729536057,3.3571890262743933,0.001634628449624,27.422311305003223,0.0006,0.0,6241.157,19
9,24,1.8401871729536057,3.357223675038739,-0.0013408100596177,27.427813676342023,0.0006,0.0,6252.079,19
9,24,1.8401871729536057,3.357362376581138,0.0003060642365951,27.41529071800601,0.0006,0.0,6263.047,19
9,24,1.8401871729536057,3.355722041838805,-0.001746522598457,27.51351365992377,0.0006,0.0,6099.047,19
9,24,1.8401871729536057,3.355900565606716,-6.777649167249255e-05,27.501666734639507,0.0006,0.0,6109.985,19
9,24,1.8401871729536057,3.3575303544383424,-0.0015750194411495,27.39386512532521,0.0004,0.0,6295.985,19
9,24,1.8401871729536057,3.3577333778153804,-0.0014346415404873,27.391537838111468,0.0006,0.0,6306.922,19
9,24,1.8401871729536057,3.357802516007729,-0.0008516341205437,27.380315599061777,0.0006,-0.0,6317.813,19
9,24,1.8401871729536057,3.357882514334261,-0.0044137125720914,27.367376809992347,0.0004,0.0,6328.75,19
9,24,1.8401871729536057,3.3580721806144784,-0.0009587589629665,27.35669820042646,0.0004,0.0,6339.688,19
9,24,1.8401871729536057,3.3581582745794907,-0.0007412572641746,27.361475027183104,0.0006,0.0,6350.579,19
9,24,1.8401871729536057,3.3565977646453407,0.0004598948839776,27.46483923183021,0.0004,0.0,6186.516,19
9,24,1.8401871729536057,3.356793925896651,-0.001681507892795,27.45237087514999,0.0006,0.0,6197.438,19
9,24,1.8401871729536057,3.3512473046298243,-4.008428208795907e-05,27.87280990600757,0.0006,0.0,5683.5,19
9,24,1.8401871729536057,3.3515022126368663,-0.0011832535623196,27.859204416112323,0.0006,0.0,5694.391,19
9,24,1.8401871729536057,3.351699089820719,-0.0013662539974084,27.841115278955247,0.0006,0.0,5705.375,19
9,24,1.8401871729536057,3.351696123053257,0.000650557726716,27.82172163154174,0.0006,0.0,5716.313,19
9,24,1.8401871729536057,3.351856980860012,0.001151168908403,27.821496236106427,0.0006,0.0,5727.235,19
9,24,1.8401871729536057,3.3518206167199085,-0.0024697310743506,27.810784298965675,0.0006,0.0,5738.157,19
9,24,1.8401871729536057,3.3574100923465138,0.000597142025643,27.409008194998137,0.0006,0.0,6274.079,19
9,24,1.8401871729536057,3.357678983203174,-0.0035125103390541,27.401918130046628,0.0006,-0.0,6285.047,19
9,24,1.8401871729536057,3.528608691821041,-4.024652795646831,32.696951195068515,3.996,1.631,629.766,19
9,24,1.8401871729536057,3.9382253836914334,-0.0030509383795712,32.792412877488935,0.0006,3.929,640.266,19
9,24,1.8401871729536057,3.52331755531727,-4.020848008366892,32.79633437711842,3.996,1.626,650.766,19
9,24,1.8401871729536057,3.932225406790656,-0.0030143345427148,32.86784794954093,0.0006,3.924,661.266,19
9,24,1.8401871729536057,3.517931373134606,-4.025620675921554,32.89181284574559,3.996,1.623,671.766,19
9,24,1.8401871729536057,3.92602034250957,-0.0009490769628618,32.9775142502864,0.0006,3.919,682.25,19
9,24,1.8401871729536057,3.556274109783474,-4.027552819830119,31.895663210277107,3.996,1.659,524.579,19
9,24,1.8401871729536057,3.973151515402883,-0.0047754700025145,32.01524916068683,0.0006,3.962,535.094,19
9,24,1.8401871729536057,3.5079790995090554,-4.025750391893165,33.043807192623895,3.996,1.611,713.766,19
9,24,1.8401871729536057,3.915455511724917,0.0002890478658383,33.10307663045163,0.0006,3.908,724.282,19
9,24,1.8401871729536057,3.5031716639863792,-4.02707255251294,33.09379458996958,3.996,1.608,734.813,19
9,24,1.8401871729536057,3.910647501768469,-0.0005283724794382,33.1370570527714,0.0006,3.904,745.313,19
9,24,1.8401871729536057,3.4983036238440555,-4.024111006874811,33.1530397644187,3.996,1.603,755.829,19
9,24,1.8401871729536057,3.905727535382752,-0.0006776072719277,33.19394500446332,0.0006,3.899,766.329,19
9,24,1.8401871729536057,3.534198005396572,-4.027496110039243,32.561767035585,3.996,1.635,608.594,19
9,24,1.8401871729536057,3.945558480922517,0.001784822940884,32.65691457343429,0.0006,3.936,619.157,19
9,24,1.8401871729536057,3.489210397618444,-4.025620726892392,33.17098605433682,3.996,1.594,797.891,19
9,24,1.8401871729536057,3.896103273395899,-0.0025436700643749,33.19920088411974,0.0006,3.888,808.391,19
9,24,1.8401871729536057,3.4846420792476565,-4.025583672702099,33.16854655320112,3.996,1.587,818.875,19
9,24,1.8401871729536057,3.89183159482734,-0.0005913011729103,33.18679035517363,0.0006,3.884,829.532,19
9,24,1.8401871729536057,3.4803281250729405,-4.0273299982837445,33.15210473025119,3.996,1.583,840.032,19
9,24,1.8401871729536057,3.886888661512708,-8.44173455932435e-05,33.20694665267113,0.0006,3.88,850.454,19
9,24,1.8401871729536057,3.5129596118638555,-4.023368615294191,32.99938730439943,3.996,1.616,692.766,19
9,24,1.8401871729536057,3.9203888494920447,0.0003089858819336,33.060197872274216,0.0006,3.912,703.219,19
9,24,1.8401871729536057,3.6362868692603834,-4.026396043306307,28.983730561644517,3.996,1.726,209.422,19
9,24,1.8401871729536057,4.068196453405319,7.573042423669029e-05,29.11993264107044,0.0006,4.061,219.891,19
9,24,1.8401871729536057,3.629707953345597,-4.024266629745775,29.205207888197812,3.996,1.72,230.375,19
9,24,1.8401871729536057,4.06068395046349,-0.0008106148477217,29.33364877983937,0.0006,4.051,240.86,19
9,24,1.8401871729536057,3.623230098034153,-4.025713396095777,29.416095756005145,3.996,1.716,251.391,19
9,24,1.8401871729536057,4.0535651726076605,-0.0025073728621596,29.55911912106892,0.0006,4.045,261.891,19
9,24,1.8401871729536057,3.49377489061806,-4.025339198494202,33.16016093298778,3.996,1.599,776.86,19
9,24,1.8401871729536057,3.9011213830276015,-0.0006434966592242,33.19005041210848,0.0006,3.893,787.375,19
9,24,1.8401871729536057,3.358244616077471,-0.0035970668216823,27.357577713683497,0.0006,0.0,6361.454,19
9,24,1.8401871729536057,3.358340180451428,0.0005355435816379,27.346407258464783,0.0006,0.0,6372.375,19
9,24,1.8401871729536057,3.3584581444460286,-0.000768871971152,27.3350242609026,0.0006,0.0,6383.297,19
9,24,1.8401871729536057,3.3586568645128496,-0.0011737141629014,27.33041953585047,0.0006,-0.0,6394.204,19
9,24,1.8401871729536057,3.3585408247667936,-0.001527640704897,27.3271716748987,0.0004,-0.0,6405.188,19
9,24,1.8401871729536057,3.3586902344145484,0.0009286383395291,27.314691351279023,0.0006,0.0,6416.094,19
9,24,1.8401871729536057,3.358867218121672,0.00157553465847,27.315849339863387,0.0006,-0.0,6426.969,19
9,24,1.8401871729536057,3.358789605984632,-0.0007761718525878,27.31454925930859,0.0006,0.0,6437.922,19
9,24,1.8401871729536057,3.3589234473310663,-0.0008472871990961,27.301954960959662,0.0006,0.0,6448.907,19
9,24,1.8401871729536057,3.355018800194208,-0.0009177059019682,27.56575563955896,0.0006,-0.0,6033.454,19
9,24,1.8401871729536057,3.355199317427644,-0.0003078332217447,27.553610931458465,0.0006,0.0,6044.313,19
9,24,1.8401871729536057,3.355274168100439,-0.0005795478573627,27.55331766992224,0.0006,0.0,6055.204,19
9,24,1.8401871729536057,3.3555002164112264,-0.0002625336437705,27.54184649092188,0.0006,-0.0,6066.172,19
9,24,1.8401871729536057,3.3553971260731967,0.0002973869970763,27.531990418989352,0.0006,0.0,6077.157,19
9,24,1.8401871729536057,3.3557911105923246,-0.0004276365865422,27.51642969103662,0.0006,0.0,6088.11,19
9,24,1.8401871729536057,3.612145212410883,-4.022130609174504,29.850601228655783,3.996,1.704,293.391,19
9,24,1.8401871729536057,4.0396678526302585,1.9938002137785925e-05,29.98736176073065,0.0006,4.03,303.891,19
9,24,1.8401871729536057,3.6063106153456905,-4.028286456588235,30.06831634636897,3.996,1.7,314.438,19
9,24,1.8401871729536057,4.033261319386861,-0.0025528041309768,30.202457980467447,0.0006,4.023,324.954,19
9,24,1.8401871729536057,3.6012137581439765,-4.022515046865791,30.2833945600168,3.996,1.696,335.5,19
9,24,1.8401871729536057,4.027195146305513,-0.001700755523315,30.400983197500125,0.0006,4.017,346.047,19
9,24,1.8401871729536057,3.643183818818278,-4.025171432295942,28.74454935991247,3.996,1.732,188.391,19
9,24,1.8401871729536057,4.075949620591488,-0.0019891893478391,28.88709262204457,0.0006,4.068,198.922,19
9,24,1.8401871729536057,3.5918300444301376,-4.026453236489913,30.656664903553235,3.996,1.69,377.625,19
9,24,1.8401871729536057,4.015730427746942,-0.0011425264092914,30.78325101430958,0.0006,4.005,388.063,19
9,24,1.8401871729536057,3.587118269066272,-4.024534716508726,30.82681604601697,3.996,1.684,398.563,19
9,24,1.8401871729536057,4.009988539046317,0.0014932324423996,30.95560430796693,0.0006,3.999,409.047,19
9,24,1.8401871729536057,3.5817512329772323,-4.02131660530066,31.024669009286765,3.996,1.68,419.672,19
9,24,1.8401871729536057,4.004203211991861,0.0005376224402907,31.134400807682898,0.0006,3.992,430.172,19
9,24,1.8401871729536057,3.617408310036054,-4.023344655536906,29.64949005172109,3.996,1.709,272.422,19
9,24,1.8401871729536057,4.046316242363001,-0.0018715237369193,29.78567042693377,0.0006,4.038,282.907,19
9,24,1.8401871729536057,3.5722082895408884,-4.025800182399133,31.381227329489374,3.996,1.673,461.657,19
9,24,1.8401871729536057,3.992543959134012,0.0002501754825881,31.49439679648061,0.0006,3.982,472.141,19
9,24,1.8401871729536057,3.566946952663125,-4.026792291570121,31.55027194208089,3.996,1.67,482.657,19
9,24,1.8401871729536057,3.986074087136776,-0.0026618597820055,31.699549112199254,0.0006,3.976,493.11,19
9,24,1.8401871729536057,3.56160404718814,-4.025000809798691,31.74606462385034,3.996,1.665,503.625,19
9,24,1.8401871729536057,3.979394512334885,0.000814078925369,31.85636585804398,0.0006,3.968,514.11,19
9,24,1.8401871729536057,3.596580417281283,-4.024586498038791,30.46763252353159,3.996,1.692,356.547,19
9,24,1.8401871729536057,4.021432339625888,-0.0008684335636554,30.569189090166606,0.0006,4.012,367.11,19
9,24,1.8401871729536057,3.5772894659593537,-4.023680782123971,31.200709732685645,3.996,1.677,440.657,19
9,24,1.8401871729536057,3.998702636336148,-0.0009042596799507,31.331114054307477,0.0006,3.987,451.157,19
9,24,1.8401871729536057,4.2014816169511375,-0.002761833954784,26.5296862087597,0.0004,0.0,0.0,19
9,24,1.8401871729536057,4.200770733483812,-0.0003615350927067,26.5161784839492,0.0006,4.216,9.282,19
9,24,1.8401871729536057,3.728515187059642,-4.025149646923369,26.898838569673668,3.996,1.788,41.125,19
9,24,1.8401871729536057,4.150178589894635,6.454956330568493e-05,27.072753224423007,0.0008,4.149,51.75,19
9,24,1.8401871729536057,3.708813330551995,-4.023794965384724,27.19931538205469,3.996,1.778,62.266000000000005,19
9,24,1.8401871729536057,4.134833573689555,-0.0004631595495025,27.368232672429848,0.0006,4.133,72.782,19
9,24,1.8401871729536057,3.692859277696558,-4.022646381225574,27.474894011798952,3.996,1.77,83.28200000000001,19
9,24,1.8401871729536057,4.122474689520067,-0.002526117771487,27.63639978168709,0.0006,4.119,93.829,19
9,24,1.8401871729536057,3.668789204482207,-4.023666336863526,28.007433206105663,3.996,1.75,125.375,19
9,24,1.8401871729536057,4.101729792464585,-0.0024637118711169,28.163041194829525,0.0006,4.095,135.86,19
9,24,1.8401871729536057,3.6590389816122686,-4.024368330585113,28.25150244063025,3.996,1.742,146.407,19
9,24,1.8401871729536057,4.092656138071411,-0.0011944344031995,28.407105003077085,0.0006,4.085,156.907,19
9,24,1.8401871729536057,3.650905066237375,-4.025979318385156,28.500617467739875,3.996,1.736,167.391,19
9,24,1.8401871729536057,4.084080012498276,-0.002217659724515,28.646391517981083,0.0006,4.076,177.875,19
9,24,1.8401871729536057,3.755030922631025,-4.025260076738734,26.60036902117296,3.996,1.778,20.047000000000004,19
9,24,1.8401871729536057,4.168982611089812,-0.0021238255073325,26.778930096251173,0.0006,4.171,30.625,19
9,24,1.8401871729536057,3.680010705121507,-4.024874000155424,27.746435921303892,3.996,1.759,104.329,19
9,24,1.8401871729536057,4.111577386436875,-0.0018780272213752,27.89995201344982,0.0006,4.107,114.844,19
10,24,1.8281265632888255,4.009579837364962,0.0014648528495707,31.27429526811954,0.0006,3.999,411.547,18
10,24,1.8281265632888255,3.5830256438529364,-4.026602770012459,31.353639405911697,3.996,1.681,422.172,18
10,24,1.8281265632888255,4.003625392070519,0.0005243372222333,31.459058973132148,0.0006,3.993,432.703,18
10,24,1.8281265632888255,3.5780852576521847,-4.024319817555908,31.52242948123235,3.996,1.677,443.281,18
10,24,1.8281265632888255,3.944071384157053,0.0006040192849429,32.95673789452298,0.0006,3.934,622.891,18
10,24,1.8281265632888255,3.5287125251420526,-4.026238666196215,33.05402295638985,3.996,1.628,633.469,18
10,24,1.8281265632888255,3.937422653230351,-0.0015392130794357,33.116114623483895,0.0006,3.928,643.984,18
10,24,1.8281265632888255,3.523119005773083,-4.025055565249397,33.14997707996442,3.996,1.624,654.594,18
10,24,1.8281265632888255,4.032871161889857,-0.0005377961600553,30.49567964310992,0.0006,4.024,326.719,18
10,24,1.8281265632888255,3.6028063076865613,-4.024728593126822,30.54444338410269,3.996,1.698,337.313,18
10,24,1.8281265632888255,4.026909417207301,-0.0020717636044877,30.671409346526385,0.0006,4.017,347.859,18
10,24,1.8281265632888255,3.597357405912512,-4.024872692489309,30.759616764941796,3.996,1.692,358.563,18
10,24,1.8281265632888255,3.971990339352683,0.0009617334713662,32.35541101977131,0.0006,3.96,538.313,18
10,24,1.8281265632888255,3.5517235415137267,-4.0217283646542805,32.42598292392732,3.996,1.652,548.875,18
10,24,1.8281265632888255,3.9651010626670735,-0.000590673689501,32.53709780829622,0.0006,3.955,559.453,18
10,24,1.8281265632888255,3.545820318835621,-4.027818970987465,32.60098822810366,3.996,1.647,570.063,18
10,24,1.8281265632888255,4.060550257037486,-0.0027695519521171,29.642181395752303,0.0006,4.051,242.219,18
10,24,1.8281265632888255,3.625290927170824,-4.025636386541459,29.735554093353816,3.996,1.714,252.797,18
10,24,1.8281265632888255,4.053151880852223,-0.000324532033157,29.87203040509296,0.0006,4.045,263.375,18
10,24,1.8281265632888255,3.619102371500377,-4.027546955569331,29.94224270212089,3.996,1.71,273.953,18
10,24,1.8281265632888255,3.9977659898675695,-0.0034262109931787,31.650582969007992,0.0006,3.987,453.813,18
10,24,1.8281265632888255,3.5731874004292115,-4.024599650301032,31.72975388777641,3.996,1.673,464.375,18
10,24,1.8281265632888255,3.991469237734835,0.0010310743973505,31.84240219003859,0.0006,3.98,474.891,18
10,24,1.8281265632888255,3.567852994303621,-4.023869693261433,31.91634836583972,3.996,1.668,485.453,18
10,24,1.8281265632888255,3.3494132033720034,-0.001546823456919,27.74592545894862,0.0006,0.0,6436.172,18
10,24,1.8281265632888255,3.3494163424527805,0.0011964608741801,27.73775296118085,0.0006,0.0,6447.125,18
10,24,1.8281265632888255,3.3479975610354598,-0.0005447073823265,27.832757109308023,0.0006,0.0,6281.797,18
10,24,1.8281265632888255,3.3479759766285304,0.0003514112353669,27.82328286647173,0.0006,-0.0,6292.813,18
10,24,1.8281265632888255,3.348309565571712,-0.0017858515976923,27.813317425217303,0.0006,0.0,6303.813,18
10,24,1.8281265632888255,3.3484327856610645,-0.000807673800961,27.80808643482688,0.0006,0.0,6314.859,18
10,24,1.8281265632888255,4.015292239414652,-0.0001149883927354,31.100748601560117,0.0006,4.005,390.391,18
10,24,1.8281265632888255,3.5879376870309256,-4.02379318916232,31.149812210570573,3.996,1.684,401.031,18
10,24,1.8281265632888255,3.881818936145895,0.00048505185905,33.531173388444486,0.0006,3.874,876.766,18
10,24,1.8281265632888255,3.471330732073379,-4.024809792460945,33.5691656713221,3.996,1.571,887.328,18
10,24,1.8281265632888255,3.876952016957216,-0.0014015081747216,33.507468862864734,0.0006,3.869,897.922,18
10,24,1.8281265632888255,3.4666583414660592,-4.026626626026853,33.51583424536902,3.996,1.57,908.578,18
10,24,1.8281265632888255,3.909625725455246,0.0019645811961144,33.46998268364123,0.0006,3.903,749.766,18
10,24,1.8281265632888255,3.498497832300937,-4.026576514702053,33.42977388388281,3.996,1.599,760.344,18
10,24,1.8281265632888255,3.9047152759532393,0.0030311017774886,33.48910931074429,0.0006,3.898,770.906,18
10,24,1.8281265632888255,3.493677345881025,-4.024890417396128,33.46557550178645,3.996,1.593,781.563,18
10,24,1.8281265632888255,3.899814275667657,-0.0016488990760967,33.528565555484455,0.0006,3.892,792.125,18
10,24,1.8281265632888255,3.4893184724785278,-4.025359485146333,33.4914239115374,3.996,1.59,802.703,18
10,24,1.8281265632888255,3.895124103338581,0.0018908152534504,33.51166486322012,0.0006,3.887,813.266,18
10,24,1.8281265632888255,3.484283238855119,-4.026801403129537,33.500197658535235,3.996,1.586,823.828,18
10,24,1.8281265632888255,3.93092500908813,0.0012138724956595,33.24636958901878,0.0006,3.924,665.141,18
10,24,1.8281265632888255,3.5176404945420408,-4.0263584870999205,33.2392954169952,3.996,1.619,675.844,18
10,24,1.8281265632888255,3.924847836497425,0.0045695566382277,33.335740726317425,0.0006,3.917,686.438,18
10,24,1.8281265632888255,3.512898124359204,-4.024504921013141,33.32450116359183,3.996,1.613,696.984,18
10,24,1.8281265632888255,4.020706461113311,-0.00135221848971,30.91209105762657,0.0004,4.012,369.094,18
10,24,1.8281265632888255,3.5924497496089467,-4.024345900746966,30.955766906107755,3.996,1.689,379.734,18
10,24,1.8281265632888255,3.914418986051172,-0.0006356172790151,33.45896112619749,0.0006,3.906,728.625,18
10,24,1.8281265632888255,3.503275790411191,-4.027377445718859,33.436300251003864,3.996,1.603,739.203,18
10,24,1.8281265632888255,3.958356032116445,0.000627157606911,32.707463215347786,0.0006,3.948,580.672,18
10,24,1.8281265632888255,3.540107456285184,-4.023901780938513,32.71263165008403,3.996,1.639,591.281,18
10,24,1.8281265632888255,3.950919027137608,-0.0020203748758132,32.82893316636705,0.0006,3.94,601.813,18
10,24,1.8281265632888255,3.5344711363838948,-4.025222697939681,32.87272436655787,3.996,1.634,612.344,18
10,24,1.8281265632888255,3.820209168049287,0.000112644530088,34.111292270675044,0.0006,3.812,1172.906,18
10,24,1.8281265632888255,3.613683320853149,-4.02386028377078,30.14863084594782,3.996,1.706,295.047,18
10,24,1.8281265632888255,4.039374684966471,0.0017901790179684,30.279578602733643,0.0006,4.031,305.594,18
10,24,1.8281265632888255,3.608039463600059,-4.024182370574007,30.37067972337637,3.996,1.702,316.172,18
10,24,1.8281265632888255,3.8907411966811942,0.0008215674666484,33.49896928282092,0.0006,3.883,834.391,18
10,24,1.8281265632888255,3.4799343388726385,-4.023332297340682,33.494106751281926,3.996,1.582,844.969,18
10,24,1.8281265632888255,3.8860409246597305,0.0022722508403509,33.560630707595124,0.0006,3.88,855.547,18
10,24,1.8281265632888255,3.475597041640188,-4.025671971426952,33.50701032381257,3.996,1.576,866.125,18
10,24,1.8281265632888255,3.751737977566145,-0.0020420255513113,35.10703730931448,0.0006,3.744,1553.594,18
10,24,1.8281265632888255,3.3481224232922875,-4.023891682528517,35.08214119101616,3.996,1.46,1564.156,18
10,24,1.8281265632888255,3.7484980618259343,-0.001162023965197,35.14941581926209,0.0006,3.742,1574.719,18
10,24,1.8281265632888255,3.3444890791228814,-4.023923272950115,35.17192902242304,3.996,1.46,1585.375,18
10,24,1.8281265632888255,3.772970262094174,0.000861982873643,34.7603272966271,0.0006,3.767,1426.891,18
10,24,1.8281265632888255,3.368568442371512,-4.025519556474415,34.78022861115584,3.996,1.492,1437.406,18
10,24,1.8281265632888255,3.769332161150499,0.0034819297161892,34.847885815894514,0.0006,3.763,1447.953,18
10,24,1.8281265632888255,3.36495797914132,-4.0256641155382615,34.815044994826444,3.996,1.489,1458.578,18
10,24,1.8281265632888255,3.7657792009700297,0.0002258700117073,34.89342177528125,0.0006,3.759,1469.094,18
10,24,1.8281265632888255,3.361239856972464,-4.025390841066096,34.88763200005626,3.996,1.485,1479.672,18
10,24,1.8281265632888255,3.762064296843612,-0.0006242768080976,34.94848353313619,0.0006,3.756,1490.203,18
10,24,1.8281265632888255,3.3578145132114594,-4.025067098718257,34.91746077467225,3.996,1.479,1500.813,18
10,24,1.8281265632888255,3.787604273084554,-7.125923368606325e-05,34.56890438241683,0.0006,3.781,1342.219,18
10,24,1.8281265632888255,3.3821256954102354,-4.023999030337544,34.54591312232392,3.996,1.505,1352.859,18
10,24,1.8281265632888255,3.78373917102052,-0.0013319697152772,34.59803486323157,0.0006,3.777,1363.422,18
10,24,1.8281265632888255,3.3788233678657438,-4.025353462560481,34.58255837627009,3.996,1.501,1373.938,18
10,24,1.8281265632888255,3.780351351894975,-0.0014234767576525,34.60047926386386,0.0006,3.774,1384.516,18
10,24,1.8281265632888255,3.375540213244605,-4.026016802405963,34.65025675607339,3.996,1.498,1395.063,18
10,24,1.8281265632888255,3.776678886053986,0.0001918321665787,34.71764929085805,0.0004,3.77,1405.656,18
10,24,1.8281265632888255,3.371676001325576,-4.023503100845196,34.71835736433012,3.996,1.495,1416.281,18
10,24,1.8281265632888255,3.803603441892502,-0.000288230761005,34.350066858945915,0.0006,3.797,1257.563,18
10,24,1.8281265632888255,3.397199831903613,-4.024635131294819,34.325846357158454,3.996,1.52,1268.156,18
10,24,1.8281265632888255,3.799618159513997,-0.0020515429879187,34.370184299603366,0.0006,3.793,1278.766,18
10,24,1.8281265632888255,3.3934379047400918,-4.0235046016448175,34.39856742701595,3.996,1.515,1289.391,18
10,24,1.8281265632888255,3.795473116528735,-0.0013311805443589,34.44429533013073,0.0006,3.788,1300.0,18
10,24,1.8281265632888255,3.3895644319936373,-4.02355581301246,34.44664606756471,3.996,1.513,1310.578,18
10,24,1.8281265632888255,3.791521795641706,-0.0002994594952451,34.50167876277462,0.0006,3.785,1321.094,18
10,24,1.8281265632888255,3.3858004309785,-4.025444297311462,34.502346103546536,3.996,1.509,1331.688,18
10,24,1.8281265632888255,3.709728304383527,-0.0007820299858873,35.832449950551776,0.0006,3.702,1850.031,18
10,24,1.8281265632888255,3.306681352976664,-4.024265158873918,35.862245704230425,3.996,1.425,1860.672,18
10,24,1.8281265632888255,3.707014489474504,-0.0017938743125293,35.85944529637613,0.0006,3.701,1871.219,18
10,24,1.8281265632888255,3.304040725236425,-4.026372558957003,35.92327859884627,3.996,1.423,1881.781,18
10,24,1.8281265632888255,3.70407194047924,-0.0006447496324345,35.95851412635584,0.0006,3.698,1892.328,18
10,24,1.8281265632888255,3.30120345175835,-4.024760980014372,35.96544786088816,3.996,1.421,1902.875,18
10,24,1.8281265632888255,3.7017499368550864,-0.0043191117562657,36.00313885567939,0.0006,3.696,1913.438,18
10,24,1.8281265632888255,3.298514891832156,-4.0233097426121,35.99828061547176,3.996,1.419,1924.063,18
10,24,1.8281265632888255,3.7203679593233634,0.0008333628714935,35.66409474138672,0.0006,3.714,1765.281,18
10,24,1.8281265632888255,3.317512204761318,-4.025681827666463,35.63723329646027,3.996,1.434,1775.844,18
10,24,1.8281265632888255,3.717767736716265,-0.0004419135564116,35.68018152567731,0.0006,3.71,1786.484,18
10,24,1.8281265632888255,3.314944308277354,-4.023743421510056,35.699411290248456,3.996,1.433,1797.031,18
10,24,1.8281265632888255,3.714861681217567,-0.0023149194514235,35.72165702242041,0.0006,3.709,1807.609,18
10,24,1.8281265632888255,3.31228963733816,-4.025477948302274,35.71458374617861,3.996,1.429,1818.234,18
10,24,1.8281265632888255,3.7121305086082463,-0.0008761639423626,35.79912008845615,0.0006,3.706,1828.813,18
10,24,1.8281265632888255,3.309373674416935,-4.027373690751398,35.83884267018513,3.996,1.428,1839.375,18
10,24,1.8281265632888255,3.732188361810238,0.0004177420474634,35.42736189936773,0.0006,3.725,1680.656,18
10,24,1.8281265632888255,3.32914759646158,-4.025286326564247,35.42989298277199,3.996,1.447,1691.219,18
10,24,1.8281265632888255,3.7293167506312432,-0.0021284732306683,35.49362214044855,0.0006,3.722,1701.781,18
10,24,1.8281265632888255,3.3265307172428367,-4.02414871356863,35.44516689994001,3.996,1.444,1712.328,18
10,24,1.8281265632888255,3.726262329842924,-0.000956780936701,35.51550565348043,0.0006,3.721,1722.859,18
10,24,1.8281265632888255,3.323237646639312,-4.026071361906134,35.52400016489536,3.996,1.44,1733.5,18
10,24,1.8281265632888255,3.7231964187934654,0.0004214362307956,35.57460793688865,0.0006,3.717,1744.063,18
10,24,1.8281265632888255,3.3202738558949485,-4.024728427591038,35.58503850885807,3.996,1.438,1754.672,18
10,24,1.8281265632888255,3.744982604099976,0.002252781891502,35.21840423227751,0.0006,3.738,1595.953,18
10,24,1.8281265632888255,3.3416117267500582,-4.023371658022164,35.20494147837902,3.996,1.459,1606.5,18
10,24,1.8281265632888255,3.7417860744562046,0.0017496165719833,35.24158961002253,0.0006,3.735,1617.094,18
10,24,1.8281265632888255,3.338451425036853,-4.02381417054389,35.25451860996218,3.996,1.457,1627.703,18
10,24,1.8281265632888255,3.738568560363884,-0.0001921014898981,35.3023161448554,0.0006,3.733,1638.344,18
10,24,1.8281265632888255,3.3353168783784777,-4.025013082059078,35.30128077050052,3.996,1.456,1648.906,18
10,24,1.8281265632888255,3.735482484924197,-0.0005636634151086,35.38051176251485,0.0006,3.729,1659.531,18
10,24,1.8281265632888255,3.332345808356536,-4.0240325134525925,35.36315988544304,3.996,1.451,1670.125,18
10,24,1.8281265632888255,3.67482595265338,-0.0030011747870351,36.60900457352551,0.0006,3.668,2188.953,18
10,24,1.8281265632888255,3.269744716306974,-4.023764801015744,36.630049606807255,3.996,1.398,2199.469,18
10,24,1.8281265632888255,3.673067153037701,0.0012647606191936,36.69460088109594,0.0006,3.666,2210.031,18
10,24,1.8281265632888255,3.267284519997323,-4.02729590074235,36.654596942334045,3.996,1.396,2220.688,18
10,24,1.8281265632888255,3.671214190132853,-0.0023219767939998,36.69435833448594,0.0008,3.665,2231.234,18
10,24,1.8281265632888255,3.265348455024476,-4.02631280570074,36.717689843148456,3.996,1.395,2241.781,18
10,24,1.8281265632888255,3.669810296182488,0.0004641982030879,36.76033512653645,0.0006,3.663,2252.359,18
10,24,1.8281265632888255,3.263575497795093,-4.0245468038196215,36.7708191074397,3.996,1.394,2262.891,18
10,24,1.8281265632888255,3.682149507382905,0.0003680382169706,36.40417381478687,0.0006,3.677,2104.203,18
10,24,1.8281265632888255,3.277768623691488,-4.025744460159252,36.44198480943652,3.996,1.405,2114.922,18
10,24,1.8281265632888255,3.6799483759555,-0.0028811586489359,36.42981363825041,0.0006,3.674,2125.5,18
10,24,1.8281265632888255,3.275815928556717,-4.024183810815789,36.43961867845524,3.996,1.403,2136.031,18
10,24,1.8281265632888255,3.678552544134252,0.0011306592729357,36.51653289235581,0.0006,3.671,2146.656,18
10,24,1.8281265632888255,3.273811373604577,-4.024427055097393,36.54461965820862,3.996,1.403,2157.281,18
10,24,1.8281265632888255,3.6765129321370806,0.0018648492261434,36.57064697107039,0.0006,3.67,2167.797,18
10,24,1.8281265632888255,3.271561370904166,-4.025840753607648,36.58297190255339,3.996,1.401,2178.375,18
10,24,1.8281265632888255,3.69033365431812,-0.0011791057860766,36.2424608036204,0.0006,3.683,2019.547,18
10,24,1.8281265632888255,3.2868464622915186,-4.025023461997619,36.20974199360242,3.996,1.415,2030.172,18
10,24,1.8281265632888255,3.6881124235654017,0.0008116025518245,36.27382690346052,0.0006,3.682,2040.703,18
10,24,1.8281265632888255,3.2842997502090325,-4.024010980682603,36.25836000629649,3.996,1.413,2051.359,18
10,24,1.8281265632888255,3.685864053967579,-0.0023912108205065,36.29386304125927,0.0006,3.68,2061.875,18
10,24,1.8281265632888255,3.2822201597333667,-4.025005254701703,36.29681048201922,3.996,1.409,2072.453,18
10,24,1.8281265632888255,3.683948449795307,-0.0002233259731415,36.380448408863074,0.0006,3.677,2083.031,18
10,24,1.8281265632888255,3.2803066027942074,-4.029715142311533,36.332485265387184,3.996,1.408,2093.594,18
10,24,1.8281265632888255,3.699278222926308,-0.0001705813287886,36.00938326708723,0.0006,3.694,1934.703,18
10,24,1.8281265632888255,3.2962764814282632,-4.022993728466887,36.02517103903271,3.996,1.415,1945.313,18
10,24,1.8281265632888255,3.6967801809697503,-0.0009219506106994,36.06933886193496,0.0006,3.69,1955.875,18
10,24,1.8281265632888255,3.2937017971402587,-4.026249096868029,36.094970741570144,3.996,1.414,1966.5,18
10,24,1.8281265632888255,3.694661578082097,0.0008487617198657,36.13618015666078,0.0006,3.689,1977.141,18
10,24,1.8281265632888255,3.291510894240719,-4.024991129707315,36.14289028667548,3.996,1.413,1987.75,18
10,24,1.8281265632888255,3.692644998103821,-0.0024137666545261,36.17011255731625,0.0006,3.686,1998.297,18
10,24,1.8281265632888255,3.288984045936316,-4.024748262195975,36.18317415350211,3.996,1.416,2008.922,18
10,24,1.8281265632888255,3.6464449334665465,-0.0020314114872682,37.56203294080204,0.0006,3.637,2527.797,18
10,24,1.8281265632888255,3.2340710863585445,-4.025314879377639,37.59916774616187,3.996,1.368,2538.344,18
10,24,1.8281265632888255,3.6442556799305255,-0.0001750873526756,37.63109906865056,0.0006,3.634,2548.875,18
10,24,1.8281265632888255,3.231131151169444,-4.024964816340157,37.5913081063461,3.996,1.366,2559.484,18
10,24,1.8281265632888255,3.6423682487447016,0.003335142914623,37.65312337111438,0.0006,3.633,2570.125,18
10,24,1.8281265632888255,3.228675780465014,-4.027160504344405,37.63580021758474,3.996,1.363,2580.719,18
10,24,1.8281265632888255,3.640285175062325,-0.0009770848849158,37.73448638861147,0.0006,3.629,2591.375,18
10,24,1.8281265632888255,3.2260670673488807,-4.025343139956116,37.749542746382446,3.996,1.362,2601.938,18
10,24,1.8281265632888255,3.6541447386201553,0.0007751243297831,37.27758558847224,0.0006,3.647,2442.938,18
10,24,1.8281265632888255,3.2436976989253377,-4.025830667551216,37.271321117609176,3.996,1.377,2453.516,18
10,24,1.8281265632888255,3.652312907866308,-0.0034031946899173,37.353896905885385,0.0006,3.644,2464.109,18
10,24,1.8281265632888255,3.2413130842755105,-4.025584192949365,37.31259746671087,3.996,1.375,2474.75,18
10,24,1.8281265632888255,3.650430270980872,0.000829198352807,37.35732265470482,0.0006,3.641,2485.359,18
10,24,1.8281265632888255,3.239178661653744,-4.0263178071723615,37.39310899255662,3.996,1.372,2495.953,18
10,24,1.8281265632888255,3.648359690140381,-0.0016687660024212,37.47315758125004,0.0006,3.64,2506.531,18
10,24,1.8281265632888255,3.236106669747107,-4.024979745037489,37.47799407960883,3.996,1.371,2517.188,18
10,24,1.8281265632888255,3.6610258227892376,-0.0021030711318163,37.06902036166223,0.0006,3.654,2358.078,18
10,24,1.8281265632888255,3.253066933611428,-4.023704885534174,37.01637898008829,3.996,1.385,2368.625,18
10,24,1.8281265632888255,3.659684582325486,-0.0012375192632459,37.074129864861,0.0006,3.652,2379.234,18
10,24,1.8281265632888255,3.2504616270048614,-4.0245534610846425,37.09135099111201,3.996,1.381,2389.891,18
10,24,1.8281265632888255,3.6577184678977246,0.0016274250511127,37.09394652873729,0.0006,3.651,2400.469,18
10,24,1.8281265632888255,3.248298260614364,-4.024742402321735,37.14012324948197,3.996,1.381,2411.031,18
10,24,1.8281265632888255,3.655990325655343,0.0004155344498689,37.23582815633216,0.0006,3.648,2421.609,18
10,24,1.8281265632888255,3.2455334755253187,-4.028133860494506,37.238915487490914,3.996,1.377,2432.328,18
10,24,1.8281265632888255,3.667889400186168,-0.0033106739803304,36.87108625675589,0.0006,3.661,2273.453,18
10,24,1.8281265632888255,3.261617855874516,-4.024830787156175,36.82284887186324,3.996,1.392,2284.016,18
10,24,1.8281265632888255,3.666327644735896,-0.0024755336980402,36.882825972660704,0.0006,3.659,2294.578,18
10,24,1.8281265632888255,3.259307653221444,-4.029081436215042,36.87830611500084,3.996,1.389,2305.188,18
10,24,1.8281265632888255,3.6645483363783424,-0.0008799104581843,36.95827069737724,0.0006,3.657,2315.719,18
10,24,1.8281265632888255,3.2569173166414718,-4.027302642488428,36.99809740397541,3.996,1.387,2326.328,18
10,24,1.8281265632888255,3.6626295875449713,-0.0010165895318717,36.91460451431179,0.0006,3.655,2336.938,18
10,24,1.8281265632888255,3.255048435212684,-4.026395922637163,36.96200662971855,3.996,1.387,2347.531,18
10,24,1.8281265632888255,3.600591343657108,-0.0015252252789573,38.65868679881862,0.0006,3.587,2866.125,18
10,24,1.8281265632888255,3.1750070579246774,-4.027523728729611,38.66738039647855,3.996,1.32,2876.688,18
10,24,1.8281265632888255,3.596083322701229,-0.0010453058086347,38.71890749772725,0.0006,3.581,2887.297,18
10,24,1.8281265632888255,3.169347910892583,-4.0236804729605975,38.72678330649245,3.996,1.313,2897.813,18
10,24,1.8281265632888255,3.591531633741924,-0.0004196247307969,38.79700200878376,0.0006,3.576,2908.438,18
10,24,1.8281265632888255,3.163011398914997,-4.022319120704812,38.78352407019605,3.996,1.308,2919.0,18
10,24,1.8281265632888255,3.5860292561919795,-0.0008297632868129,38.90285122301129,0.0006,3.571,2929.578,18
10,24,1.8281265632888255,3.155563075369585,-4.026705596824384,38.877183625849824,3.996,1.303,2940.141,18
10,24,1.8281265632888255,3.616244066568437,-0.0002520647986545,38.39460076515515,0.0006,3.603,2781.609,18
10,24,1.8281265632888255,3.1950862659419537,-4.026689528072458,38.38167369112194,3.996,1.335,2792.156,18
10,24,1.8281265632888255,3.612662500329083,-0.0005192319565349,38.497019136383805,0.0006,3.599,2802.719,18
10,24,1.8281265632888255,3.190386514571148,-4.024208770918014,38.47194547594142,3.996,1.332,2813.313,18
10,24,1.8281265632888255,3.608858697656144,0.000246934720962,38.54141506010528,0.0006,3.594,2823.844,18
10,24,1.8281265632888255,3.18539157424704,-4.026698256612387,38.5382703297895,3.996,1.328,2834.469,18
10,24,1.8281265632888255,3.6048052913243858,-0.002639971210075,38.60089928218729,0.0006,3.591,2845.0,18
10,24,1.8281265632888255,3.180090156596923,-4.02695062279706,38.583701346220565,3.996,1.324,2855.563,18
10,24,1.8281265632888255,3.627918191503347,0.0007446604659645,38.10407672720995,0.0006,3.617,2696.922,18
10,24,1.8281265632888255,3.210313447541572,-4.026581863552296,38.06948768753259,3.996,1.347,2707.5,18
10,24,1.8281265632888255,3.62508611111051,0.0001345050869236,38.18952575584861,0.0006,3.613,2718.094,18
10,24,1.8281265632888255,3.206943955251683,-4.0280813716818855,38.16810089969072,3.996,1.345,2728.656,18
10,24,1.8281265632888255,3.622561142143929,0.0006405700805556,38.23312566108897,0.0006,3.609,2739.297,18
10,24,1.8281265632888255,3.2028535287825823,-4.025880373710584,38.244695744347545,3.996,1.343,2749.938,18
10,24,1.8281265632888255,3.619231861896906,6.364339745893157e-05,38.31792699132359,0.0006,3.607,2760.531,18
10,24,1.8281265632888255,3.199582667104996,-4.025362941305189,38.3223279519969,3.996,1.339,2771.047,18
10,24,1.8281265632888255,3.637894448991737,-0.0013670136056034,37.743735603074725,0.0006,3.628,2612.484,18
10,24,1.8281265632888255,3.2228619982868048,-4.025078078960797,37.78962259781953,3.996,1.359,2623.047,18
10,24,1.8281265632888255,3.635408842383765,0.0008538534114114,37.8779050441204,0.0006,3.625,2633.625,18
10,24,1.8281265632888255,3.219959692990999,-4.02552940201091,37.862200758528175,3.996,1.357,2644.172,18
10,24,1.8281265632888255,3.6328004318117104,-0.0004360646390275,37.91973172090086,0.0006,3.622,2654.672,18
10,24,1.8281265632888255,3.216858509193036,-4.025768899592427,37.93748078941247,3.996,1.354,2665.203,18
10,24,1.8281265632888255,3.630727394381835,-0.0006115417721136,37.999737429437744,0.0006,3.62,2675.781,18
10,24,1.8281265632888255,3.2138301109276823,-4.028457064205686,38.03955463830809,3.996,1.352,2686.344,18
10,24,1.8281265632888255,3.38254989907473,-0.0025865871976022,40.1581731716274,0.0006,3.355,3204.922,18
10,24,1.8281265632888255,2.884210083413809,-4.02613858800031,40.1544517041144,3.996,1.074,3215.453,18
10,24,1.8281265632888255,3.342113780092303,0.0018293378186853,40.29360809103933,0.0006,3.313,3226.031,18
10,24,1.8281265632888255,2.829337925419963,-4.025257175353521,40.3034868251402,3.996,1.023,3236.672,18
10,24,1.8281265632888255,3.2921051591759167,0.0012367427626022,40.42540609734813,0.0006,3.259,3247.219,18
10,24,1.8281265632888255,2.7621460087275898,-4.02544246094004,40.40853138071517,3.996,0.969,3257.828,18
10,24,1.8281265632888255,3.2313538580962677,-0.0002663460261481,40.55678486117449,0.0006,3.197,3268.453,18
10,24,1.8281265632888255,2.6728266694173644,-4.025722765878901,40.558461623776495,3.996,0.903,3279.047,18
10,24,1.8281265632888255,3.491445584156425,-0.0007247083584258,39.66216125642176,0.0006,3.468,3120.281,18
10,24,1.8281265632888255,3.027139017099944,-4.026010711249326,39.66719505993586,3.996,1.196,3130.875,18
10,24,1.8281265632888255,3.470798198432053,-0.0009430436262255,39.783639429760925,0.0006,3.447,3141.406,18
10,24,1.8281265632888255,2.9986240146512646,-4.025827842834624,39.78244591127206,3.996,1.169,3152.047,18
10,24,1.8281265632888255,3.4456497636126944,0.0011826606080293,39.92153587518224,0.0006,3.42,3162.594,18
10,24,1.8281265632888255,2.9666827605306474,-4.025425998042179,39.93217191958733,3.996,1.142,3173.188,18
10,24,1.8281265632888255,3.4164367790998504,1.050340938978989e-05,40.03253290288188,0.0006,3.391,3183.797,18
10,24,1.8281265632888255,2.928620657266294,-4.024772147135232,40.02342932933345,3.996,1.111,3194.359,18
10,24,1.8281265632888255,3.5482947832195544,-0.0008060587371962,39.292634998124406,0.0006,3.531,3035.359,18
10,24,1.8281265632888255,3.10324891826487,-4.024251045930686,39.28364031760548,3.996,1.257,3046.047,18
10,24,1.8281265632888255,3.536760279624081,-0.0002908092252987,39.39925371874725,0.0006,3.517,3056.625,18
10,24,1.8281265632888255,3.088225841981875,-4.026422401356307,39.36539793370471,3.996,1.246,3067.219,18
10,24,1.8281265632888255,3.5238929471561984,-0.0014699740959054,39.478383377143096,0.0006,3.505,3077.828,18
10,24,1.8281265632888255,3.070757223302384,-4.023685298803316,39.46989544124243,3.996,1.23,3088.438,18
10,24,1.8281265632888255,3.509093475601574,-0.0016184640135685,39.57888551448583,0.0006,3.488,3099.031,18
10,24,1.8281265632888255,3.0507159276497693,-4.026281532669188,39.543494772476464,3.996,1.214,3109.625,18
10,24,1.8281265632888255,3.579908003565756,-0.0016103075776986,38.96418771136391,0.0006,3.565,2950.703,18
10,24,1.8281265632888255,3.1471322829308623,-4.026057223104491,38.95424727685603,3.996,1.297,2961.359,18
10,24,1.8281265632888255,3.573063965300362,-0.0001310784085646,39.04982391521894,0.0006,3.556,2971.875,18
10,24,1.8281265632888255,3.1381459322239382,-4.024470210531428,39.02137925440848,3.996,1.286,2982.453,18
10,24,1.8281265632888255,3.5658308534094414,-0.0009156863045661,39.14458422533155,0.0006,3.548,2993.031,18
10,24,1.8281265632888255,3.1280386043406887,-4.0239783412750105,39.10455704436178,3.996,1.279,3003.578,18
10,24,1.8281265632888255,3.557387265253736,-0.001116660379649,39.22524697611749,0.0006,3.539,3014.188,18
10,24,1.8281265632888255,3.1170873890376614,-4.022574282762296,39.20476861149744,3.996,1.27,3024.734,18
10,24,1.8281265632888255,3.180937630976494,-0.0030237094479441,38.401598871577846,0.0006,0.0,3551.984,18
10,24,1.8281265632888255,3.1866786497284263,0.0017039428389376,38.24216629693357,0.0006,0.0,3562.922,18
10,24,1.8281265632888255,3.1926389978964997,-0.0010354099321572,38.07257969585584,0.0006,0.0,3573.953,18
10,24,1.8281265632888255,3.197895026041886,0.0008877069604244,37.89711372041924,0.0006,0.0,3584.922,18
10,24,1.8281265632888255,3.202916391834793,-0.0005885396994157,37.783907836105286,0.0006,-0.0,3595.938,18
10,24,1.8281265632888255,3.207520679927548,-0.0031217388399006,37.62295033403184,0.0006,-0.0,3606.875,18
10,24,1.8281265632888255,3.2120274405907208,-0.0002574725345174,37.46973348468163,0.0006,0.0,3617.891,18
10,24,1.8281265632888255,3.2161759181176444,-0.0018702193637912,37.3247021353194,0.0006,0.0,3628.938,18
10,24,1.8281265632888255,3.1069683804727264,-0.0023023247481217,39.762574003805874,0.0006,0.0,3464.25,18
10,24,1.8281265632888255,3.1197025823701217,0.0035539541965232,39.55678584194428,0.0006,-0.0,3475.219,18
10,24,1.8281265632888255,3.1310681371286693,-0.0010583772208019,39.39159192413211,0.0006,0.0,3486.203,18
10,24,1.8281265632888255,3.141325498101334,0.0005821039832207,39.23525057242679,0.0006,0.0,3497.203,18
10,24,1.8281265632888255,3.1505505875827717,0.0050681500608709,39.064435719123615,0.0006,0.0,3508.156,18
10,24,1.8281265632888255,3.159198949306349,-0.0035725872429142,38.893623537014406,0.0006,0.0,3519.156,18
10,24,1.8281265632888255,3.167019394558509,-0.0032809400815287,38.733585201982976,0.0006,0.0,3530.078,18
10,24,1.8281265632888255,3.1742083562048014,0.0022145178338762,38.56375690817809,0.0006,0.0,3541.047,18
10,24,1.8281265632888255,2.9236187640116507,3.795562826067078e-05,41.34096045549785,0.0006,0.0,3376.141,18
10,24,1.8281265632888255,2.962665126133249,9.738396757791824e-05,41.13806410141388,0.0006,0.0,3387.188,18
10,24,1.8281265632888255,2.993132276978791,-0.0017881289610469,40.934861739457546,0.0006,0.0,3398.219,18
10,24,1.8281265632888255,3.018659101089991,0.000547872971383,40.719156229663895,0.0006,0.0,3409.297,18
10,24,1.8281265632888255,3.0406055146799376,-0.0014207142476447,40.51438677901044,0.0006,-0.0,3420.297,18
10,24,1.8281265632888255,3.0601012663350047,-0.0054951872047967,40.28937310831602,0.0006,0.0,3431.266,18
10,24,1.8281265632888255,3.077275074272655,-0.0006523948687629,40.09163783951614,0.0006,0.0,3442.266,18
10,24,1.8281265632888255,3.092894894623972,-0.0010199145090334,39.91856967675811,0.0008,0.0,3453.313,18
10,24,1.8281265632888255,3.152854094820968,-0.0032346169212265,40.743074719101855,0.0006,3.112,3289.75,18
10,24,1.8281265632888255,2.5331660963481446,-4.024907475806674,40.73947519145538,3.996,0.805,3300.469,18
10,24,1.8281265632888255,3.0442471815040446,-0.0028474185487112,40.94889996857714,0.0006,2.987,3311.156,18
10,24,1.8281265632888255,2.2650219584538114,-4.022977064540581,41.009619212656695,3.996,0.661,3321.891,18
10,24,1.8281265632888255,2.9006985599034936,-0.0007884324182302,41.19904450033822,0.0006,2.783,3332.625,18
10,24,1.8281265632888255,1.8524105657072527,-3.775138190347068,41.29190815229518,3.996,0.404,3343.453,18
10,24,1.8281265632888255,2.7582727784953627,0.0001632206931821,41.56081694228564,0.0006,0.0,3354.281,18
10,24,1.8281265632888255,2.8675253754356342,-0.0017800740874465,41.51042228301856,0.0006,-0.0,3365.141,18
10,24,1.8281265632888255,3.277761940682672,-0.0013430491867598,34.3309048668831,0.0006,0.0,3904.438,18
10,24,1.8281265632888255,3.279179207367743,0.0008586478130277,34.236809769515794,0.0006,-0.0,3915.453,18
10,24,1.8281265632888255,3.280657982718356,-0.0008271623410526,34.152287941165135,0.0006,0.0,3926.422,18
10,24,1.8281265632888255,3.281987564790816,0.0003733590720398,34.08459910765163,0.0006,0.0,3937.359,18
10,24,1.8281265632888255,3.283333058775095,-0.0014419397573292,33.98505083720798,0.0006,0.0,3948.359,18
10,24,1.8281265632888255,3.2845457654793755,-0.0021695226972549,33.88474153214435,0.0006,-0.0,3959.391,18
10,24,1.8281265632888255,3.2859372526626154,-0.000818336311511,33.79492589982597,0.0006,-0.0,3970.406,18
10,24,1.8281265632888255,3.2871482688492524,-0.0014556957027041,33.69648530722664,0.0006,-0.0,3981.453,18
10,24,1.8281265632888255,3.2640606033430357,0.0001169504627509,35.17452083630388,0.0006,0.0,3816.266,18
10,24,1.8281265632888255,3.2658979450170325,-0.0017966105019398,35.06712465621623,0.0006,0.0,3827.281,18
10,24,1.8281265632888255,3.267939465858386,-0.0018542753216302,34.94934047383449,0.0006,0.0,3838.313,18
10,24,1.8281265632888255,3.269790511064836,-0.0019040598001881,34.854919956692626,0.0006,0.0,3849.328,18
10,24,1.8281265632888255,3.271467433499444,-0.001851640878288,34.73702690926694,0.0006,0.0,3860.344,18
10,24,1.8281265632888255,3.2730147313562923,-0.0004879753246018,34.631618607945896,0.0004,0.0,3871.406,18
10,24,1.8281265632888255,3.274748995402189,-0.001132603588156,34.528322707498695,0.0006,0.0,3882.453,18
10,24,1.8281265632888255,3.2762506927836577,-0.0008819309012438,34.439111244352645,0.0006,0.0,3893.438,18
10,24,1.8281265632888255,3.2455991674803077,3.624679375402364e-05,36.12717410103395,0.0006,0.0,3728.297,18
10,24,1.8281265632888255,3.2483632017293846,-0.0001133984425877,36.02009458233175,0.0006,0.0,3739.328,18
10,24,1.8281265632888255,3.250931891369803,0.0009989861819511,35.8626833688245,0.0006,0.0,3750.344,18
10,24,1.8281265632888255,3.2532643930680085,-0.0020157474469079,35.7290430067956,0.0006,0.0,3761.375,18
10,24,1.8281265632888255,3.2556453426619805,0.0011488967677902,35.621432796666255,0.0006,0.0,3772.344,18
10,24,1.8281265632888255,3.2578202891080346,-0.0021215810877709,35.513392344334164,0.0006,0.0,3783.281,18
10,24,1.8281265632888255,3.2599834612572733,-0.0012511147279972,35.42458344955954,0.0006,0.0,3794.281,18
10,24,1.8281265632888255,3.261940784784931,-0.0028882070278974,35.29728959544087,0.0006,0.0,3805.297,18
10,24,1.8281265632888255,3.2201363181137856,-0.0027986027231796,37.17663692546645,0.0006,-0.0,3639.938,18
10,24,1.8281265632888255,3.223839741759455,-0.0010068564452351,37.02687161407889,0.0006,0.0,3650.969,18
10,24,1.8281265632888255,3.227615979623195,0.0017633230073883,36.89375809216173,0.0006,0.0,3662.031,18
10,24,1.8281265632888255,3.23089771740802,-0.0003357142368292,36.76030448292359,0.0006,0.0,3673.031,18
10,24,1.8281265632888255,3.2340452170893674,-0.0001507884105688,36.63740365658027,0.0006,0.0,3684.031,18
10,24,1.8281265632888255,3.237205043160427,-0.0013538206271805,36.505004685077495,0.0006,0.0,3695.031,18
10,24,1.8281265632888255,3.2403205925089718,9.463303932290072e-07,36.38218802468163,0.0006,0.0,3706.109,18
10,24,1.8281265632888255,3.2430634866802355,-0.0020240988293118,36.25533158635361,0.0006,0.0,3717.281,18
10,24,1.8281265632888255,3.308912188403565,-0.0002534918093379,31.891943989838715,0.0006,0.0,4256.422,18
10,24,1.8281265632888255,3.309611766845418,-0.0013249858924839,31.831673603597277,0.0006,0.0,4267.438,18
10,24,1.8281265632888255,3.310208531253435,-0.0003548396603161,31.755818642605952,0.0006,0.0,4278.469,18
10,24,1.8281265632888255,3.310810938931329,0.0003226230359732,31.714614213023896,0.0006,0.0,4289.453,18
10,24,1.8281265632888255,3.3115612484434824,5.5206970036662926e-05,31.65348007735828,0.0006,0.0,4300.438,18
10,24,1.8281265632888255,3.3118798763407065,-0.0014564157600636,31.59645430786045,0.0006,0.0,4311.406,18
10,24,1.8281265632888255,3.3124744526117613,-4.262333533724481e-05,31.55542185856017,0.0006,0.0,4322.406,18
10,24,1.8281265632888255,3.312923895954646,-0.0006245209967869,31.49070059753824,0.0006,0.0,4333.375,18
10,24,1.8281265632888255,3.303536543147415,8.386280509067526e-06,32.41755528022407,0.0006,0.0,4168.5,18
10,24,1.8281265632888255,3.304223622069228,-0.0012121160039929,32.34929232302163,0.0006,0.0,4179.453,18
10,24,1.8281265632888255,3.3050572961031337,-0.0008117469273174,32.27880016433755,0.0006,-0.0,4190.406,18
10,24,1.8281265632888255,3.305742929057909,-0.0006120500453151,32.22233414792536,0.0006,0.0,4201.344,18
10,24,1.8281265632888255,3.3063763338283088,0.0013969050259815,32.15465749976072,0.0006,0.0,4212.328,18
10,24,1.8281265632888255,3.30702599660454,-0.0012165431459183,32.083383700245854,0.0006,-0.0,4223.328,18
10,24,1.8281265632888255,3.307708583156977,-0.0014847380469778,32.013060160999174,0.0006,0.0,4234.344,18
10,24,1.8281265632888255,3.308293650382455,-0.0003172365985972,31.94863070450052,0.0006,0.0,4245.375,18
10,24,1.8281265632888255,3.2967319511446167,-0.000411085827051,32.97615171911836,0.0006,0.0,4080.375,18
10,24,1.8281265632888255,3.2975910784838702,-0.0013029457685866,32.908291581673474,0.0006,0.0,4091.422,18
10,24,1.8281265632888255,3.298671189726461,0.0005945888862245,32.81948789572614,0.0006,0.0,4102.469,18
10,24,1.8281265632888255,3.2993892792729613,-0.0035130969155588,32.745279844400955,0.0006,0.0,4113.484,18
10,24,1.8281265632888255,3.300084456912568,-0.0014519832075648,32.6939669992484,0.0006,0.0,4124.516,18
10,24,1.8281265632888255,3.301171893142176,-0.002108518708134,32.61409889678164,0.0006,-0.0,4135.5,18
10,24,1.8281265632888255,3.301962709079443,-0.000560953316958,32.55700131581339,0.0006,0.0,4146.563,18
10,24,1.8281265632888255,3.3027409453609016,-0.0005535234519794,32.46979860677342,0.0006,0.0,4157.5,18
10,24,1.8281265632888255,3.288263908123101,-0.0018404673375747,33.605102997675914,0.0006,-0.0,3992.422,18
10,24,1.8281265632888255,3.28944828090233,-0.0012843743926333,33.523948542387544,0.0006,-0.0,4003.406,18
10,24,1.8281265632888255,3.2906841096753103,-0.0022120383457887,33.43277847224255,0.0006,0.0,4014.359,18
10,24,1.8281265632888255,3.291664047870376,7.63977520538607e-05,33.344648165537635,0.0006,0.0,4025.328,18
10,24,1.8281265632888255,3.292627121771836,-0.0019208648959956,33.268139651453986,0.0006,0.0,4036.313,18
10,24,1.8281265632888255,3.293702564047861,-0.0010141846081744,33.197595626942594,0.0006,0.0,4047.375,18
10,24,1.8281265632888255,3.2948814257387844,-0.001235671817317,33.11387390638966,0.0006,0.0,4058.422,18
10,24,1.8281265632888255,3.2958551776579728,-0.0009772060258203,33.04963805327933,0.0006,-0.0,4069.391,18
10,24,1.8281265632888255,3.32343387637094,-0.0018878189190333,30.372550769663174,0.0006,0.0,4608.75,18
10,24,1.8281265632888255,3.3238874976426214,0.0092311991273628,30.32878186617488,0.0006,0.0,4619.766,18
10,24,1.8281265632888255,3.32394379770375,0.0002876552454707,30.29297082935336,0.0006,-0.0,4630.828,18
10,24,1.8281265632888255,3.3243340310203413,-0.0024269252342385,30.25680512279634,0.0006,-0.0,4641.828,18
10,24,1.8281265632888255,3.3246858457676165,0.0020732401608655,30.215984437841332,0.0006,0.0,4652.844,18
10,24,1.8281265632888255,3.324877266863673,-0.0016371857552698,30.185851135855053,0.0006,0.0,4663.813,18
10,24,1.8281265632888255,3.3250555249542755,0.0004137904009565,30.153715324844093,0.0004,0.0,4674.781,18
10,24,1.8281265632888255,3.3253477761394072,0.0021437546797555,30.116972812961247,0.0006,-0.0,4685.75,18
10,24,1.8281265632888255,3.32057341605684,-0.0001424881957059,30.67500931665991,0.0006,0.0,4520.563,18
10,24,1.8281265632888255,3.320783707965393,-0.0006002061391274,30.640736288172462,0.0006,0.0,4531.594,18
10,24,1.8281265632888255,3.3213014136200694,0.0002038288527563,30.59731109007072,0.0006,0.0,4542.594,18
10,24,1.8281265632888255,3.32160771829959,0.0007932145136601,30.55052650015389,0.0006,0.0,4553.578,18
10,24,1.8281265632888255,3.3219067717556463,-0.0011053689321598,30.522807858089205,0.0006,0.0,4564.625,18
10,24,1.8281265632888255,3.3222877847891747,-0.0009401421354784,30.489815918126496,0.0006,0.0,4575.656,18
10,24,1.8281265632888255,3.32267895133458,-0.0026584009553145,30.45679953747197,0.0006,0.0,4586.688,18
10,24,1.8281265632888255,3.3229602051976936,-3.447352485202188e-06,30.41263960004614,0.0006,-0.0,4597.703,18
10,24,1.8281265632888255,3.317417278209162,0.0002867896886044,31.04195830390151,0.0006,0.0,4432.547,18
10,24,1.8281265632888255,3.317781039683233,-0.0013449069886469,30.995345778279574,0.0006,-0.0,4443.594,18
10,24,1.8281265632888255,3.3182286099438656,-0.0011861811524905,30.93672565710199,0.0006,0.0,4454.609,18
10,24,1.8281265632888255,3.3185181724799184,0.0006340196888578,30.90031366606688,0.0006,0.0,4465.563,18
10,24,1.8281265632888255,3.318885942196268,-0.0024037742593826,30.849311575333505,0.0004,0.0,4476.531,18
10,24,1.8281265632888255,3.3193023247059505,-0.0032254633818438,30.80474748102216,0.0006,-0.0,4487.547,18
10,24,1.8281265632888255,3.3197756719316347,-0.0013792210573668,30.74794919524922,0.0006,0.0,4498.547,18
10,24,1.8281265632888255,3.3199913537836068,-6.662058352622007e-05,30.71541425047615,0.0006,0.0,4509.516,18
10,24,1.8281265632888255,3.3135407917455164,-0.0014456905893965,31.448115726827588,0.0006,-0.0,4344.359,18
10,24,1.8281265632888255,3.3139757961104825,-0.0003717235669614,31.399278809157536,0.0006,0.0,4355.469,18
10,24,1.8281265632888255,3.3144260649238646,-0.000273318125772,31.355277389863968,0.0006,0.0,4366.469,18
10,24,1.8281265632888255,3.314929356179219,-0.0010665549083133,31.306112651805996,0.0006,0.0,4377.5,18
10,24,1.8281265632888255,3.315426123624181,-7.39898838755604e-05,31.24581253148101,0.0006,0.0,4388.516,18
10,24,1.8281265632888255,3.3158776683149744,0.0001205749773331,31.185438508779832,0.0006,0.0,4399.516,18
10,24,1.8281265632888255,3.31630167894663,-0.0009120301631692,31.15026290887221,0.0006,0.0,4410.531,18
10,24,1.8281265632888255,3.316817967723248,-0.0015668642388744,31.09698875255813,0.0006,0.0,4421.563,18
10,24,1.8281265632888255,3.3315471330462185,-0.002269393365809,29.412044247457374,0.0006,0.0,4961.063,18
10,24,1.8281265632888255,3.331616495499262,-0.0007024946503535,29.38264364804494,0.0006,-0.0,4972.078,18
10,24,1.8281265632888255,3.3316256316659896,0.000346174072926,29.353733648556013,0.0006,0.0,4983.125,18
10,24,1.8281265632888255,3.332029657272688,-0.0017411829363652,29.340296458751837,0.0006,0.0,4994.125,18
10,24,1.8281265632888255,3.3322933436673483,-0.0022969585366096,29.322012798805524,0.0006,0.0,5005.125,18
10,24,1.8281265632888255,3.3321752301705,-0.0012932426014461,29.281804050144583,0.0004,0.0,5016.125,18
10,24,1.8281265632888255,3.332540785885179,-0.0005900465439239,29.247528543776824,0.0006,-0.0,5027.094,18
10,24,1.8281265632888255,3.33268388684342,-0.0012101438761987,29.258177742099512,0.0006,0.0,5038.016,18
10,24,1.8281265632888255,3.329599896341758,-0.0021311516030794,29.602938910167996,0.0006,0.0,4873.094,18
10,24,1.8281265632888255,3.3298347141199183,-0.0017200396472907,29.580482138103356,0.0006,0.0,4884.141,18
10,24,1.8281265632888255,3.330199636119815,6.644117548331859e-05,29.575512259532537,0.0006,0.0,4895.172,18
10,24,1.8281265632888255,3.330344569580197,-0.0026895229947456,29.54347413833084,0.0006,0.0,4906.156,18
10,24,1.8281265632888255,3.330528166445371,-0.0005019868602527,29.51736987160433,0.0006,0.0,4917.141,18
10,24,1.8281265632888255,3.3307768167272176,-0.0004837062791667,29.49731851780068,0.0006,0.0,4928.094,18
10,24,1.8281265632888255,3.331116024035554,0.0005754474539825,29.47092779976016,0.0006,-0.0,4939.078,18
10,24,1.8281265632888255,3.331177069973738,-0.0024097274521874,29.44881774510157,0.0006,0.0,4950.078,18
10,24,1.8281265632888255,3.327779404945674,-0.0017375160795804,29.851130572818334,0.0006,-0.0,4784.891,18
10,24,1.8281265632888255,3.3280344820230043,-0.001329936702573,29.81343924867439,0.0006,0.0,4795.938,18
10,24,1.8281265632888255,3.328362934144907,-0.0012463455144379,29.780422356815254,0.0006,0.0,4806.938,18
10,24,1.8281265632888255,3.328174034095181,-0.0001987143896305,29.75622515085381,0.0006,0.0,4817.938,18
10,24,1.8281265632888255,3.3288679643629,0.0022283318444799,29.7342288134839,0.0006,0.0,4828.984,18
10,24,1.8281265632888255,3.3289805893728657,-0.0011131958355204,29.69012919304926,0.0006,0.0,4840.0,18
10,24,1.8281265632888255,3.3292507818504444,0.0002135129356493,29.653610373181905,0.0006,0.0,4851.031,18
10,24,1.8281265632888255,3.329323593598155,0.0022250123850136,29.60697214171269,0.0006,-0.0,4862.016,18
10,24,1.8281265632888255,3.325602450236818,-0.0011950111731441,30.078793817706497,0.0006,0.0,4696.734,18
10,24,1.8281265632888255,3.32577870217537,-0.0015750167706741,30.066021576381367,0.0006,0.0,4707.75,18
10,24,1.8281265632888255,3.326178108709713,-1.828215687931913e-05,30.02464743537904,0.0006,0.0,4718.781,18
10,24,1.8281265632888255,3.326463822211194,0.0005115487198749,29.99989592740128,0.0006,0.0,4729.859,18
10,24,1.8281265632888255,3.3269366920177403,0.0003874468536063,29.961871334630366,0.0006,0.0,4740.828,18
10,24,1.8281265632888255,3.3268824013849683,-0.0030194464524645,29.91955961903828,0.0006,0.0,4751.813,18
10,24,1.8281265632888255,3.327186978563908,-0.0008185537137963,29.89959416109661,0.0004,-0.0,4762.844,18
10,24,1.8281265632888255,3.327581907562602,-0.0032706247772681,29.87772135418011,0.0004,0.0,4773.875,18
10,24,1.8281265632888255,3.3372986216257168,-5.058517638855952e-05,28.767750478340137,0.0006,0.0,5313.375,18
10,24,1.8281265632888255,3.337397878805627,-0.0020778911679825,28.743814759720895,0.0006,-0.0,5324.406,18
10,24,1.8281265632888255,3.3373301512902835,-0.0008270472701471,28.727510973905385,0.0006,-0.0,5335.438,18
10,24,1.8281265632888255,3.337399035448075,-0.0005815195269832,28.71560487152959,0.0006,0.0,5346.453,18
10,24,1.8281265632888255,3.337816434327781,-0.0032534886145148,28.69733775520864,0.0006,0.0,5357.438,18
10,24,1.8281265632888255,3.3378627804210304,-0.001110376010434,28.68660852249325,0.0006,0.0,5368.453,18
10,24,1.8281265632888255,3.3380661609140003,-0.0013264442303705,28.67785063595962,0.0006,0.0,5379.531,18
10,24,1.8281265632888255,3.3381584643718005,0.0001365940763717,28.65596592562152,0.0006,-0.0,5390.5,18
10,24,1.8281265632888255,3.3359940370958485,-0.0031324092340141,28.91345102408775,0.0006,0.0,5225.219,18
10,24,1.8281265632888255,3.335928370260552,-0.0016528843019684,28.884228139456155,0.0006,-0.0,5236.25,18
10,24,1.8281265632888255,3.3362988859792617,-0.0008064276644718,28.856405296779453,0.0006,0.0,5247.25,18
10,24,1.8281265632888255,3.3361857989882027,-0.0014420024540821,28.848511038494657,0.0006,-0.0,5258.281,18
10,24,1.8281265632888255,3.336427487903192,-0.0017833379625907,28.83394212621706,0.0006,0.0,5269.281,18
10,24,1.8281265632888255,3.3365421726324587,-0.0020160704038366,28.81701566947829,0.0006,0.0,5280.281,18
10,24,1.8281265632888255,3.3368891396961757,-0.0015906035873393,28.806183438830185,0.0006,0.0,5291.328,18
10,24,1.8281265632888255,3.336923268337106,-0.0008025008185584,28.78191488503576,0.0006,0.0,5302.359,18
10,24,1.8281265632888255,3.3343804029386197,-0.0026698822182546,29.074354754265563,0.0006,-0.0,5137.203,18
10,24,1.8281265632888255,3.3346851203911494,-0.0027160536937674,29.046033003001074,0.0006,0.0,5148.25,18
10,24,1.8281265632888255,3.3348026075627004,0.0015170958275172,29.030912365088792,0.0006,0.0,5159.281,18
10,24,1.8281265632888255,3.334929635980438,0.0006596210461845,29.01585928203912,0.0006,0.0,5170.266,18
10,24,1.8281265632888255,3.3351958729407967,-0.0005937733110851,28.98314468587445,0.0006,0.0,5181.234,18
10,24,1.8281265632888255,3.335347131049057,-0.000909746874649,28.95798505699581,0.0006,0.0,5192.188,18
10,24,1.8281265632888255,3.3354779927605853,0.0012278740785502,28.941666066128352,0.0004,0.0,5203.125,18
10,24,1.8281265632888255,3.3355475187970534,-0.0001810113978382,28.942088317694783,0.0006,-0.0,5214.188,18
10,24,1.8281265632888255,3.332840464777909,-0.0018009053421329,29.23773401983353,0.0004,0.0,5049.047,18
10,24,1.8281265632888255,3.333199743133407,-0.0007733619693178,29.214687693331488,0.0006,0.0,5060.094,18
10,24,1.8281265632888255,3.333434879320012,0.0004251193799081,29.183186369510317,0.0006,0.0,5071.094,18
10,24,1.8281265632888255,3.333568074688687,-0.0019622189107882,29.149303367993312,0.0006,0.0,5082.063,18
10,24,1.8281265632888255,3.3337475796378606,0.0001480500600434,29.14612261951368,0.0004,0.0,5093.109,18
10,24,1.8281265632888255,3.3339048310291566,-0.0009600216705454,29.133036310654493,0.0006,0.0,5104.125,18
10,24,1.8281265632888255,3.334033928520768,0.0022891564161073,29.11072018044166,0.0006,0.0,5115.156,18
10,24,1.8281265632888255,3.334406999766085,0.0005813805056033,29.09231311470221,0.0006,0.0,5126.188,18
10,24,1.8281265632888255,3.3417407355055317,-9.45108610184875e-05,28.317121038348414,0.0006,0.0,5665.703,18
10,24,1.8281265632888255,3.341858803128674,-0.0037167718521199,28.300617425923114,0.0004,-0.0,5676.734,18
10,24,1.8281265632888255,3.3419386561821343,-0.0011587399336737,28.293872388113098,0.0004,-0.0,5687.781,18
10,24,1.8281265632888255,3.34200826577196,-0.000886032773276,28.28132273499248,0.0006,0.0,5698.781,18
10,24,1.8281265632888255,3.342168220608222,0.0010849622150061,28.27608840539469,0.0006,0.0,5709.797,18
10,24,1.8281265632888255,3.34228542730308,-0.0003130343085339,28.262060094061084,0.0006,0.0,5720.766,18
10,24,1.8281265632888255,3.3424927303080114,9.147952766411742e-05,28.242625811834326,0.0006,0.0,5731.844,18
10,24,1.8281265632888255,3.342474953882705,0.0018487034662855,28.234429857263105,0.0006,-0.0,5742.844,18
10,24,1.8281265632888255,3.340601314528385,-8.749484149573277e-05,28.409307386818117,0.0006,-0.0,5577.703,18
10,24,1.8281265632888255,3.340707481907724,-0.0019757899189934,28.393643099383127,0.0006,0.0,5588.656,18
10,24,1.8281265632888255,3.340860453643477,-0.0023025947726583,28.37778969253447,0.0006,0.0,5599.75,18
10,24,1.8281265632888255,3.3411120641555825,-0.0015312264966653,28.36332646750005,0.0004,-0.0,5610.703,18
10,24,1.8281265632888255,3.3412747113029515,-0.0005712096713029,28.36849477068181,0.0006,0.0,5621.672,18
10,24,1.8281265632888255,3.341219364285173,-0.0013343503549127,28.35593510556753,0.0006,-0.0,5632.656,18
10,24,1.8281265632888255,3.34138050390734,-0.0005142668374462,28.337320473411943,0.0006,0.0,5643.625,18
10,24,1.8281265632888255,3.341535089754316,0.0016913682621967,28.332185868057067,0.0006,0.0,5654.688,18
10,24,1.8281265632888255,3.339383935766762,-0.0018720036654551,28.51540462635849,0.0004,0.0,5489.766,18
10,24,1.8281265632888255,3.339497474976816,0.002232501357473,28.492109001809265,0.0006,0.0,5500.734,18
10,24,1.8281265632888255,3.3398615329123498,-0.001297273651698,28.48237905793569,0.0006,0.0,5511.703,18
10,24,1.8281265632888255,3.33995455558236,-0.0010147226829785,28.460352354999365,0.0006,0.0,5522.703,18
10,24,1.8281265632888255,3.339996218152619,-0.0010187026962245,28.4528008638851,0.0006,0.0,5533.688,18
10,24,1.8281265632888255,3.340114179463058,-0.0009625564859909,28.448719150795892,0.0006,0.0,5544.688,18
10,24,1.8281265632888255,3.340414315908608,-0.0031508129478355,28.43665584307313,0.0006,0.0,5555.672,18
10,24,1.8281265632888255,3.340427105997327,-0.0009443590521232,28.414951863143504,0.0006,-0.0,5566.672,18
10,24,1.8281265632888255,3.338355954153479,0.0030824791223898,28.634889926788944,0.0006,0.0,5401.547,18
10,24,1.8281265632888255,3.3383647580438662,5.007820402623185e-05,28.620207774488847,0.0006,0.0,5412.594,18
10,24,1.8281265632888255,3.338664484427165,-0.0018630196964917,28.601122776382848,0.0006,-0.0,5423.594,18
10,24,1.8281265632888255,3.338670877289808,-0.0005033170065589,28.579974047360743,0.0006,0.0,5434.578,18
10,24,1.8281265632888255,3.3388366368273683,-0.000515543564899,28.568656826729896,0.0006,0.0,5445.625,18
10,24,1.8281265632888255,3.339009585988812,0.000954540080138,28.55319681366627,0.0006,0.0,5456.656,18
10,24,1.8281265632888255,3.339259384313931,-0.001569714756239,28.535650702183663,0.0006,0.0,5467.656,18
10,24,1.8281265632888255,3.339477212366724,0.0005387356114825,28.51440033512481,0.0006,0.0,5478.719,18
10,24,1.8281265632888255,3.345526991195794,0.000201354418574,27.996098004721134,0.0004,0.0,6017.828,18
10,24,1.8281265632888255,3.3456890235815075,-0.0020120820838341,27.995133328836992,0.0006,0.0,6028.797,18
10,24,1.8281265632888255,3.345638949842964,0.0015584772685107,27.99318046257516,0.0006,0.0,6039.734,18
10,24,1.8281265632888255,3.345615736735075,0.0012471149906855,27.978402423571207,0.0006,0.0,6050.688,18
10,24,1.8281265632888255,3.3458050985015566,-0.0015695047245631,27.969004840970545,0.0006,0.0,6061.656,18
10,24,1.8281265632888255,3.34605326374942,-0.0037898897416805,27.956506908861112,0.0006,-0.0,6072.641,18
10,24,1.8281265632888255,3.3460870725307634,0.0020113881379233,27.948855531704808,0.0006,0.0,6083.609,18
10,24,1.8281265632888255,3.3459945682379213,-0.0006893151030903,27.93796223593332,0.0006,0.0,6094.656,18
10,24,1.8281265632888255,3.3445783180403885,-0.0018718389669253,28.0697236634208,0.0006,0.0,5929.906,18
10,24,1.8281265632888255,3.344652755360064,-0.00124832538562,28.058512431210225,0.0006,0.0,5940.875,18
10,24,1.8281265632888255,3.3448028405596446,0.0011038813411811,28.05374065227376,0.0006,-0.0,5951.844,18
10,24,1.8281265632888255,3.3446851025714457,-0.0014184236759196,28.0484505490147,0.0006,-0.0,5962.813,18
10,24,1.8281265632888255,3.344979535179139,0.0028475158132241,28.03991281168441,0.0006,0.0,5973.781,18
10,24,1.8281265632888255,3.3450367716116505,-0.0003864562152024,28.02173406109579,0.0006,0.0,5984.813,18
10,24,1.8281265632888255,3.3453517853616903,0.0022458522530875,28.013488017682857,0.0006,0.0,5995.781,18
10,24,1.8281265632888255,3.345319881224271,-0.0007776913339251,28.00601486673062,0.0006,-0.0,6006.766,18
10,24,1.8281265632888255,3.343827205835851,-0.0030623877973366,28.141943622219664,0.0006,0.0,5841.875,18
10,24,1.8281265632888255,3.34382734975038,0.0001766657779625,28.13194762082371,0.0006,0.0,5852.906,18
10,24,1.8281265632888255,3.343962852887528,0.0008394440105032,28.12872130972809,0.0006,0.0,5863.984,18
10,24,1.8281265632888255,3.3438730229757203,-0.0018001907970545,28.12341449234364,0.0006,0.0,5874.969,18
10,24,1.8281265632888255,3.344082306442089,-0.0027381510242843,28.10879584000088,0.0006,0.0,5885.922,18
10,24,1.8281265632888255,3.344229041758358,-0.0014832114838815,28.09760697267756,0.0006,0.0,5896.891,18
10,24,1.8281265632888255,3.344279805737646,-0.0007822467967185,28.08174723056173,0.0006,0.0,5907.906,18
10,24,1.8281265632888255,3.344313054734428,-0.0014480030977226,28.070363134987296,0.0006,0.0,5918.922,18
10,24,1.8281265632888255,3.342761672066056,-0.0013507980645979,28.229921161031,0.0006,0.0,5753.813,18
10,24,1.8281265632888255,3.3428675868937265,-0.0010867320929198,28.2139890268781,0.0006,0.0,5764.813,18
10,24,1.8281265632888255,3.3431407716664614,-0.0047684206017659,28.19837404396346,0.0006,0.0,5775.797,18
10,24,1.8281265632888255,3.343114383024329,-0.0028362163998199,28.19894460276996,0.0006,0.0,5786.781,18
10,24,1.8281265632888255,3.343095414248164,-0.0021849402760517,28.19376990681178,0.0006,0.0,5797.781,18
10,24,1.8281265632888255,3.343289412032983,-0.0032312189774635,28.17762819216448,0.0006,-0.0,5808.813,18
10,24,1.8281265632888255,3.3434814564457875,-0.0030867918929764,28.15906596257694,0.0006,0.0,5819.781,18
10,24,1.8281265632888255,3.3436428019466224,-0.0004515598942898,28.159500166150373,0.0006,0.0,5830.859,18
10,24,1.8281265632888255,3.348792234640314,0.0011430448133331,27.772682359279205,0.0006,0.0,6370.016,18
10,24,1.8281265632888255,3.349009532810066,-0.0002084379522629,27.768915224984504,0.0006,0.0,6381.0,18
10,24,1.8281265632888255,3.3490461222048853,0.0018075364080608,27.768117237357902,0.0006,0.0,6392.047,18
10,24,1.8281265632888255,3.3492101637878724,-0.0009963509921371,27.757428242870187,0.0006,0.0,6403.063,18
10,24,1.8281265632888255,3.3486428031089184,-0.000664034274552,27.788601403801835,0.0004,0.0,6348.0,18
10,24,1.8281265632888255,3.3487602021558107,1.51827580869536e-05,27.774698541756248,0.0006,-0.0,6359.047,18
10,24,1.8281265632888255,3.347166928975867,-0.0016787387538518,27.87616635580256,0.0006,0.0,6193.859,18
10,24,1.8281265632888255,3.3471424737355204,-0.001355063560223,27.87068031515264,0.0006,0.0,6204.875,18
10,24,1.8281265632888255,3.347452471212744,-0.0012213666840509,27.868567810847807,0.0006,0.0,6215.875,18
10,24,1.8281265632888255,3.347681493128952,-0.001580968767298,27.85992853994148,0.0006,0.0,6226.906,18
10,24,1.8281265632888255,3.349269397716417,-0.002275234128744,27.748427681358077,0.0006,0.0,6414.094,18
10,24,1.8281265632888255,3.3492305171170447,-0.0001621294153258,27.745875816202005,0.0006,0.0,6425.141,18
10,24,1.8281265632888255,3.347962087156363,-0.0013187378915141,27.843783143163808,0.0006,0.0,6259.859,18
10,24,1.8281265632888255,3.3480284967528635,0.000476615979197,27.830638683155826,0.0006,0.0,6270.859,18
10,24,1.8281265632888255,3.346374062198477,-0.0026017648341007,27.927695693569174,0.0006,0.0,6105.688,18
10,24,1.8281265632888255,3.3464016806059966,-0.0008848890002067,27.924690947488735,0.0006,-0.0,6116.656,18
10,24,1.8281265632888255,3.3466460481135627,-0.0052310576400018,27.918990468767888,0.0006,0.0,6127.688,18
10,24,1.8281265632888255,3.3466153801881178,-0.0005097590789568,27.9114810585132,0.0006,0.0,6138.703,18
10,24,1.8281265632888255,3.348396095062947,0.0019001408213665,27.791280038377018,0.0006,0.0,6325.891,18
10,24,1.8281265632888255,3.348494245923136,0.0005778040499193,27.78943151611923,0.0006,0.0,6336.922,18
10,24,1.8281265632888255,3.979001590038187,0.0003781464727491,32.208338654159846,0.0006,3.967,517.203,18
10,24,1.8281265632888255,3.557063091706118,-4.025399763044498,32.2588555263874,3.996,1.657,527.766,18
10,24,1.8281265632888255,4.168751976064223,-0.000138105743763,27.024997105147595,0.0006,4.171,30.656,18
10,24,1.8281265632888255,3.729907395649449,-4.025819024116999,27.15044968026204,3.996,1.793,41.234,18
10,24,1.8281265632888255,4.149593112131924,-0.0022280316009207,27.343239226543467,0.0006,4.149,51.859,18
10,24,1.8281265632888255,3.710205749016416,-4.025038434057061,27.477335027456785,3.996,1.782,62.484,18
10,24,1.8281265632888255,4.111277852395388,-0.0013820094436363,28.241878986600923,0.0006,4.106,115.266,18
10,24,1.8281265632888255,3.670452656800873,-4.025832303907442,28.322016272272872,3.996,1.751,125.906,18
10,24,1.8281265632888255,3.346881018525886,-0.0004603455342641,27.90044003645032,0.0006,0.0,6149.734,18
10,24,1.8281265632888255,3.3469217083118448,-0.0033244706449842,27.895806196293616,0.0006,-0.0,6160.75,18
10,24,1.8281265632888255,3.3470168329945507,-0.001220022290498,27.89129851628061,0.0006,0.0,6171.797,18
10,24,1.8281265632888255,3.347076361093158,-0.0003920883021828,27.88121494946843,0.0006,-0.0,6182.891,18
10,24,1.8281265632888255,3.3478277522503053,0.0010077608826043,27.856918920861016,0.0004,0.0,6237.906,18
10,24,1.8281265632888255,3.3478059163293588,-0.000867803506373,27.84770382792409,0.0006,0.0,6248.875,18
10,24,1.8281265632888255,3.98567073304761,-0.0027301584101295,32.009000155243086,0.0006,3.974,496.047,18
10,24,1.8281265632888255,3.56262526962112,-4.021409225997583,32.069620426838206,3.996,1.661,506.625,18
10,24,1.8281265632888255,3.8116471416703854,0.0027820886512588,34.23775578606244,0.0006,3.805,1215.188,18
10,24,1.8281265632888255,3.4050865348357964,-4.024593331665879,34.20656894182768,3.996,1.529,1225.75,18
10,24,1.8281265632888255,3.807854625300469,0.0003546254416942,34.25424026959558,0.0006,3.8,1236.313,18
10,24,1.8281265632888255,3.400886503378702,-4.023380253487976,34.294909989002605,3.996,1.523,1246.969,18
10,24,1.8281265632888255,3.837218273841272,-0.0029824841915506,33.8940157994949,0.0006,3.83,1088.359,18
10,24,1.8281265632888255,3.4283064221321022,-4.025238586102565,33.85283122394919,3.996,1.551,1098.922,18
10,24,1.8281265632888255,3.832861763910216,0.0002608278663506,33.86261721555638,0.0006,3.826,1109.484,18
10,24,1.8281265632888255,3.424736954534568,-4.024858552658391,33.886805233695945,3.996,1.549,1120.0,18
10,24,1.8281265632888255,3.828534983074,-0.0019729437430554,33.98750141412964,0.0006,3.822,1130.563,18
10,24,1.8281265632888255,3.420516989809781,-4.024300546936631,34.026612077811606,3.996,1.545,1141.188,18
10,24,1.8281265632888255,3.824325887714436,-0.0004593497626902,34.03218434047972,0.0006,3.816,1151.797,18
10,24,1.8281265632888255,3.4168731703285005,-4.027568913990058,34.05477242911768,3.996,1.539,1162.328,18
10,24,1.8281265632888255,3.854671662301344,0.0009501960087949,33.64119331787573,0.0006,3.847,1003.891,18
10,24,1.8281265632888255,3.4447567971462743,-4.026315708626539,33.65400078768667,3.996,1.552,1014.484,18
10,24,1.8281265632888255,3.850003301233909,0.0005989946353167,33.67233005536743,0.0006,3.842,1025.0,18
10,24,1.8281265632888255,3.440724626292275,-4.024632466578051,33.65825507298289,3.996,1.548,1035.547,18
10,24,1.8281265632888255,3.8458037362727775,0.0007851777920104,33.75236126274033,0.0006,3.838,1046.172,18
10,24,1.8281265632888255,3.436544785350061,-4.026267569518449,33.75328137214555,3.996,1.558,1056.734,18
10,24,1.8281265632888255,3.841403510863407,0.0003466966575964,33.817836301121865,0.0006,3.834,1067.25,18
10,24,1.8281265632888255,3.432337915228939,-4.025731897291977,33.83234941031007,3.996,1.555,1077.813,18
10,24,1.8281265632888255,3.872598026048267,0.0022778224746399,33.53978655393744,0.0006,3.865,919.188,18
10,24,1.8281265632888255,3.4619561192305643,-4.025703559157239,33.49633117609485,3.996,1.565,929.828,18
10,24,1.8281265632888255,3.868089585096451,-0.0018766153883498,33.6024846231692,0.0006,3.86,940.406,18
10,24,1.8281265632888255,3.457626593121261,-4.024239289299542,33.58078752110966,3.996,1.563,951.0,18
10,24,1.8281265632888255,3.863545326398425,0.0025568043128445,33.57257827996913,0.0006,3.856,961.656,18
10,24,1.8281265632888255,3.453684483438641,-4.026317183416364,33.56477494481801,3.996,1.559,972.203,18
10,24,1.8281265632888255,3.858949447254027,-0.0013256616243464,33.58786052718279,0.0006,3.852,982.719,18
10,24,1.8281265632888255,3.449272265338766,-4.02466895515373,33.553090139966365,3.996,1.555,993.297,18
10,24,1.8281265632888255,3.7584517111998097,-0.0018867617259521,34.97296113625343,0.0006,3.752,1511.344,18
10,24,1.8281265632888255,3.3545036564421578,-4.025170241135357,34.99995905472005,3.996,1.475,1521.922,18
10,24,1.8281265632888255,3.755147541043943,0.0016402619051776,35.040512417557096,0.0006,3.75,1532.5,18
10,24,1.8281265632888255,3.351614385802431,-4.022854781020284,35.03844584933865,3.996,1.466,1543.047,18
10,24,1.8281265632888255,3.412578175185081,-4.027158246875006,34.091710011612165,3.996,1.536,1183.547,18
10,24,1.8281265632888255,3.8158448968683305,0.0010598174158195,34.147528637728854,0.0006,3.809,1194.109,18
10,24,1.8281265632888255,3.4089138937057006,-4.026235793209066,34.17683575630819,3.996,1.533,1204.625,18
10,24,1.8281265632888255,3.919670142457471,-0.0003062897085602,33.39059861847025,0.0006,3.912,707.547,18
10,24,1.8281265632888255,3.5082216539086906,-4.02633849103663,33.373211613990115,3.996,1.609,718.094,18
10,24,1.8281265632888255,4.101434049140371,0.0005753559919777,28.46100703550526,0.0006,4.094,136.484,18
10,24,1.8281265632888255,3.661002291187861,-4.023292748204526,28.547086100832683,3.996,1.744,147.031,18
10,24,1.8281265632888255,4.201461223125712,-0.000938990778444,26.776420294997017,0.0004,0.0,0.0,18
10,24,1.8281265632888255,4.200748326723953,-0.0007170065345161,26.77614510176613,0.0006,4.216,9.359000000000002,18
10,24,1.8281265632888255,3.75680654569662,-4.024483709588322,26.846958455459195,3.996,1.788,20.141000000000005,18
10,24,1.8281265632888255,4.075710000189026,-0.0006201869070731,29.17724599118316,0.0006,4.067,199.969,18
10,24,1.8281265632888255,3.63781763462524,-4.024052745754611,29.269832013271188,3.996,1.724,210.547,18
10,24,1.8281265632888255,4.067857646321029,-0.0008128456893258,29.423714334498765,0.0006,4.059,221.094,18
10,24,1.8281265632888255,3.631277628238417,-4.025152514698642,29.497665914106012,3.996,1.719,231.641,18
10,24,1.8281265632888255,4.134608153311653,-1.935596027603649e-05,27.667778157300702,0.0006,4.132,73.047,18
10,24,1.8281265632888255,3.694484871561984,-4.024658749867062,27.760763959860345,3.996,1.77,83.625,18
10,24,1.8281265632888255,4.1223014604115,-0.0009399773371381,27.9547829113932,0.0006,4.118,94.156,18
10,24,1.8281265632888255,3.681624808854595,-4.025645016864015,28.0618294585007,3.996,1.76,104.734,18
10,24,1.8281265632888255,4.092782229280125,-3.362479144516213e-06,28.725745151275667,0.0006,4.086,157.656,18
10,24,1.8281265632888255,3.652555005604944,-4.024961367410148,28.80570361217672,3.996,1.739,168.297,18
10,24,1.8281265632888255,4.083943353036243,-0.0032446170196293,28.958830723520244,0.0006,4.075,178.859,18
10,24,1.8281265632888255,3.644841577774464,-4.02618628151921,29.043783825028697,3.996,1.731,189.438,18
10,24,1.8281265632888255,4.046171172027321,-0.0007650753764351,30.08416563686642,0.0006,4.037,284.516,18
11,24,1.8253563336445804,3.3135272014227577,-0.0019817919658747,26.85092262457121,0.0006,0.0,6376.047,17
11,24,1.8253563336445804,3.313601504716515,-0.001013450521484,26.818172601277528,0.0006,-0.0,6387.094,17
11,24,1.8253563336445804,3.313868235414182,-0.0010387133101922,26.82618213422717,0.0006,-0.0,6398.063,17
11,24,1.8253563336445804,3.3115650039242217,-0.001104932432152,26.919185610602888,0.0006,-0.0,6232.438,17
11,24,1.8253563336445804,3.312208096426473,0.0006358378417752,26.897614159281744,0.0006,0.0,6276.547,17
11,24,1.8253563336445804,3.312400117646889,0.0005120559544689,26.899098423907507,0.0006,0.0,6287.563,17
11,24,1.8253563336445804,3.3125108073703684,0.0004426913712649,26.88584321593844,0.0006,0.0,6298.594,17
11,24,1.8253563336445804,3.3126203362261557,0.0008711389985953,26.885272773532783,0.0006,0.0,6309.625,17
11,24,1.8253563336445804,3.3128973146936094,0.0006967660499416,26.87228938045416,0.0006,0.0,6331.813,17
11,24,1.8253563336445804,3.3130292633327123,-0.0013890230145715,26.874058181951085,0.0006,0.0,6342.828,17
11,24,1.8253563336445804,3.313243033981936,0.000615172816453,26.857557061182305,0.0006,0.0,6353.844,17
11,24,1.8253563336445804,3.313319421427088,-0.0014118388711157,26.84872566773702,0.0006,0.0,6364.969,17
11,24,1.8253563336445804,3.3119831981556067,-0.0020572594947141,26.921796116780012,0.0006,0.0,6243.453,17
11,24,1.8253563336445804,3.311984770162467,-0.0005169057709604,26.90838519264461,0.0006,0.0,6254.484,17
11,24,1.8253563336445804,3.3118977744045583,-0.0003914787249515,26.906199528419727,0.0006,-0.0,6265.547,17
11,24,1.8253563336445804,3.57966904139628,-4.025750399373145,30.594358577316022,3.996,1.679,402.938,17
11,24,1.8253563336445804,4.002487722977308,-0.0007612523776478,30.70583544655924,0.0006,3.992,413.578,17
11,24,1.8253563336445804,3.4550492669259194,-4.024390839224507,32.90175035891866,3.996,1.56,935.078,17
11,24,1.8253563336445804,3.8601558279880863,0.00234011423484,32.95176373959963,0.0006,3.854,945.688,17
11,24,1.8253563336445804,3.450953551165867,-4.025497427078982,32.93618041325287,3.996,1.557,956.25,17
11,24,1.8253563336445804,3.855788633740084,-0.0023673599402466,32.96132679045693,0.0006,3.849,966.875,17
11,24,1.8253563336445804,3.564734762819957,-4.025648942884714,31.203771748673557,3.996,1.668,466.828,17
11,24,1.8253563336445804,3.984315046342661,0.0007374985703194,31.32249056689345,0.0006,3.972,477.531,17
11,24,1.8253563336445804,3.597904522151878,-4.024212426440637,29.8274391127508,3.996,1.687,317.859,17
11,24,1.8253563336445804,4.024992727291957,-2.882738907012666e-05,29.9472584279321,0.0006,4.016,328.484,17
11,24,1.8253563336445804,3.6386515952750167,-4.023750388795761,28.21781890264538,3.995,1.732,169.094,17
11,24,1.8253563336445804,4.074374306725931,-0.0012079117038494,28.373194919769677,0.0006,4.067,179.688,17
11,24,1.8253563336445804,3.631259981056565,-4.024634310131301,28.47582905789496,3.996,1.728,190.359,17
11,24,1.8253563336445804,4.066474847833488,0.0001129680761295,28.63271761242297,0.0006,4.059,201.063,17
11,24,1.8253563336445804,3.5840670153875616,-4.024832706175952,30.400897127694527,3.996,1.682,381.625,17
11,24,1.8253563336445804,4.007996082746647,-0.0003099513575386,30.54420187782653,0.0006,3.997,392.313,17
11,24,1.8253563336445804,3.61909285467548,-4.024812724300887,28.954699907734547,3.996,1.716,232.813,17
11,24,1.8253563336445804,4.051392085217219,0.0016072463894051,29.107293844271013,0.0006,4.041,243.438,17
11,24,1.8253563336445804,3.678828331168447,-4.0243477810597135,27.1497459335489,3.996,1.756,84.031,17
11,24,1.8253563336445804,4.112771782290221,-0.0014410496972552,27.31791191444789,0.0006,4.107,94.641,17
11,24,1.8253563336445804,3.665850434283489,-4.024422595182288,27.415727069215528,3.996,1.751,105.359,17
11,24,1.8253563336445804,4.101757916815462,0.0010451747621664,27.592746960680483,0.0006,4.095,115.969,17
11,24,1.8253563336445804,3.6026462750254225,-4.025253633299639,29.62502161487963,3.996,1.697,296.594,17
11,24,1.8253563336445804,4.031153387892306,0.0003216723759079,29.75180207473733,0.0006,4.021,307.234,17
11,24,1.8253563336445804,3.646699831822656,-4.024960339071395,27.953765683714305,3.996,1.738,147.828,17
11,24,1.8253563336445804,4.083113638757459,-0.0004369984052266,28.11361469407251,0.0006,4.075,158.453,17
11,24,1.8253563336445804,4.190430872833885,-0.0007501311967752,26.153313358126116,0.0006,0.0,0.0,17
11,24,1.8253563336445804,4.190134001116703,0.000502286414467,26.14548341054868,0.0006,4.205,9.359000000000002,17
11,24,1.8253563336445804,3.740185121690799,-4.022910667268281,26.22005329245709,3.996,1.78,20.15600000000001,17
11,24,1.8253563336445804,4.1587449765833,0.0010823780021027,26.4018230766455,0.0006,4.161,30.781,17
11,24,1.8253563336445804,3.625209188615828,-4.024852235797266,28.722585777403108,3.996,1.723,211.625,17
11,24,1.8253563336445804,4.058738448021421,-0.0011750727501692,28.865925229605413,0.0006,4.05,222.219,17
11,24,1.8253563336445804,3.495545206077724,-4.022674804032182,32.92905794787223,3.996,1.596,743.484,17
11,24,1.8253563336445804,3.90158180872895,0.0007807112763023,32.911103072001744,0.0006,3.895,754.156,17
11,24,1.8253563336445804,3.390731917452792,-4.025555587932288,33.728124218390924,3.996,1.502,1275.094,17
11,24,1.8253563336445804,3.7920133148716655,-0.0014849023574467,33.751564271569514,0.0006,3.786,1285.75,17
11,24,1.8253563336445804,3.3867888470734915,-4.025511223430859,33.76026588808384,3.996,1.5,1296.406,17
11,24,1.8253563336445804,3.787892287722492,0.0001267846048489,33.84588132373277,0.0006,3.78,1307.0,17
11,24,1.8253563336445804,3.4817511641074708,-4.0261877314790695,32.84441966682894,3.996,1.583,807.438,17
11,24,1.8253563336445804,3.887395953081136,0.0006159653663832,32.89802617678711,0.0006,3.88,818.078,17
11,24,1.8253563336445804,3.5154100305358127,-4.023640347424613,32.663831085727125,3.996,1.613,658.422,17
11,24,1.8253563336445804,3.9225228843881577,0.0004587788866652,32.71379639622341,0.0006,3.914,669.078,17
11,24,1.8253563336445804,3.5541317682935536,-4.023951501091232,31.59379684692422,3.996,1.653,509.453,17
11,24,1.8253563336445804,3.970816494029367,-1.8606884334417223e-05,31.75061946072912,0.0006,3.96,520.109,17
11,24,1.8253563336445804,3.549146636685665,-4.025387943268384,31.79506861641737,3.996,1.646,530.703,17
11,24,1.8253563336445804,3.9636455207065313,-0.0003699173734672,31.873255001791577,0.0006,3.952,541.281,17
11,24,1.8253563336445804,3.500388695285121,-4.025519794225696,32.86716961807727,3.996,1.601,722.219,17
11,24,1.8253563336445804,3.9064282115071927,0.001567271597591,32.88734787970747,0.0006,3.899,732.859,17
11,24,1.8253563336445804,3.537923549325641,-4.024762219711231,32.16346030290815,3.996,1.634,573.172,17
11,24,1.8253563336445804,3.949816926804621,0.0006502180495681,32.26515863629052,0.0006,3.939,583.875,17
11,24,1.8253563336445804,3.574664000739656,-4.024351902707624,30.80693899957474,3.996,1.674,424.234,17
11,24,1.8253563336445804,3.996583028033368,0.0004017644103781,30.927505264482484,0.0006,3.986,434.875,17
11,24,1.8253563336445804,3.5698290867995777,-4.025199124756326,31.04672297392774,3.996,1.67,445.563,17
11,24,1.8253563336445804,3.990239771861643,-0.0012283020211795,31.170050132433037,0.0006,3.98,456.188,17
11,24,1.8253563336445804,3.5205239491105527,-4.026758004369438,32.55943586704335,3.996,1.615,637.109,17
11,24,1.8253563336445804,3.928551910539777,-0.0001258655671216,32.63415161276747,0.0006,3.92,647.797,17
11,24,1.8253563336445804,3.559726785419268,-4.025761305044728,31.38267313555228,3.996,1.662,488.141,17
11,24,1.8253563336445804,3.977578168330024,-0.0026801118028363,31.525781928608808,0.0006,3.966,498.75,17
11,24,1.8253563336445804,3.5928631649749385,-4.025421187678008,30.02039713186876,3.996,1.685,339.156,17
11,24,1.8253563336445804,4.019175059831208,3.7539726726952177e-05,30.13411699764204,0.0006,4.009,349.766,17
11,24,1.8253563336445804,3.588761864106605,-4.025244025938604,30.210164403346724,3.996,1.682,360.359,17
11,24,1.8253563336445804,4.013453890710113,-0.0027607146487691,30.321769707487476,0.0006,4.004,370.984,17
11,24,1.8253563336445804,3.543474681000362,-4.02537839768371,31.97064664089345,3.996,1.64,551.906,17
11,24,1.8253563336445804,3.9566644985830814,1.808424025788846e-05,32.09321096319553,0.0006,3.946,562.563,17
11,24,1.8253563336445804,3.425490942787184,-4.025742324782282,33.18265235346132,3.996,1.537,1083.656,17
11,24,1.8253563336445804,3.829435251043421,-0.0005213616762958,33.23143081038903,0.0006,3.822,1094.328,17
11,24,1.8253563336445804,3.3349165150665607,-4.025825412185816,34.74831322335405,3.996,1.447,1615.109,17
11,24,1.8253563336445804,3.734376286109113,0.0002824513449245,34.73845942842863,0.0006,3.728,1625.75,17
11,24,1.8253563336445804,3.3322634915437206,-4.027037907476936,34.8009577526794,3.996,1.445,1636.406,17
11,24,1.8253563336445804,3.7313060567734393,-0.0013904068938344,34.82509095806088,0.0006,3.725,1647.0,17
11,24,1.8253563336445804,3.4135684286209838,-4.025984538369806,33.35659432825944,3.996,1.524,1147.578,17
11,24,1.8253563336445804,3.8165278307162,0.0009715846148655,33.42387031316385,0.0006,3.809,1158.234,17
11,24,1.8253563336445804,3.4421827283322424,-4.024645355538344,32.97450622202484,3.996,1.551,998.75,17
11,24,1.8253563336445804,3.846874058640623,-3.788169369702819e-05,33.022983603782215,0.0006,3.84,1009.328,17
11,24,1.8253563336445804,3.472545485464756,-4.025117470063492,32.84305567796028,3.996,1.575,850.016,17
11,24,1.8253563336445804,3.878259272082487,0.0003118239523699,32.851653718021176,0.0006,3.87,860.703,17
11,24,1.8253563336445804,3.4682960275980665,-4.025799463041218,32.840275947854664,3.996,1.571,871.328,17
11,24,1.8253563336445804,3.8735793716551656,-0.0016143817363984,32.862832758121485,0.0006,3.866,881.906,17
11,24,1.8253563336445804,3.429398221405433,-4.024769710795115,33.1288685936606,3.996,1.539,1062.5,17
11,24,1.8253563336445804,3.833382476105079,-0.0007570025857434,33.190867944614986,0.0006,3.826,1073.047,17
11,24,1.8253563336445804,3.4594935930345385,-4.024273561915742,32.90828452584352,3.996,1.564,913.75,17
11,24,1.8253563336445804,3.86481125709431,-0.0019813449302427,32.90980328883197,0.0006,3.858,924.422,17
11,24,1.8253563336445804,3.4912753163186774,-4.023999495606914,32.88591758158248,3.996,1.591,764.766,17
11,24,1.8253563336445804,3.89694517316229,0.0004585157591408,32.901997196566576,0.0006,3.889,775.438,17
11,24,1.8253563336445804,3.4863011750641446,-4.02546520277853,32.83231532460776,3.996,1.587,786.141,17
11,24,1.8253563336445804,3.8919986881586,0.0003354667088999,32.88758892465078,0.0006,3.885,796.766,17
11,24,1.8253563336445804,3.4464720679142293,-4.023790296626073,32.911900244418355,3.996,1.553,977.516,17
11,24,1.8253563336445804,3.851244093297133,0.0004528531574077,32.9870341524095,0.0006,3.845,988.125,17
11,24,1.8253563336445804,3.477244472326876,-4.023931948676392,32.83994330633118,3.996,1.578,828.719,17
11,24,1.8253563336445804,3.882733846957387,-0.0017730833119956,32.87022683903358,0.0006,3.876,839.344,17
11,24,1.8253563336445804,3.510411988509889,-4.022693699425907,32.69831447708946,3.996,1.609,679.719,17
11,24,1.8253563336445804,3.9167657707515735,6.720237147012332e-05,32.781519894801754,0.0006,3.91,690.328,17
11,24,1.8253563336445804,3.50497054700779,-4.025141335646703,32.77058646272616,3.996,1.603,701.047,17
11,24,1.8253563336445804,3.9112714290114656,-0.0007939282390221,32.855702031110496,0.0006,3.904,711.625,17
11,24,1.8253563336445804,3.4639356740913123,-4.024586079500842,32.87210939488204,3.996,1.567,892.516,17
11,24,1.8253563336445804,3.869101170800396,-0.0004645241363282,32.8977193155229,0.0006,3.861,903.109,17
11,24,1.8253563336445804,3.365117714727074,-4.025505890605807,34.19332500500001,3.996,1.474,1423.688,17
11,24,1.8253563336445804,3.765347502167857,3.402171586021238e-05,34.228970104020405,0.0006,3.759,1434.344,17
11,24,1.8253563336445804,3.2909851093073503,-4.024975604568949,35.61281247103232,3.996,1.407,1955.203,17
11,24,1.8253563336445804,3.690434426318244,-0.0002197303758736,35.627133375834035,0.0006,3.685,1965.813,17
11,24,1.8253563336445804,3.2889271884589486,-4.026634230289806,35.637408226877874,3.996,1.406,1976.422,17
11,24,1.8253563336445804,3.688730081451768,-0.0019406359816928,35.67136735684385,0.0006,3.682,1987.094,17
11,24,1.8253563336445804,3.3547249441763687,-4.024325673393118,34.376506437217245,3.996,1.466,1487.547,17
11,24,1.8253563336445804,3.7543038294772417,-8.713010817687464e-05,34.411348493273785,0.0006,3.748,1498.156,17
11,24,1.8253563336445804,3.3796187210990043,-4.024162893059244,33.89659031126522,3.996,1.489,1338.859,17
11,24,1.8253563336445804,3.780108718245733,-0.0009032763582486,33.96631339647806,0.0006,3.773,1349.453,17
11,24,1.8253563336445804,3.406059845494187,-4.0227584237391,33.485935413161734,3.996,1.518,1190.047,17
11,24,1.8253563336445804,3.808183037735599,-0.0003790427057651,33.517780902798734,0.0006,3.801,1200.656,17
11,24,1.8253563336445804,3.401736751427672,-4.025341949767557,33.50610074201982,3.996,1.515,1211.328,17
11,24,1.8253563336445804,3.8042462530136887,-0.0006477204591925,33.59268282944543,0.0006,3.797,1222.031,17
11,24,1.8253563336445804,3.3686476657770426,-4.02531294573929,34.11843567666221,3.996,1.477,1402.453,17
11,24,1.8253563336445804,3.768861676652004,0.0017478866667915,34.1834023901075,0.0006,3.762,1413.063,17
11,24,1.8253563336445804,3.3946240180535345,-4.024188422104417,33.704240976490745,3.996,1.507,1253.797,17
11,24,1.8253563336445804,3.796125346740921,-0.0002089576271543,33.69973685502587,0.0006,3.79,1264.453,17
11,24,1.8253563336445804,3.4213199825252723,-4.024665873745298,33.24138508366088,3.996,1.533,1105.031,17
11,24,1.8253563336445804,3.8248876481452463,-0.0001751753387942,33.25115476498503,0.0006,3.818,1115.672,17
11,24,1.8253563336445804,3.4174066896624358,-4.024891824128106,33.26336935742144,3.996,1.529,1126.297,17
11,24,1.8253563336445804,3.8208309492618464,-0.0002737132983321,33.31770821349399,0.0006,3.814,1136.969,17
11,24,1.8253563336445804,3.383021006265372,-4.02431080714465,33.87385235367918,3.996,1.494,1317.625,17
11,24,1.8253563336445804,3.7840053745701607,-0.000606723261373,33.906044161625296,0.0006,3.778,1328.25,17
11,24,1.8253563336445804,3.409699851026712,-4.021994034441176,33.43262999710104,3.996,1.522,1168.875,17
11,24,1.8253563336445804,3.812352005587028,-0.0014837033240022,33.437171881800495,0.0006,3.805,1179.484,17
11,24,1.8253563336445804,3.4376029123001155,-4.025168466740439,33.01269111054481,3.996,1.546,1020.016,17
11,24,1.8253563336445804,3.8423637592135615,-4.3164744836338544e-05,33.07799270603665,0.0006,3.836,1030.656,17
11,24,1.8253563336445804,3.433696278508736,-4.02417891537244,33.07117134065769,3.996,1.542,1041.281,17
11,24,1.8253563336445804,3.8379512358764334,0.0008460841735135,33.12427011078105,0.0006,3.83,1051.859,17
11,24,1.8253563336445804,3.398428788705643,-4.025560234494677,33.583253454945414,3.996,1.511,1232.641,17
11,24,1.8253563336445804,3.800096347513312,0.0014405886769697,33.646905227362744,0.0006,3.794,1243.219,17
11,24,1.8253563336445804,3.3144354324800696,-4.025292443032229,35.150073814371574,3.996,1.429,1763.766,17
11,24,1.8253563336445804,3.713432998247872,-0.0016188614968098,35.195826934087286,0.0006,3.707,1774.422,17
11,24,1.8253563336445804,3.257805117586591,-4.025117459793125,36.44271841194424,3.996,1.363,2295.078,17
11,24,1.8253563336445804,3.661306404209075,0.0006061078145986,36.50506522044709,0.0006,3.654,2305.672,17
11,24,1.8253563336445804,3.2558754617420003,-4.025576292532321,36.47257952664658,3.996,1.359,2316.266,17
11,24,1.8253563336445804,3.659751672946281,-0.0008385909366467,36.59729944811863,0.0006,3.653,2326.891,17
11,24,1.8253563336445804,3.306242133587892,-4.023916246424079,35.27611297510361,3.996,1.421,1827.531,17
11,24,1.8253563336445804,3.705299950729157,0.0007858954200796,35.36878045576322,0.0006,3.7,1838.172,17
11,24,1.8253563336445804,3.325990911587213,-4.023356270119458,34.89785315259202,3.996,1.44,1678.859,17
11,24,1.8253563336445804,3.725018324875337,-0.0001025427396841,35.01131217154962,0.0006,3.718,1689.531,17
11,24,1.8253563336445804,3.347764285001608,-4.023857524211757,34.51479132017772,3.996,1.461,1530.094,17
11,24,1.8253563336445804,3.747437829764396,0.0003763450593927,34.60564755480473,0.0006,3.741,1540.719,17
11,24,1.8253563336445804,3.3446508185101886,-4.023640238820887,34.585085188958686,3.996,1.457,1551.328,17
11,24,1.8253563336445804,3.744019866842157,-0.0009851502279998,34.6380077826551,0.0006,3.738,1561.938,17
11,24,1.8253563336445804,3.3173305131844697,-4.026037109602906,35.11899077247128,3.996,1.431,1742.594,17
11,24,1.8253563336445804,3.71611227911444,-0.0027106747729888,35.1511587191574,0.0006,3.71,1753.156,17
11,24,1.8253563336445804,3.3382751797362884,-4.025088977210479,34.70721425222775,3.996,1.451,1593.813,17
11,24,1.8253563336445804,3.737567904837277,0.0005792167143809,34.69340977951221,0.0006,3.732,1604.438,17
11,24,1.8253563336445804,3.361617172185189,-4.024854665617531,34.27365525776885,3.996,1.471,1445.0,17
11,24,1.8253563336445804,3.76157944236352,0.0007158541967252,34.32189584366058,0.0006,3.756,1455.641,17
11,24,1.8253563336445804,3.357934671537202,-4.024454510841049,34.30370460662485,3.996,1.467,1466.344,17
11,24,1.8253563336445804,3.757874631537808,-0.0003153363557374,34.33844649480576,0.0006,3.752,1476.938,17
11,24,1.8253563336445804,3.329000164067786,-4.022273767830791,34.786914235168474,3.996,1.442,1657.641,17
11,24,1.8253563336445804,3.72797262599488,0.0007064699820764,34.83616462144036,0.0006,3.722,1668.234,17
11,24,1.8253563336445804,3.351191837163107,-4.0245044533886425,34.41607431126003,3.996,1.462,1508.797,17
11,24,1.8253563336445804,3.750894772784741,0.0004628100339862,34.48325581895997,0.0006,3.744,1519.406,17
11,24,1.8253563336445804,3.375932323727488,-4.022908854577745,34.001201048163324,3.996,1.485,1360.047,17
11,24,1.8253563336445804,3.776432997243276,-0.0003219784633888,34.008610840709565,0.0006,3.77,1370.656,17
11,24,1.8253563336445804,3.3723312494825888,-4.025195745687258,34.07391427715627,3.996,1.482,1381.266,17
11,24,1.8253563336445804,3.772592120996476,3.1030500916080865e-05,34.12180304050588,0.0006,3.766,1391.828,17
11,24,1.8253563336445804,3.341473713902879,-4.024169729642962,34.62683011260003,3.996,1.455,1572.563,17
11,24,1.8253563336445804,3.740908671943775,-0.0006283171477989,34.64718450492074,0.0006,3.734,1583.172,17
11,24,1.8253563336445804,3.275973544126536,-4.024523581458124,35.95653500351399,3.996,1.392,2104.0,17
11,24,1.8253563336445804,3.6769375646716114,-0.0003864156175712,36.03312915323751,0.0006,3.67,2114.609,17
11,24,1.8253563336445804,3.2183794153877097,-4.025117301173356,37.39602961739682,3.996,1.343,2635.0,17
11,24,1.8253563336445804,3.629997097297392,0.0013671055435851,37.41423342119555,0.0006,3.619,2645.703,17
11,24,1.8253563336445804,3.21530821831385,-4.024563834270886,37.41125621784846,3.996,1.34,2656.328,17
11,24,1.8253563336445804,3.627392327571168,0.0004306809352132,37.5354571406447,0.0006,3.616,2666.969,17
11,24,1.8253563336445804,3.270136398407987,-4.026245485155993,36.09579493935832,3.996,1.387,2167.594,17
11,24,1.8253563336445804,3.671660468609644,-0.0011487760470492,36.16494425887882,0.0006,3.665,2178.156,17
11,24,1.8253563336445804,3.2843904448756644,-4.024930464300553,35.74378305196531,3.996,1.4,2019.063,17
11,24,1.8253563336445804,3.684255620647984,-0.0004193217704039,35.81383692205837,0.0006,3.678,2029.641,17
11,24,1.8253563336445804,3.300895810590581,-4.025496840942806,35.35042665925746,3.996,1.417,1870.094,17
11,24,1.8253563336445804,3.699903131375217,0.0021343863879483,35.4044461546004,0.0006,3.694,1880.719,17
11,24,1.8253563336445804,3.298202805095153,-4.026229370674945,35.447419617413495,3.996,1.413,1891.328,17
11,24,1.8253563336445804,3.697838069990259,0.0019148998939321,35.51241456034157,0.0006,3.692,1901.969,17
11,24,1.8253563336445804,3.278186851083825,-4.02512052954552,35.8977835415388,3.996,1.395,2082.688,17
11,24,1.8253563336445804,3.6787256167022138,-0.0002460669813126,35.99060836907003,0.0006,3.672,2093.313,17
11,24,1.8253563336445804,3.293366190321889,-4.022299848027069,35.52199419509183,3.996,1.409,1933.984,17
11,24,1.8253563336445804,3.692751326195616,-0.0019521821185694,35.57171049600145,0.0006,3.686,1944.578,17
11,24,1.8253563336445804,3.311529027978016,-4.026247126624897,35.18714520802582,3.996,1.425,1785.078,17
11,24,1.8253563336445804,3.71053934700298,-0.0009511008560029,35.23887800863544,0.0006,3.705,1795.672,17
11,24,1.8253563336445804,3.3088405706235724,-4.025474875012427,35.259743452011264,3.996,1.422,1806.344,17
11,24,1.8253563336445804,3.707872237977495,-0.0014703441090752,35.28109293227091,0.0006,3.701,1816.938,17
11,24,1.8253563336445804,3.2866624044890247,-4.02433531727802,35.69088376078366,3.996,1.403,1997.797,17
11,24,1.8253563336445804,3.6864717855063662,-0.0003482702423327,35.73362736184597,0.0006,3.68,2008.406,17
11,24,1.8253563336445804,3.303604379678653,-4.024479790667698,35.31054681603627,3.996,1.418,1848.828,17
11,24,1.8253563336445804,3.7025768010496583,0.0001829652050359,35.344827895083874,0.0006,3.698,1859.438,17
11,24,1.8253563336445804,3.3232053147078,-4.024933059314956,34.988588152904136,3.996,1.437,1700.156,17
11,24,1.8253563336445804,3.722024244237189,0.0006464458823796,35.02945157676037,0.0006,3.716,1710.766,17
11,24,1.8253563336445804,3.320178603694372,-4.025037527660213,35.04618661404271,3.996,1.433,1721.359,17
11,24,1.8253563336445804,3.719184865501131,-0.0028451512243594,35.111778190709906,0.0006,3.713,1731.953,17
11,24,1.8253563336445804,3.295764879449758,-4.023717425169758,35.504472008581864,3.996,1.41,1912.688,17
11,24,1.8253563336445804,3.6953959220530543,-0.001637250847266,35.54008450230983,0.0006,3.688,1923.313,17
11,24,1.8253563336445804,3.242300985875434,-4.024066383203517,36.7742668732931,3.996,1.358,2443.703,17
11,24,1.8253563336445804,3.649112104895595,-0.0006129357633069,36.85840050685663,0.0006,3.641,2454.313,17
11,24,1.8253563336445804,3.1341202200033336,-4.024858047447348,38.45450063449665,3.996,1.273,2975.078,17
11,24,1.8253563336445804,3.5601359235939203,0.0009480857208134,38.52569266764059,0.0006,3.542,2985.703,17
11,24,1.8253563336445804,3.1235099650732354,-4.023242486339205,38.54568857503539,3.996,1.266,2996.328,17
11,24,1.8253563336445804,3.551318378120432,0.0003283350041737,38.61142687509169,0.0006,3.533,3006.938,17
11,24,1.8253563336445804,3.235019792884673,-4.02454629016624,36.96561611801408,3.996,1.355,2507.359,17
11,24,1.8253563336445804,3.643099547489786,0.0020947421415637,37.07852333593432,0.0006,3.633,2517.969,17
11,24,1.8253563336445804,3.25122817576666,-4.024954232448511,36.603619836301945,3.996,1.358,2358.75,17
11,24,1.8253563336445804,3.656288089573761,-0.0010360723349239,36.61681310664371,0.0006,3.649,2369.328,17
11,24,1.8253563336445804,3.265828893555664,-4.027338271064419,36.18073416232557,3.996,1.383,2210.078,17
11,24,1.8253563336445804,3.668337807438101,-0.0018726219318829,36.27873896544711,0.0006,3.661,2220.719,17
11,24,1.8253563336445804,3.264091245020448,-4.0230585531195455,36.28949622433509,3.996,1.379,2231.344,17
11,24,1.8253563336445804,3.666595338640508,-0.0025928165028287,36.34457967936348,0.0006,3.66,2241.891,17
11,24,1.8253563336445804,3.2445910417309936,-4.024388561167647,36.773328076620444,3.996,1.36,2422.5,17
11,24,1.8253563336445804,3.650824281017285,0.0003319838613875,36.848106130952594,0.0006,3.641,2433.109,17
11,24,1.8253563336445804,3.259815881035148,-4.024014164987393,36.36566486926459,3.996,1.371,2273.859,17
11,24,1.8253563336445804,3.663078877289825,0.0003622734503046,36.427546146589215,0.0006,3.656,2284.469,17
11,24,1.8253563336445804,3.2743090223159395,-4.026541066809591,35.95969515878145,3.996,1.389,2125.172,17
11,24,1.8253563336445804,3.675153102662757,-0.0014414593156297,36.0203708539698,0.0006,3.668,2135.781,17
11,24,1.8253563336445804,3.2721124336389265,-4.023553090721241,36.02748979595832,3.996,1.388,2146.391,17
11,24,1.8253563336445804,3.673351107155419,0.0012715728386472,36.084269165623006,0.0006,3.668,2156.984,17
11,24,1.8253563336445804,3.2535825159525924,-4.024297009078622,36.54591183222272,3.996,1.36,2337.5,17
11,24,1.8253563336445804,3.658049743805919,-0.0003473059603194,36.61291481310986,0.0006,3.65,2348.094,17
11,24,1.8253563336445804,3.267948650355649,-4.023654337786788,36.186531376512,3.996,1.383,2188.797,17
11,24,1.8253563336445804,3.669992779229432,0.0011025715194475,36.21428955031976,0.0006,3.663,2199.438,17
11,24,1.8253563336445804,3.282327980412387,-4.025316511855209,35.79863147719985,3.996,1.399,2040.297,17
11,24,1.8253563336445804,3.682261057796156,-0.0024876360182131,35.813707837707945,0.0006,3.676,2050.891,17
11,24,1.8253563336445804,3.2799793428064725,-4.023657211067764,35.808447033462905,3.996,1.396,2061.516,17
11,24,1.8253563336445804,3.680366364718636,0.0009407495359518,35.879845947698634,0.0006,3.675,2072.109,17
11,24,1.8253563336445804,3.2618363032878155,-4.025973452403113,36.331613178728034,3.996,1.377,2252.531,17
11,24,1.8253563336445804,3.664953135445651,-0.0007982825639376,36.37475844122196,0.0006,3.658,2263.188,17
11,24,1.8253563336445804,3.19246618512343,-4.024585034576404,37.77536787372974,3.996,1.322,2783.938,17
11,24,1.8253563336445804,3.608570359198289,0.0016076966840059,37.905365795392186,0.0006,3.596,2794.547,17
11,24,1.8253563336445804,2.157827701541931,-4.0241873507594175,40.437348363911326,3.996,0.602,3317.766,17
11,24,1.8253563336445804,2.855511877773957,-0.0012490492630853,40.67768716049612,0.0006,2.72,3328.594,17
11,24,1.8253563336445804,1.7970500760271888,-3.6500455197163904,40.76285424232737,3.996,0.329,3339.313,17
11,24,1.8253563336445804,2.7261539072526046,-0.0005617221361859,41.027186904575295,0.0006,0.0,3350.25,17
11,24,1.8253563336445804,3.1776942071494725,-4.024129386313805,38.036732779303776,3.996,1.311,2847.594,17
11,24,1.8253563336445804,3.59628912990284,0.0011803920382856,38.13248170165578,0.0006,3.583,2858.188,17
11,24,1.8253563336445804,3.208237426006308,-4.023366220366486,37.56936161106204,3.996,1.336,2698.938,17
11,24,1.8253563336445804,3.621504657828858,-0.0012617490353942,37.65642112400647,0.0006,3.609,2709.578,17
11,24,1.8253563336445804,3.229710763160611,-4.023854624629165,37.10118239815129,3.996,1.351,2549.828,17
11,24,1.8253563336445804,3.639018581748964,-0.003344501349435,37.20857537992588,0.0006,3.628,2560.422,17
11,24,1.8253563336445804,3.227053662867285,-4.0264274641256135,37.19046733560624,3.996,1.348,2571.047,17
11,24,1.8253563336445804,3.636834784026573,0.0008948230082954,37.25140023549554,0.0006,3.627,2581.688,17
11,24,1.8253563336445804,3.19647434632361,-4.025104348717353,37.72528877998601,3.996,1.326,2762.75,17
11,24,1.8253563336445804,3.6118314317772855,-0.0001420960247269,37.782779281751694,0.0006,3.598,2773.344,17
11,24,1.8253563336445804,3.2213515794902112,-4.025049586190909,37.27928806377042,3.996,1.345,2613.688,17
11,24,1.8253563336445804,3.632149991121053,0.0005060720375436,37.35240533083896,0.0006,3.621,2624.359,17
11,24,1.8253563336445804,3.23984288542574,-4.022738198371936,36.84461853966266,3.996,1.356,2464.953,17
11,24,1.8253563336445804,3.64700464062647,7.19583753312226e-05,36.93820986131417,0.0006,3.637,2475.516,17
11,24,1.8253563336445804,3.237536169630185,-4.027391825734414,36.94570930901308,3.996,1.355,2486.141,17
11,24,1.8253563336445804,3.645210251808429,-0.0007965739873846,36.98723147159559,0.0006,3.637,2496.734,17
11,24,1.8253563336445804,3.211929517397998,-4.024404182800225,37.51596471048955,3.996,1.337,2677.641,17
11,24,1.8253563336445804,3.6244395808511376,0.0011714539516027,37.58194693924409,0.0006,3.613,2688.281,17
11,24,1.8253563336445804,3.232425532630685,-4.023790216809831,37.07674439779368,3.996,1.352,2528.609,17
11,24,1.8253563336445804,3.641084654209914,0.0010543976999432,37.13989305107117,0.0006,3.632,2539.188,17
11,24,1.8253563336445804,3.2492072254086635,-4.025545413629891,36.60021441202327,3.996,1.359,2379.938,17
11,24,1.8253563336445804,3.654348657314515,-0.0017471756042017,36.675157416713205,0.0006,3.647,2390.5,17
11,24,1.8253563336445804,3.246741722433956,-4.021351471661223,36.65164531648208,3.996,1.359,2401.156,17
11,24,1.8253563336445804,3.652707291126491,-0.0005774035835143,36.7344673375523,0.0006,3.645,2411.813,17
11,24,1.8253563336445804,3.224243966347536,-4.024529499678779,37.18034322489304,3.996,1.345,2592.313,17
11,24,1.8253563336445804,3.6346664517073273,0.0005586046502135,37.2932452976552,0.0006,3.623,2602.938,17
11,24,1.8253563336445804,3.019398379339871,-4.025194581408322,39.09558084462585,3.996,1.176,3123.969,17
11,24,1.8253563336445804,3.461272458525739,-0.001944932231084,39.17735965215116,0.0006,3.439,3134.547,17
11,24,1.8253563336445804,3.1856733293724044,0.0010340798459574,36.11298335986909,0.0006,0.0,3670.266,17
11,24,1.8253563336445804,3.1886939764388327,-0.0007259989791762,35.94914239733821,0.0006,0.0,3681.359,17
11,24,1.8253563336445804,3.1913614098390943,0.0017729186193617,35.79106864491477,0.0006,0.0,3692.359,17
11,24,1.8253563336445804,3.194257287004282,0.0011419926179305,35.67140809661167,0.0004,0.0,3703.375,17
11,24,1.8253563336445804,2.9178456567932662,-4.025501004585032,39.4407747007719,3.996,1.09,3188.359,17
11,24,1.8253563336445804,3.368779392271048,0.0024625273351848,39.58261019742237,0.0006,3.339,3199.141,17
11,24,1.8253563336445804,3.0979491507248778,-4.02497476175812,38.64457848574978,3.996,1.244,3038.844,17
11,24,1.8253563336445804,3.529312850412837,-0.0005501732346726,38.78650960149977,0.0006,3.51,3049.438,17
11,24,1.8253563336445804,3.1654314896133284,-4.026371889686565,38.14149533740509,3.996,1.3,2890.078,17
11,24,1.8253563336445804,3.586426159126234,-0.001837626763487,38.27137506385901,0.0006,3.571,2900.672,17
11,24,1.8253563336445804,3.158622387468445,-4.023559141836384,38.259362490778855,3.996,1.294,2911.266,17
11,24,1.8253563336445804,3.580988696544999,0.0030895895971741,38.3368276459433,0.0006,3.564,2921.938,17
11,24,1.8253563336445804,3.043486006574456,-4.025289116200637,38.914260029647686,3.996,1.198,3102.672,17
11,24,1.8253563336445804,3.482567615238461,-0.0014910179464689,39.07709556883544,0.0006,3.46,3113.344,17
11,24,1.8253563336445804,3.143162707473581,-4.025677241785596,38.33430264811442,3.996,1.282,2953.875,17
11,24,1.8253563336445804,3.567953710799173,-0.0007886936278857,38.4504419600913,0.0006,3.551,2964.516,17
11,24,1.8253563336445804,3.187821025305692,-4.025517519629928,37.90023502467856,3.996,1.319,2805.141,17
11,24,1.8253563336445804,3.6046623934948863,0.00105017163198,37.967183843088925,0.0006,3.591,2815.734,17
11,24,1.8253563336445804,3.1828823834755,-4.025261694591611,37.97946917628082,3.996,1.314,2826.375,17
11,24,1.8253563336445804,3.600796365380533,-0.0001225638015078,38.05019737008509,0.0006,3.585,2836.984,17
11,24,1.8253563336445804,3.111198369594877,-4.023879006715292,38.60252347078488,3.996,1.254,3017.594,17
11,24,1.8253563336445804,3.541060873235537,-0.0028871045934669,38.70783105348101,0.0006,3.521,3028.234,17
11,24,1.8253563336445804,3.171890481216377,-4.025136404230148,38.06883875158593,3.996,1.304,2868.813,17
11,24,1.8253563336445804,3.5916864700384745,-0.0020084274429738,38.17429008002138,0.0006,3.576,2879.422,17
11,24,1.8253563336445804,3.2045637372623603,-4.02591789434695,37.64201307222106,3.996,1.332,2720.266,17
11,24,1.8253563336445804,3.618503920076068,-0.0011011557786359,37.72198223763311,0.0006,3.606,2730.844,17
11,24,1.8253563336445804,3.201009287226316,-4.023302676615326,37.68824609880708,3.996,1.328,2741.422,17
11,24,1.8253563336445804,3.615442391328932,0.0028215031831573,37.78165343867723,0.0006,3.602,2752.016,17
11,24,1.8253563336445804,3.1515774240865992,-4.022674729966414,38.33300064866156,3.996,1.29,2932.578,17
11,24,1.8253563336445804,3.574842892430776,-0.0026401159800122,38.37473150553904,0.0006,3.558,2943.25,17
11,24,1.8253563336445804,3.082846806393326,0.0002962614045272,38.9614402440151,0.0006,0.0,3471.547,17
11,24,1.8253563336445804,3.0933579590223106,-0.000232190556924,38.81524924986505,0.0006,0.0,3482.609,17
11,24,1.8253563336445804,3.241571936679565,0.0021409261982512,32.6099027677784,0.0006,-0.0,4023.109,17
11,24,1.8253563336445804,3.2427597968467494,0.0020379973034462,32.54399188847768,0.0006,0.0,4034.172,17
11,24,1.8253563336445804,3.2437857346464494,-0.0017450140030012,32.43019771407646,0.0006,0.0,4045.203,17
11,24,1.8253563336445804,3.2450227522039223,-0.0029267173453579,32.37086257977165,0.0006,-0.0,4056.188,17
11,24,1.8253563336445804,3.133477572669997,-0.0008314054825504,37.92548181428131,0.0006,0.0,3537.766,17
11,24,1.8253563336445804,3.139778838487458,-0.0006837941027364,37.75012666548126,0.0006,0.0,3548.813,17
11,24,1.8253563336445804,2.937109623513147,0.004027682920085,40.66508972738296,0.0006,-0.0,3383.203,17
11,24,1.8253563336445804,2.966479733553282,-0.0002747113447111,40.39839533822595,0.0006,0.0,3394.219,17
11,24,1.8253563336445804,2.813162221865966,-4.0262484037393325,39.70959984803133,3.996,0.999,3231.531,17
11,24,1.8253563336445804,3.2720235460943954,0.0008231928772955,39.85220450560931,0.0006,3.24,3242.281,17
11,24,1.8253563336445804,2.740865090218279,-4.026944996001737,39.89006885337623,3.996,0.943,3253.063,17
11,24,1.8253563336445804,3.2069622794592823,0.002056956085995,40.01298490836461,0.0006,3.173,3263.797,17
11,24,1.8253563336445804,3.058688439604273,-0.00014698797815,39.3597059590582,0.0006,0.0,3449.406,17
11,24,1.8253563336445804,3.0714055543935643,-0.0012626251629446,39.15222652788015,0.0006,0.0,3460.516,17
11,24,1.8253563336445804,2.4760141988740374,-4.024682914089121,40.18898539313504,3.996,0.757,3296.172,17
11,24,1.8253563336445804,3.0036547923494856,-0.0009378111925005,40.395817049435344,0.0006,2.937,3306.984,17
11,24,1.8253563336445804,2.9906132487537262,-4.022938440896714,39.16519435491327,3.996,1.154,3145.203,17
11,24,1.8253563336445804,3.435011415412693,-0.0008042551352825,39.30402533276773,0.0006,3.411,3155.984,17
11,24,1.8253563336445804,2.9569925892282223,-4.02411117522093,39.31787424044988,3.996,1.124,3166.781,17
11,24,1.8253563336445804,3.4047615417790893,-0.0008376845211846,39.45326337746591,0.0006,3.38,3177.578,17
11,24,1.8253563336445804,2.8406614202539435,-0.0019690175285868,41.024151916121056,0.0006,0.0,3361.141,17
11,24,1.8253563336445804,2.8984189432955465,-0.0038712496170957,40.82107920110809,0.0006,0.0,3372.156,17
11,24,1.8253563336445804,2.870243346560429,-4.02684522846479,39.62495349126452,3.996,1.048,3209.969,17
11,24,1.8253563336445804,3.3248177764805984,0.0008495228873878,39.73371445055028,0.0006,3.294,3220.766,17
11,24,1.8253563336445804,3.082287585457584,-4.024955459554278,38.82143276451014,3.996,1.229,3060.047,17
11,24,1.8253563336445804,3.5164031598494185,-0.0027725595240506,38.91589709411349,0.0006,3.495,3070.703,17
11,24,1.8253563336445804,3.0641523830546173,-4.025315742433179,38.91332088522625,3.996,1.217,3081.375,17
11,24,1.8253563336445804,3.5004744398093783,6.166823056750521e-05,38.95889524676298,0.0006,3.478,3092.047,17
11,24,1.8253563336445804,2.639355299139642,-4.021288318219214,40.07566471143838,3.996,0.865,3274.594,17
11,24,1.8253563336445804,3.122040100101038,0.0005543208721512,40.276019319969706,0.0006,3.075,3285.359,17
11,24,1.8253563336445804,3.217111763733215,-0.0003590241703725,34.34343867429482,0.0006,0.0,3824.609,17
11,24,1.8253563336445804,3.218826767308569,-0.0008992077228431,34.24576957257062,0.0006,0.0,3835.641,17
11,24,1.8253563336445804,3.267148880416047,0.0014068253191527,30.521655677575712,0.0006,-0.0,4376.203,17
11,24,1.8253563336445804,3.2675872541221795,-8.622248495375423e-05,30.44961714299627,0.0006,-0.0,4387.25,17
11,24,1.8253563336445804,3.268380855147928,-0.0005347227493037,30.387074105038813,0.0006,0.0,4398.25,17
11,24,1.8253563336445804,3.2691584922155075,0.0036480615333484,30.352311267006996,0.0006,0.0,4409.281,17
11,24,1.8253563336445804,3.226157823168558,-0.0005236024355952,33.666058254313384,0.0004,0.0,3890.719,17
11,24,1.8253563336445804,3.228038506906677,0.0004279068915016,33.570987672917504,0.0006,0.0,3901.719,17
11,24,1.8253563336445804,3.2015725019233736,6.509360760868931e-05,35.26869517767314,0.0006,0.0,3736.469,17
11,24,1.8253563336445804,3.2038659396099622,0.0034415487035321,35.12627009665091,0.0006,0.0,3747.469,17
11,24,1.8253563336445804,3.155788825361389,-0.0035566756618567,37.26204017790058,0.0006,-0.0,3581.906,17
11,24,1.8253563336445804,3.1601591358509187,-0.0016135404352187,37.11521914945913,0.0006,-0.0,3592.953,17
11,24,1.8253563336445804,3.164623129846434,-0.0005596522918595,36.95949794798763,0.0004,0.0,3603.969,17
11,24,1.8253563336445804,3.1687972665313797,-0.0017774457679146,36.81979915253583,0.0006,0.0,3614.984,17
11,24,1.8253563336445804,3.213788829657911,0.0038972595400692,34.559484090865645,0.0006,0.0,3802.547,17
11,24,1.8253563336445804,3.215438286307992,-0.00113361303123,34.464079296131615,0.0006,0.0,3813.563,17
11,24,1.8253563336445804,3.1793645753509567,-0.0015117938702186,36.400799251120574,0.0006,-0.0,3648.234,17
11,24,1.8253563336445804,3.182754238731567,0.0025427166349626,36.22225314434883,0.0006,0.0,3659.25,17
11,24,1.8253563336445804,3.102590375454079,7.566681612776155e-05,38.57692930967965,0.0006,0.0,3493.641,17
11,24,1.8253563336445804,3.111511400095508,-0.0019422761988691,38.43541939790629,0.0006,0.0,3504.672,17
11,24,1.8253563336445804,3.1196838296334177,-0.0009705715517884,38.26966165692394,0.0006,0.0,3515.688,17
11,24,1.8253563336445804,3.126888157250172,0.0010901821961476,38.09698990853204,0.0006,0.0,3526.719,17
11,24,1.8253563336445804,3.1966584083954723,-0.0012142100419426,35.54237808360953,0.0006,0.0,3714.391,17
11,24,1.8253563336445804,3.1991015444523017,-0.0033793088858012,35.4521154071514,0.0004,-0.0,3725.406,17
11,24,1.8253563336445804,3.1454013289142777,-0.0012863459554646,37.58893180622758,0.0006,0.0,3559.844,17
11,24,1.8253563336445804,3.1507511715819225,-0.0023973890370448,37.41647956250525,0.0006,0.0,3570.859,17
11,24,1.8253563336445804,2.990319665390547,-0.0012529441740895,40.17665927588921,0.0006,0.0,3405.25,17
11,24,1.8253563336445804,3.0107489023934684,0.0005662155297364,39.97865628197743,0.0006,0.0,3416.281,17
11,24,1.8253563336445804,3.028580590669986,0.0002648215203126,39.748353651083136,0.0006,0.0,3427.281,17
11,24,1.8253563336445804,3.044607034043812,-0.0003557612221728,39.56567192265175,0.0004,0.0,3438.344,17
11,24,1.8253563336445804,3.172556965484897,0.0012354171456536,36.66449761874235,0.0004,-0.0,3626.063,17
11,24,1.8253563336445804,3.1763855754987804,-0.0008971237341654,36.5335912305732,0.0006,0.0,3637.125,17
11,24,1.8253563336445804,3.25488228037516,0.0008083119318443,31.57781301938937,0.0006,0.0,4177.688,17
11,24,1.8253563336445804,3.2557305344079266,0.000403029781943,31.519867139028207,0.0006,0.0,4188.703,17
11,24,1.8253563336445804,3.281957217799824,-0.0029809656260297,29.169631305619045,0.0006,0.0,4729.875,17
11,24,1.8253563336445804,3.2824960438426745,0.0005321678450426,29.11742713537589,0.0006,0.0,4740.984,17
11,24,1.8253563336445804,3.2826924301552807,-0.0015063740211257,29.09309531814388,0.0006,0.0,4752.047,17
11,24,1.8253563336445804,3.283238815296198,-0.004111885787944,29.055946293081934,0.0006,0.0,4763.078,17
11,24,1.8253563336445804,3.259464836395575,-0.0016879801471318,31.181404327848718,0.0006,0.0,4243.969,17
11,24,1.8253563336445804,3.2602088114794188,0.0004139871435412,31.11756493075707,0.0006,0.0,4254.984,17
11,24,1.8253563336445804,3.2476528884044606,-0.0012349950956695,32.13747725566161,0.0006,0.0,4089.281,17
11,24,1.8253563336445804,3.248525785749005,-0.0016094610507142,32.056164581465225,0.0006,0.0,4100.313,17
11,24,1.8253563336445804,3.2320088446485418,-0.0016377947914008,33.316957706026926,0.0006,0.0,3934.828,17
11,24,1.8253563336445804,3.233310823255835,-0.0013880914259781,33.23813551345704,0.0006,0.0,3945.859,17
11,24,1.8253563336445804,3.234493052744322,-0.0022087549111936,33.12334166206666,0.0006,0.0,3956.891,17
11,24,1.8253563336445804,3.235908724612956,-0.0002406517452207,33.037028830660056,0.0006,0.0,3967.906,17
11,24,1.8253563336445804,3.252935826887144,-0.0019466784177265,31.69802153561107,0.0006,0.0,4155.531,17
11,24,1.8253563336445804,3.2536628892188197,0.0018317889965563,31.628060691191923,0.0006,0.0,4166.625,17
11,24,1.8253563336445804,3.239271115876458,-0.0013997196533809,32.75098923787788,0.0006,0.0,4001.094,17
11,24,1.8253563336445804,3.240555547642715,-0.0032495474590994,32.6811822824653,0.0006,0.0,4012.125,17
11,24,1.8253563336445804,3.2204467798912857,0.000677602303634,34.11587572713905,0.0006,0.0,3846.609,17
11,24,1.8253563336445804,3.2220564964257807,-0.0012977629390591,33.98494149518403,0.0006,0.0,3857.609,17
11,24,1.8253563336445804,3.2236226219906974,6.94784010057305e-05,33.87873684923164,0.0006,0.0,3868.656,17
11,24,1.8253563336445804,3.2250810725747177,0.0018500547490879,33.80141703353137,0.0006,-0.0,3879.656,17
11,24,1.8253563336445804,3.2459045252900154,-0.0023227459611652,32.30483921745414,0.0006,0.0,4067.219,17
11,24,1.8253563336445804,3.2468812851358417,-0.0018974853245207,32.224463294553736,0.0006,0.0,4078.219,17
11,24,1.8253563336445804,3.229350227029014,-0.0015344315901892,33.47697519929865,0.0006,0.0,3912.781,17
11,24,1.8253563336445804,3.2307244180681978,0.0009781746365581,33.38957359547942,0.0006,0.0,3923.781,17
11,24,1.8253563336445804,3.205996504576614,0.0036662213671219,35.02041317339229,0.0006,-0.0,3758.5,17
11,24,1.8253563336445804,3.2078844703841387,-0.0033691941139202,34.9006572515868,0.0006,0.0,3769.453,17
11,24,1.8253563336445804,3.2096451674430666,0.001675378976478,34.81298866785983,0.0006,0.0,3780.453,17
11,24,1.8253563336445804,3.211626797092608,-0.0019717785880037,34.690273004059506,0.0006,-0.0,3791.5,17
11,24,1.8253563336445804,3.236938727117227,0.0004238765523564,32.95556689878028,0.0006,0.0,3978.938,17
11,24,1.8253563336445804,3.238111530446012,0.0004833339365752,32.85651992232416,0.0006,-0.0,3990.0,17
11,24,1.8253563336445804,3.2749216626087256,-0.0033404559015038,29.81959281102414,0.0006,0.0,4530.875,17
11,24,1.8253563336445804,3.275352347073872,0.002283283609381,29.774475665991577,0.0006,0.0,4541.891,17
11,24,1.8253563336445804,3.29200055214508,0.0003641681361192,28.27034039377766,0.0006,0.0,5083.219,17
11,24,1.8253563336445804,3.292229552785665,-0.0015250026324144,28.25270726219853,0.0006,0.0,5094.219,17
11,24,1.8253563336445804,3.2925587834644667,0.0009185113158537,28.23229882973953,0.0006,0.0,5105.281,17
11,24,1.8253563336445804,3.2927857568303,-0.0010103114549666,28.20957286677202,0.0004,0.0,5116.313,17
11,24,1.8253563336445804,3.277347464377636,-0.0012759187290963,29.591482276299125,0.0006,0.0,4597.172,17
11,24,1.8253563336445804,3.277924973777228,-0.002332570734779,29.56289016492781,0.0006,0.0,4608.203,17
11,24,1.8253563336445804,3.270724885509248,0.0009432687063546,30.19728242213357,0.0006,-0.0,4442.484,17
11,24,1.8253563336445804,3.270948299808166,0.0006994842818654,30.15538876739257,0.0006,0.0,4453.5,17
11,24,1.8253563336445804,3.2621000983361763,9.746343723873745e-06,30.948659446020176,0.0006,0.0,4288.047,17
11,24,1.8253563336445804,3.2629603671847422,-0.0010627549340888,30.90068173464313,0.0006,0.0,4299.078,17
11,24,1.8253563336445804,3.263512351300154,0.0002359806747001,30.807572899771205,0.0006,0.0,4310.094,17
11,24,1.8253563336445804,3.2640963363018,0.0012743738587038,30.75303697628732,0.0004,0.0,4321.094,17
11,24,1.8253563336445804,3.273745339595769,0.0044833668306618,29.92107190133978,0.0004,0.0,4508.797,17
11,24,1.8253563336445804,3.274510267864103,-0.0001796899774161,29.87690263863682,0.0006,0.0,4519.875,17
11,24,1.8253563336445804,3.265881033650109,-6.40902490312656e-05,30.58918994119752,0.0004,0.0,4354.141,17
11,24,1.8253563336445804,3.2664423105829905,-0.0007664041252453,30.560049762119057,0.0006,0.0,4365.156,17
11,24,1.8253563336445804,3.2565435868998875,-0.003200467467445,31.440693034654963,0.0006,-0.0,4199.703,17
11,24,1.8253563336445804,3.257132183420996,-0.0006965838542204,31.4487419598939,0.0006,0.0,4210.75,17
11,24,1.8253563336445804,3.257925529623995,3.327252337454566e-05,31.30691376009174,0.0006,0.0,4221.922,17
11,24,1.8253563336445804,3.258650955883441,-0.0010379922598252,31.230571541433186,0.0006,0.0,4232.969,17
11,24,1.8253563336445804,3.2696103106058008,-0.0011466713003054,30.308288045259403,0.0006,0.0,4420.297,17
11,24,1.8253563336445804,3.27007376303993,-0.0013318083716998,30.24837596428058,0.0006,0.0,4431.313,17
11,24,1.8253563336445804,3.260844138205232,0.0029593850943519,31.06057197790631,0.0006,0.0,4265.969,17
11,24,1.8253563336445804,3.261885531707913,0.003147666385369,31.00162226267,0.0006,0.0,4276.938,17
11,24,1.8253563336445804,3.2493999852343123,0.0007670054042147,32.00147814888619,0.0006,0.0,4111.328,17
11,24,1.8253563336445804,3.250473375147761,-0.000146298808606,31.919913651216373,0.0006,0.0,4122.359,17
11,24,1.8253563336445804,3.251305537703781,-0.0029425823752163,31.86584165652769,0.0006,-0.0,4133.422,17
11,24,1.8253563336445804,3.252059004447683,0.0012013542236842,31.78716920240799,0.0006,0.0,4144.453,17
11,24,1.8253563336445804,3.264612236137036,-0.0037812084815623,30.71629981506296,0.0006,0.0,4332.125,17
11,24,1.8253563336445804,3.2653176148395247,-0.0019396104825035,30.66900135663825,0.0006,-0.0,4343.141,17
11,24,1.8253563336445804,3.2869852795589787,0.0003234404040989,28.724332992949066,0.0006,0.0,4884.469,17
11,24,1.8253563336445804,3.287119801901221,-0.0024917956721312,28.705907062017264,0.0006,0.0,4895.531,17
11,24,1.8253563336445804,3.29921477530308,-0.0013892110197297,27.681306138981505,0.0006,0.0,5436.547,17
11,24,1.8253563336445804,3.299415994262854,0.0009580147491589,27.671608331054664,0.0004,0.0,5447.547,17
11,24,1.8253563336445804,3.299942418118795,-0.0019485683346628,27.650012704861663,0.0006,0.0,5458.578,17
11,24,1.8253563336445804,3.29967287648864,-0.0006299107232596,27.64436361999019,0.0006,-0.0,5469.625,17
11,24,1.8253563336445804,3.288655986614238,-0.0003312639013505,28.56120746053854,0.0006,0.0,4950.688,17
11,24,1.8253563336445804,3.289120362301841,-0.0026429617506957,28.536493486386032,0.0004,0.0,4961.734,17
11,24,1.8253563336445804,3.2843395567106697,0.0008171180718562,28.963421768402164,0.0004,0.0,4796.188,17
11,24,1.8253563336445804,3.2847358199850243,-0.0019176923083537,28.935421614507288,0.0006,0.0,4807.25,17
11,24,1.8253563336445804,3.2790032947694066,-0.0029738606829152,29.43442933111924,0.0004,0.0,4641.313,17
11,24,1.8253563336445804,3.2793531311825475,0.0015918269979466,29.40853916750441,0.0004,0.0,4652.484,17
11,24,1.8253563336445804,3.2798977002944625,0.0016393202900664,29.355391248756124,0.0006,0.0,4663.5,17
11,24,1.8253563336445804,3.280041074181974,-0.0014959580138737,29.32546887903328,0.0006,0.0,4674.656,17
11,24,1.8253563336445804,3.286404416872984,0.0013568990461668,28.78335907780092,0.0006,0.0,4862.453,17
11,24,1.8253563336445804,3.286703202950397,0.001510118073959,28.747328485357677,0.0006,-0.0,4873.422,17
11,24,1.8253563336445804,3.2814193847873145,-0.0001653244686669,29.220556668704035,0.0006,0.0,4707.781,17
11,24,1.8253563336445804,3.2819224469038177,0.0009066806947696,29.187820003465752,0.0006,0.0,4718.859,17
11,24,1.8253563336445804,3.275769647420641,0.0003167078054666,29.751132137078425,0.0006,0.0,4552.922,17
11,24,1.8253563336445804,3.27596813640744,0.000667318812344,29.708900385973312,0.0006,-0.0,4564.094,17
11,24,1.8253563336445804,3.276688149478242,-0.0027291846795817,29.67570714111134,0.0006,0.0,4575.078,17
11,24,1.8253563336445804,3.276878236925534,0.0017340314620686,29.624722198900308,0.0006,-0.0,4586.172,17
11,24,1.8253563336445804,3.2837383882539,0.0038576313394107,29.03584441527905,0.0006,0.0,4774.109,17
11,24,1.8253563336445804,3.284097009005672,0.0002685519793942,29.007468690119776,0.0006,0.0,4785.156,17
11,24,1.8253563336445804,3.278112861223733,-0.0010834577573229,29.508560890057076,0.0006,0.0,4619.203,17
11,24,1.8253563336445804,3.2786130897782204,-0.0018670503461449,29.471563801310232,0.0006,0.0,4630.313,17
11,24,1.8253563336445804,3.271566613411009,-0.0005213904899912,30.10097652084115,0.0006,0.0,4464.531,17
11,24,1.8253563336445804,3.27249612041503,0.0025510760304789,30.06612758742554,0.0006,0.0,4475.578,17
11,24,1.8253563336445804,3.2726960930970805,0.0039237034967044,30.01875255901856,0.0006,0.0,4486.703,17
11,24,1.8253563336445804,3.273145557250935,0.0005799407547554,29.97330768053129,0.0006,0.0,4497.719,17
11,24,1.8253563336445804,3.2807375648557757,-0.0014750305432002,29.28584864005325,0.0006,0.0,4685.703,17
11,24,1.8253563336445804,3.2810418099457075,-0.0018738040481067,29.26529028844228,0.0006,0.0,4696.75,17
11,24,1.8253563336445804,3.2955068384101907,-0.0015492792585082,27.983697754079188,0.0006,-0.0,5237.734,17
11,24,1.8253563336445804,3.2958847311957795,7.450443379082606e-05,27.9640206052367,0.0006,0.0,5248.781,17
11,24,1.8253563336445804,3.3053231215697823,-0.0003876401665574,27.26868417046608,0.0006,-0.0,5790.25,17
11,24,1.8253563336445804,3.3054554282926287,-0.0014057964367095,27.25553116980368,0.0006,0.0,5801.281,17
11,24,1.8253563336445804,3.3056311643367278,-0.0020161349969198,27.242324221744624,0.0004,0.0,5812.375,17
11,24,1.8253563336445804,3.3058780323838244,-0.0020744886239569,27.236584850142933,0.0006,0.0,5823.391,17
11,24,1.8253563336445804,3.296663166419603,-0.0011928586552233,27.875540244667025,0.0006,0.0,5304.094,17
11,24,1.8253563336445804,3.297000902247253,-0.0015850493695391,27.855511348988657,0.0006,0.0,5315.109,17
11,24,1.8253563336445804,3.2935567210022216,-0.0009506276642303,28.14091745235809,0.0006,0.0,5149.406,17
11,24,1.8253563336445804,3.2937122195068738,-0.0025283782656257,28.12277473030162,0.0006,0.0,5160.406,17
11,24,1.8253563336445804,3.289707712881045,9.466609832567336e-05,28.467568502153977,0.0006,0.0,4994.813,17
11,24,1.8253563336445804,3.2902611354278988,-0.0010570120806094,28.44377278014911,0.0006,0.0,5005.875,17
11,24,1.8253563336445804,3.29035996551246,-0.0015581310120735,28.41596803904192,0.0006,0.0,5016.875,17
11,24,1.8253563336445804,3.29076226942476,-0.001885262594181,28.398100498362897,0.0006,0.0,5027.938,17
11,24,1.8253563336445804,3.2949374611934483,0.0003679546371614,28.016365606139058,0.0006,0.0,5215.688,17
11,24,1.8253563336445804,3.2952372986388703,-0.0010566017147664,28.00466566290804,0.0006,0.0,5226.703,17
11,24,1.8253563336445804,3.291558168919606,0.0015188037019933,28.31818857075193,0.0006,0.0,5061.063,17
11,24,1.8253563336445804,3.291696370698417,-0.0021062163125789,28.303878836301703,0.0006,0.0,5072.141,17
11,24,1.8253563336445804,3.2875821344077227,-0.0019880485211098,28.66858373339031,0.0006,0.0,4906.578,17
11,24,1.8253563336445804,3.287946019632783,8.957884433272285e-05,28.63337922704247,0.0006,-0.0,4917.563,17
11,24,1.8253563336445804,3.2881710310353074,-0.0022208958206719,28.605718927640982,0.0006,0.0,4928.625,17
11,24,1.8253563336445804,3.288364220071224,3.935465723881525e-05,28.594698064137415,0.0006,0.0,4939.656,17
11,24,1.8253563336445804,3.2931795723646227,-0.0010659600712722,28.186130193774645,0.0006,-0.0,5127.344,17
11,24,1.8253563336445804,3.2933295206326334,-0.0006472441281164,28.16388152252466,0.0006,0.0,5138.359,17
11,24,1.8253563336445804,3.2891752458408643,-0.0002028996712216,28.51648455634991,0.0004,0.0,4972.766,17
11,24,1.8253563336445804,3.289423937014498,0.0017658175575438,28.488735514770543,0.0006,0.0,4983.781,17
11,24,1.8253563336445804,3.285003434744854,-0.0005031083441074,28.912501580205426,0.0006,0.0,4818.344,17
11,24,1.8253563336445804,3.2852552822846666,-0.0004492207825819,28.87985843605078,0.0006,0.0,4829.344,17
11,24,1.8253563336445804,3.285563529321377,0.0004750354712459,28.85052914080436,0.0006,0.0,4840.406,17
11,24,1.8253563336445804,3.28608324483766,0.0007259987797127,28.81131769096064,0.0006,-0.0,4851.438,17
11,24,1.8253563336445804,3.291180501080865,0.0022758360732998,28.36697529419473,0.0006,0.0,5039.0,17
11,24,1.8253563336445804,3.291400891082515,0.0036499739135727,28.345203312096245,0.0004,0.0,5050.031,17
11,24,1.8253563336445804,3.302126115465107,-0.0007103435422666,27.468938322330366,0.0006,-0.0,5591.141,17
11,24,1.8253563336445804,3.3025043869805484,-0.0041585599973803,27.45722326136357,0.0006,-0.0,5602.234,17
11,24,1.8253563336445804,3.310666092328194,-0.000120432128939,26.95714256556712,0.0006,0.0,6144.094,17
11,24,1.8253563336445804,3.31070898696392,0.0014057778377095,26.95437231942147,0.0006,0.0,6155.125,17
11,24,1.8253563336445804,3.3107860867289616,0.0029275808289791,26.945699278075665,0.0004,0.0,6166.203,17
11,24,1.8253563336445804,3.3109306351673093,-0.0003103932264151,26.939742018279752,0.0006,0.0,6177.281,17
11,24,1.8253563336445804,3.3033312272290165,-0.0014383983985483,27.39101289033536,0.0006,0.0,5657.516,17
11,24,1.8253563336445804,3.303369052052153,0.0016898660165188,27.377025470402284,0.0006,0.0,5668.531,17
11,24,1.8253563336445804,3.300578356346449,0.0013958696782007,27.591179846490817,0.0006,0.0,5502.828,17
11,24,1.8253563336445804,3.300806842707928,-0.0019215698923197,27.58359784999537,0.0006,0.0,5513.891,17
11,24,1.8253563336445804,3.2977162469248875,-0.0005123472964511,27.795148225653712,0.0006,0.0,5348.25,17
11,24,1.8253563336445804,3.2978428533199704,-0.0035280378001256,27.77954546092412,0.0006,0.0,5359.234,17
11,24,1.8253563336445804,3.2981804623656426,-0.0007545749861786,27.77256341072693,0.0006,-0.0,5370.313,17
11,24,1.8253563336445804,3.2982863552520465,-0.0024091064182529,27.7591299644511,0.0006,-0.0,5381.344,17
11,24,1.8253563336445804,3.3018647471730738,0.0004316830010045,27.50417028979305,0.0006,0.0,5569.078,17
11,24,1.8253563336445804,3.3017903064982423,0.0011583609644635,27.485755505667044,0.0006,0.0,5580.125,17
11,24,1.8253563336445804,3.2990695957464444,-0.0017050381716248,27.709537253300635,0.0006,-0.0,5414.5,17
11,24,1.8253563336445804,3.2992817054483408,-0.0009057043013097,27.70442491538792,0.0006,0.0,5425.5,17
11,24,1.8253563336445804,3.2956614093027583,-0.0032796341980899,27.94540153127754,0.0006,0.0,5259.844,17
11,24,1.8253563336445804,3.296068564739248,0.0014351363812968,27.917991315325107,0.0006,0.0,5270.906,17
11,24,1.8253563336445804,3.296307189653381,-0.0032180851568995,27.90195183636796,0.0006,-0.0,5281.984,17
11,24,1.8253563336445804,3.2965100100222866,-0.0003305449937975,27.891990171403087,0.0004,0.0,5293.031,17
11,24,1.8253563336445804,3.300237452900036,-0.0011693762831139,27.62988615821465,0.0004,-0.0,5480.688,17
11,24,1.8253563336445804,3.300105653952989,-4.039221241500735e-05,27.61440290087396,0.0006,0.0,5491.797,17
11,24,1.8253563336445804,3.2973331571259683,-0.0016080272399807,27.841215894461183,0.0004,0.0,5326.156,17
11,24,1.8253563336445804,3.2976022475283058,-0.0026150594437215,27.817877587839572,0.0006,-0.0,5337.203,17
11,24,1.8253563336445804,3.293963030953896,-0.0004331458889965,28.106537232493647,0.0006,0.0,5171.453,17
11,24,1.8253563336445804,3.2941647996930232,-0.0035776042225307,28.08498005611177,0.0006,0.0,5182.5,17
11,24,1.8253563336445804,3.294403927802889,0.0029958358705819,28.057482855360902,0.0006,0.0,5193.516,17
11,24,1.8253563336445804,3.2945592448832377,-0.0022656971381753,28.03096752707058,0.0006,0.0,5204.563,17
11,24,1.8253563336445804,3.2987381342618125,0.0001229059821106,27.73573601874295,0.0006,0.0,5392.391,17
11,24,1.8253563336445804,3.298819014812372,0.0015533798126688,27.718988986308425,0.0006,0.0,5403.406,17
11,24,1.8253563336445804,3.307771389203838,-0.0024343118235285,27.12103242807809,0.0006,0.0,5944.938,17
11,24,1.8253563336445804,3.3079975414944136,-0.0020454373692681,27.117706703592035,0.0004,-0.0,5955.984,17
11,24,1.8253563336445804,3.3139819701014264,-0.0026185792620162,26.821554049809706,0.0006,0.0,6409.125,17
11,24,1.8253563336445804,3.3140079010825487,-0.0013100895069777,26.82619350230957,0.0006,-0.0,6420.203,17
11,24,1.8253563336445804,3.3141497040552244,0.0004014845671488,26.8200655961684,0.0006,-0.0,6431.219,17
11,24,1.8253563336445804,3.3130053798721937,-0.0009136553602212,26.868348478028626,0.0006,0.0,6320.75,17
11,24,1.8253563336445804,3.3087739936560743,0.0020168923014752,27.08021159607481,0.0004,0.0,6011.25,17
11,24,1.8253563336445804,3.308918274449839,-0.0010960674187822,27.06868731420234,0.0006,-0.0,6022.328,17
11,24,1.8253563336445804,3.306303476024764,-0.0029157369892226,27.19644499941014,0.0006,0.0,5856.594,17
11,24,1.8253563336445804,3.3065613115350976,-0.0017901287290471,27.18596792411464,0.0006,-0.0,5867.625,17
11,24,1.8253563336445804,3.303994350419992,-0.0024433828628016,27.341369609308263,0.0006,0.0,5701.766,17
11,24,1.8253563336445804,3.304174549974325,7.257874084990609e-05,27.338191391101088,0.0004,0.0,5712.813,17
11,24,1.8253563336445804,3.304464807848327,-0.0009366820151101,27.329931660839225,0.0006,0.0,5723.953,17
11,24,1.8253563336445804,3.304512681517186,0.0015151645769528,27.32166822172506,0.0006,0.0,5734.984,17
11,24,1.8253563336445804,3.307306341293497,2.691667428412002e-05,27.144101209612533,0.0006,0.0,5922.766,17
11,24,1.8253563336445804,3.3073421413363,-0.0009731793300657,27.13337461900852,0.0006,0.0,5933.844,17
11,24,1.8253563336445804,3.305054498674795,0.0017687114328802,27.27955810841035,0.0006,-0.0,5768.188,17
11,24,1.8253563336445804,3.3050705261560527,-0.0010514022761426,27.269238132817694,0.0006,-0.0,5779.203,17
11,24,1.8253563336445804,3.302578015719025,0.002260814340719,27.44670112878631,0.0006,-0.0,5613.328,17
11,24,1.8253563336445804,3.3026202762708614,-0.0004334522374426,27.43545852386129,0.0006,-0.0,5624.359,17
11,24,1.8253563336445804,3.302734249858033,0.0004165250172184,27.42611255267495,0.0006,0.0,5635.422,17
11,24,1.8253563336445804,3.303141101646505,0.0010449260235961,27.42158302307144,0.0006,0.0,5646.484,17
11,24,1.8253563336445804,3.306175580123227,-0.0023882164945993,27.21974017110616,0.0006,-0.0,5834.469,17
11,24,1.8253563336445804,3.306301081188958,-0.0015740612338405,27.20335029715624,0.0006,0.0,5845.563,17
11,24,1.8253563336445804,3.303660774327217,-0.0010528205254938,27.366670553705365,0.0006,0.0,5679.594,17
11,24,1.8253563336445804,3.303734768570847,-0.0002338705875283,27.3597214737552,0.0004,0.0,5690.719,17
11,24,1.8253563336445804,3.300856676654361,-0.0003634930026975,27.571216079162408,0.0006,0.0,5524.922,17
11,24,1.8253563336445804,3.301176612598682,-0.0023612685176572,27.5543377585007,0.0006,0.0,5535.953,17
11,24,1.8253563336445804,3.301369330865787,0.0002918812990229,27.533696958383132,0.0006,0.0,5547.0,17
11,24,1.8253563336445804,3.301593298830056,-9.981816760673784e-05,27.529795468659103,0.0006,0.0,5558.047,17
11,24,1.8253563336445804,3.304557969989077,-0.0035089157841049,27.30053268110029,0.0006,0.0,5746.031,17
11,24,1.8253563336445804,3.3047622634360074,-0.0049459826706725,27.29139083828984,0.0006,0.0,5757.109,17
11,24,1.8253563336445804,3.694297989823466,-4.023887129582034,26.8417184887512,3.996,1.766,62.813,17
11,24,1.8253563336445804,4.12511711970386,-0.0009676174874881,27.02067031998376,0.0006,4.122,73.406,17
11,24,1.8253563336445804,3.5321116450582237,-4.02503444816152,32.282090900912195,3.996,1.627,594.547,17
11,24,1.8253563336445804,3.9423559207489873,0.0003663186407105,32.37609008157902,0.0006,3.932,605.156,17
11,24,1.8253563336445804,3.526248723332688,-4.02412104708111,32.401447860692066,3.996,1.621,615.844,17
11,24,1.8253563336445804,3.9352324103296423,-0.0005941800753984,32.52614291842156,0.0006,3.926,626.469,17
11,24,1.8253563336445804,3.655763324722257,-4.024346463629688,27.680802973202773,3.996,1.743,126.563,17
11,24,1.8253563336445804,4.092200819303534,-0.0001858598494582,27.852353275356403,0.0006,4.086,137.203,17
11,24,1.8253563336445804,3.7133002664463737,-4.02490545675803,26.53004376952572,3.996,1.777,41.516000000000005,17
11,24,1.8253563336445804,4.139583446983743,-0.0016856696290464,26.72305453422008,0.0006,4.138,52.234,17
11,24,1.8253563336445804,3.311402851452511,0.0022098673438068,26.9319463714606,0.0004,0.0,6210.375,17
11,24,1.8253563336445804,3.311578676340676,-0.0012296119178464,26.930993728581416,0.0006,-0.0,6221.422,17
11,24,1.8253563336445804,3.3092278630332403,0.0020212193102474,27.03318424235282,0.0006,-0.0,6055.578,17
11,24,1.8253563336445804,3.309656011230026,0.001616275621214,27.023004951732563,0.0004,0.0,6066.578,17
11,24,1.8253563336445804,3.3096037049788825,-0.0026346312304714,27.00898099753096,0.0004,0.0,6077.672,17
11,24,1.8253563336445804,3.309612745008494,-0.0008310998778116,26.99748916820563,0.0004,0.0,6088.797,17
11,24,1.8253563336445804,3.310096437835066,-0.0017146551548401,26.972811275295307,0.0006,0.0,6122.0,17
11,24,1.8253563336445804,3.310343221557813,-0.0015371975559538,26.970349374981488,0.0006,-0.0,6133.016,17
11,24,1.8253563336445804,3.30810873616276,-0.0011935454825762,27.102555683384665,0.0006,-0.0,5967.016,17
11,24,1.8253563336445804,3.3082684760826018,-0.0011742645160688,27.10043889095033,0.0006,0.0,5978.047,17
11,24,1.8253563336445804,3.3083022919554512,0.0021453955575051,27.095616309188628,0.0006,0.0,5989.219,17
11,24,1.8253563336445804,3.3084986359538493,-0.0029839703925839,27.082719305587148,0.0006,0.0,6000.266,17
11,24,1.8253563336445804,3.3110453226959806,0.0025290235095728,26.938022171019337,0.0006,0.0,6188.297,17
11,24,1.8253563336445804,3.31123726475405,0.0002184159306521,26.93167018869649,0.0004,0.0,6199.359,17
11,24,1.8253563336445804,3.308993896905014,0.0024857530927696,27.04530825935396,0.0004,0.0,6033.484,17
11,24,1.8253563336445804,3.3091645627231983,-0.0028839376146468,27.041474166833137,0.0006,0.0,6044.516,17
11,24,1.8253563336445804,3.306713682852525,-0.0013040226113852,27.17298018046205,0.0006,0.0,5878.641,17
11,24,1.8253563336445804,3.306943846310768,-0.0010116447560775,27.171215643165123,0.0006,0.0,5889.703,17
11,24,1.8253563336445804,3.307119905568753,0.0017610710518166,27.17300858542972,0.0006,-0.0,5900.734,17
11,24,1.8253563336445804,3.3071914161709985,-0.0005303434577153,27.163135119436703,0.0006,0.0,5911.75,17
11,24,1.8253563336445804,3.3098937857784576,-0.0028292591513909,26.9897326872006,0.0006,-0.0,6099.844,17
11,24,1.8253563336445804,3.3099516145296404,-0.0003705181763073,26.983083618435412,0.0006,0.0,6110.891,17
11,24,1.8253563336445804,3.6132048204774354,-4.024684448149936,29.174500060973955,3.996,1.711,254.125,17
11,24,1.8253563336445804,4.044097389172019,-0.0003556680549068,29.31985942143494,0.0006,4.035,264.703,17
11,24,1.8253563336445804,3.6077838593413833,-4.026821369404213,29.391584293857587,3.995,1.704,275.328,17
11,24,1.8253563336445804,4.037353547349743,-0.0018896474980565,29.53545312910531,0.0006,4.027,285.969,17
12,24,1.8214180552626156,3.5975517231939587,-4.025560743171065,30.60603585967482,3.996,1.7,362.078,16
12,24,1.8214180552626156,4.018745428839342,-0.0010332668712351,30.736100993711307,0.0006,4.01,372.703,16
12,24,1.8214180552626156,3.592389520998643,-4.023935977825976,30.803948217763512,3.996,1.698,383.406,16
12,24,1.8214180552626156,4.065026626187385,-0.0020281531241301,29.27377930445315,0.0008,4.057,223.36,16
12,24,1.8214180552626156,3.587568830170081,-4.0258711220069365,30.995441872069996,3.996,1.692,404.844,16
12,24,1.8214180552626156,4.007429094854044,-0.000336995128166,31.13915268390035,0.0006,3.997,415.516,16
12,24,1.8214180552626156,3.5828768560587148,-4.0257622408329015,31.194590463588487,3.996,1.688,426.172,16
12,24,1.8214180552626156,4.001535514983783,-0.0005272960676366,31.320847155838344,0.0006,3.99,436.797,16
12,24,1.8214180552626156,3.947172495774293,-0.0011915914195993,32.69455702988132,0.0006,3.937,607.844,16
12,24,1.8214180552626156,3.532361057327833,-4.025202680458602,32.7459063185879,3.996,1.642,618.656,16
12,24,1.8214180552626156,3.939769377666144,0.0005958406568637,32.842845317938604,0.0006,3.93,629.328,16
12,24,1.8214180552626156,4.1317223092510575,-0.0002024853623668,27.45057921126832,0.0006,4.129,73.797,16
12,24,1.8214180552626156,3.6074522482436806,-4.022576224432643,30.22831736023299,3.996,1.71,319.391,16
12,24,1.8214180552626156,4.030460265107547,-0.0002627273066108,30.34730513742987,0.0006,4.021,330.063,16
12,24,1.8214180552626156,3.6024481986610186,-4.025676974398955,30.415050696655776,3.996,1.705,340.703,16
12,24,1.8214180552626156,4.024550960412866,-7.829456465543692e-05,30.55174587106048,0.0006,4.016,351.406,16
12,24,1.8214180552626156,3.975872654717485,0.0018550929136827,32.06057007922659,0.0006,3.964,522.391,16
12,24,1.8214180552626156,3.5560689361917306,-4.024337191408216,32.11127715317897,3.996,1.668,533.094,16
12,24,1.8214180552626156,3.968660979530728,-0.0004811963149712,32.22524111409425,0.0006,3.957,543.735,16
12,24,1.8214180552626156,3.5499064781563883,-4.025662995964626,32.291973387351256,3.996,1.661,554.547,16
12,24,1.8214180552626156,3.837162485628266,-0.0005969727917805,33.62132824712761,0.0006,3.831,1077.875,16
12,24,1.8214180552626156,3.544264643658525,-4.026408972401216,32.451067233959094,3.996,1.655,575.86,16
12,24,1.8214180552626156,3.954245685997492,-0.0011041736027208,32.55263216659082,0.0006,3.944,586.5,16
12,24,1.8214180552626156,3.53855092401712,-4.026194881483832,32.59722624398281,3.996,1.649,597.156,16
12,24,1.8214180552626156,3.828511530072854,0.0011310145161761,33.73488603226003,0.0006,3.82,1120.547,16
12,24,1.8214180552626156,3.422329435010271,-4.025141512244856,33.71459679117578,3.996,1.551,1131.219,16
12,24,1.8214180552626156,3.824206879483497,0.0011838923427037,33.789264927499595,0.0006,3.817,1141.875,16
12,24,1.8214180552626156,3.4179645069155438,-4.02536243409632,33.822554113877544,3.996,1.547,1152.594,16
12,24,1.8214180552626156,3.854797120898804,-0.001378269057144,33.426396283189625,0.0006,3.848,992.328,16
12,24,1.8214180552626156,3.567171684322437,-4.0247807599730026,31.727862883205752,3.996,1.677,490.266,16
12,24,1.8214180552626156,3.982740352209533,0.0018373976693568,31.874083749670717,0.0006,3.97,500.953,16
12,24,1.8214180552626156,3.5614211832025475,-4.02579897265958,31.938969212232077,3.996,1.672,511.703,16
12,24,1.8214180552626156,3.629917724231987,-4.027235679656621,29.35440190173308,3.996,1.73,234.031,16
12,24,1.8214180552626156,4.057486306828396,0.0007034422925469,29.49536681371885,0.0006,4.049,244.688,16
12,24,1.8214180552626156,3.623776160018217,-4.023991765352363,29.572587459665264,3.996,1.726,255.391,16
12,24,1.8214180552626156,4.050442987879853,-0.0034150579274723,29.721737988765973,0.0006,4.042,266.125,16
12,24,1.8214180552626156,3.6181633754130775,-4.026324570234388,29.80023210464825,3.996,1.719,276.781,16
12,24,1.8214180552626156,4.043351406711865,-0.0008109899141871,29.93880754635037,0.0006,4.033,287.453,16
12,24,1.8214180552626156,3.527025668753299,-4.024895043119359,32.862703194408226,3.996,1.637,639.969,16
12,24,1.8214180552626156,3.989142837281904,0.0004577314765318,31.674653019883905,0.0006,3.977,479.547,16
12,24,1.8214180552626156,3.6594825257521024,-4.024255173186523,28.36681780476312,3.996,1.749,148.578,16
12,24,1.8214180552626156,4.089857115918608,-0.0010037283682083,28.529149576943052,0.0006,4.083,159.235,16
12,24,1.8214180552626156,3.651038626958265,-4.025518007395955,28.6273048249445,3.996,1.744,169.906,16
12,24,1.8214180552626156,4.081232484884407,-0.0009775823067383,28.783552503068798,0.0006,4.073,180.578,16
12,24,1.8214180552626156,3.643620425684166,-4.024617093862617,28.86589891138536,3.996,1.738,191.235,16
12,24,1.8214180552626156,4.073180781348002,-0.0004749808481895,29.016153810394677,0.0006,4.065,201.922,16
12,24,1.8214180552626156,3.636217441744976,-4.024957831164881,29.116301829489387,3.996,1.734,212.688,16
12,24,1.8214180552626156,3.910358999377664,-0.0005693662262094,33.199238986948686,0.0006,3.904,735.797,16
12,24,1.8214180552626156,3.501524816721229,-4.023295430124896,33.21832171637799,3.996,1.61,746.485,16
12,24,1.8214180552626156,3.9055386662258513,0.0002058675860521,33.277992889662215,0.0006,3.899,757.156,16
12,24,1.8214180552626156,3.496578810470406,-4.025900827253623,33.20526686524294,3.996,1.605,767.875,16
12,24,1.8214180552626156,3.9008098544978496,-0.0011603827199876,33.25849325015157,0.0006,3.894,778.531,16
12,24,1.8214180552626156,3.491915664719349,-4.024816963993129,33.206380538278026,3.996,1.6,789.203,16
12,24,1.8214180552626156,3.8961132951132544,-0.0019107981974747,33.25694614929848,0.0006,3.89,799.844,16
12,24,1.8214180552626156,3.4873935446444304,-4.022509589094434,33.19428354753793,3.996,1.595,810.547,16
12,24,1.8214180552626156,3.9331467375029967,-0.000644844426471,32.96598517108292,0.0006,3.924,650.625,16
12,24,1.8214180552626156,3.5779340990201693,-4.025636474157683,31.37576146451865,3.996,1.686,447.469,16
12,24,1.8214180552626156,3.668735665435555,-4.024275808199467,28.118619587489054,3.996,1.754,127.235,16
12,24,1.8214180552626156,4.108725783172007,0.0002892085021478,28.01232182242757,0.0006,4.103,116.531,16
12,24,1.8214180552626156,3.679589210417884,-4.02589892448637,27.856833932204975,3.996,1.761,105.828,16
12,24,1.8214180552626156,4.119655742344708,3.574345137453747e-05,27.742125103883964,0.0008,4.115,95.156,16
12,24,1.8214180552626156,3.692226080227841,-4.024687989036315,27.564021353669837,3.996,1.767,84.469,16
12,24,1.8214180552626156,3.5063174192247377,-4.024682138164707,33.1699542705536,3.996,1.615,725.172,16
12,24,1.8214180552626156,3.961384282610669,-0.0011357302539049,32.41643535597519,0.0006,3.949,565.188,16
12,24,1.8214180552626156,3.3988235894323444,-4.024954840671055,34.121408080197725,3.996,1.528,1259.328,16
12,24,1.8214180552626156,3.799301915690066,0.0015361602754711,34.20297178709095,0.0006,3.792,1270.031,16
12,24,1.8214180552626156,3.3950830247956345,-4.024022938798118,34.21277619304225,3.996,1.524,1280.688,16
12,24,1.8214180552626156,3.795228727008584,-0.0025560354504444,34.2691144164987,0.0006,3.788,1291.344,16
12,24,1.8214180552626156,3.391211351560289,-4.023261956196952,34.23637300101513,3.996,1.519,1302.031,16
12,24,1.8214180552626156,3.7913649827032696,-0.0038134677692691,34.29445671648348,0.0006,3.784,1312.672,16
12,24,1.8214180552626156,3.3872770241035743,-4.02532548274385,34.32079992758939,3.996,1.515,1323.422,16
12,24,1.8214180552626156,3.819828011483772,0.0003785561296315,33.86278741224369,0.0006,3.812,1163.297,16
12,24,1.8214180552626156,3.4141399715417955,-4.025147907508188,33.876961276825185,3.996,1.543,1173.969,16
12,24,1.8214180552626156,3.815726703189532,-0.002437540441245,33.90993923673226,0.0006,3.808,1184.625,16
12,24,1.8214180552626156,3.410287526025513,-4.0237487012267525,33.90822005866348,3.996,1.539,1195.328,16
12,24,1.8214180552626156,3.81155374983234,-0.0024496047487956,33.97275585523839,0.0006,3.804,1205.953,16
12,24,1.8214180552626156,3.406340146981909,-4.023683329068704,33.97984832845695,3.996,1.534,1216.594,16
12,24,1.8214180552626156,3.80741164403737,0.0013945617373421,34.036165230285505,0.0006,3.8,1227.25,16
12,24,1.8214180552626156,3.4025258616019345,-4.025749145143481,34.02327642969471,3.996,1.532,1237.922,16
12,24,1.8214180552626156,3.719004840959229,0.0002367575542194,35.57680517547393,0.0006,3.712,1760.703,16
12,24,1.8214180552626156,3.3181416216012423,-4.025701713114955,35.481451341612825,3.996,1.45,1771.422,16
12,24,1.8214180552626156,3.7161620116262153,0.0001532164300914,35.55269331191974,0.0006,3.71,1782.125,16
12,24,1.8214180552626156,3.315210712579698,-4.024338153689309,35.57695597437057,3.996,1.447,1792.844,16
12,24,1.8214180552626156,3.7134546026106303,-0.0005637174544847,35.60732222902267,0.0006,3.708,1803.531,16
12,24,1.8214180552626156,3.3126211179212115,-4.025552375178452,35.59100116397236,3.996,1.443,1814.172,16
12,24,1.8214180552626156,3.710644760621356,-0.0006929483114167,35.646406982740096,0.0006,3.704,1824.797,16
12,24,1.8214180552626156,3.3097416363294063,-4.024696990889987,35.6605091687139,3.996,1.441,1835.469,16
12,24,1.8214180552626156,3.731043529884313,-0.0032842374256768,35.2571543760384,0.0006,3.724,1675.422,16
12,24,1.8214180552626156,3.330185247720246,-4.024997772974037,35.31491366412803,3.996,1.453,1686.078,16
12,24,1.8214180552626156,3.727991487745265,-0.0013645141248117,35.40347445860139,0.0006,3.722,1696.75,16
12,24,1.8214180552626156,3.3270150341539413,-4.024492738714186,35.42133226450141,3.996,1.457,1707.453,16
12,24,1.8214180552626156,3.724847942489345,-0.0011310826052598,35.46160797771489,0.0006,3.719,1718.078,16
12,24,1.8214180552626156,3.323930390848771,-4.026126387864819,35.43267437614569,3.996,1.454,1728.719,16
12,24,1.8214180552626156,3.721998083229983,-0.0011318408561941,35.44288791735407,0.0006,3.716,1739.375,16
12,24,1.8214180552626156,3.321373487865971,-4.02351566786678,35.50934776162314,3.996,1.451,1750.063,16
12,24,1.8214180552626156,3.744125406710213,-0.0012332588251855,35.0846734999137,0.0006,3.738,1590.25,16
12,24,1.8214180552626156,3.3426934223782934,-4.024328877103847,35.09791439739,3.996,1.469,1600.875,16
12,24,1.8214180552626156,3.740770850710839,-0.0011511776260834,35.14787897529337,0.0006,3.734,1611.516,16
12,24,1.8214180552626156,3.3393959495854357,-4.02443195711456,35.13408446669438,3.996,1.464,1622.188,16
12,24,1.8214180552626156,3.7371970588455823,-0.0004537825873648,35.20992421260304,0.0006,3.731,1632.828,16
12,24,1.8214180552626156,3.336312569850534,-4.022733789085494,35.18846223268918,3.996,1.459,1643.485,16
12,24,1.8214180552626156,3.734366080999446,0.002356817871237,35.266469790760056,0.0006,3.728,1654.141,16
12,24,1.8214180552626156,3.333096466127239,-4.024044187127481,35.22073780290658,3.996,1.454,1664.813,16
12,24,1.8214180552626156,3.758021635913042,0.0005129697263675,34.876210352515294,0.0006,3.752,1504.813,16
12,24,1.8214180552626156,3.355913715055614,-4.024698875502569,34.90640223637021,3.996,1.483,1515.5,16
12,24,1.8214180552626156,3.754503212447204,-0.0023170650495584,34.92020739659917,0.0006,3.748,1526.172,16
12,24,1.8214180552626156,3.3525207417668588,-4.022678119056249,34.96789580292081,3.996,1.479,1536.875,16
12,24,1.8214180552626156,3.750523068878881,0.0040146108089044,34.98157563985432,0.0006,3.744,1547.547,16
12,24,1.8214180552626156,3.3487923090774387,-4.026067879002635,35.00968911875078,3.996,1.475,1558.266,16
12,24,1.8214180552626156,3.74729110738982,0.001970999376209,35.05102639081666,0.0006,3.741,1568.953,16
12,24,1.8214180552626156,3.345824944993854,-4.024629118923265,35.02237047282572,3.996,1.471,1579.578,16
12,24,1.8214180552626156,3.680852597388147,-0.0013986742563691,36.27446984250948,0.0006,3.674,2102.391,16
12,24,1.8214180552626156,3.278377496815533,-4.025640688131515,36.27602283881151,3.996,1.41,2113.172,16
12,24,1.8214180552626156,3.679017750771548,0.0017471727399609,36.283345438240936,0.0006,3.672,2123.875,16
12,24,1.8214180552626156,3.2765614849537337,-4.026408225202257,36.328078585587534,3.996,1.409,2134.578,16
12,24,1.8214180552626156,3.677010866774349,-0.000490740970476,36.37344915787868,0.0006,3.67,2145.266,16
12,24,1.8214180552626156,3.274567797259756,-4.023828234801318,36.33999122019814,3.996,1.406,2155.969,16
12,24,1.8214180552626156,3.675330425610824,-0.0004278079459687,36.42547572754169,0.0006,3.668,2166.641,16
12,24,1.8214180552626156,3.2725806634471954,-4.024394584303814,36.36936362096556,3.996,1.401,2177.344,16
12,24,1.8214180552626156,3.689181447293087,-0.0007543519661299,36.04345636914279,0.0006,3.683,2016.844,16
12,24,1.8214180552626156,3.2874471259294014,-4.025111244232163,36.08662708714402,3.996,1.419,2027.61,16
12,24,1.8214180552626156,3.686879490550903,-0.0001506925803199,36.12048450573182,0.0006,3.68,2038.281,16
12,24,1.8214180552626156,3.285358689436891,-4.02679007311288,36.145790017939234,3.996,1.417,2048.969,16
12,24,1.8214180552626156,3.6848243048661233,0.0005089789047634,36.18191683914314,0.0006,3.678,2059.641,16
12,24,1.8214180552626156,3.283093357395884,-4.024235945948257,36.19165621314613,3.996,1.415,2070.391,16
12,24,1.8214180552626156,3.682835161100273,-0.003312014193331,36.26208724114111,0.0006,3.676,2081.047,16
12,24,1.8214180552626156,3.2809614751105256,-4.026001018393172,36.2816788029377,3.996,1.413,2091.75,16
12,24,1.8214180552626156,3.698084755905064,-4.805703775408413e-05,35.84148775948169,0.0006,3.692,1931.422,16
12,24,1.8214180552626156,3.2970969267769754,-4.024612967642436,35.8779685633318,3.996,1.429,1942.125,16
12,24,1.8214180552626156,3.6955250571556615,0.0002381890961833,35.93642418455146,0.0006,3.689,1952.766,16
12,24,1.8214180552626156,3.2945117126572554,-4.023450656841238,35.97168866236934,3.996,1.426,1963.469,16
12,24,1.8214180552626156,3.6933812768751166,7.16571057389457e-05,35.97313454487537,0.0004,3.687,1974.141,16
12,24,1.8214180552626156,3.2922387731916736,-4.023515391257064,35.97054279580078,3.996,1.423,1984.813,16
12,24,1.8214180552626156,3.690933762632843,0.0009879405431638,36.0327445426449,0.0006,3.685,1995.485,16
12,24,1.8214180552626156,3.289915514770503,-4.023895099996009,35.996667074124545,3.996,1.421,2006.156,16
12,24,1.8214180552626156,3.7080024051149145,-0.000386998960923,35.73620261663449,0.0006,3.702,1846.125,16
12,24,1.8214180552626156,3.307126777176894,-4.024433174722987,35.70450620623951,3.996,1.438,1856.781,16
12,24,1.8214180552626156,3.7054122588599863,-2.4392980711798988e-05,35.76508530243015,0.0006,3.7,1867.438,16
12,24,1.8214180552626156,3.3044899093504703,-4.025239691713187,35.76246121998135,3.996,1.435,1878.094,16
12,24,1.8214180552626156,3.702757570974654,-0.0003153066617769,35.79532374788211,0.0006,3.698,1888.719,16
12,24,1.8214180552626156,3.3018374106124653,-4.025015139166434,35.81580446650309,3.996,1.433,1899.422,16
12,24,1.8214180552626156,3.700355397578429,-0.000545957781927,35.8498323895034,0.0006,3.694,1910.094,16
12,24,1.8214180552626156,3.2994931091114696,-4.024914579132655,35.84465161939533,3.996,1.431,1920.735,16
12,24,1.8214180552626156,3.652849638871468,-0.0009158000038466,37.188087139298034,0.0006,3.644,2444.672,16
12,24,1.8214180552626156,3.244864370125164,-4.026687946495029,37.15692968014015,3.996,1.376,2455.406,16
12,24,1.8214180552626156,3.651093087465382,-0.0013887294028683,37.18448954968224,0.0006,3.641,2466.11,16
12,24,1.8214180552626156,3.24209981348997,-4.02336482084889,37.19992990761907,3.996,1.375,2476.86,16
12,24,1.8214180552626156,3.649075581839502,-0.0017256938091119,37.30693528870256,0.0006,3.641,2487.563,16
12,24,1.8214180552626156,3.239464063204838,-4.025952176328345,37.32657432354688,3.996,1.373,2498.281,16
12,24,1.8214180552626156,3.646779876110248,-0.0001084685675805,37.396852789240384,0.0006,3.638,2508.969,16
12,24,1.8214180552626156,3.2371659070300622,-4.024621162778363,37.36620786599836,3.996,1.371,2519.703,16
12,24,1.8214180552626156,3.6597441746921153,-0.000429481075353,36.89100110215436,0.0006,3.651,2359.094,16
12,24,1.8214180552626156,3.253496683596505,-4.024237253862428,36.91237039451104,3.996,1.384,2369.766,16
12,24,1.8214180552626156,3.658242052071158,-0.0027560487549561,36.948534781045176,0.0006,3.65,2380.453,16
12,24,1.8214180552626156,3.2512946977346684,-4.025479382825117,36.95156160197601,3.996,1.383,2391.141,16
12,24,1.8214180552626156,3.656584435723518,-0.0015301134405805,37.01511873355844,0.0006,3.648,2401.844,16
12,24,1.8214180552626156,3.249058932733265,-4.022995159191043,36.96639592866656,3.996,1.381,2412.578,16
12,24,1.8214180552626156,3.654604865465237,0.0016748563085602,37.04247197206512,0.0006,3.646,2423.266,16
12,24,1.8214180552626156,3.246763479988792,-4.02705291319533,37.11512868516747,3.996,1.38,2433.938,16
12,24,1.8214180552626156,3.666716242568641,-0.0006800488515346,36.72693188574235,0.0006,3.659,2273.563,16
12,24,1.8214180552626156,3.262266912038775,-4.027595208325832,36.65171265816045,3.996,1.388,2284.25,16
12,24,1.8214180552626156,3.665028736443196,-0.0003855960848216,36.715885478005255,0.0006,3.657,2294.891,16
12,24,1.8214180552626156,3.260013682521216,-4.023475581142894,36.698684495011605,3.996,1.387,2305.61,16
12,24,1.8214180552626156,3.6630337762790215,0.0003637187387919,36.803805570786615,0.0006,3.656,2316.281,16
12,24,1.8214180552626156,3.2578468251618498,-4.023627169755488,36.797266098692425,3.996,1.387,2327.016,16
12,24,1.8214180552626156,3.66144964853152,-0.0030565865557553,36.79376973659729,0.0006,3.654,2337.719,16
12,24,1.8214180552626156,3.255641425820597,-4.024988482564342,36.87671403486209,3.996,1.385,2348.438,16
12,24,1.8214180552626156,3.673809589755136,-0.0020521681951603,36.47115868583396,0.0006,3.666,2188.047,16
12,24,1.8214180552626156,3.270661304653037,-4.023953111693408,36.45182332513193,3.996,1.397,2198.735,16
12,24,1.8214180552626156,3.67200580000537,-0.0008141463853867,36.47183526923238,0.0006,3.664,2209.453,16
12,24,1.8214180552626156,3.26875756739798,-4.024696100388714,36.49475937830916,3.996,1.391,2220.11,16
12,24,1.8214180552626156,3.670325145578444,-0.0004477044665802,36.60680510400042,0.0006,3.663,2230.797,16
12,24,1.8214180552626156,3.266394338867806,-4.025045891071833,36.5636091053213,3.996,1.389,2241.485,16
12,24,1.8214180552626156,3.66861819138549,-0.0013537120724206,36.61755433841596,0.0006,3.661,2252.219,16
12,24,1.8214180552626156,3.2642660116832745,-4.024441829396523,36.61738272436015,3.996,1.389,2262.922,16
12,24,1.8214180552626156,3.613573859676329,0.0020538933119134,38.18725126250115,0.0006,3.599,2786.485,16
12,24,1.8214180552626156,3.1935047784860218,-4.025718175021924,38.22403388901523,3.996,1.337,2797.266,16
12,24,1.8214180552626156,3.6099541607583534,0.0008103505146651,38.253321242076986,0.0006,3.597,2807.969,16
12,24,1.8214180552626156,3.1890907655647776,-4.025533138116388,38.26371200555411,3.996,1.332,2818.656,16
12,24,1.8214180552626156,3.6062757289881726,0.0001992927022116,38.23904838739789,0.0006,3.593,2829.375,16
12,24,1.8214180552626156,3.1846901695184404,-4.024610318450721,38.30698515621894,3.996,1.328,2840.016,16
12,24,1.8214180552626156,3.60224169812516,0.0008054599060988,38.411410540009925,0.0006,3.587,2850.688,16
12,24,1.8214180552626156,3.1795000841118477,-4.025140156232999,38.39958937741888,3.996,1.326,2861.36,16
12,24,1.8214180552626156,3.62611201574678,-0.0008345010295588,37.95569706027763,0.0006,3.615,2701.047,16
12,24,1.8214180552626156,3.210178695634945,-4.026238445361301,37.93503316068218,3.996,1.349,2711.719,16
12,24,1.8214180552626156,3.623255628427726,0.0019293767282628,38.01560743637722,0.0006,3.61,2722.375,16
12,24,1.8214180552626156,3.206603809889582,-4.026089513943276,37.983918173854704,3.996,1.348,2733.047,16
12,24,1.8214180552626156,3.6201967523755223,0.0017268791046459,38.051353526096094,0.0006,3.607,2743.703,16
12,24,1.8214180552626156,3.202258998658258,-4.023314081225338,38.03874743371528,3.996,1.344,2754.469,16
12,24,1.8214180552626156,3.617019835593263,-0.0002560198681187,38.09898622126586,0.0006,3.603,2765.141,16
12,24,1.8214180552626156,3.198309327733866,-4.024749082289612,38.10741813653475,3.996,1.341,2775.828,16
12,24,1.8214180552626156,3.6361082015614175,-0.0016325831456697,37.68407863591557,0.0006,3.625,2615.766,16
12,24,1.8214180552626156,3.223081479147142,-4.02645248208312,37.64210184093212,3.996,1.361,2626.453,16
12,24,1.8214180552626156,3.633890404989974,-0.0026127311797672,37.72050019566485,0.0006,3.622,2637.125,16
12,24,1.8214180552626156,3.220248686488815,-4.02710796248208,37.70365446613386,3.996,1.359,2647.766,16
12,24,1.8214180552626156,3.631268974579609,0.0007831822387065,37.81820923834979,0.0006,3.62,2658.391,16
12,24,1.8214180552626156,3.217073533995768,-4.023563846434899,37.75631491881927,3.996,1.355,2669.031,16
12,24,1.8214180552626156,3.62889210158266,-0.0013829062552679,37.86503192384896,0.0006,3.618,2679.719,16
12,24,1.8214180552626156,3.213676881292368,-4.025770751549117,37.858596725126674,3.996,1.352,2690.406,16
12,24,1.8214180552626156,3.645004199757535,-0.0014799660295291,37.42654466643633,0.0006,3.636,2530.36,16
12,24,1.8214180552626156,3.234483224290596,-4.025704537707641,37.39907928453751,3.996,1.369,2541.031,16
12,24,1.8214180552626156,3.642976878981631,-0.0004588855028944,37.47633516535733,0.0006,3.634,2551.719,16
12,24,1.8214180552626156,3.2319535518257263,-4.023391418353253,37.483567909139936,3.996,1.367,2562.36,16
12,24,1.8214180552626156,3.640611774126526,0.0017820413175845,37.570865733990274,0.0006,3.63,2572.953,16
12,24,1.8214180552626156,3.228642642488198,-4.026290419067166,37.53773252478575,3.996,1.363,2583.735,16
12,24,1.8214180552626156,3.638445245142399,0.0018007301674928,37.61203626281356,0.0006,3.629,2594.453,16
12,24,1.8214180552626156,3.225966975750051,-4.025274418692236,37.58965426926483,3.996,1.361,2605.125,16
12,24,1.8214180552626156,3.476315904275712,0.0007107098255835,39.50901529750797,0.0006,3.453,3128.297,16
12,24,1.8214180552626156,3.009829746683759,-4.025028976995377,39.50464514016887,3.996,1.183,3138.985,16
12,24,1.8214180552626156,3.453003030833902,-0.0020796782017123,39.57992226127823,0.0006,3.429,3149.672,16
12,24,1.8214180552626156,2.9780492331949504,-4.026483603076563,39.57899310446045,3.996,1.156,3160.469,16
12,24,1.8214180552626156,3.424449598566841,-0.0033671161784153,39.70166644410726,0.0006,3.397,3171.11,16
12,24,1.8214180552626156,2.9414392715349216,-4.025002619575415,39.735564218911385,3.996,1.124,3181.781,16
12,24,1.8214180552626156,3.3914517994232765,-0.0003728211688662,39.82223147927802,0.0006,3.364,3192.422,16
12,24,1.8214180552626156,2.896935237716885,-4.025833015695779,39.8608299799238,3.996,1.086,3203.219,16
12,24,1.8214180552626156,3.540018161098043,0.0009733937217756,39.07183727065746,0.0006,3.521,3042.938,16
12,24,1.8214180552626156,3.0954615992923977,-4.024299314404353,39.00529630716837,3.996,1.254,3053.625,16
12,24,1.8214180552626156,3.5275908223636447,0.0011470478834918,39.13779902950233,0.0006,3.509,3064.266,16
12,24,1.8214180552626156,3.078793442058013,-4.024248124837482,39.14798322655225,3.996,1.239,3074.938,16
12,24,1.8214180552626156,3.513565524212026,-0.0012390258924001,39.2319707872055,0.0006,3.491,3085.656,16
12,24,1.8214180552626156,3.0596756956400064,-4.023442023786057,39.25896648994509,3.996,1.223,3096.328,16
12,24,1.8214180552626156,3.4962041448454912,-3.158992280104528e-05,39.38288582400405,0.0006,3.473,3106.953,16
12,24,1.8214180552626156,3.036330341331276,-4.024188418317744,39.404632093828496,3.996,1.206,3117.641,16
12,24,1.8214180552626156,3.575099149414924,0.0028586434715581,38.72192092456309,0.0006,3.558,2957.516,16
12,24,1.8214180552626156,3.143020088125945,-4.024795825734065,38.70009556113764,3.996,1.295,2968.235,16
12,24,1.8214180552626156,3.5679409772353887,-0.0001617383351728,38.80383296997197,0.0006,3.551,2978.922,16
12,24,1.8214180552626156,3.133546081548181,-4.026170515191249,38.82087936231776,3.996,1.287,2989.61,16
12,24,1.8214180552626156,3.5596876737201697,-0.001493952336932,38.92064167190719,0.0006,3.542,3000.266,16
12,24,1.8214180552626156,3.1226525977709234,-4.026240151065543,38.91790195821265,3.996,1.277,3010.922,16
12,24,1.8214180552626156,3.5505835835460844,-0.0010701539132949,38.9999854015062,0.0006,3.533,3021.578,16
12,24,1.8214180552626156,3.11000266371876,-4.025686759141467,38.98205652778057,3.996,1.266,3032.266,16
12,24,1.8214180552626156,3.597658735574352,8.285034168478524e-05,38.43801352922891,0.0006,3.583,2872.016,16
12,24,1.8214180552626156,3.1734890494356813,-4.027449120379512,38.45961828598366,3.996,1.321,2882.672,16
12,24,1.8214180552626156,3.5930292309834813,-0.0008467604723607,38.57227999998202,0.0006,3.578,2893.438,16
12,24,1.8214180552626156,3.1673673260659188,-4.027191182013457,38.54555708734103,3.996,1.314,2904.203,16
12,24,1.8214180552626156,3.5877602743914547,-0.0011378552150539,38.60713090691603,0.0006,3.571,2914.86,16
12,24,1.8214180552626156,3.160052347562221,-4.025317295746127,38.58158169263695,3.996,1.31,2925.563,16
12,24,1.8214180552626156,3.5816130192874707,-0.0011697515080949,38.68950861869633,0.0006,3.565,2936.203,16
12,24,1.8214180552626156,3.1521013095785126,-4.026843966510009,38.705627167610025,3.996,1.303,2946.875,16
12,24,1.8214180552626156,3.137328697311506,0.0008405844656703,39.03515548080512,0.0006,0.0,3475.86,16
12,24,1.8214180552626156,3.1470659825353797,0.0013456249719909,38.85504102288645,0.0006,0.0,3486.953,16
12,24,1.8214180552626156,3.155707141007641,2.6488384529832927e-05,38.66836129877654,0.0006,0.0,3498.047,16
12,24,1.8214180552626156,3.1639036177168283,-0.0016325875795784,38.49786810817436,0.0006,-0.0,3509.094,16
12,24,1.8214180552626156,3.171323944317065,-0.0007129111443929,38.35625937625363,0.0006,0.0,3520.172,16
12,24,1.8214180552626156,3.177658394409828,-0.0037663557806459,38.16343680456753,0.0006,0.0,3531.344,16
12,24,1.8214180552626156,3.183958000669899,0.0007246126368144,38.01821222623578,0.0006,0.0,3542.469,16
12,24,1.8214180552626156,3.1896665977990075,-0.0020127355638256,37.86147999551508,0.0006,0.0,3553.516,16
12,24,1.8214180552626156,3.003226657163512,-0.0065081148271462,40.57364447280539,0.0006,0.0,3387.156,16
12,24,1.8214180552626156,3.028062339054288,-0.0009025581733357,40.31099961886286,0.0006,0.0,3398.25,16
12,24,1.8214180552626156,3.049857026968669,0.0036852705395947,40.148662756100826,0.0006,0.0,3409.281,16
12,24,1.8214180552626156,3.068653946305953,0.0008386270701686,39.94344698406792,0.0006,-0.0,3420.36,16
12,24,1.8214180552626156,3.085730992777092,-0.0012948025654171,39.76191402150102,0.0006,0.0,3431.453,16
12,24,1.8214180552626156,3.1007489561255928,0.0016325753579953,39.5745002639687,0.0006,0.0,3442.594,16
12,24,1.8214180552626156,3.114391282049318,0.0009310924276587,39.37389950403733,0.0006,0.0,3453.672,16
12,24,1.8214180552626156,3.1264981585777685,-0.0013112889668738,39.21497231223748,0.0006,0.0,3464.781,16
12,24,1.8214180552626156,3.070614283158263,0.0027473279358855,40.63003349461084,0.0006,3.015,3299.422,16
12,24,1.8214180552626156,2.3441849392207605,-4.023573026334686,40.68043509183518,3.996,0.703,3310.297,16
12,24,1.8214180552626156,2.930290199099554,0.0003148862600265,40.818200102903305,0.0006,2.839,3321.11,16
12,24,1.8214180552626156,1.9099130781506344,-3.8985191362642735,40.92384510085515,3.996,0.48,3331.922,16
12,24,1.8214180552626156,2.778768812438158,0.0009531470913804,41.20659187421087,0.0006,0.0,3342.86,16
12,24,1.8214180552626156,2.882003485789825,-0.0005963743060293,41.13070771055413,0.0006,0.0,3353.875,16
12,24,1.8214180552626156,2.9358234065009827,-0.0013607554077367,40.98581322975311,0.0006,0.0,3364.953,16
12,24,1.8214180552626156,2.9733186479818805,-0.0028771371427921,40.79765605270486,0.0006,-0.0,3376.047,16
12,24,1.8214180552626156,3.351209231214146,-0.0008816346659993,39.97446585284738,0.0006,3.322,3213.875,16
12,24,1.8214180552626156,2.8457707407488635,-4.022520749972686,39.963023263976446,3.996,1.042,3224.531,16
12,24,1.8214180552626156,3.3038139743595694,0.0047652770509671,40.08166498297901,0.0006,3.272,3235.219,16
12,24,1.8214180552626156,2.7822160447572144,-4.026481402212678,40.10307733579435,3.996,0.989,3245.875,16
12,24,1.8214180552626156,3.245908928640928,-0.0010632296183423,40.23814503177802,0.0006,3.212,3256.61,16
12,24,1.8214180552626156,2.6995527861707806,-4.025215585330409,40.25564592650935,3.996,0.923,3267.266,16
12,24,1.8214180552626156,3.1727434656365445,0.0001319566033485,40.41828650195239,0.0006,3.133,3277.922,16
12,24,1.8214180552626156,2.575595447077735,-4.025548128897805,40.44158987505676,3.996,0.837,3288.625,16
12,24,1.8214180552626156,3.2655581415975785,-0.0004369035833791,34.5879247640995,0.0006,0.0,3830.938,16
12,24,1.8214180552626156,3.267528246025292,-0.0025886519934436,34.50627840273906,0.0006,0.0,3842.016,16
12,24,1.8214180552626156,3.269271504648445,-0.0009662521036835,34.42075363891562,0.0006,-0.0,3853.094,16
12,24,1.8214180552626156,3.2708608786109274,-0.0011320408366841,34.2973329067678,0.0006,0.0,3864.203,16
12,24,1.8214180552626156,3.272533633908998,0.0003169216064163,34.19407532756967,0.0004,0.0,3875.375,16
12,24,1.8214180552626156,3.273826611997418,-0.0026135651991952,34.13499999419802,0.0006,0.0,3886.438,16
12,24,1.8214180552626156,3.275461335620629,-0.0001743115594118,34.018187716847684,0.0006,0.0,3897.578,16
12,24,1.8214180552626156,3.277052337791013,-0.0019740883848302,33.91367066335665,0.0006,0.0,3908.625,16
12,24,1.8214180552626156,3.2497773554483764,-0.0012849028199203,35.50033142935641,0.0006,-0.0,3742.172,16
12,24,1.8214180552626156,3.25173264200148,-0.0006258930820112,35.385174400164345,0.0006,-0.0,3753.203,16
12,24,1.8214180552626156,3.2542625034352266,0.0015417632233439,35.28041552052108,0.0006,0.0,3764.313,16
12,24,1.8214180552626156,3.256294411881959,-0.0017422576486087,35.17776587556632,0.0006,0.0,3775.438,16
12,24,1.8214180552626156,3.258287817708597,0.0011155101786637,35.0514706317245,0.0006,0.0,3786.531,16
12,24,1.8214180552626156,3.260111631854925,-0.002072387627968,34.93649098763349,0.0006,-0.0,3797.656,16
12,24,1.8214180552626156,3.2621056799501416,0.0006452668345508,34.81363528569014,0.0006,-0.0,3808.719,16
12,24,1.8214180552626156,3.264094437925328,-0.0019530351931541,34.702677097296615,0.0006,-0.0,3819.797,16
12,24,1.8214180552626156,3.227645860455372,0.0013256984828617,36.53092967427816,0.0006,-0.0,3653.281,16
12,24,1.8214180552626156,3.230723719467097,-0.0020189655919759,36.3882215328887,0.0006,0.0,3664.328,16
12,24,1.8214180552626156,3.233917276766855,0.0008761522069234,36.28483189227402,0.0006,0.0,3675.516,16
12,24,1.8214180552626156,3.236780427919749,0.0004364045794003,36.11241064843812,0.0006,0.0,3686.61,16
12,24,1.8214180552626156,3.2396491271542422,0.0008515178687904,35.95332685533554,0.0006,0.0,3697.688,16
12,24,1.8214180552626156,3.2422770712437967,-0.0018780488494917,35.88647884435865,0.0006,0.0,3708.766,16
12,24,1.8214180552626156,3.244778420018504,-0.0025682414166888,35.73041262678916,0.0006,0.0,3719.828,16
12,24,1.8214180552626156,3.2473164266628958,-8.449536018474855e-05,35.611073434426835,0.0004,0.0,3730.969,16
12,24,1.8214180552626156,3.195098929554164,-0.0005118688708096,37.71183865262688,0.0006,0.0,3564.61,16
12,24,1.8214180552626156,3.200070848927213,0.0001698374044998,37.561796069255095,0.0006,0.0,3575.672,16
12,24,1.8214180552626156,3.204761147131123,0.0001266562977689,37.42498539929959,0.0006,0.0,3586.75,16
12,24,1.8214180552626156,3.208929585545591,0.0007272390772964,37.257557781400905,0.0006,0.0,3597.828,16
12,24,1.8214180552626156,3.213097698006414,0.0030449547623912,37.08010909046111,0.0006,0.0,3608.953,16
12,24,1.8214180552626156,3.216876878046488,0.0006455665480753,36.96698178793684,0.0004,-0.0,3620.031,16
12,24,1.8214180552626156,3.2209786834195357,0.0007685765107899,36.81829786111077,0.0006,0.0,3631.141,16
12,24,1.8214180552626156,3.224251519970488,-0.0008796329062697,36.681037375129065,0.0006,0.0,3642.25,16
12,24,1.8214180552626156,3.303777943278708,-0.0003429247075931,31.947499246228524,0.0006,0.0,4186.344,16
12,24,1.8214180552626156,3.304673056735385,-0.0021232473324914,31.88308175598908,0.0006,0.0,4197.422,16
12,24,1.8214180552626156,3.305561281173703,0.0009241873693719,31.811702663611708,0.0006,0.0,4208.485,16
12,24,1.8214180552626156,3.3060805596013,0.0023974396577479,31.7436128647272,0.0006,0.0,4219.61,16
12,24,1.8214180552626156,3.3070833645433924,-0.0006215957739015,31.684078931727186,0.0006,-0.0,4230.703,16
12,24,1.8214180552626156,3.307728380678633,-0.0001193232826747,31.617894298773635,0.0006,0.0,4241.875,16
12,24,1.8214180552626156,3.3085740120995486,-0.0037268102663116,31.55906902433406,0.0006,-0.0,4252.922,16
12,24,1.8214180552626156,3.309216250414368,0.0014743798772587,31.500248973944498,0.0006,0.0,4264.063,16
12,24,1.8214180552626156,3.297021447298539,-0.0022859333826291,32.4742504511273,0.0006,0.0,4097.485,16
12,24,1.8214180552626156,3.29778829459652,-0.0046903044482725,32.39804418744282,0.0006,0.0,4108.563,16
12,24,1.8214180552626156,3.298843136275483,-0.0012784007163114,32.33988002480357,0.0006,0.0,4119.75,16
12,24,1.8214180552626156,3.299749711713214,-0.0025779293695825,32.28876960935886,0.0006,0.0,4130.875,16
12,24,1.8214180552626156,3.300721977014632,-0.0004375263499241,32.20591420581268,0.0006,0.0,4141.953,16
12,24,1.8214180552626156,3.3014649151328426,0.0006328507604744,32.149310849553736,0.0006,0.0,4153.141,16
12,24,1.8214180552626156,3.3023899400625285,-0.0005436715135996,32.07468773091228,0.0006,0.0,4164.219,16
12,24,1.8214180552626156,3.3032195057651275,-0.0021557765414995,32.011929955769354,0.0006,0.0,4175.235,16
12,24,1.8214180552626156,3.288721077817124,-0.002077117337964,33.114303403923564,0.0006,0.0,4008.703,16
12,24,1.8214180552626156,3.289797522730404,-0.0019597229856164,33.01088146254252,0.0006,0.0,4019.813,16
12,24,1.8214180552626156,3.290884178925483,0.0004233533464541,32.939873712348586,0.0006,0.0,4030.86,16
12,24,1.8214180552626156,3.2917609232284724,-0.0017617209027166,32.8665650557258,0.0006,0.0,4041.953,16
12,24,1.8214180552626156,3.293097238379578,-0.0031350677465224,32.78227919709399,0.0004,0.0,4053.094,16
12,24,1.8214180552626156,3.294088905742558,-0.004278194940187,32.69694921315533,0.0006,-0.0,4064.172,16
12,24,1.8214180552626156,3.295159952199405,0.0001703704924339,32.6203121408619,0.0006,0.0,4075.235,16
12,24,1.8214180552626156,3.295951730101572,-0.0002015403905135,32.534738423023775,0.0006,0.0,4086.422,16
12,24,1.8214180552626156,3.2783856767255166,0.0005006181043394,33.80274241157412,0.0006,0.0,3919.719,16
12,24,1.8214180552626156,3.2798768211580134,-0.0009584541701987,33.709932077476815,0.0004,0.0,3930.781,16
12,24,1.8214180552626156,3.281421948182928,0.0002833371724601,33.6466330985608,0.0006,-0.0,3941.922,16
12,24,1.8214180552626156,3.2824858294378645,4.129951751767119e-06,33.554887633046185,0.0006,0.0,3953.094,16
12,24,1.8214180552626156,3.283843343421018,-0.0007398480350973,33.45055226031034,0.0006,0.0,3964.235,16
12,24,1.8214180552626156,3.2851574493142293,0.000293748180571,33.386536678828904,0.0006,0.0,3975.328,16
12,24,1.8214180552626156,3.2863347483606047,-0.0033722249640457,33.32010127914985,0.0006,0.0,3986.438,16
12,24,1.8214180552626156,3.28750926274865,-1.99989575352e-05,33.217623710517934,0.0006,0.0,3997.5,16
12,24,1.8214180552626156,3.322467147008377,-0.0001342825421469,30.2747365107456,0.0004,0.0,4541.625,16
12,24,1.8214180552626156,3.3229310511308787,-0.0018485659652133,30.255760250179986,0.0006,-0.0,4552.735,16
12,24,1.8214180552626156,3.323397412787582,-0.0005343649301862,30.217775364616507,0.0006,0.0,4563.86,16
12,24,1.8214180552626156,3.323676842565248,-0.0001918042787051,30.17873073199957,0.0006,0.0,4574.922,16
12,24,1.8214180552626156,3.3242100362864484,-0.0013290589209397,30.129728594453727,0.0006,-0.0,4586.063,16
12,24,1.8214180552626156,3.3245180629109874,0.0009880757990288,30.102526158729635,0.0006,0.0,4597.156,16
12,24,1.8214180552626156,3.324729776297009,-0.0012131116875885,30.06316560107373,0.0006,0.0,4608.281,16
12,24,1.8214180552626156,3.3254269629704165,-0.000481785575354,30.040829099742435,0.0006,0.0,4619.391,16
12,24,1.8214180552626156,3.3188962906363946,-0.0001675383701052,30.658727115329064,0.0006,0.0,4452.86,16
12,24,1.8214180552626156,3.3193759381325783,0.002094865578021,30.585785371337177,0.0006,-0.0,4463.938,16
12,24,1.8214180552626156,3.319888023103778,-0.0036697338368144,30.548085688394288,0.0006,0.0,4475.047,16
12,24,1.8214180552626156,3.320515919427924,-0.0008090021480727,30.510203234140963,0.0006,0.0,4486.219,16
12,24,1.8214180552626156,3.3207323509610203,-0.0012711216795106,30.463241603875247,0.0006,0.0,4497.266,16
12,24,1.8214180552626156,3.321148263583612,-0.000848113841402,30.39926450200774,0.0006,0.0,4508.406,16
12,24,1.8214180552626156,3.32161872432583,-0.0020177548139556,30.37384302320211,0.0006,0.0,4519.469,16
12,24,1.8214180552626156,3.322072582194978,-0.0023222594540754,30.30919872312664,0.0006,0.0,4530.5,16
12,24,1.8214180552626156,3.314640452550027,-0.001120457844842,31.01134358816165,0.0006,0.0,4364.047,16
12,24,1.8214180552626156,3.3151680755019965,-0.0005765921677745,30.9614987160098,0.0004,0.0,4375.078,16
12,24,1.8214180552626156,3.3156773377148188,-0.0019385126774766,30.91850356286899,0.0006,0.0,4386.235,16
12,24,1.8214180552626156,3.316232013191882,-0.0011291361157269,30.84515475562081,0.0006,0.0,4397.391,16
12,24,1.8214180552626156,3.316909492132645,0.0004586144370627,30.833532571983323,0.0006,-0.0,4408.485,16
12,24,1.8214180552626156,3.3173952334722734,0.0006701802498557,30.77841424646828,0.0006,0.0,4419.641,16
12,24,1.8214180552626156,3.317847007045641,-0.0023902110352256,30.723216305621577,0.0006,0.0,4430.75,16
12,24,1.8214180552626156,3.318196641585889,-0.0012253398977963,30.700151176779315,0.0006,0.0,4441.797,16
12,24,1.8214180552626156,3.3097632685049145,-0.0028706865355002,31.428713110981143,0.0006,-0.0,4275.235,16
12,24,1.8214180552626156,3.3103190683341395,-0.000465976223028,31.38204631174908,0.0006,-0.0,4286.328,16
12,24,1.8214180552626156,3.3109136069408103,-0.0016193385406026,31.348180524946635,0.0006,0.0,4297.406,16
12,24,1.8214180552626156,3.3115876355286384,-0.0004670425099536,31.268216295629685,0.0006,0.0,4308.469,16
12,24,1.8214180552626156,3.3124338722934,-0.0012730387356598,31.2260886352494,0.0006,0.0,4319.547,16
12,24,1.8214180552626156,3.3130160223120053,-0.0005099024492166,31.161700019069933,0.0004,0.0,4330.61,16
12,24,1.8214180552626156,3.3134224705594,-0.0012193964171013,31.11709399908924,0.0006,0.0,4341.781,16
12,24,1.8214180552626156,3.313998588884587,-0.0020837335818267,31.07510743216107,0.0006,0.0,4352.875,16
12,24,1.8214180552626156,3.3333600986262333,-0.0010693050855912,29.215491487181744,0.0006,0.0,4897.438,16
12,24,1.8214180552626156,3.3335554501233293,7.27399981992902e-05,29.17926863774412,0.0006,-0.0,4908.531,16
12,24,1.8214180552626156,3.3338299076639792,-0.0014785846181005,29.174799225408545,0.0004,0.0,4919.641,16
12,24,1.8214180552626156,3.334078372274062,0.0005567670174929,29.1495179398216,0.0006,0.0,4930.781,16
12,24,1.8214180552626156,3.3341854083899496,-0.0030556361356038,29.11276051560717,0.0006,0.0,4941.86,16
12,24,1.8214180552626156,3.3344333590509527,-0.0003157291239433,29.07968709289494,0.0006,0.0,4952.953,16
12,24,1.8214180552626156,3.334811803774368,-0.0021932325234153,29.057297051501934,0.0006,0.0,4964.141,16
12,24,1.8214180552626156,3.335000365941718,-0.0020728309568001,29.02310865819021,0.0006,0.0,4975.219,16
12,24,1.8214180552626156,3.330933395618378,0.0004927710174465,29.44964801909629,0.0006,0.0,4808.531,16
12,24,1.8214180552626156,3.331235425483197,-0.0016968977374916,29.42477135486154,0.0006,0.0,4819.641,16
12,24,1.8214180552626156,3.331593540113375,-0.0021368580821311,29.38064043019555,0.0006,0.0,4830.781,16
12,24,1.8214180552626156,3.331956853703512,-0.0028961402913338,29.35753810867576,0.0006,-0.0,4841.86,16
12,24,1.8214180552626156,3.332194221961583,0.0005088331740542,29.32748106870044,0.0006,-0.0,4853.0,16
12,24,1.8214180552626156,3.332427573651888,-0.0016345409939382,29.28931700468098,0.0006,-0.0,4864.125,16
12,24,1.8214180552626156,3.3327279024995256,-0.0032531795220633,29.25169557855445,0.0004,0.0,4875.219,16
12,24,1.8214180552626156,3.332898070098286,-0.0006983501783639,29.227861372137458,0.0006,0.0,4886.281,16
12,24,1.8214180552626156,3.3284806863138106,-0.0006353561776373,29.706139137955525,0.0006,0.0,4719.438,16
12,24,1.8214180552626156,3.328878677715477,0.0008020628754496,29.67643960462465,0.0006,0.0,4730.531,16
12,24,1.8214180552626156,3.329120059992184,-0.0009920092181205,29.64358436977289,0.0006,0.0,4741.641,16
12,24,1.8214180552626156,3.329524930501241,3.722215310634599e-05,29.61608309643977,0.0006,0.0,4752.75,16
12,24,1.8214180552626156,3.3296663588759965,-0.0018405227513204,29.575784819194823,0.0006,0.0,4763.922,16
12,24,1.8214180552626156,3.330155320307337,-0.000100386535081,29.541444159227503,0.0006,-0.0,4775.094,16
12,24,1.8214180552626156,3.330248746749036,0.0004169706860884,29.514640714611577,0.0004,0.0,4786.219,16
12,24,1.8214180552626156,3.330571646954558,-0.0010438276978572,29.476607210950217,0.0006,0.0,4797.375,16
12,24,1.8214180552626156,3.325618240429967,2.6604118962267176e-05,30.008892626398,0.0006,0.0,4630.547,16
12,24,1.8214180552626156,3.3259040783394727,-0.0010904286724859,29.95871984443699,0.0006,0.0,4641.656,16
12,24,1.8214180552626156,3.326396543281016,-0.0011349207437227,29.92553524250733,0.0004,-0.0,4652.703,16
12,24,1.8214180552626156,3.326806228335181,-0.0009299403854043,29.87553411547782,0.0006,0.0,4663.813,16
12,24,1.8214180552626156,3.3271237764060877,-0.0005206501258989,29.84129429332178,0.0006,0.0,4675.031,16
12,24,1.8214180552626156,3.3275072277866533,-5.4075367903704185e-05,29.807782450185737,0.0006,0.0,4686.141,16
12,24,1.8214180552626156,3.3276960143185206,-0.0011937260208547,29.760235635993425,0.0006,0.0,4697.25,16
12,24,1.8214180552626156,3.328129642183822,-0.0002777749046185,29.7371778599254,0.0006,0.0,4708.391,16
12,24,1.8214180552626156,3.340240159913575,-0.0007088438528086,28.518920587389456,0.0006,0.0,5252.766,16
12,24,1.8214180552626156,3.340403440198456,-0.0012211841104299,28.503335856006498,0.0006,0.0,5263.891,16
12,24,1.8214180552626156,3.340804083154961,-0.0011721220934272,28.48543188928963,0.0006,-0.0,5275.0,16
12,24,1.8214180552626156,3.3408124797122314,0.001484070195782,28.4591184149792,0.0006,0.0,5286.156,16
12,24,1.8214180552626156,3.34093006231824,-0.0019255204757467,28.445476063277475,0.0006,-0.0,5297.281,16
12,24,1.8214180552626156,3.34089461290866,-0.0002254269448333,28.43502699770148,0.0006,0.0,5308.406,16
12,24,1.8214180552626156,3.3412757305090985,0.0001719472824592,28.41063895932268,0.0006,0.0,5319.547,16
12,24,1.8214180552626156,3.341343138525,-0.0019244966469547,28.38685927936055,0.0006,0.0,5330.672,16
12,24,1.8214180552626156,3.338704265557404,0.0002463222830595,28.67031651785021,0.0006,0.0,5164.016,16
12,24,1.8214180552626156,3.338969369506012,0.0008942144148487,28.64185914294883,0.0004,0.0,5175.125,16
12,24,1.8214180552626156,3.3389637239348424,0.0007339527233209,28.628383651280696,0.0006,0.0,5186.203,16
12,24,1.8214180552626156,3.3391912486976167,-0.0016706783265554,28.614555249917416,0.0006,0.0,5197.297,16
12,24,1.8214180552626156,3.3393730040335337,-0.0004433088891373,28.582936991347704,0.0004,0.0,5208.344,16
12,24,1.8214180552626156,3.339590180004345,-0.0013690059122997,28.56818068975235,0.0006,-0.0,5219.469,16
12,24,1.8214180552626156,3.339823306404188,-1.962237497068833e-06,28.552977763340703,0.0006,0.0,5230.531,16
12,24,1.8214180552626156,3.3401776226328987,0.0014603808935203,28.529064995336267,0.0006,0.0,5241.672,16
12,24,1.8214180552626156,3.337173118417698,-2.7306791202386613e-05,28.828098637920636,0.0006,0.0,5075.297,16
12,24,1.8214180552626156,3.337287614263183,-0.0016591338191609,28.80554145198733,0.0006,0.0,5086.375,16
12,24,1.8214180552626156,3.3375025746135405,-0.0015647840252706,28.78104563229157,0.0006,0.0,5097.453,16
12,24,1.8214180552626156,3.337763784283424,-0.0015100336229149,28.771997152473496,0.0006,0.0,5108.547,16
12,24,1.8214180552626156,3.337861039051484,-0.0020109315317661,28.75504189695985,0.0006,0.0,5119.61,16
12,24,1.8214180552626156,3.338238531441424,-0.0010409367184353,28.737042240152547,0.0006,-0.0,5130.75,16
12,24,1.8214180552626156,3.3384178131262083,-6.489038097264217e-05,28.71714293592113,0.0006,-0.0,5141.844,16
12,24,1.8214180552626156,3.338610879247011,-0.0014110378975243,28.69433910669504,0.0006,0.0,5152.938,16
12,24,1.8214180552626156,3.335215528877137,-0.001384180115961,29.002101281734618,0.0006,-0.0,4986.391,16
12,24,1.8214180552626156,3.3353546350710923,0.0008201576793806,28.98405205650485,0.0006,0.0,4997.578,16
12,24,1.8214180552626156,3.3356636863721056,-0.0017614942692395,28.976025852254647,0.0004,0.0,5008.625,16
12,24,1.8214180552626156,3.3360353134798357,3.894548333982732e-05,28.936967942745813,0.0006,0.0,5019.735,16
12,24,1.8214180552626156,3.335987073930168,-0.0003359173032149,28.910229311918776,0.0006,0.0,5030.797,16
12,24,1.8214180552626156,3.336348515953026,0.0004347335543721,28.894533143770094,0.0006,0.0,5041.86,16
12,24,1.8214180552626156,3.336631660416347,-0.002227283794227,28.875184172143523,0.0006,-0.0,5053.031,16
12,24,1.8214180552626156,3.33687890706344,-0.000141916193919,28.847823579068947,0.0004,0.0,5064.235,16
12,24,1.8214180552626156,3.345404391464029,-0.0043905348250404,28.058548336430764,0.0006,0.0,5608.391,16
12,24,1.8214180552626156,3.345636927376554,0.003878703451246,28.04245540398112,0.0004,0.0,5619.516,16
12,24,1.8214180552626156,3.345767880337044,-0.0013723459462864,28.033403111247296,0.0006,0.0,5630.61,16
12,24,1.8214180552626156,3.3459652336104577,0.0009466590445167,28.01751209115636,0.0006,0.0,5641.766,16
12,24,1.8214180552626156,3.3461961597930405,-0.0037449704444067,28.012089755476705,0.0006,-0.0,5652.891,16
12,24,1.8214180552626156,3.3462137266910283,0.0031974551012231,27.999578994817192,0.0006,-0.0,5664.016,16
12,24,1.8214180552626156,3.346282890770118,-0.0003653782052835,27.991823436635315,0.0006,0.0,5675.11,16
12,24,1.8214180552626156,3.3465845286237488,-0.0033505878886468,27.98864627567524,0.0006,0.0,5686.25,16
12,24,1.8214180552626156,3.34435650038339,-0.0012312652951784,28.148367267016702,0.0006,0.0,5519.625,16
12,24,1.8214180552626156,3.344437472816548,-0.0010668486721672,28.135686516813077,0.0006,0.0,5530.703,16
12,24,1.8214180552626156,3.344602667470638,0.0013216099618353,28.12346875834381,0.0006,0.0,5541.781,16
12,24,1.8214180552626156,3.3447299795982146,-0.0012242631240901,28.11689150823574,0.0006,0.0,5552.828,16
12,24,1.8214180552626156,3.3449350729600584,-0.0024541863797699,28.106158582788368,0.0004,0.0,5563.938,16
12,24,1.8214180552626156,3.344955090859617,0.0003757456718889,28.089602748840303,0.0006,0.0,5575.141,16
12,24,1.8214180552626156,3.345250679376919,-0.001719288165941,28.06517877875082,0.0006,0.0,5586.25,16
12,24,1.8214180552626156,3.34548889058891,-0.0019236137319836,28.05880999027429,0.0006,-0.0,5597.328,16
12,24,1.8214180552626156,3.343181140711807,-0.0023652360026511,28.253215105061763,0.0006,0.0,5430.641,16
12,24,1.8214180552626156,3.3431256841590278,-0.0021672722776876,28.240529902267056,0.0006,0.0,5441.75,16
12,24,1.8214180552626156,3.343417377654161,0.001385412132484,28.226059715555262,0.0004,0.0,5452.875,16
12,24,1.8214180552626156,3.3434836005214144,-0.000541625540516,28.210166046097065,0.0006,0.0,5464.031,16
12,24,1.8214180552626156,3.3436124898143027,-0.0005771830244606,28.198106588039096,0.0004,0.0,5475.188,16
12,24,1.8214180552626156,3.3435700340365084,0.0013130765590033,28.17936797857385,0.0006,-0.0,5486.281,16
12,24,1.8214180552626156,3.3438471841394994,-0.0012388842667532,28.16657183545973,0.0006,0.0,5497.391,16
12,24,1.8214180552626156,3.3439971700212383,-0.0009497009847544,28.157222488705827,0.0006,0.0,5508.453,16
12,24,1.8214180552626156,3.3415720959034947,-0.0007597038204555,28.36995085662484,0.0006,0.0,5341.75,16
12,24,1.8214180552626156,3.341889306173144,-0.0008316225717819,28.363700140300832,0.0006,0.0,5352.86,16
12,24,1.8214180552626156,3.3422418783272136,0.0017897445110324,28.344106141651167,0.0006,-0.0,5364.016,16
12,24,1.8214180552626156,3.342243026374609,-0.000840311219008,28.333158829515025,0.0006,0.0,5375.094,16
12,24,1.8214180552626156,3.342386708586065,0.0003279422079054,28.319454534080013,0.0006,-0.0,5386.203,16
12,24,1.8214180552626156,3.3424491466661346,0.000226460509674,28.30264811506489,0.0004,0.0,5397.36,16
12,24,1.8214180552626156,3.34281095278674,0.0005128226421825,28.28525374426632,0.0006,0.0,5408.485,16
12,24,1.8214180552626156,3.3428979096762883,-0.0010513383095294,28.275338516507915,0.0006,0.0,5419.578,16
12,24,1.8214180552626156,3.3497552031043245,-0.002195271960618,27.71263110120036,0.0006,0.0,5964.203,16
12,24,1.8214180552626156,3.3497255230480967,0.0020828920245712,27.70779361591065,0.0006,0.0,5975.36,16
12,24,1.8214180552626156,3.3489992469813905,-0.0010239718370796,27.695978710258583,0.0006,0.0,5986.453,16
12,24,1.8214180552626156,3.349818977708386,-0.0005894730905457,27.68420822294125,0.0004,0.0,5997.516,16
12,24,1.8214180552626156,3.349877330317179,0.0048903897606496,27.68801491832721,0.0006,0.0,6008.625,16
12,24,1.8214180552626156,3.350016037655703,0.0008672184046509,27.681063643833376,0.0006,-0.0,6019.719,16
12,24,1.8214180552626156,3.3500748414397576,-0.0016808413050918,27.67653477553037,0.0006,0.0,6030.828,16
12,24,1.8214180552626156,3.350306460502369,-0.0010105744488984,27.67207624630197,0.0006,-0.0,6041.922,16
12,24,1.8214180552626156,3.3486229000417227,-0.0031364525106642,27.794244621389836,0.0006,-0.0,5875.266,16
12,24,1.8214180552626156,3.348747329611752,-0.0030110826547888,27.779559591427255,0.0006,0.0,5886.453,16
12,24,1.8214180552626156,3.348888910610882,-0.0015867148828333,27.77698389104843,0.0006,0.0,5897.578,16
12,24,1.8214180552626156,3.3490256414534487,-0.0006735709055032,27.75863218277738,0.0006,-0.0,5908.672,16
12,24,1.8214180552626156,3.349200305200924,-0.0008266742780431,27.750969687100145,0.0006,0.0,5919.813,16
12,24,1.8214180552626156,3.349219659597151,-0.0018898188649705,27.73754389025808,0.0006,0.0,5930.891,16
12,24,1.8214180552626156,3.3493934047965133,0.0020095630380096,27.73884929896358,0.0006,0.0,5942.047,16
12,24,1.8214180552626156,3.349693751915118,-0.0032513210448464,27.719542179871283,0.0006,-0.0,5953.11,16
12,24,1.8214180552626156,3.347451426445295,-0.0011169513312227,27.879554008997168,0.0006,0.0,5786.203,16
12,24,1.8214180552626156,3.3475737628836644,-0.0027245761153786,27.86297961747172,0.0004,0.0,5797.375,16
12,24,1.8214180552626156,3.3478375902319937,-0.003623052630818,27.855592260647036,0.0006,-0.0,5808.5,16
12,24,1.8214180552626156,3.348068345072999,0.00050014638727,27.843512421552777,0.0006,-0.0,5819.672,16
12,24,1.8214180552626156,3.348168919865704,0.0005293310014519,27.832919398763924,0.0006,0.0,5830.766,16
12,24,1.8214180552626156,3.348322537802173,-0.0023583924758587,27.82269472123931,0.0006,0.0,5841.891,16
12,24,1.8214180552626156,3.348587628743453,0.0011449976281148,27.812296680085527,0.0004,0.0,5852.985,16
12,24,1.8214180552626156,3.3485235944291745,-0.0001926494206601,27.806825718463944,0.0006,-0.0,5864.094,16
12,24,1.8214180552626156,3.3466624407154604,-0.0012329651005509,27.969516844630988,0.0006,0.0,5697.375,16
12,24,1.8214180552626156,3.346630538014415,-0.002525579397728,27.953653042572306,0.0006,0.0,5708.453,16
12,24,1.8214180552626156,3.3468200571088085,-0.0008635387678246,27.941187635500707,0.0004,0.0,5719.578,16
12,24,1.8214180552626156,3.346882545851277,0.0004137921572175,27.92597815902941,0.0006,0.0,5730.641,16
12,24,1.8214180552626156,3.347135784415454,-0.0001859822125785,27.916132457821988,0.0006,0.0,5741.703,16
12,24,1.8214180552626156,3.3471719122039545,-0.0014699320950418,27.90486095043968,0.0006,-0.0,5752.813,16
12,24,1.8214180552626156,3.347300712899778,-0.0019113852226888,27.904859534041105,0.0004,0.0,5763.953,16
12,24,1.8214180552626156,3.347647718919913,-0.0023616999193616,27.89321566857093,0.0006,0.0,5775.047,16
12,24,1.8214180552626156,3.353105599153407,0.0038296408371264,27.508015555923283,0.0004,0.0,6319.938,16
12,24,1.8214180552626156,3.3531906112840515,-0.0001935385515335,27.514770181575287,0.0006,0.0,6331.031,16
12,24,1.8214180552626156,3.353405740791008,-0.0010305733731686,27.499382837219795,0.0006,0.0,6342.11,16
12,24,1.8214180552626156,3.35328069688505,-0.0002307975452942,27.48940622527393,0.0006,0.0,6353.188,16
12,24,1.8214180552626156,3.3535249026591214,-0.0024963773642443,27.492416124129463,0.0006,0.0,6364.281,16
12,24,1.8214180552626156,3.353477049107634,-0.0006754353841144,27.48475234946484,0.0006,0.0,6375.469,16
12,24,1.8214180552626156,3.3536486677201105,-0.0012367915540555,27.484229715216877,0.0006,0.0,6386.563,16
12,24,1.8214180552626156,3.3535574779774007,-0.0031325565280462,27.481044984096417,0.0006,0.0,6397.672,16
12,24,1.8214180552626156,3.3523724058172726,-0.0026081001983016,27.55651318589963,0.0006,0.0,6231.078,16
12,24,1.8214180552626156,3.352256795576713,0.0020603495116676,27.54548893179784,0.0006,0.0,6242.172,16
12,24,1.8214180552626156,3.352453198223408,0.0006073667688128,27.54406062873056,0.0006,0.0,6253.313,16
12,24,1.8214180552626156,3.352384174429351,-0.003923387488854,27.529289845308217,0.0004,0.0,6264.438,16
12,24,1.8214180552626156,3.3527238990283714,0.0010046177877643,27.522337041416016,0.0006,0.0,6275.531,16
12,24,1.8214180552626156,3.3529398079516217,-0.0022822075959562,27.52299984484603,0.0006,-0.0,6286.625,16
12,24,1.8214180552626156,3.3528275399187937,-0.0014082254827106,27.52043160976229,0.0006,0.0,6297.75,16
12,24,1.8214180552626156,3.35312091965767,0.0036721738115609,27.51027125243912,0.0006,0.0,6308.797,16
12,24,1.8214180552626156,3.3514000851266457,0.0026588024142445,27.601264501356425,0.0006,-0.0,6142.125,16
12,24,1.8214180552626156,3.845808161712396,-0.0020902817115125,33.51102029351929,0.0006,3.838,1035.094,16
12,24,1.8214180552626156,3.43847109867662,-4.024892474387847,33.51698561206628,3.996,1.567,1045.781,16
12,24,1.8214180552626156,3.841482739389784,0.0001242997294734,33.56007183316447,0.0006,3.834,1056.531,16
12,24,1.8214180552626156,3.43444437806742,-4.0257772146473565,33.539425538267494,3.996,1.562,1067.203,16
12,24,1.8214180552626156,3.872809012126858,0.0010403928491289,33.34443314672806,0.0006,3.866,906.844,16
12,24,1.8214180552626156,3.4302913288195502,-4.024640765673948,33.60093497602517,3.996,1.56,1088.547,16
12,24,1.8214180552626156,3.8327643117838783,-0.0016430848749682,33.68947942966909,0.0006,3.825,1099.188,16
12,24,1.8214180552626156,3.42604407815381,-4.023314280033557,33.648656719464185,3.996,1.555,1109.891,16
12,24,1.8214180552626156,3.3538371501648143,0.0001072162387329,27.471761091144817,0.0006,0.0,6419.938,16
12,24,1.8214180552626156,3.354312884809759,-0.0028989045464955,27.467449129818085,0.0006,0.0,6431.063,16
12,24,1.8214180552626156,3.3540972163206058,-0.0036709064087914,27.468780278127443,0.0006,0.0,6442.203,16
12,24,1.8214180552626156,3.612597495053554,-4.025046671547746,30.01635169349693,3.996,1.716,298.125,16
12,24,1.8214180552626156,4.098815028214432,-0.0003721373259785,28.276081888324587,0.0006,4.092,137.906,16
12,24,1.8214180552626156,3.447033405662017,-4.024887701051992,33.3999896245402,3.996,1.576,1003.031,16
12,24,1.8214180552626156,3.850568128792041,-0.002012816584144,33.45827742633605,0.0006,3.844,1013.735,16
12,24,1.8214180552626156,3.4427578497865152,-4.025439829322273,33.4500138370611,3.996,1.571,1024.422,16
12,24,1.8214180552626156,3.3513460504404327,-0.0002098480124047,27.59134012328407,0.0006,0.0,6164.391,16
12,24,1.8214180552626156,3.3517301108892297,0.0042733478815276,27.58302146145778,0.0006,0.0,6175.438,16
12,24,1.8214180552626156,3.351917508503942,-0.0037311358068941,27.576224401376702,0.0006,0.0,6186.563,16
12,24,1.8214180552626156,3.351860800347964,-0.001548613229707,27.560911709476425,0.0006,0.0,6197.719,16
12,24,1.8214180552626156,3.352118648976418,-0.0008873116014331,27.55733147975635,0.0004,0.0,6208.828,16
12,24,1.8214180552626156,3.3538184472200703,0.0001265971299548,27.47856726932407,0.0006,0.0,6408.781,16
12,24,1.8214180552626156,3.352173571494504,-0.0033304142643644,27.55282323685257,0.0006,0.0,6219.969,16
12,24,1.8214180552626156,3.350483501992782,-0.0014932405114317,27.66193165880614,0.0004,0.0,6053.047,16
12,24,1.8214180552626156,3.350567354130285,-0.000150014198776,27.646598335362604,0.0004,0.0,6064.297,16
12,24,1.8214180552626156,3.350626764329765,0.0016481000313774,27.645235817983814,0.0006,0.0,6075.406,16
12,24,1.8214180552626156,3.3508405627672166,-0.0025804951857926,27.635748495749404,0.0004,-0.0,6086.516,16
12,24,1.8214180552626156,3.3511962144342964,-0.0027353820650294,27.62238856217438,0.0006,0.0,6097.594,16
12,24,1.8214180552626156,3.3509097276632054,-5.716301092731569e-05,27.61018482036066,0.0006,-0.0,6108.766,16
12,24,1.8214180552626156,3.350961790751372,-0.00129993596525,27.61054889921292,0.0006,0.0,6119.906,16
12,24,1.8214180552626156,3.351259474851385,0.0002157316539319,27.60233845554194,0.0006,0.0,6131.047,16
12,24,1.8214180552626156,3.3515847663906504,-0.0015997427238752,27.58527800241026,0.0006,0.0,6153.25,16
12,24,1.8214180552626156,3.464514652949122,-4.024268063067865,33.37079443637646,3.996,1.591,917.531,16
12,24,1.8214180552626156,3.868361578251004,-0.0016654240739877,33.39146230207782,0.0006,3.862,928.203,16
12,24,1.8214180552626156,3.45970222367025,-4.024286648718319,33.361200390474885,3.996,1.587,939.016,16
12,24,1.8214180552626156,3.8635873698707823,-0.0003950801187057,33.37189561517068,0.0006,3.856,949.641,16
12,24,1.8214180552626156,3.4553619713811403,-4.023956314774123,33.30223660149164,3.996,1.583,960.344,16
12,24,1.8214180552626156,3.859119324305672,-0.0006490664957515,33.393928765607626,0.0006,3.852,970.985,16
12,24,1.8214180552626156,3.4511941665824866,-4.023946025657327,33.38507923372105,3.996,1.578,981.672,16
12,24,1.8214180552626156,3.891600494450672,0.0004399536883368,33.28817554937235,0.0006,3.884,821.266,16
12,24,1.8214180552626156,3.4830546802667866,-4.0254490497776985,33.27592542569743,3.996,1.593,831.906,16
12,24,1.8214180552626156,3.886957033284189,0.0025342849816556,33.30488033922015,0.0006,3.879,842.594,16
12,24,1.8214180552626156,3.478466103437206,-4.026813179211313,33.267084617944555,3.996,1.589,853.25,16
12,24,1.8214180552626156,3.8822362385470552,-0.0010822208706996,33.2862324998747,0.0006,3.875,863.953,16
12,24,1.8214180552626156,3.473469632036025,-4.024779034796759,33.303096937178765,3.996,1.585,874.75,16
12,24,1.8214180552626156,3.877530529767555,-0.0012409895868177,33.30361459945386,0.0006,3.87,885.422,16
12,24,1.8214180552626156,3.4688926217321567,-4.023716998958072,33.28963480772065,3.996,1.581,896.172,16
12,24,1.8214180552626156,3.772104506500495,-0.0007536880316947,34.618182939720434,0.0006,3.765,1419.36,16
12,24,1.8214180552626156,3.369588051515484,-4.0269317503300135,34.63766069484909,3.996,1.497,1430.0,16
12,24,1.8214180552626156,3.768459363067311,-0.0014581329652518,34.63519777621088,0.0006,3.762,1440.688,16
12,24,1.8214180552626156,3.366230259411624,-4.023022925936424,34.62223425102462,3.996,1.493,1451.344,16
12,24,1.8214180552626156,3.7649865713572495,0.0006323989430281,34.73280256949321,0.0006,3.758,1462.016,16
12,24,1.8214180552626156,3.3627359523947464,-4.024008673412511,34.76064554907364,3.996,1.489,1472.688,16
12,24,1.8214180552626156,3.7613360334437096,-0.0013770694265641,34.82926987198457,0.0006,3.755,1483.422,16
12,24,1.8214180552626156,3.3592411424441955,-4.026976104460664,34.82476905017345,3.996,1.486,1494.078,16
12,24,1.8214180552626156,3.7875240771408114,0.0012300066232075,34.377201845719775,0.0006,3.78,1334.125,16
12,24,1.8214180552626156,3.3839030313923,-4.023278760751915,34.37281676231263,3.996,1.512,1344.781,16
12,24,1.8214180552626156,3.783710530052544,-0.0015844213348162,34.44607095950879,0.0006,3.776,1355.453,16
12,24,1.8214180552626156,3.380223269277701,-4.024545961384653,34.424485221469574,3.996,1.508,1366.141,16
12,24,1.8214180552626156,3.779403673857286,0.0018960458943049,34.492559591444504,0.0006,3.773,1376.75,16
12,24,1.8214180552626156,3.37666738144406,-4.024785281564862,34.48792577953489,3.996,1.504,1387.406,16
12,24,1.8214180552626156,3.775922111820885,0.0016474081803132,34.58817068027069,0.0006,3.768,1398.031,16
12,24,1.8214180552626156,3.3729407868473773,-4.023208916012102,34.57262948490337,3.996,1.501,1408.703,16
12,24,1.8214180552626156,3.8034219583414903,-0.000193549434959,34.10768757782132,0.0006,3.796,1248.61,16
12,24,1.8214180552626156,3.9955769732417807,-0.0010373292939525,31.496724806612697,0.0006,3.984,458.141,16
12,24,1.8214180552626156,3.572428932699048,-4.023691998270102,31.555212934682164,3.996,1.682,468.891,16
12,24,1.8214180552626156,4.036516587411582,-0.0015120523660155,30.13640175593156,0.0006,4.027,308.735,16
12,24,1.8214180552626156,4.01309162321002,-0.0008434289903167,30.93780652493806,0.0006,4.002,394.141,16
12,24,1.8214180552626156,3.5214542978652963,-4.024249595153527,33.00131925771758,3.996,1.631,661.281,16
12,24,1.8214180552626156,3.926656081232612,-0.0001880363389938,33.0852949977964,0.0006,3.92,671.906,16
12,24,1.8214180552626156,3.516100381161384,-4.025547530973775,33.045428656064246,3.996,1.624,682.578,16
12,24,1.8214180552626156,3.920984313947524,-0.0007855299954516,33.08294282366665,0.0006,3.914,693.235,16
12,24,1.8214180552626156,3.511220435058616,-4.024594507059178,33.08786602234768,3.996,1.621,703.86,16
12,24,1.8214180552626156,3.915497339433866,0.0003095961598324,33.1598406064025,0.0006,3.908,714.5,16
12,24,1.8214180552626156,4.197641122625931,-0.0024876982718233,26.57928656228607,0.0006,0.0,0.0,16
12,24,1.8214180552626156,4.197233669752853,-0.0004965281792293,26.576468758844456,0.0006,4.213,9.344,16
12,24,1.8214180552626156,3.753407249798151,-4.025071172498653,26.658128052200507,3.996,1.782,20.25,16
12,24,1.8214180552626156,4.165498519936253,-0.0011974353237986,26.842738921772867,0.0006,4.168,30.922,16
12,24,1.8214180552626156,3.726776172995171,-4.026262776793591,26.97243843170688,3.996,1.788,41.641,16
12,24,1.8214180552626156,3.707417298747071,-4.023643432268647,27.27639364453412,3.996,1.775,63.063,16
12,24,1.8214180552626156,4.146391871314656,-0.0006227781935724,27.152761903694188,0.0006,4.145,52.328,16
13,24,1.830315627968932,3.360037860384184,0.0006735162783516,28.06254269398269,0.0006,0.0,6059.094,15
13,24,1.830315627968932,3.358327726654552,-0.0030456348354998,28.19440666262261,0.0006,0.0,5891.797,15
13,24,1.830315627968932,4.168561562412798,0.0026907118714234,27.2456098029672,0.0006,4.171,31.0,15
13,24,1.830315627968932,3.553798463943978,-4.026889013201277,32.58648431610728,3.996,1.657,556.657,15
13,24,1.830315627968932,4.149408046576446,-0.0018884141199789,27.55889850124804,0.0006,4.149,52.516,15
13,24,1.830315627968932,3.7133028289815018,-4.024908686772008,27.68140320370363,3.996,1.778,63.344,15
13,24,1.830315627968932,4.134005667517799,-0.0045705179919047,27.84427641046763,0.0006,4.132,74.063,15
13,24,1.830315627968932,3.6977818102975992,-4.024759096813605,27.949143039354517,3.996,1.766,84.813,15
13,24,1.830315627968932,4.122364531813774,0.001132495154488,28.125046405141347,0.0006,4.118,95.516,15
13,24,1.830315627968932,3.6850012299370967,-4.026133221007917,28.22370785253715,3.996,1.758,106.282,15
13,24,1.830315627968932,3.941664691790882,0.0015987788263991,33.16740405887221,0.0006,3.932,631.907,15
13,24,1.830315627968932,3.576285929700639,-4.024289828200615,31.91312247956871,3.996,1.679,470.938,15
13,24,1.830315627968932,4.199747395878372,-0.0012406492766899,26.99209102314992,0.0006,0.0,0.0,15
13,24,1.830315627968932,4.200877212432817,0.0069091646789765,26.983382387627444,0.0006,4.216,9.313000000000002,15
13,24,1.830315627968932,3.759538650384015,-4.026883398817897,27.06059923453047,3.996,1.78,20.266,15
13,24,1.830315627968932,3.970615125338647,0.0018066949660888,32.55560792965163,0.0006,3.96,545.969,15
13,24,1.830315627968932,3.596509746733202,-4.024974783429312,31.16464172303256,3.996,1.696,385.063,15
13,24,1.830315627968932,3.963667911396907,0.003308627429985,32.7339167413765,0.0006,3.953,567.407,15
13,24,1.830315627968932,3.5478151783916285,-4.025688347090554,32.76842215426233,3.996,1.653,578.157,15
13,24,1.830315627968932,3.956421403799019,-0.0028419501405569,32.89136264042097,0.0006,3.945,588.907,15
13,24,1.830315627968932,3.541352866669189,-4.023042626446082,32.955322526532434,3.996,1.645,599.735,15
13,24,1.830315627968932,3.948907233321159,-0.0027984867244683,33.03028179614372,0.0006,3.939,610.438,15
13,24,1.830315627968932,3.535500204015216,-4.027153896968679,33.03862742690982,3.996,1.64,621.219,15
13,24,1.830315627968932,3.991312192978413,-0.0006407369897663,32.05237394463589,0.0006,3.981,481.672,15
13,24,1.830315627968932,3.5709186142502425,-4.024262541557574,32.08932329798029,3.996,1.672,492.407,15
13,24,1.830315627968932,3.984592603636856,0.0001097867432864,32.20567895074265,0.0006,3.974,503.094,15
13,24,1.830315627968932,3.5651534561894573,-4.026362339293363,32.28665309803739,3.996,1.668,513.813,15
13,24,1.830315627968932,3.9776865987526056,-0.0020521879116915,32.398143029720124,0.0006,3.967,524.532,15
13,24,1.830315627968932,3.559670705040972,-4.025123653543391,32.421044387901084,3.996,1.663,535.25,15
13,24,1.830315627968932,4.020518053693053,-0.0008442203423659,31.09889907055296,0.0006,4.011,374.329,15
13,24,1.830315627968932,3.4706275682984558,-4.026158172259177,33.618453437428705,3.996,1.577,900.422,15
13,24,1.830315627968932,4.014722753955829,-2.95966582184619e-05,31.292423652811028,0.0006,4.004,395.766,15
13,24,1.830315627968932,3.591358274180342,-4.026423472721044,31.352833677631637,3.996,1.692,406.485,15
13,24,1.830315627968932,4.0093555237588605,-0.0073834800461015,31.46508217720731,0.0006,3.999,417.282,15
13,24,1.830315627968932,3.58655716681368,-4.025620782682464,31.5375280112629,3.996,1.686,428.016,15
13,24,1.830315627968932,4.00368839359769,-0.0024591015186751,31.67027367017904,0.0006,3.993,438.797,15
13,24,1.830315627968932,3.5814806256454736,-4.024315933841442,31.73569752593096,3.996,1.682,449.516,15
13,24,1.830315627968932,3.859861190537282,0.0027055604847448,33.65114836331605,0.0006,3.852,975.579,15
13,24,1.830315627968932,3.489330907428469,-4.025904435273158,33.50805172938325,3.996,1.595,814.641,15
13,24,1.830315627968932,4.038684482684519,-0.0007667901644706,30.494987897439863,0.0006,4.029,309.922,15
13,24,1.830315627968932,3.611779379715163,-4.024964943678456,30.56240361299352,3.996,1.706,320.61,15
13,24,1.830315627968932,4.032433375389166,-0.0016232616159134,30.688210893882708,0.0006,4.024,331.282,15
13,24,1.830315627968932,3.606246904924845,-4.025649587662049,30.75509084577,3.996,1.704,342.016,15
13,24,1.830315627968932,4.0266681698583,-0.002107157166284,30.890282656218343,0.0006,4.018,352.813,15
13,24,1.830315627968932,3.601404835721877,-4.025544512807153,30.957514145839195,3.996,1.698,363.547,15
13,24,1.830315627968932,3.878558530000288,0.0003505810187142,33.64273800252585,0.0006,3.872,889.61,15
13,24,1.830315627968932,3.5082164320098856,-4.027723611863699,33.53142738186867,3.996,1.61,728.657,15
13,24,1.830315627968932,3.8736254618098793,0.0001062857053392,33.606904317534145,0.0006,3.866,911.094,15
13,24,1.830315627968932,3.465908818958544,-4.02405150753738,33.55445160692152,3.996,1.573,921.907,15
13,24,1.830315627968932,3.868940898883759,-0.0008808517287707,33.56958037304225,0.0006,3.861,932.625,15
13,24,1.830315627968932,3.461441380714655,-4.023661338443862,33.572350673868904,3.996,1.568,943.407,15
13,24,1.830315627968932,3.864374913681765,-0.0047133742289023,33.62097980553467,0.0006,3.858,954.11,15
13,24,1.830315627968932,3.45700997910512,-4.024379710084811,33.61304661010621,3.996,1.564,964.891,15
13,24,1.830315627968932,4.111154010937731,-0.0013149782461945,28.393658500579885,0.0006,4.105,117.032,15
13,24,1.830315627968932,3.892410497898331,-0.0073925436002176,33.58008088696097,0.0006,3.885,825.36,15
13,24,1.830315627968932,3.4850493529634874,-4.028345782609316,33.56168105166689,3.996,1.591,836.032,15
13,24,1.830315627968932,3.887726056726505,-0.0001330498940044,33.59718568380907,0.0006,3.88,846.782,15
13,24,1.830315627968932,3.4804636575898544,-4.0258482756655285,33.55720715641468,3.996,1.584,857.485,15
13,24,1.830315627968932,3.882415371301045,-0.0025690028328919,33.64373465458892,0.0006,3.877,868.188,15
13,24,1.830315627968932,3.4755436805725672,-4.02488433090473,33.58350257199672,3.996,1.581,878.922,15
13,24,1.830315627968932,3.916874847947803,0.0003920922908438,33.53037193878793,0.0006,3.91,717.891,15
13,24,1.830315627968932,3.4037194647933857,-4.024641463194671,34.33690702588098,3.996,1.517,1243.782,15
13,24,1.830315627968932,3.9116457212803977,-0.0001541973593966,33.571379772888484,0.0006,3.905,739.438,15
13,24,1.830315627968932,3.5035831669356323,-4.02519122946986,33.50646993385789,3.996,1.608,750.188,15
13,24,1.830315627968932,3.9068778958277104,-0.0018436827105638,33.56856045456326,0.0006,3.899,760.969,15
13,24,1.830315627968932,3.498931595032841,-4.026405403714677,33.5496945377062,3.996,1.603,771.704,15
13,24,1.830315627968932,3.901945413115728,-0.0051170273744969,33.56728730768094,0.0006,3.895,782.454,15
13,24,1.830315627968932,3.493905746884974,-4.024403223541795,33.60012457446924,3.996,1.599,793.188,15
13,24,1.830315627968932,3.791254887024541,0.0006651811076619,34.617057190131064,0.0006,3.785,1318.907,15
13,24,1.830315627968932,3.419288177540892,-4.024865242943953,34.09218881797237,3.996,1.531,1157.954,15
13,24,1.830315627968932,3.934464161509573,0.001562543012402,33.28537363422034,0.0006,3.926,653.422,15
13,24,1.830315627968932,3.5241174624905294,-4.028364920350091,33.32196883497329,3.996,1.627,664.204,15
13,24,1.830315627968932,3.928216492244206,-0.0004725713198856,33.41098458032885,0.0006,3.92,674.922,15
13,24,1.830315627968932,3.518458459988173,-4.02205519651773,33.40088522238862,3.996,1.621,685.735,15
13,24,1.830315627968932,3.922334317305814,-0.0013238224657879,33.508402614656404,0.0006,3.916,696.516,15
13,24,1.830315627968932,3.5136353501524837,-4.025855976077122,33.43837611382988,3.996,1.615,707.204,15
13,24,1.830315627968932,3.807870479950477,0.0002664347904846,34.32791003173081,0.0006,3.8,1233.063,15
13,24,1.830315627968932,3.4360219581780758,-4.025765898861629,33.85326819396728,3.996,1.546,1072.016,15
13,24,1.830315627968932,3.803442760304529,-0.0048062978419633,34.42347115506829,0.0006,3.797,1254.454,15
13,24,1.830315627968932,3.399677811535201,-4.025996403344188,34.434946603649635,3.996,1.513,1265.235,15
13,24,1.830315627968932,3.79948783557734,-0.0001432912836377,34.48614932046165,0.0006,3.792,1275.969,15
13,24,1.830315627968932,3.3958910395586583,-4.025564927443964,34.45566259444588,3.996,1.51,1286.735,15
13,24,1.830315627968932,3.7954224378966095,-0.0012079489774501,34.54841436285257,0.0006,3.788,1297.438,15
13,24,1.830315627968932,3.3921641523306465,-4.026130282599905,34.59108342993181,3.996,1.505,1308.204,15
13,24,1.830315627968932,3.997606021816392,-0.0021413069108878,31.853642412070148,0.0006,3.986,460.235,15
13,24,1.830315627968932,3.617078927163471,-4.028087525948867,30.346660219360707,3.996,1.709,299.204,15
13,24,1.830315627968932,3.820310090607266,-0.0008218693576284,34.13672921305989,0.0006,3.813,1168.672,15
13,24,1.830315627968932,3.415351588153611,-4.024650731148398,34.14011932673379,3.996,1.528,1179.391,15
13,24,1.830315627968932,3.815878536986272,-0.0023477771573346,34.21998762904747,0.0006,3.809,1190.11,15
13,24,1.830315627968932,3.41143888793902,-4.026136210776199,34.23544389670428,3.996,1.525,1200.844,15
13,24,1.830315627968932,3.811848017354425,-0.001043576048063,34.27532161793721,0.0006,3.804,1211.547,15
13,24,1.830315627968932,3.407408572354625,-4.025035970556731,34.26642469526533,3.996,1.521,1222.282,15
13,24,1.830315627968932,3.842172569917597,-0.0026172403941536,33.8453269383419,0.0006,3.836,1061.313,15
13,24,1.830315627968932,3.3460710388162567,-4.026063215722367,35.34610502446562,3.996,1.459,1587.157,15
13,24,1.830315627968932,3.837752613827067,0.0005346117024939,33.88307778235423,0.0006,3.831,1082.719,15
13,24,1.830315627968932,3.4318219747270544,-4.026045344485017,33.90726685832811,3.996,1.543,1093.438,15
13,24,1.830315627968932,3.8333876073331,-0.0009215475547915,33.982695517131404,0.0006,3.826,1104.188,15
13,24,1.830315627968932,3.427412188014187,-4.023743074631798,33.95661619224523,3.996,1.54,1115.0,15
13,24,1.830315627968932,3.8286560888951615,-0.0050876563777209,34.00783419168049,0.0006,3.821,1125.641,15
13,24,1.830315627968932,3.423088254587471,-4.025366157409814,34.01232354650229,3.996,1.537,1136.438,15
13,24,1.830315627968932,3.734148358156978,0.0003368984783319,35.51997893710306,0.0006,3.728,1662.172,15
13,24,1.830315627968932,3.3596120088720025,-4.025171141228412,35.144342201475055,3.996,1.475,1501.485,15
13,24,1.830315627968932,3.855257084000919,-0.0001606095156573,33.695757070996926,0.0006,3.848,996.985,15
13,24,1.830315627968932,3.448448878056084,-4.02450454568091,33.6918607408065,3.996,1.554,1007.688,15
13,24,1.830315627968932,3.850789666127089,0.0017606394802672,33.75813466547183,0.0006,3.843,1018.454,15
13,24,1.830315627968932,3.4444765198692475,-4.025980713012561,33.74080066703914,3.996,1.552,1029.141,15
13,24,1.830315627968932,3.8464614835068014,-0.0023577182877623,33.811563937194656,0.0006,3.839,1039.844,15
13,24,1.830315627968932,3.4401556006386813,-4.026522225839647,33.80497792324661,3.996,1.551,1050.547,15
13,24,1.830315627968932,3.747017987015754,8.239297946842632e-05,35.346055101319486,0.0006,3.741,1576.438,15
13,24,1.830315627968932,3.373732538873695,-4.02511308554093,34.860613461387864,3.996,1.487,1415.547,15
13,24,1.830315627968932,3.7436354278582615,-0.0011779743796091,35.3927602004853,0.0006,3.738,1597.875,15
13,24,1.830315627968932,3.342846457642006,-4.024773594873897,35.38239945545462,3.996,1.457,1608.594,15
13,24,1.830315627968932,3.740510850386428,-0.0068072060279309,35.4430823092179,0.0006,3.734,1619.344,15
13,24,1.830315627968932,3.3397482944911205,-4.025369819112809,35.449588181402895,3.996,1.454,1630.094,15
13,24,1.830315627968932,3.7370508544776944,0.0007956083949409,35.48226567616954,0.0006,3.73,1640.797,15
13,24,1.830315627968932,3.3366992665535,-4.024363529009004,35.48115654139115,3.996,1.451,1651.469,15
13,24,1.830315627968932,3.8971694790358673,0.0039967112747675,33.62117422425923,0.0006,3.89,803.922,15
13,24,1.830315627968932,3.529482604434272,-4.025330126951802,33.17603854083213,3.996,1.634,642.719,15
13,24,1.830315627968932,3.7572958357721338,-0.0016178273654313,35.18102682205534,0.0004,3.75,1512.188,15
13,24,1.830315627968932,3.356156122607974,-4.024904705857194,35.18424341517323,3.996,1.471,1522.875,15
13,24,1.830315627968932,3.7540137621754672,0.0020692695694847,35.19975753857517,0.0006,3.747,1533.579,15
13,24,1.830315627968932,3.35277795679148,-4.026565227439227,35.199061665153195,3.996,1.468,1544.297,15
13,24,1.830315627968932,3.749547193681125,0.0004018266931175,35.26429409976306,0.0006,3.744,1554.985,15
13,24,1.830315627968932,3.349186998081448,-4.027085868681098,35.283887906297736,3.996,1.465,1565.766,15
13,24,1.830315627968932,3.775657976809509,-0.0001925337634594,34.835221915686496,0.0006,3.77,1404.829,15
13,24,1.830315627968932,3.2996713287574053,-4.025244138493152,36.125324410904106,3.996,1.411,1930.485,15
13,24,1.830315627968932,3.7720909254515536,-0.0018862351411579,34.90315533662179,0.0006,3.766,1426.25,15
13,24,1.830315627968932,3.370179801944184,-4.023444783241538,34.941080073831365,3.996,1.485,1436.969,15
13,24,1.830315627968932,3.768412700857518,0.0017421135475485,34.963099600663725,0.0006,3.762,1447.672,15
13,24,1.830315627968932,3.3663241111640883,-4.0254324903109,35.0038082512128,3.996,1.481,1458.516,15
13,24,1.830315627968932,3.764643362471553,0.0004969438536891,35.03526975373513,0.0006,3.759,1469.297,15
13,24,1.830315627968932,3.363408106699491,-4.025320358368417,35.034768245499315,3.996,1.477,1479.969,15
13,24,1.830315627968932,3.690579093401332,0.0021807868100239,36.32154372534458,0.0006,3.684,2005.547,15
13,24,1.830315627968932,3.310278383822551,-4.026267588312076,35.96092046005059,3.996,1.419,1844.485,15
13,24,1.830315627968932,3.787353967549337,8.765178004440055e-05,34.708889731020705,0.0006,3.78,1340.422,15
13,24,1.830315627968932,3.3846996717097237,-4.025199989107144,34.707848192707615,3.996,1.499,1351.125,15
13,24,1.830315627968932,3.783684731258988,0.0019542652227552,34.73348607566661,0.0006,3.776,1361.891,15
13,24,1.830315627968932,3.380848337455588,-4.024550672155921,34.738097269423065,3.996,1.496,1372.688,15
13,24,1.830315627968932,3.779858714122156,-7.507490312878615e-06,34.80447831482958,0.0006,3.773,1383.422,15
13,24,1.830315627968932,3.3773903180641742,-4.027545487888528,34.81911337944152,3.996,1.491,1394.125,15
13,24,1.830315627968932,3.700104628062957,0.0032520344940276,36.14304112963143,0.0006,3.694,1919.735,15
13,24,1.830315627968932,3.321458248632715,-4.025282890994159,35.74238444922448,3.996,1.435,1758.594,15
13,24,1.830315627968932,3.696724908276356,-0.0007282947259026,36.16207096598755,0.0006,3.691,1941.188,15
13,24,1.830315627968932,3.297035810177521,-4.024803342259292,36.205251622833096,3.996,1.41,1951.922,15
13,24,1.830315627968932,3.695233255308599,-0.0040102645303901,36.2470573278748,0.0006,3.69,1962.672,15
13,24,1.830315627968932,3.294822657711284,-4.02450787799188,36.22200522341431,3.996,1.406,1973.375,15
13,24,1.830315627968932,3.693048087495697,0.0007218796431276,36.26665441236646,0.0006,3.688,1984.063,15
13,24,1.830315627968932,3.2921133320000284,-4.025150366392461,36.32782582551076,3.996,1.405,1994.875,15
13,24,1.830315627968932,3.824272211737988,-0.0040657029399368,34.081847759751945,0.0006,3.818,1147.172,15
13,24,1.830315627968932,3.452821502450268,-4.024629342660107,33.63870658242293,3.996,1.557,986.297,15
13,24,1.830315627968932,3.707751689887719,7.244565964761617e-05,36.031144200129695,0.0006,3.702,1855.188,15
13,24,1.830315627968932,3.307445336066148,-4.026523448080016,36.02552275482356,3.996,1.418,1865.907,15
13,24,1.830315627968932,3.705428583910489,0.001155114603294,36.07502693036013,0.0006,3.699,1876.766,15
13,24,1.830315627968932,3.3049254713558662,-4.025296174945323,36.09542888280491,3.996,1.415,1887.485,15
13,24,1.830315627968932,3.7027244731696234,-0.0005232527660698,36.09820943168822,0.0006,3.697,1898.282,15
13,24,1.830315627968932,3.302340670075408,-4.027511596671679,36.1722726179482,3.996,1.414,1909.032,15
13,24,1.830315627968932,3.721766721541864,0.0010995515168966,35.72972330772795,0.0006,3.716,1747.907,15
13,24,1.830315627968932,3.2641092866685124,-4.023313023102151,36.9981425302682,3.996,1.384,2274.079,15
13,24,1.830315627968932,3.718639911755068,0.0015371879310192,35.76873129018475,0.0006,3.713,1769.297,15
13,24,1.830315627968932,3.318539333767428,-4.026168264222519,35.8218948687087,3.996,1.432,1780.016,15
13,24,1.830315627968932,3.7160107254505608,0.0015398543757471,35.84243314679207,0.0006,3.71,1790.766,15
13,24,1.830315627968932,3.3154890982880687,-4.026723891545626,35.8566604539479,3.996,1.426,1801.547,15
13,24,1.830315627968932,3.713115771300526,0.0004943395824022,35.86606942006197,0.0006,3.706,1812.282,15
13,24,1.830315627968932,3.3129012576929693,-4.0270739790163645,35.885112753334234,3.996,1.421,1822.985,15
13,24,1.830315627968932,3.660924875230704,-0.0011518104791212,37.23631608780696,0.0006,3.653,2349.282,15
13,24,1.830315627968932,3.2724356626079274,-4.026810913149549,36.77248102182234,3.996,1.391,2188.016,15
13,24,1.830315627968932,3.730947285867552,0.0019772473671504,35.60972748853469,0.0006,3.724,1683.625,15
13,24,1.830315627968932,3.330529858493415,-4.02395140826339,35.62310411420836,3.996,1.445,1694.36,15
13,24,1.830315627968932,3.7278564841710655,0.0027723997651201,35.64389165333158,0.0006,3.721,1705.047,15
13,24,1.830315627968932,3.3272513664080035,-4.02588612403768,35.67078847322217,3.996,1.441,1715.782,15
13,24,1.830315627968932,3.72479242365669,-0.0003843151745552,35.696902770888265,0.0006,3.719,1726.485,15
13,24,1.830315627968932,3.3243589734025503,-4.024825301468891,35.71333450015935,3.996,1.438,1737.219,15
13,24,1.830315627968932,3.667981569232447,-0.0010438005835939,36.99204631035469,0.0006,3.661,2263.36,15
13,24,1.830315627968932,3.280898278562604,-4.025665898199786,36.590270927601765,3.996,1.397,2102.047,15
13,24,1.830315627968932,3.666208219838177,-0.0002788413181232,37.03941530609025,0.0006,3.659,2284.766,15
13,24,1.830315627968932,3.2620880258474414,-4.023476902059628,37.06621076808558,3.996,1.382,2295.516,15
13,24,1.830315627968932,3.6644620661414216,-0.0003680546357546,37.100811032875306,0.0006,3.657,2306.266,15
13,24,1.830315627968932,3.259676675533072,-4.026483757337199,37.07933536100459,3.996,1.381,2317.063,15
13,24,1.830315627968932,3.662953255047355,0.0003323556933919,37.16440445449363,0.0006,3.656,2327.891,15
13,24,1.830315627968932,3.257914956574767,-4.024623725996166,37.14961140520715,3.996,1.379,2338.625,15
13,24,1.830315627968932,3.761051283701258,-0.0009231038466963,35.10216520158938,0.0006,3.755,1490.688,15
13,24,1.830315627968932,3.3881044231112623,-4.026840995867851,34.63065422514293,3.996,1.502,1329.704,15
13,24,1.830315627968932,3.673143806171115,-0.0001051658116868,36.81882321114195,0.0006,3.666,2198.75,15
13,24,1.830315627968932,3.2705477848032287,-4.024256650182568,36.835836376937536,3.996,1.388,2209.469,15
13,24,1.830315627968932,3.671483383073829,0.0009911681513911,36.891828987390106,0.0006,3.666,2220.266,15
13,24,1.830315627968932,3.2680644191225863,-4.025393337930003,36.87517208650759,3.996,1.387,2231.094,15
13,24,1.830315627968932,3.6700138616778792,-0.0015314769269244,36.93247528593031,0.0006,3.662,2241.86,15
13,24,1.830315627968932,3.2662489471976475,-4.025004225887391,36.93489994436741,3.996,1.385,2252.594,15
13,24,1.830315627968932,3.6822045023069983,-0.0004070656222793,36.58529295479528,0.0006,3.676,2091.344,15
13,24,1.830315627968932,3.225240177502755,-4.026292405860645,37.93545168699281,3.996,1.353,2617.579,15
13,24,1.830315627968932,3.680410261536365,0.0008272570367617,36.64929882747603,0.0006,3.674,2112.797,15
13,24,1.830315627968932,3.2788396114414287,-4.024291292591896,36.62630145724808,3.996,1.395,2123.532,15
13,24,1.830315627968932,3.679166837686222,-0.0018660639577694,36.621135003082095,0.0006,3.672,2134.313,15
13,24,1.830315627968932,3.2768895223183896,-4.025575627946077,36.6414486503243,3.996,1.393,2145.032,15
13,24,1.830315627968932,3.676817559102097,0.0079606695130547,36.68939602885674,0.0006,3.671,2155.782,15
13,24,1.830315627968932,3.27471551926565,-4.026484294984831,36.7395096313774,3.996,1.391,2166.469,15
13,24,1.830315627968932,3.627301761651256,-0.0010812087408455,38.21435747164547,0.0006,3.616,2692.625,15
13,24,1.830315627968932,3.236718676795268,-4.023896696707368,37.66646356216576,3.996,1.363,2531.766,15
13,24,1.830315627968932,3.688251138021719,-0.0015915926852436,36.40974931994648,0.0006,3.682,2027.079,15
13,24,1.830315627968932,3.2874444914065384,-4.025489353497049,36.43536692130695,3.996,1.401,2037.813,15
13,24,1.830315627968932,3.686199050343647,0.0006110611442879,36.42941531809979,0.0006,3.681,2048.485,15
13,24,1.830315627968932,3.285362445808063,-4.025156482155333,36.483409956091016,3.996,1.399,2059.188,15
13,24,1.830315627968932,3.684519604737112,0.0030352340753845,36.51226774991186,0.0006,3.679,2069.907,15
13,24,1.830315627968932,3.283024577131981,-4.026027273227978,36.52188039114463,3.996,1.398,2080.641,15
13,24,1.830315627968932,3.6374725773792576,-0.0011605316374012,37.89210110906609,0.0006,3.627,2606.844,15
13,24,1.830315627968932,3.246317035085218,-4.024623791586177,37.42131269568485,3.996,1.371,2445.922,15
13,24,1.830315627968932,3.6350848921393935,-0.0027504704747425,38.00843077557342,0.0006,3.623,2628.282,15
13,24,1.830315627968932,3.222081140890589,-4.0242901406111535,37.99666861999242,3.996,1.351,2639.063,15
13,24,1.830315627968932,3.632543905758563,-0.005174670933166,38.08847505441064,0.0006,3.622,2649.766,15
13,24,1.830315627968932,3.2188949382057657,-4.025044584300765,38.097262593511424,3.996,1.346,2660.5,15
13,24,1.830315627968932,3.629956664089667,0.0017793854744161,38.134977379214256,0.0006,3.619,2671.204,15
13,24,1.830315627968932,3.21583698513838,-4.023237176687531,38.14453501775122,3.996,1.344,2681.891,15
13,24,1.830315627968932,3.710430867596458,0.0002496358622578,35.92794908226284,0.0006,3.704,1833.766,15
13,24,1.830315627968932,3.3335668644181458,-4.025297322165499,35.55819480898076,3.996,1.448,1672.875,15
13,24,1.830315627968932,3.6442801342300735,0.0016065551224598,37.74097530895118,0.0006,3.635,2542.454,15
13,24,1.830315627968932,3.2336365451894293,-4.024222964665484,37.718400524909065,3.996,1.361,2553.204,15
13,24,1.830315627968932,3.641995664411783,0.007334462584805,37.71946149661087,0.0006,3.633,2563.891,15
13,24,1.830315627968932,3.230907317151829,-4.024396506121231,37.78619559810884,3.996,1.356,2574.625,15
13,24,1.830315627968932,3.639752514580025,0.0039456636765568,37.83806986265701,0.0006,3.63,2585.375,15
13,24,1.830315627968932,3.22815002907156,-4.024445111499387,37.82818656704083,3.996,1.355,2596.11,15
13,24,1.830315627968932,3.653839928482115,-0.0013971428300809,37.39171568517743,0.0006,3.645,2435.188,15
13,24,1.830315627968932,3.146498890447514,-4.026031599065433,38.997999653020095,3.996,1.287,2960.875,15
13,24,1.830315627968932,3.652116003466137,-0.001654740966943,37.47391185711058,0.0006,3.644,2456.688,15
13,24,1.830315627968932,3.244263675788884,-4.024724035667497,37.51110177884086,3.996,1.367,2467.391,15
13,24,1.830315627968932,3.650155561571484,0.0080922103240985,37.55884808041391,0.0006,3.642,2478.172,15
13,24,1.830315627968932,3.241898405402825,-4.025044156668967,37.53998512383803,3.996,1.366,2488.86,15
13,24,1.830315627968932,3.648370627465122,-0.0145691930232365,37.66177119159068,0.0006,3.639,2499.594,15
13,24,1.830315627968932,3.2391041490381567,-4.0246439957878,37.63259005654634,3.996,1.364,2510.329,15
13,24,1.830315627968932,3.541837029435442,0.0030784286387077,39.3632165211705,0.0006,3.524,3035.938,15
13,24,1.830315627968932,3.175968940030109,-4.024445410316455,38.73429323462482,3.996,1.312,2874.969,15
13,24,1.830315627968932,3.6591166866066094,0.0014658828767323,37.26049783031933,0.0006,3.651,2370.719,15
13,24,1.830315627968932,3.252956868303729,-4.025275935621055,37.26483933005702,3.996,1.374,2381.547,15
13,24,1.830315627968932,3.657298456362586,0.0004587284572088,37.341320061882776,0.0006,3.649,2392.282,15
13,24,1.830315627968932,3.2508449047901853,-4.02485634104953,37.29915288206134,3.996,1.373,2403.047,15
13,24,1.830315627968932,3.655615463726441,-0.0017671981763129,37.38310166635504,0.0006,3.647,2413.782,15
13,24,1.830315627968932,3.248823085298151,-4.025360279899086,37.34546670544592,3.996,1.372,2424.485,15
13,24,1.830315627968932,3.5773453739384067,0.0012230857998944,38.99745817487703,0.0006,3.562,2950.094,15
13,24,1.830315627968932,3.1967012419362075,-4.024335585960357,38.455283626498,3.996,1.33,2789.282,15
13,24,1.830315627968932,3.5703013024630383,0.0019311753830844,39.063961400247855,0.0006,3.553,2971.579,15
13,24,1.830315627968932,3.136582987187297,-4.025026820601108,39.10888671071544,3.996,1.28,2982.391,15
13,24,1.830315627968932,3.561800804139229,0.0005089807565671,39.18802216149848,0.0006,3.543,2993.11,15
13,24,1.830315627968932,3.126425045585111,-4.026376021649621,39.23625765761079,3.996,1.268,3003.813,15
13,24,1.830315627968932,3.5527854312503657,0.000912228156916,39.26683777605826,0.0006,3.536,3014.516,15
13,24,1.830315627968932,3.113963840309631,-4.024744403226306,39.27831415459108,3.996,1.258,3025.235,15
13,24,1.830315627968932,3.675198795401918,-0.003379734031371,36.77966944146853,0.0006,3.669,2177.25,15
13,24,1.830315627968932,3.289549104732674,-4.024611508076032,36.31394086700911,3.996,1.404,2016.375,15
13,24,1.830315627968932,3.5944775237897835,-0.0013027694354136,38.825492308694464,0.0006,3.58,2885.688,15
13,24,1.830315627968932,3.1700717710400594,-4.023803340891077,38.81832381297406,3.996,1.307,2896.407,15
13,24,1.830315627968932,3.5894674812235627,0.0009549708450596,38.88961016050305,0.0006,3.573,2907.125,15
13,24,1.830315627968932,3.1629883004938915,-4.024869981047391,38.903214023925216,3.996,1.302,2917.86,15
13,24,1.830315627968932,3.5837519243995297,-0.0020235816888598,38.97092507873572,0.0006,3.567,2928.594,15
13,24,1.830315627968932,3.155312873368902,-4.024873586757658,38.97780754442982,3.996,1.296,2939.36,15
13,24,1.830315627968932,3.615233826061241,0.0001201816485351,38.48720339642066,0.0006,3.601,2778.547,15
13,24,1.830315627968932,2.369650546383299,-4.028474225036271,40.926967121110565,3.996,0.709,3304.594,15
13,24,1.830315627968932,3.611493177944066,-0.0018174986464879,38.56897062218516,0.0006,3.597,2800.0,15
13,24,1.830315627968932,3.1921745678559006,-4.025854360678965,38.54599576030814,3.996,1.327,2810.704,15
13,24,1.830315627968932,3.60771939590548,0.0010311843440401,38.60940551202767,0.0006,3.595,2821.391,15
13,24,1.830315627968932,3.187194611858556,-4.025258122217315,38.62414858608938,3.996,1.32,2832.125,15
13,24,1.830315627968932,3.603786085286137,-0.0019865281356259,38.69235835370285,0.0006,3.59,2842.829,15
13,24,1.830315627968932,3.181982545112101,-4.024864212885361,38.67968961442881,3.996,1.316,2853.547,15
13,24,1.830315627968932,3.008152127342553,-0.0007807580897476,40.904829220696,0.0006,-0.0,3381.5,15
13,24,1.830315627968932,2.854858442691179,-4.024662942228517,40.23616329165678,3.996,1.04,3218.547,15
13,24,1.830315627968932,3.624538830242477,0.0011960654149975,38.29312822021984,0.0006,3.612,2714.094,15
13,24,1.830315627968932,3.208629848302341,-4.025286587850804,38.27884561375858,3.996,1.34,2724.875,15
13,24,1.830315627968932,3.62146709401508,0.0006431951688424,38.34807673587514,0.0008,3.61,2735.579,15
13,24,1.830315627968932,3.2049517460388874,-4.022561254779191,38.34804713143396,3.996,1.335,2746.297,15
13,24,1.830315627968932,3.618459449885448,0.0011400112347966,38.43201839154305,0.0006,3.607,2757.079,15
13,24,1.830315627968932,3.201097674338167,-4.02388461391204,38.40528419992554,3.996,1.333,2767.829,15
13,24,1.830315627968932,3.078295236169252,-1.157722397118006e-05,40.90046121317727,0.0006,3.028,3293.735,15
13,24,1.830315627968932,3.015480494412165,-4.025119947484076,39.80016498501762,3.996,1.177,3132.594,15
13,24,1.830315627968932,2.9395107738551687,-0.0004921928844611,41.11013226220295,0.0006,2.85,3315.454,15
13,24,1.830315627968932,1.934448897147264,-3.910867678663753,41.18560409361218,3.996,0.478,3326.297,15
13,24,1.830315627968932,2.787663248251368,-0.0027607800609501,41.45812420664237,0.0006,0.0,3337.313,15
13,24,1.830315627968932,2.887447236087888,0.0023467245087892,41.38555774186438,0.0006,0.0,3348.36,15
13,24,1.830315627968932,2.9400595304422388,-0.0008681601423613,41.25482848662289,0.0006,0.0,3359.313,15
13,24,1.830315627968932,2.9778222838253976,0.0016071534017444,41.10339262520444,0.0006,0.0,3370.36,15
13,24,1.830315627968932,3.6462040286293806,0.0007074031196479,37.66571035208605,0.0006,3.636,2521.047,15
13,24,1.830315627968932,3.2554633606331245,-4.025675956714994,37.22512815295798,3.996,1.377,2360.0,15
13,24,1.830315627968932,3.3097392338533447,0.0043378671313919,40.33917623504396,0.0006,3.281,3229.235,15
13,24,1.830315627968932,2.7908330647385022,-4.0229981470454605,40.41127902991139,3.996,0.982,3239.985,15
13,24,1.830315627968932,3.2520711023590394,-0.001799712592547,40.51390978300892,0.0006,3.22,3250.797,15
13,24,1.830315627968932,2.7103173310752613,-4.026623677659686,40.54453351333888,3.996,0.921,3261.485,15
13,24,1.830315627968932,3.1796022949504748,0.0006996504611432,40.7390828627021,0.0006,3.14,3272.204,15
13,24,1.830315627968932,2.5890421451074683,-4.025573788654549,40.7036201338615,3.996,0.837,3282.922,15
13,24,1.830315627968932,3.4800404539195293,-0.0017983944697713,39.80303879503449,0.0006,3.458,3121.875,15
13,24,1.830315627968932,3.239755755269621,-0.0015716984354638,36.78027010896902,0.0006,-0.0,3660.266,15
13,24,1.830315627968932,3.456708629911827,-0.0022757301546433,39.87471834720547,0.0006,3.433,3143.344,15
13,24,1.830315627968932,2.9848793145719608,-4.023503215545532,39.924622389570985,3.996,1.152,3154.047,15
13,24,1.830315627968932,3.4291392504244715,-0.0015798554022287,40.00278182515891,0.0006,3.403,3164.829,15
13,24,1.830315627968932,2.949101369218267,-4.023465191501521,40.02201676051886,3.996,1.118,3175.516,15
13,24,1.830315627968932,3.396457699772921,0.0028568987320982,40.126584272611,0.0006,3.371,3186.297,15
13,24,1.830315627968932,2.9062086815222363,-4.02584078469534,40.14475076888768,3.996,1.082,3197.032,15
13,24,1.830315627968932,3.2593195715304586,7.589058919471452e-05,35.89075491387145,0.0006,0.0,3738.219,15
13,24,1.830315627968932,3.2076121387654504,-0.0008455384488727,37.88748031836959,0.0006,0.0,3571.094,15
13,24,1.830315627968932,3.530417822763981,-0.0007961126581434,39.418828050971456,0.0006,3.511,3057.36,15
13,24,1.830315627968932,3.0829397948801565,-4.022743200797757,39.4414212369832,3.996,1.234,3068.11,15
13,24,1.830315627968932,3.5161722522256724,-0.001009105524022,39.52384421852621,0.0006,3.495,3078.829,15
13,24,1.830315627968932,3.064205032625358,-4.02423311596277,39.52166782350978,3.996,1.218,3089.532,15
13,24,1.830315627968932,3.4997583900798723,0.0020871873734062,39.66635417675975,0.0006,3.477,3100.344,15
13,24,1.830315627968932,3.0417852578434244,-4.024532373718071,39.67528549293361,3.996,1.197,3111.11,15
13,24,1.830315627968932,3.2361778899919,-0.0038330040565597,36.91230514386944,0.0006,-0.0,3649.047,15
13,24,1.830315627968932,3.153260042575148,-0.0014148663799249,39.18119053558768,0.0006,0.0,3481.688,15
13,24,1.830315627968932,3.2429622881480102,-0.0020931067099212,36.634161568714106,0.0006,0.0,3671.375,15
13,24,1.830315627968932,3.2458428153042203,-0.0009852781127218,36.52523446570245,0.0006,0.0,3682.516,15
13,24,1.830315627968932,3.2487165596693166,-0.0005064503622123,36.34787129049697,0.0006,0.0,3693.672,15
13,24,1.830315627968932,3.251741354449624,-0.0025794167540381,36.25513255549418,0.0006,-0.0,3704.782,15
13,24,1.830315627968932,3.254371545624793,-0.0016246035896662,36.13361689205023,0.0006,-0.0,3715.922,15
13,24,1.830315627968932,3.256740096950727,-0.0014159484460744,35.99645629934789,0.0006,-0.0,3727.063,15
13,24,1.830315627968932,3.59911236641157,-0.0025612191987862,38.75121169192941,0.0006,3.585,2864.25,15
13,24,1.830315627968932,3.2124843540703454,-4.025422029234186,38.22043259937256,3.996,1.342,2703.36,15
13,24,1.830315627968932,3.2126437025189807,-0.0018785639580555,37.71688685231471,0.0006,0.0,3582.219,15
13,24,1.830315627968932,3.2171354527323373,-7.456208019523626e-05,37.58119776023434,0.0006,0.0,3593.36,15
13,24,1.830315627968932,3.221176142771644,-0.0005610769978814,37.442122168460045,0.0006,-0.0,3604.485,15
13,24,1.830315627968932,3.2253360198088625,-0.0015233600032779,37.29996543760522,0.0006,0.0,3615.61,15
13,24,1.830315627968932,3.229310404181439,-0.0003355059236345,37.18343716811536,0.0006,0.0,3626.797,15
13,24,1.830315627968932,3.23285608538739,0.0007237515561847,37.0341172649412,0.0006,-0.0,3637.891,15
13,24,1.830315627968932,3.1435015677570783,0.0005578758422703,39.362347079808885,0.0006,-0.0,3470.579,15
13,24,1.830315627968932,3.3009070762719994,-0.001554249312058,33.45938443279976,0.0006,0.0,4017.829,15
13,24,1.830315627968932,3.162438735922342,0.0004107118661997,39.01234024215859,0.0006,0.0,3492.875,15
13,24,1.830315627968932,3.1704965193115706,-0.0026204670306593,38.82296052583159,0.0006,0.0,3504.094,15
13,24,1.830315627968932,3.177995181830198,-0.0007120760530687,38.66772054186121,0.0006,-0.0,3515.313,15
13,24,1.830315627968932,3.1846299340737585,-0.001868666540268,38.51211568249013,0.0006,0.0,3526.485,15
13,24,1.830315627968932,3.1909899394235515,-0.00101086442584,38.3566529177839,0.0006,-0.0,3537.641,15
13,24,1.830315627968932,3.1969945097897394,-0.0009924557159187,38.19183115230923,0.0006,0.0,3548.813,15
13,24,1.830315627968932,3.3080677077022465,0.0015365147257742,32.90640563996495,0.0006,0.0,4096.032,15
13,24,1.830315627968932,3.2907640784062164,-0.0001378331299561,34.12419905970802,0.0006,0.0,3928.422,15
13,24,1.830315627968932,3.055332584918428,0.0006535116602039,40.5080360125519,0.0006,0.0,3403.719,15
13,24,1.830315627968932,3.074174188712308,-0.00018592225775,40.30949654875282,0.0006,0.0,3414.875,15
13,24,1.830315627968932,3.091381554898143,-0.0029157216036289,40.10164830858297,0.0006,-0.0,3426.032,15
13,24,1.830315627968932,3.106570491158124,-0.001232726551926,39.89505421754959,0.0006,0.0,3437.141,15
13,24,1.830315627968932,3.120328850395783,-3.662506854571564e-05,39.7121948191785,0.0006,0.0,3448.25,15
13,24,1.830315627968932,3.132448096388973,-0.0024809686661387,39.53407114102328,0.0006,0.0,3459.454,15
13,24,1.830315627968932,3.299759811783016,-0.0034742261963184,33.53536721131634,0.0006,0.0,4006.61,15
13,24,1.830315627968932,3.2780036933953807,-0.0006242142702307,34.907328851853656,0.0006,0.0,3838.782,15
13,24,1.830315627968932,3.3018511977284657,-0.0022982382635219,33.381639661236065,0.0006,0.0,4029.016,15
13,24,1.830315627968932,3.3029897051138923,-0.0001848035346745,33.28581194176829,0.0006,0.0,4040.172,15
13,24,1.830315627968932,3.304138378076304,-0.0014987198346225,33.21211569812498,0.0006,0.0,4051.391,15
13,24,1.830315627968932,3.304975501536747,0.0002016222224069,33.12978180361438,0.0006,0.0,4062.532,15
13,24,1.830315627968932,3.3058759047395347,0.0023936582369498,33.06399084636396,0.0006,0.0,4073.719,15
13,24,1.830315627968932,3.306842614343253,0.0019879317667507,32.966756264919105,0.0006,0.0,4084.875,15
13,24,1.830315627968932,3.35765146409595,-0.0005752906086203,40.245005476406405,0.0006,3.329,3207.797,15
13,24,1.830315627968932,3.099873156880052,-4.0247333633651,39.38937037742558,3.996,1.247,3046.657,15
13,24,1.830315627968932,3.2921188284466245,-0.0015921331397474,34.049910644028465,0.0006,0.0,3939.579,15
13,24,1.830315627968932,3.293486860678108,0.0013648156686289,33.94393632796823,0.0006,-0.0,3950.735,15
13,24,1.830315627968932,3.294656442409596,-0.0016288950158263,33.86043259547717,0.0006,0.0,3961.875,15
13,24,1.830315627968932,3.2961869210027985,-0.0004664045141841,33.79581589126866,0.0006,0.0,3973.11,15
13,24,1.830315627968932,3.297655115500887,0.0020216447305258,33.699993569855344,0.0006,0.0,3984.25,15
13,24,1.830315627968932,3.2987296635755867,-0.0023900949971267,33.61392337927994,0.0006,0.0,3995.485,15
13,24,1.830315627968932,3.2763633653805653,-0.0026292332444632,35.00057766043918,0.0006,-0.0,3827.625,15
13,24,1.830315627968932,3.3261560761933584,0.0008879753033935,31.39748417416279,0.0006,0.0,4375.063,15
13,24,1.830315627968932,3.2799832190636087,0.0004222476632045,34.813818239623714,0.0006,0.0,3850.0,15
13,24,1.830315627968932,3.2817003119660435,-0.0005151415690632,34.697306928624016,0.0006,0.0,3861.204,15
13,24,1.830315627968932,3.283118512838098,-0.0009890176707733,34.62163379965328,0.0006,0.0,3872.391,15
13,24,1.830315627968932,3.2848056007761546,7.805535078841257e-07,34.52172325208626,0.0006,0.0,3883.61,15
13,24,1.830315627968932,3.286402496653518,-0.0017052496196547,34.42388255717039,0.0006,0.0,3894.813,15
13,24,1.830315627968932,3.2878606870846774,-0.0022598423539168,34.33171318254936,0.0006,0.0,3906.063,15
13,24,1.830315627968932,3.329745518833742,-0.0024939482213067,31.074873053859967,0.0006,0.0,4453.219,15
13,24,1.830315627968932,3.32152153427163,-0.0009319619798276,31.83691605032149,0.0006,-0.0,4285.75,15
13,24,1.830315627968932,3.2641986846811126,-0.0012159148615441,35.660471032023274,0.0006,0.0,3760.532,15
13,24,1.830315627968932,3.266476791784771,0.0008858087438949,35.54620371899124,0.0006,-0.0,3771.672,15
13,24,1.830315627968932,3.268551698428465,-0.0005656696073669,35.44484515918334,0.0006,0.0,3782.829,15
13,24,1.830315627968932,3.270548120618508,-0.0005385520271444,35.35970102335276,0.0006,0.0,3794.016,15
13,24,1.830315627968932,3.272671470394429,-0.0008552951942217,35.230647872066584,0.0006,0.0,3805.188,15
13,24,1.830315627968932,3.2744247006722413,-0.001259360821544,35.12118485558027,0.0006,0.0,3816.36,15
13,24,1.830315627968932,3.325616302628631,0.0009866616307806,31.45361917670733,0.0006,0.0,4363.938,15
13,24,1.830315627968932,3.315687622590965,0.001385960197625,32.30635227696552,0.0006,0.0,4196.5,15
13,24,1.830315627968932,3.3268278280359644,-0.001937897885189,31.356901663265138,0.0006,0.0,4386.204,15
13,24,1.830315627968932,3.3271738677188503,-0.0027511743633592,31.302124940404514,0.0006,0.0,4397.344,15
13,24,1.830315627968932,3.327845180684676,-0.0001721344820386,31.249226833540657,0.0006,0.0,4408.469,15
13,24,1.830315627968932,3.328093163754392,-0.0009836787273255,31.202518610834016,0.0006,-0.0,4419.641,15
13,24,1.830315627968932,3.328810185706502,0.0002786566384389,31.15915652021179,0.0006,-0.0,4430.782,15
13,24,1.830315627968932,3.32926775374885,-0.0003553463334268,31.10334843540787,0.0006,-0.0,4441.922,15
13,24,1.830315627968932,3.202453315218074,-0.0013871453248806,38.04647734183648,0.0006,-0.0,3559.938,15
13,24,1.830315627968932,3.033108216134927,-0.0001610715664523,40.71049885372846,0.0006,0.0,3392.579,15
13,24,1.830315627968932,3.3221334718611986,-0.0020926509152543,31.76782885354642,0.0006,0.0,4296.86,15
13,24,1.830315627968932,3.322638359099366,-0.0028360942440302,31.72181942261761,0.0006,0.0,4308.032,15
13,24,1.830315627968932,3.323403652244077,-0.0008217045547933,31.67422297970309,0.0006,0.0,4319.188,15
13,24,1.830315627968932,3.324005093105895,0.000108779695445,31.61521378013735,0.0006,0.0,4330.375,15
13,24,1.830315627968932,3.324626050959927,-0.000584550986141,31.57171475691919,0.0006,0.0,4341.625,15
13,24,1.830315627968932,3.325159370405524,-0.0003212663675812,31.50752674684102,0.0006,0.0,4352.797,15
13,24,1.830315627968932,3.315123101500144,0.0015367438512426,32.38507585242876,0.0006,0.0,4185.375,15
13,24,1.830315627968932,3.339549475570305,-0.00043859093289,30.0545190940912,0.0006,0.0,4732.313,15
13,24,1.830315627968932,3.31639372492612,-0.0037604146100927,32.253466201616206,0.0006,0.0,4207.641,15
13,24,1.830315627968932,3.317559226226202,-0.0022913304646889,32.19334210772868,0.0006,0.0,4218.813,15
13,24,1.830315627968932,3.3181137218839845,-0.0042744041992391,32.130878565621536,0.0006,0.0,4229.938,15
13,24,1.830315627968932,3.318682266546909,-0.0006800581437449,32.080333823315165,0.0006,0.0,4241.188,15
13,24,1.830315627968932,3.3196246862979764,0.0001956630899823,32.01777708887328,0.0006,0.0,4252.297,15
13,24,1.830315627968932,3.3202181596705014,0.0005268044842715,31.95293048616946,0.0006,0.0,4263.469,15
13,24,1.830315627968932,3.341731129111047,-0.0016155422281046,29.83573399338158,0.0006,0.0,4810.36,15
13,24,1.830315627968932,3.336644251961201,-0.0006539636406647,30.33297575639948,0.0006,0.0,4643.032,15
13,24,1.830315627968932,3.309939179741501,-0.0020383017445318,32.760746947475,0.0006,0.0,4118.375,15
13,24,1.830315627968932,3.310655266111036,-0.0001312343348101,32.6947539525471,0.0006,0.0,4129.547,15
13,24,1.830315627968932,3.3119636029398216,0.0018524000764377,32.630085307398176,0.0006,-0.0,4140.797,15
13,24,1.830315627968932,3.312555927610499,-0.0014741925478444,32.57174181305868,0.0006,0.0,4151.954,15
13,24,1.830315627968932,3.313442643787711,0.0008357950575055,32.512410895119885,0.0006,0.0,4163.094,15
13,24,1.830315627968932,3.314224781262876,-0.0007651398076301,32.427556414652926,0.0006,-0.0,4174.219,15
13,24,1.830315627968932,3.339150955500904,-0.0009848911375411,30.08320795342891,0.0006,0.0,4721.125,15
13,24,1.830315627968932,3.33352852654615,-0.0011196521318995,30.65743450679893,0.0006,0.0,4553.719,15
13,24,1.830315627968932,3.3396924999623328,-0.0042749007093933,30.017191086403766,0.0006,0.0,4743.469,15
13,24,1.830315627968932,3.340058952446677,-7.630546294498609e-06,29.99201822268692,0.0004,0.0,4754.61,15
13,24,1.830315627968932,3.340261878134559,-0.0020518762296204,29.96511871080429,0.0006,0.0,4765.75,15
13,24,1.830315627968932,3.340578310088521,0.0010937190182537,29.918243690258237,0.0006,0.0,4776.891,15
13,24,1.830315627968932,3.3409971657592785,0.0002399604252216,29.89868033296774,0.0006,0.0,4788.047,15
13,24,1.830315627968932,3.341239740033418,-0.0024626814318676,29.874007203956086,0.0006,0.0,4799.219,15
13,24,1.830315627968932,3.289159830566483,-0.0009319107039579,34.21801353970825,0.0006,0.0,3917.188,15
13,24,1.830315627968932,3.2617693719992102,0.000639377826141,35.77188222496156,0.0006,0.0,3749.36,15
13,24,1.830315627968932,3.337123024365916,-0.0019131030976429,30.288000428670895,0.0006,0.0,4654.204,15
13,24,1.830315627968932,3.337353447597013,-0.0012555872418679,30.24898260810044,0.0006,0.0,4665.407,15
13,24,1.830315627968932,3.337759715962968,-0.0019222333495371,30.22020407954014,0.0006,0.0,4676.594,15
13,24,1.830315627968932,3.3381313291420343,-0.0009289342740595,30.17963374457086,0.0006,0.0,4687.735,15
13,24,1.830315627968932,3.3384551708073373,-0.0018174398662381,30.16463261498776,0.0006,0.0,4698.844,15
13,24,1.830315627968932,3.338625152888395,-0.0005591715597075,30.12623225005936,0.0006,-0.0,4710.016,15
13,24,1.830315627968932,3.33338872006079,-0.0004118309316568,30.706880257312218,0.0006,0.0,4542.594,15
13,24,1.830315627968932,3.347524651661568,-0.0025512948871068,29.19577245711161,0.0006,0.0,5089.0,15
13,24,1.830315627968932,3.334141843137277,-0.0002057175653676,30.61676835349672,0.0006,0.0,4564.829,15
13,24,1.830315627968932,3.334456664447556,-0.0006417393371958,30.57336789917699,0.0006,0.0,4575.938,15
13,24,1.830315627968932,3.3348579747602067,-0.0014657257790858,30.537765490831784,0.0006,-0.0,4587.141,15
13,24,1.830315627968932,3.3352670734399683,5.646922471348575e-05,30.49477981769447,0.0006,0.0,4598.344,15
13,24,1.830315627968932,3.335647348682852,1.0703401546340494e-05,30.43609056842228,0.0006,0.0,4609.516,15
13,24,1.830315627968932,3.3359683661029287,-0.0026100294744519,30.412938837899357,0.0004,0.0,4620.625,15
13,24,1.830315627968932,3.348777526557285,-0.0004459509525126,29.05526810402535,0.0006,0.0,5167.219,15
13,24,1.830315627968932,3.3457114747715506,-0.0003954896353097,29.385550734454327,0.0006,0.0,4999.844,15
13,24,1.830315627968932,3.330686785178628,-0.0008827744479775,30.97303663658843,0.0006,0.0,4475.625,15
13,24,1.830315627968932,3.331302356542261,1.4826541583272791e-05,30.9295175972022,0.0006,0.0,4486.813,15
13,24,1.830315627968932,3.331662770452879,-0.0006023009903066,30.88397513676814,0.0006,0.0,4497.954,15
13,24,1.830315627968932,3.331985225382978,-0.0011636078719798,30.83729634671654,0.0006,0.0,4509.157,15
13,24,1.830315627968932,3.33249328930309,-0.0022177986230835,30.78944414613166,0.0006,0.0,4520.266,15
13,24,1.830315627968932,3.3328524991498525,-0.0004996951200168,30.74243157244789,0.0006,0.0,4531.485,15
13,24,1.830315627968932,3.347463506802368,-0.0010798141914908,29.225842321150107,0.0006,0.0,5077.86,15
13,24,1.830315627968932,3.344091962859945,-0.0018969599127081,29.55316023843808,0.0006,-0.0,4910.704,15
13,24,1.830315627968932,3.347864673283197,-0.0008813429753999,29.18118281779336,0.0006,0.0,5100.204,15
13,24,1.830315627968932,3.347885076294175,-0.001369029035928,29.161899707990155,0.0006,0.0,5111.297,15
13,24,1.830315627968932,3.34828774039272,0.0006450722356178,29.14771682938695,0.0006,-0.0,5122.422,15
13,24,1.830315627968932,3.3483097227181573,-0.0012302374913945,29.11907268543984,0.0006,0.0,5133.61,15
13,24,1.830315627968932,3.348500519887373,-0.0014914813022388,29.09696661576109,0.0006,0.0,5144.86,15
13,24,1.830315627968932,3.348567253179813,0.0014981657333975,29.075520492548293,0.0006,0.0,5155.985,15
13,24,1.830315627968932,3.3208163125570627,-0.0019046117067761,31.89922085558769,0.0006,0.0,4274.641,15
13,24,1.830315627968932,3.30886907402977,-0.0018235065076783,32.833337375032905,0.0006,0.0,4107.188,15
13,24,1.830315627968932,3.346131925519103,-0.0011689537256186,29.35722483973379,0.0006,0.0,5010.985,15
13,24,1.830315627968932,3.346446194325788,-0.0024601446634033,29.332180659629508,0.0006,-0.0,5022.172,15
13,24,1.830315627968932,3.3465173318699413,0.0014085745620792,29.31329373413691,0.0006,-0.0,5033.375,15
13,24,1.830315627968932,3.346732042022731,-0.0026512549884167,29.294204916429955,0.0006,0.0,5044.563,15
13,24,1.830315627968932,3.3469751142257365,-0.000938664732292,29.26442378328259,0.0006,0.0,5055.672,15
13,24,1.830315627968932,3.3470689840010666,-0.0003166756351262,29.24711380942138,0.0006,0.0,5066.766,15
13,24,1.830315627968932,3.34379593547999,-0.0002590461028147,29.58829333282282,0.0006,0.0,4899.563,15
13,24,1.830315627968932,3.353042333252405,-0.0015744409497402,28.668962040512177,0.0006,0.0,5446.016,15
13,24,1.830315627968932,3.344170040535149,-0.0010760429169103,29.5457763702054,0.0006,0.0,4921.813,15
13,24,1.830315627968932,3.344367162914947,0.0001609983374074,29.518815924424423,0.0006,-0.0,4933.016,15
13,24,1.830315627968932,3.344881518207422,-0.0009021887614824,29.49183990293214,0.0006,-0.0,4944.188,15
13,24,1.830315627968932,3.3449360097989427,-0.0010209992170066,29.463622663315423,0.0006,0.0,4955.313,15
13,24,1.830315627968932,3.3451416356476456,-0.0019613189913849,29.443609377521128,0.0006,0.0,4966.454,15
13,24,1.830315627968932,3.345341998160591,4.863718903156737e-05,29.433155541692013,0.0006,0.0,4977.594,15
13,24,1.830315627968932,3.3542294220559965,3.6473090937211504e-06,28.553664629787235,0.0006,0.0,5523.954,15
13,24,1.830315627968932,3.351860661747775,-0.0024544187279204,28.79421216395174,0.0006,0.0,5356.782,15
13,24,1.830315627968932,3.342200037886752,-0.0013741668899287,29.76807066623687,0.0006,-0.0,4832.704,15
13,24,1.830315627968932,3.342580825917721,-0.0012211896236152,29.73527762098325,0.0006,0.0,4843.829,15
13,24,1.830315627968932,3.3428163628716927,-0.0019206372665119,29.70149918124088,0.0006,0.0,4854.938,15
13,24,1.830315627968932,3.342779074832618,-0.0015520122974558,29.67793256039236,0.0006,-0.0,4866.11,15
13,24,1.830315627968932,3.3432174743048453,-0.0018326163239708,29.639250320282468,0.0006,-0.0,4877.219,15
13,24,1.830315627968932,3.343497803141682,-0.0023289054005607,29.62112731450066,0.0006,0.0,4888.407,15
13,24,1.830315627968932,3.352782949792515,-0.0016864031762876,28.692820826510037,0.0006,0.0,5434.844,15
13,24,1.830315627968932,3.3504477254521823,-0.0020489585179675,28.909821300806684,0.0006,0.0,5267.641,15
13,24,1.830315627968932,3.3533740980442235,-0.001459571806321,28.654091487682773,0.0004,0.0,5457.094,15
13,24,1.830315627968932,3.353455503827562,-0.0032683935237447,28.638882863196383,0.0006,-0.0,5468.204,15
13,24,1.830315627968932,3.353463398150722,0.0003811984858436,28.629733868848657,0.0006,0.0,5479.36,15
13,24,1.830315627968932,3.353530564705775,-0.0027066872324995,28.605146124736216,0.0006,-0.0,5490.532,15
13,24,1.830315627968932,3.3537609526422925,-0.0021197548233234,28.59231490583083,0.0006,0.0,5501.672,15
13,24,1.830315627968932,3.353805837317759,-0.0006072801650558,28.575519819629733,0.0006,-0.0,5512.829,15
13,24,1.830315627968932,3.336419431445585,-0.0018227200438628,30.369842170479924,0.0006,0.0,4631.797,15
13,24,1.830315627968932,3.33013906177867,0.0003363592241184,31.00793656350002,0.0006,0.0,4464.454,15
13,24,1.830315627968932,3.3519512936938143,0.0007138417168529,28.785840677241247,0.0006,0.0,5367.938,15
13,24,1.830315627968932,3.352187247666653,-0.0002619611782988,28.764873317479204,0.0006,-0.0,5379.063,15
13,24,1.830315627968932,3.35238066076397,-0.0008232211273216,28.744311311336432,0.0006,-0.0,5390.219,15
13,24,1.830315627968932,3.352518523245068,-0.0016291797623724,28.733537629985364,0.0006,-0.0,5401.407,15
13,24,1.830315627968932,3.3526404824478955,-0.00407937527607,28.717264958994,0.0006,0.0,5412.547,15
13,24,1.830315627968932,3.352764255851349,-0.0001794215305164,28.705717848524397,0.0006,0.0,5423.704,15
13,24,1.830315627968932,3.350424247770709,-0.0042480580394875,28.91614294465645,0.0006,0.0,5256.532,15
13,24,1.830315627968932,3.357585993001699,-0.0016990117713795,28.26625780992503,0.0006,-0.0,5802.657,15
13,24,1.830315627968932,3.3507535039671525,-0.0008131618089064,28.88709877789527,0.0004,0.0,5278.797,15
13,24,1.830315627968932,3.350792519413382,-0.0013595196663933,28.87582239503995,0.0006,0.0,5289.922,15
13,24,1.830315627968932,3.350985831433201,-0.0012274900209149,28.85502254589917,0.0006,0.0,5301.079,15
13,24,1.830315627968932,3.3511777485347056,-0.0016374594941675,28.835976330787712,0.0006,0.0,5312.235,15
13,24,1.830315627968932,3.351433328362832,-0.0004001207020762,28.82997197790866,0.0004,0.0,5323.344,15
13,24,1.830315627968932,3.3515245388075074,-0.0036621583501834,28.815606152882143,0.0006,0.0,5334.469,15
13,24,1.830315627968932,3.358146123853868,0.0021542120978594,28.205734693047173,0.0006,0.0,5880.672,15
13,24,1.830315627968932,3.356334927794548,-0.0017500355856531,28.321734554325616,0.0006,0.0,5713.407,15
13,24,1.830315627968932,3.3493638619915918,-0.0007923727218182,29.020942528049755,0.0006,0.0,5189.532,15
13,24,1.830315627968932,3.349334491658922,0.0005168282361978,28.99603587575059,0.0006,-0.0,5200.672,15
13,24,1.830315627968932,3.3496580803154985,-0.0007687411845387,28.9913768161424,0.0006,0.0,5211.813,15
13,24,1.830315627968932,3.3499379688792184,-0.0004535908142071,28.98051448561341,0.0006,0.0,5222.985,15
13,24,1.830315627968932,3.3501321801274493,-0.0019461862883554,28.95688951593907,0.0006,0.0,5234.204,15
13,24,1.830315627968932,3.3500561464894747,-8.43867796341665e-05,28.941798919050463,0.0006,0.0,5245.375,15
13,24,1.830315627968932,3.3573612113993505,-0.0014016328911648,28.281565042937668,0.0006,0.0,5791.391,15
13,24,1.830315627968932,3.3554230345395726,-0.001091521257053,28.442205057908744,0.0006,-0.0,5624.266,15
13,24,1.830315627968932,3.357634187022978,-0.0010516132328106,28.25197077601619,0.0006,0.0,5813.829,15
13,24,1.830315627968932,3.357460913050497,-0.001046188957317,28.25073916105192,0.0006,0.0,5824.969,15
13,24,1.830315627968932,3.3577257963199845,-0.0048184787883088,28.23904289338348,0.0006,0.0,5836.11,15
13,24,1.830315627968932,3.3578849524820065,0.0014441444844974,28.22875365541457,0.0006,-0.0,5847.235,15
13,24,1.830315627968932,3.35813801864863,-0.0003394345365281,28.22282661379334,0.0006,0.0,5858.36,15
13,24,1.830315627968932,3.3580326172710304,-0.0014324697189629,28.21014452595113,0.0006,0.0,5869.516,15
13,24,1.830315627968932,3.3455394232562945,-0.0013520035851099,29.41656078625493,0.0004,-0.0,4988.75,15
13,24,1.830315627968932,3.3418486939998715,0.000841931753176,29.798609504995824,0.0006,0.0,4821.594,15
13,24,1.830315627968932,3.3565502433713457,0.0005189679116083,28.31936287425304,0.0006,0.0,5724.579,15
13,24,1.830315627968932,3.356446945947368,0.0012018183109116,28.31963140474628,0.0006,0.0,5735.735,15
13,24,1.830315627968932,3.356634068644106,-0.0021390922540814,28.29494804757045,0.0006,0.0,5746.844,15
13,24,1.830315627968932,3.356712501459754,0.001733868348594,28.29779782437353,0.0006,0.0,5757.969,15
13,24,1.830315627968932,3.356940432492706,0.0005183601215308,28.2840033305447,0.0004,0.0,5769.11,15
13,24,1.830315627968932,3.357001987923327,0.0012288774653251,28.28484536976097,0.0006,-0.0,5780.266,15
13,24,1.830315627968932,3.355342685778396,0.0009408399207559,28.452861347723815,0.0006,0.0,5613.063,15
13,24,1.830315627968932,3.360998331149683,-1.4440748743176432e-05,28.00094658114812,0.0006,0.0,6159.391,15
13,24,1.830315627968932,3.3554974306571825,-0.0018117961986501,28.42029175563884,0.0006,0.0,5635.375,15
13,24,1.830315627968932,3.355519400245997,-0.0004550455837391,28.406614644975747,0.0006,0.0,5646.532,15
13,24,1.830315627968932,3.355709588662647,0.0013639520982064,28.399494059419943,0.0004,-0.0,5657.672,15
13,24,1.830315627968932,3.3559139790477093,-0.0002353192888455,28.376843836672403,0.0006,0.0,5668.86,15
13,24,1.830315627968932,3.355988842600854,1.3570886767897584e-05,28.36363639323402,0.0006,0.0,5679.954,15
13,24,1.830315627968932,3.3560427494294265,-0.0025389693791539,28.349462199402,0.0006,-0.0,5691.141,15
13,24,1.830315627968932,3.3618264018835404,-0.0019604534266589,27.94315444701157,0.0006,0.0,6237.5,15
13,24,1.830315627968932,3.3601034224380983,-0.0018527336892152,28.05424705661252,0.0006,-0.0,6070.282,15
13,24,1.830315627968932,3.3544684353152414,-0.0030240066284162,28.53404326149226,0.0006,0.0,5546.219,15
13,24,1.830315627968932,3.354602116907563,-0.0017656177098683,28.516346232676923,0.0006,-0.0,5557.407,15
13,24,1.830315627968932,3.3547040508610606,-0.00267955902763,28.50222458904443,0.0004,0.0,5568.563,15
13,24,1.830315627968932,3.3546380543995844,-0.0044598380055497,28.490256955285016,0.0006,0.0,5579.688,15
13,24,1.830315627968932,3.354803099172759,0.0020696811995034,28.48743922786043,0.0006,0.0,5590.813,15
13,24,1.830315627968932,3.354998985689731,2.821881640687152e-05,28.46460891376368,0.0006,0.0,5601.969,15
13,24,1.830315627968932,3.3608935245666745,-0.0002092383052198,28.00495206390337,0.0006,0.0,6148.266,15
13,24,1.830315627968932,3.359206872218356,0.0005154993660978,28.12199562045092,0.0006,-0.0,5981.016,15
13,24,1.830315627968932,3.360885440985113,-0.0011127844534239,27.996614357859045,0.0006,0.0,6170.563,15
13,24,1.830315627968932,3.3611663857477194,0.0010185548928035,27.977625232182497,0.0006,0.0,6181.797,15
13,24,1.830315627968932,3.3611324636869058,-0.000732414791498,27.97748079379126,0.0006,0.0,6192.907,15
13,24,1.830315627968932,3.361313408720659,-0.0009243704977039,27.962987221456384,0.0006,0.0,6204.079,15
13,24,1.830315627968932,3.361564989853007,-0.0023520281189095,27.950179178171894,0.0006,0.0,6215.204,15
13,24,1.830315627968932,3.3615245961725253,-0.0008082988649486,27.94624566254359,0.0006,0.0,6226.329,15
13,24,1.830315627968932,3.351614845586592,-0.0022540454091783,28.807646013027203,0.0006,0.0,5345.625,15
13,24,1.830315627968932,3.349065097480634,-0.0015256677729508,29.042207561316086,0.0006,0.0,5178.375,15
13,24,1.830315627968932,3.360222831413161,0.0002826880902195,28.0457239343478,0.0006,-0.0,6081.485,15
13,24,1.830315627968932,3.360268605613611,-0.0025480786775922,28.035318709728923,0.0006,0.0,6092.61,15
13,24,1.830315627968932,3.360401316036864,0.00070040948687,28.038219179271312,0.0006,0.0,6103.766,15
13,24,1.830315627968932,3.3604705865840243,-0.0024984592227862,28.024955800604317,0.0006,0.0,6114.891,15
13,24,1.830315627968932,3.3605813318403697,-0.0011596370441154,28.02441807953934,0.0006,0.0,6126.063,15
13,24,1.830315627968932,3.360570134208594,0.0002198681396955,28.007178459088667,0.0006,0.0,6137.157,15
13,24,1.830315627968932,3.359015747698097,0.0007363619645506,28.14053837720414,0.0006,-0.0,5958.704,15
13,24,1.830315627968932,3.359240503710016,-0.0017308310117025,28.135725745047587,0.0006,0.0,5969.86,15
13,24,1.830315627968932,3.3594464093976395,-0.0031569226265367,28.112382077129844,0.0006,0.0,5992.141,15
13,24,1.830315627968932,3.359297054233411,-0.0002824632781418,28.10711986218181,0.0006,0.0,6003.235,15
13,24,1.830315627968932,3.3595904851176472,-0.0015057180147266,28.093272647975336,0.0006,0.0,6014.407,15
13,24,1.830315627968932,3.359670052775892,-0.0028723249562325,28.08496292163972,0.0006,0.0,6025.532,15
13,24,1.830315627968932,3.3597531998488104,-0.001499253031275,28.07860847371694,0.0006,0.0,6036.672,15
13,24,1.830315627968932,3.359755487403256,-0.0008752752979075,28.072966184115103,0.0006,0.0,6047.891,15
13,24,1.830315627968932,3.3615714139782504,-0.0019038271392886,27.93776994165945,0.0006,-0.0,6248.657,15
13,24,1.830315627968932,3.362425401838977,-0.0001064597395941,27.885512370209884,0.0006,0.0,6337.891,15
13,24,1.830315627968932,3.3632742564989093,-0.0011321774341333,27.830490415286697,0.0006,0.0,6427.079,15
13,24,1.830315627968932,3.3583415849946863,-0.0023560067651635,28.18746431508636,0.0006,0.0,5902.954,15
13,24,1.830315627968932,3.3583838686652663,-5.441857299529561e-05,28.174514676174283,0.0006,-0.0,5914.094,15
13,24,1.830315627968932,3.358641484978852,-0.0006893003103123,28.169177256627787,0.0006,0.0,5925.25,15
13,24,1.830315627968932,3.358782447124566,0.0012020332877931,28.16251048266207,0.0006,0.0,5936.391,15
13,24,1.830315627968932,3.358836844564433,0.0006817943259118,28.15162806057289,0.0006,-0.0,5947.563,15
13,24,1.830315627968932,3.3624406715844155,-0.0026049264403041,27.895109392160563,0.0006,0.0,6326.735,15
13,24,1.830315627968932,3.3625160811445105,-0.002811859506776,27.87434598270538,0.0006,0.0,6349.016,15
13,24,1.830315627968932,3.3626016833260297,-0.000574471590819,27.87144472185791,0.0006,0.0,6360.172,15
13,24,1.830315627968932,3.362645589627693,-0.0001275558427366,27.866579315146197,0.0006,0.0,6371.391,15
13,24,1.830315627968932,3.3627400295344945,-8.207698373510663e-05,27.869410293791837,0.0006,0.0,6382.579,15
13,24,1.830315627968932,3.3631206443857367,-0.0023863848653506,27.85681455391461,0.0006,0.0,6393.688,15
13,24,1.830315627968932,3.36296186355636,0.0001419368216339,27.850596109997436,0.0006,0.0,6404.797,15
13,24,1.830315627968932,3.363209301428898,-0.0017056318488856,27.84082153886737,0.0006,0.0,6415.922,15
13,24,1.830315627968932,3.3562385573463955,-0.0010925690747845,28.34122332102713,0.0006,0.0,5702.266,15
13,24,1.830315627968932,3.354218125360444,-0.0027961194808278,28.547948959563605,0.0006,0.0,5535.094,15
13,24,1.830315627968932,3.3618943781615016,-0.0010477912970514,27.93569791845573,0.0006,-0.0,6259.782,15
13,24,1.830315627968932,3.362032916369757,-0.001964295674118,27.92886117425204,0.0006,-0.0,6270.922,15
13,24,1.830315627968932,3.3621633250252128,-0.0007543995371402,27.921958422271643,0.0006,0.0,6282.063,15
13,24,1.830315627968932,3.362011146675312,-0.0017458471459052,27.911131373319492,0.0006,0.0,6293.188,15
13,24,1.830315627968932,3.3622652907574984,-0.0011746187648026,27.907338181851195,0.0006,0.0,6304.391,15
13,24,1.830315627968932,3.362245972670082,-0.0004022279221402,27.89592873579522,0.0006,0.0,6315.61,15
13,24,1.830315627968932,3.6417127605104223,-4.025431957472841,29.475967805033683,3.996,1.728,213.579,15
13,24,1.830315627968932,4.045558448261679,-0.0010350029637765,30.26433780415985,0.0006,4.036,288.516,15
13,24,1.830315627968932,3.674434480160526,-4.023693399050456,28.49298930725559,3.996,1.748,127.735,15
13,24,1.830315627968932,4.075289738877202,0.0004358268789523,29.37959068316862,0.0006,4.067,202.813,15
13,24,1.830315627968932,3.732967730262153,-4.0267475561010135,27.373688756893905,3.996,1.786,41.719,15
13,24,1.830315627968932,4.06747487882363,-0.001203763787262,29.617126182010384,0.0006,4.058,224.266,15
13,24,1.830315627968932,3.634866493827233,-4.024356029255055,29.6957787758482,3.996,1.723,234.969,15
13,24,1.830315627968932,4.059778225141743,-0.0026242924634304,29.84660776817481,0.0006,4.05,245.641,15
13,24,1.830315627968932,3.628548871895655,-4.023736749947306,29.926300823695072,3.996,1.718,256.36,15
13,24,1.830315627968932,4.052493725165507,-0.0020249856934829,30.07445249943277,0.0006,4.043,267.079,15
13,24,1.830315627968932,3.622670812258118,-4.026686968905647,30.138499959260663,3.996,1.716,277.782,15
13,24,1.830315627968932,4.1013400340838135,0.0007097630199772,28.65519191220889,0.0006,4.094,138.469,15
13,24,1.830315627968932,3.665043774163593,-4.024443820183312,28.74276220714732,3.996,1.742,149.172,15
13,24,1.830315627968932,4.092259543481251,-0.000544846833306,28.896929419077686,0.0006,4.086,159.844,15
13,24,1.830315627968932,3.656404031105322,-4.024359180574109,28.98563947483101,3.996,1.737,170.563,15
13,24,1.830315627968932,4.083498045474648,-0.0011666943329497,29.138311222145184,0.0006,4.077,181.266,15
13,24,1.830315627968932,3.648709146607224,-4.025741151794403,29.22109369797652,3.996,1.732,192.032,15
14,24,1.8175491643824844,3.361598094568615,-0.0029092731033918,27.872545607733137,0.0006,0.0,6215.437,14
14,24,1.8175491643824844,3.361856385775406,-0.0023621196752616,27.856460272447247,0.0006,0.0,6237.797,14
14,24,1.8175491643824844,3.3615184098653765,-0.0001628769697498,27.853897976750737,0.0006,0.0,6249.062,14
14,24,1.8175491643824844,3.361741763765026,0.0004736256129383,27.84724467472689,0.0006,0.0,6260.25,14
14,24,1.8175491643824844,3.3622928132194123,-0.0014827495193078,27.840434931648176,0.0006,0.0,6271.484,14
14,24,1.8175491643824844,3.362118498487487,0.0003929227011521,27.83206413421941,0.0006,0.0,6282.703,14
14,24,1.8175491643824844,3.362253049756373,-0.0013626310180188,27.83203071827981,0.0006,-0.0,6293.89,14
14,24,1.8175491643824844,3.360965596120235,-0.0002130834956139,27.90938725000543,0.0006,0.0,6148.031,14
14,24,1.8175491643824844,3.357793469678551,0.0001535088183251,28.171437799811443,0.0006,0.0,5822.859,14
14,24,1.8175491643824844,3.3578344235759,-0.0001904918293457,28.166865832318795,0.0006,-0.0,5834.062,14
14,24,1.8175491643824844,3.358121620914877,-0.0022917986682197,28.15243045672379,0.0006,0.0,5845.297,14
14,24,1.8175491643824844,3.3633271006120595,-0.0022446724637408,27.770079386575187,0.0006,-0.0,6394.765,14
14,24,1.8175491643824844,3.361220826101531,0.0004391734860913,27.863018638089844,0.0006,0.0,6226.64,14
14,24,1.8175491643824844,3.3633204353131205,-0.0013726712079191,27.76049805474073,0.0006,0.0,6417.156,14
14,24,1.8175491643824844,3.3624059592491298,-0.0026747986201854,27.82539615798776,0.0006,-0.0,6305.078,14
14,24,1.8175491643824844,3.360840220921583,-0.0016350095581852,27.917668227373618,0.0006,-0.0,6136.812,14
14,24,1.8175491643824844,3.358729565705713,-0.0004528051821266,28.09983455054484,0.0006,0.0,5901.406,14
14,24,1.8175491643824844,3.358786996102801,-0.0016167026684203,28.090383910218545,0.0006,0.0,5912.562,14
14,24,1.8175491643824844,3.358955973754153,-4.942138096202234e-05,28.09132867852911,0.0006,-0.0,5923.765,14
14,24,1.8175491643824844,3.3589793393182643,-0.0025491460912099,28.083319179840263,0.0006,-0.0,5934.969,14
14,24,1.8175491643824844,3.3630630817598743,-0.001473024805699,27.82458078902876,0.0006,0.0,6316.265,14
14,24,1.8175491643824844,3.3574327014485026,0.0010378440288308,28.200472533075377,0.0006,0.0,5789.297,14
14,24,1.8175491643824844,3.357618426337846,0.0004751787884279,28.19427040723964,0.0006,0.0,5800.531,14
14,24,1.8175491643824844,3.3576735767274983,-0.0013644338460821,28.17654194113605,0.0006,0.0,5811.703,14
14,24,1.8175491643824844,3.360607308115548,-0.0005337730142346,27.939790883079,0.0006,0.0,6103.234,14
14,24,1.8175491643824844,3.3606750674711505,-0.0010914945540869,27.93114250887597,0.0006,0.0,6114.422,14
14,24,1.8175491643824844,3.3589778409987696,-0.0028720367083116,28.070180346553045,0.0006,-0.0,5946.203,14
14,24,1.8175491643824844,3.3574905470904755,0.0009102463323318,28.216603872860063,0.0006,0.0,5778.125,14
14,24,1.8175491643824844,3.358069989675404,0.0011094359737728,28.15374297795641,0.0006,0.0,5856.469,14
14,24,1.8175491643824844,3.362350206332634,0.0007926402193758,27.76860686988376,0.0006,0.0,6405.969,14
14,24,1.8175491643824844,3.358476154926926,-0.0013839296893559,28.135154537012347,0.0006,0.0,5879.015,14
14,24,1.8175491643824844,3.3585619406457434,0.0042702075786984,28.113103094823234,0.0006,0.0,5890.187,14
14,24,1.8175491643824844,3.5699765295872194,-4.026706167404193,32.10810879376449,3.996,1.671,495.812,14
14,24,1.8175491643824844,4.032128697870332,0.0018997744630607,30.67935219962069,0.0006,4.022,333.703,14
14,24,1.8175491643824844,3.591059497118116,-4.023208637888012,31.34519803793813,3.996,1.69,409.297,14
14,24,1.8175491643824844,4.060141759748396,-0.0001261023977437,29.82477223611174,0.0006,4.051,247.234,14
14,24,1.8175491643824844,3.585885214384757,-4.025177695849343,31.548106760281662,3.996,1.688,430.906,14
14,24,1.8175491643824844,4.0027606012375,-0.0002061824763189,31.68498625183248,0.0006,3.993,441.687,14
14,24,1.8175491643824844,3.5809741943304934,-4.02508882098506,31.713593676152023,3.996,1.682,452.453,14
14,24,1.8175491643824844,3.9965140644768304,0.0002907298597845,31.861162804790197,0.0006,3.985,463.265,14
14,24,1.8175491643824844,4.101614208730267,-0.0017873996867187,28.64785173372581,0.0006,4.095,139.219,14
14,24,1.8175491643824844,3.5180942223372877,-4.02652383036079,33.398411512718106,3.996,1.624,689.953,14
14,24,1.8175491643824844,3.921442671923714,0.0007783729427142,33.47359091658686,0.0006,3.914,700.812,14
14,24,1.8175491643824844,3.5128449253116325,-4.028404675827035,33.429769038199765,3.996,1.619,711.609,14
14,24,1.8175491643824844,3.916114539916082,-0.0020869788444973,33.526723838226125,0.0006,3.908,722.453,14
14,24,1.8175491643824844,3.5077884390874834,-4.025190666908286,33.485111842947475,3.996,1.613,733.203,14
14,24,1.8175491643824844,3.910780887123253,-0.0026848878667131,33.57552654397648,0.0006,3.904,743.937,14
14,24,1.8175491643824844,4.008699738546624,0.0015333744881559,31.486691705632207,0.0006,3.998,420.078,14
14,24,1.8175491643824844,4.135012660623317,0.0014046158769465,27.83795143411829,0.0006,4.133,74.422,14
14,24,1.8175491643824844,3.665571236593584,-4.025177505045337,28.730931581841983,3.996,1.749,150.062,14
14,24,1.8175491643824844,3.7141955370848425,-4.026904550186408,27.6615371754976,3.996,1.778,63.672,14
14,24,1.8175491643824844,3.698652704894332,-4.022839236449482,27.937252677904475,3.996,1.77,85.203,14
14,24,1.8175491643824844,4.122457934864655,-0.001431096666456,28.11949676323557,0.0006,4.119,96.047,14
14,24,1.8175491643824844,3.685656163870141,-4.025738152422259,28.22621679908522,3.996,1.761,106.844,14
14,24,1.8175491643824844,4.11189073671274,0.0001892330934148,28.380643404865765,0.0006,4.106,117.64,14
14,24,1.8175491643824844,3.674790349352601,-4.024991575386983,28.48361265931999,3.996,1.752,128.422,14
14,24,1.8175491643824844,3.361030033197142,-0.0030568710471243,27.89611283119017,0.0006,0.0,6159.234,14
14,24,1.8175491643824844,3.733699539079532,-4.025473604657294,27.36100090422091,3.996,1.782,42.047,14
14,24,1.8175491643824844,4.169105638532601,-0.0009108781357957,27.244371986310163,0.0006,4.171,31.203000000000003,14
14,24,1.8175491643824844,3.760530548961972,-4.0241152297349565,27.05360122266501,3.996,1.768,20.406,14
14,24,1.8175491643824844,3.601036628368193,-4.0248958853269565,30.95801620209844,3.996,1.699,366.109,14
14,24,1.8175491643824844,4.019933091491854,-0.0004669686905169,31.088761836545203,0.0006,4.011,376.89,14
14,24,1.8175491643824844,3.595805199074042,-4.022506212306874,31.168426526326275,3.996,1.694,387.765,14
14,24,1.8175491643824844,4.014144965956858,-0.0002909804561449,31.284458209632334,0.0006,4.005,398.531,14
14,24,1.8175491643824844,3.5528016153821103,-4.025262188172339,32.66898696505989,3.996,1.658,560.625,14
14,24,1.8175491643824844,3.962446302910805,0.0012168396591607,32.76369910340188,0.0006,3.951,571.437,14
14,24,1.8175491643824844,3.4303943987359964,-4.023532519604905,33.933535847406226,3.996,1.541,1100.359,14
14,24,1.8175491643824844,3.8678355337858177,-0.0013871305263478,33.67901649156989,0.0006,3.86,938.265,14
14,24,1.8175491643824844,3.426048305484892,-4.028316409318006,34.00723746610967,3.996,1.538,1121.984,14
14,24,1.8175491643824844,3.827392588147152,0.0003269523170432,34.06935413657061,0.0006,3.82,1132.781,14
14,24,1.8175491643824844,3.4220718426511705,-4.0251026052481045,34.06129966226583,3.996,1.533,1143.547,14
14,24,1.8175491643824844,3.823057570473132,-0.0004523300925889,34.11099336503904,0.0006,3.815,1154.312,14
14,24,1.8175491643824844,3.5286925445051485,-4.0228601926948855,33.17222828555367,3.996,1.634,646.875,14
14,24,1.8175491643824844,3.933500507208273,-0.0015734222882789,33.26860692305335,0.0006,3.924,657.609,14
14,24,1.8175491643824844,3.413908525143305,-4.021430225426646,34.1711733706989,3.996,1.522,1186.812,14
14,24,1.8175491643824844,3.849538173594882,-0.0024094287335973,33.79155749139163,0.0006,3.843,1024.625,14
14,24,1.8175491643824844,3.564343431409796,-4.024005403892975,32.282467299480075,3.996,1.669,517.437,14
14,24,1.8175491643824844,3.9766766571822063,0.0001926869957004,32.41856973378443,0.0006,3.966,528.265,14
14,24,1.8175491643824844,3.5588394976435844,-4.027131668469279,32.45496491444157,3.996,1.664,539.031,14
14,24,1.8175491643824844,3.9698526497569553,-0.0022613174082867,32.58401317270354,0.0006,3.96,549.812,14
14,24,1.8175491643824844,3.3718125345875176,-4.026518171937863,34.894889018348195,3.996,1.488,1424.125,14
14,24,1.8175491643824844,3.7701104923854287,0.0021477371104074,34.94312599641726,0.0006,3.764,1434.906,14
14,24,1.8175491643824844,3.5471041998674373,-4.02663372912516,32.80055008261613,3.996,1.651,582.219,14
14,24,1.8175491643824844,3.8318267567528,0.0026824618222198,34.000019946310346,0.0006,3.824,1111.14,14
14,24,1.8175491643824844,3.541104904837576,-4.026114407606889,32.95284930392541,3.996,1.647,603.734,14
14,24,1.8175491643824844,3.947905719457911,-0.0011047802908263,33.066919585936105,0.0006,3.937,614.484,14
14,24,1.8175491643824844,3.534670902247103,-4.0256805729733385,33.06283057318066,3.996,1.639,625.297,14
14,24,1.8175491643824844,3.940430641365457,0.0018568927536578,33.187722020636606,0.0006,3.931,636.062,14
14,24,1.8175491643824844,3.488487498801587,-4.025483290407576,33.59375174504595,3.996,1.593,819.437,14
14,24,1.8175491643824844,3.891063913059606,-0.0031533843951558,33.61215777060956,0.0006,3.884,830.25,14
14,24,1.8175491643824844,3.5231548649843507,-4.024899128435702,33.27587066008489,3.996,1.627,668.437,14
14,24,1.8175491643824844,3.983770101401214,0.0005967609310103,32.22149056002135,0.0006,3.972,506.609,14
14,24,1.8175491643824844,3.379137257250425,-4.0264927159537205,34.77755153729634,3.996,1.495,1380.953,14
14,24,1.8175491643824844,3.7778577709262335,-0.0035405977738901,34.81683610685873,0.0006,3.771,1391.719,14
14,24,1.8175491643824844,3.3756542307161728,-4.025952310751339,34.82252612165113,3.996,1.493,1402.484,14
14,24,1.8175491643824844,3.774075493356978,-0.0020296797905327,34.85135759026516,0.0006,3.768,1413.297,14
14,24,1.8175491643824844,3.469627360702697,-4.022886945988513,33.61252521389088,3.996,1.579,905.781,14
14,24,1.8175491643824844,3.8727806185394416,0.0012266883806799,33.62636503033095,0.0006,3.865,916.625,14
14,24,1.8175491643824844,3.368200736790722,-4.024812521210962,34.921265932773224,3.996,1.484,1445.687,14
14,24,1.8175491643824844,3.7977993509530696,0.0012838373050561,34.50409002736603,0.0006,3.79,1283.859,14
14,24,1.8175491643824844,3.364678442048996,-4.024153503059821,34.99628912221289,3.996,1.483,1467.297,14
14,24,1.8175491643824844,3.7627304520836726,-0.0008017449300937,35.01470465094114,0.0006,3.756,1478.156,14
14,24,1.8175491643824844,3.361302410661043,-4.025883887002992,35.059777597262105,3.996,1.479,1488.953,14
14,24,1.8175491643824844,3.759005317229768,0.0010835103130077,35.09487232620702,0.0006,3.753,1499.734,14
14,24,1.8175491643824844,3.451897020528484,-4.026909831449353,33.7516864214279,3.996,1.561,992.14,14
14,24,1.8175491643824844,3.854252305735339,-0.0017610286289368,33.806113642687386,0.0006,3.848,1002.984,14
14,24,1.8175491643824844,3.3540459046813167,-4.023713985499174,35.171373533327454,3.996,1.469,1532.078,14
14,24,1.8175491643824844,3.7815770915099103,0.0002754683997976,34.74391999062735,0.0006,3.775,1370.172,14
14,24,1.8175491643824844,3.4788312272722437,-4.027672948856553,33.57714145134413,3.996,1.585,862.515,14
14,24,1.8175491643824844,3.8821923764489674,0.0018184467638755,33.64293785466841,0.0006,3.874,873.297,14
14,24,1.8175491643824844,3.4743555176335,-4.024012810090699,33.59300230183887,3.996,1.581,884.062,14
14,24,1.8175491643824844,3.877422604317584,-0.0015487377043686,33.62918738656406,0.0006,3.87,894.875,14
14,24,1.8175491643824844,3.319527186468372,-4.025879941476796,35.7182875352584,3.996,1.436,1769.5,14
14,24,1.8175491643824844,3.716964542472694,-0.0006978668278952,35.78376139626041,0.0006,3.711,1780.344,14
14,24,1.8175491643824844,3.465105958838419,-4.025244914025436,33.64068957098438,3.996,1.574,927.469,14
14,24,1.8175491643824844,3.766430725535834,0.0011751374441092,34.99343620763618,0.0006,3.76,1456.5,14
14,24,1.8175491643824844,3.460558889279252,-4.025275309759774,33.639987457702574,3.996,1.569,949.031,14
14,24,1.8175491643824844,3.863457300267092,0.001058233723593,33.69506829135475,0.0006,3.855,959.812,14
14,24,1.8175491643824844,3.4562591317053277,-4.025513831483909,33.6958625442012,3.996,1.564,970.578,14
14,24,1.8175491643824844,3.8589675844489695,-0.002146662404934,33.730944292924015,0.0006,3.851,981.359,14
14,24,1.8175491643824844,3.4177721907103424,-4.0249636593320695,34.12180027496149,3.996,1.525,1165.14,14
14,24,1.8175491643824844,3.8188443833443375,0.0014539961250107,34.15046697788257,0.0006,3.812,1175.969,14
14,24,1.8175491643824844,3.447332265362252,-4.02421230150183,33.76052521351429,3.996,1.557,1013.812,14
14,24,1.8175491643824844,3.886467612058953,-0.0014721277972741,33.60478225288016,0.0006,3.88,851.75,14
14,24,1.8175491643824844,3.3253220335526423,-4.026948253350913,35.65117357681263,3.996,1.443,1726.359,14
14,24,1.8175491643824844,3.722701323868008,-0.0004784695641135,35.663083872422355,0.0006,3.717,1737.094,14
14,24,1.8175491643824844,3.3221655212794654,-4.026950482338209,35.66620540415538,3.996,1.439,1747.906,14
14,24,1.8175491643824844,3.7198862026224337,-0.000805443879761,35.69738596769447,0.0006,3.713,1758.75,14
14,24,1.8175491643824844,3.402135360589751,-4.024797838654402,34.37005767751743,3.996,1.514,1251.406,14
14,24,1.8175491643824844,3.801853012735685,-0.001507475747234,34.444026052511056,0.0006,3.794,1262.203,14
14,24,1.8175491643824844,3.3165498832654507,-4.023341241266365,35.75076595898004,3.996,1.433,1791.219,14
14,24,1.8175491643824844,3.738725482433564,-0.0009891893006378,35.43348266654684,0.0006,3.732,1629.203,14
14,24,1.8175491643824844,3.313906577114912,-4.025360872212233,35.8390633983337,3.996,1.43,1812.89,14
14,24,1.8175491643824844,3.711264770383472,-0.0020570362383612,35.86516122285475,0.0006,3.705,1823.719,14
14,24,1.8175491643824844,3.3112814836456117,-4.025473747287768,35.878343489293144,3.996,1.428,1834.484,14
14,24,1.8175491643824844,3.7082540776579367,-0.0008124542129566,35.91363719367681,0.0006,3.703,1845.265,14
14,24,1.8175491643824844,3.3866248012746385,-4.023564281671839,34.64621205581764,3.996,1.501,1337.875,14
14,24,1.8175491643824844,3.785658411907247,-0.000779131150006,34.70379865337572,0.0006,3.778,1348.609,14
14,24,1.8175491643824844,3.3054178278738537,-4.026155638214332,35.99795784145063,3.996,1.423,1877.719,14
14,24,1.8175491643824844,3.725659868121903,-6.141422795271299e-05,35.644596940193985,0.0006,3.719,1715.578,14
14,24,1.8175491643824844,3.409970624896158,-4.026323172176787,34.250629309041166,3.996,1.52,1208.39,14
14,24,1.8175491643824844,3.8100691215026457,-0.0001327073969508,34.30898728397134,0.0006,3.802,1219.172,14
14,24,1.8175491643824844,3.4060203068564787,-4.027377367114393,34.328076782210026,3.996,1.516,1229.937,14
14,24,1.8175491643824844,3.8058697310841167,-0.0024211418401973,34.35711063336072,0.0006,3.799,1240.672,14
14,24,1.8175491643824844,3.2790208705916064,-4.025729499342714,36.5611631307472,3.996,1.388,2115.39,14
14,24,1.8175491643824844,3.679054131772934,0.0008679199205808,36.61353930918726,0.0006,3.672,2126.234,14
14,24,1.8175491643824844,3.398197497567921,-4.026302099768188,34.45344399803865,3.996,1.509,1273.015,14
14,24,1.8175491643824844,3.714112763389186,0.0004756103731747,35.809924737107686,0.0006,3.708,1802.062,14
14,24,1.8175491643824844,3.394610347007758,-4.026826329038345,34.49923452434131,3.996,1.508,1294.656,14
14,24,1.8175491643824844,3.793532122747392,-0.0009693828788054,34.5479862680476,0.0006,3.787,1305.406,14
14,24,1.8175491643824844,3.3908382536239743,-4.024333282450296,34.53963504168495,3.996,1.503,1316.187,14
14,24,1.8175491643824844,3.7897339535279295,0.0014521158851453,34.619323234213724,0.0006,3.782,1327.031,14
14,24,1.8175491643824844,3.3579289141554365,-4.025612437428248,35.0865157407095,3.996,1.475,1510.484,14
14,24,1.8175491643824844,3.755756345315989,0.0025215169244604,35.15893451050178,0.0006,3.749,1521.234,14
14,24,1.8175491643824844,3.382847192309196,-4.021241602642669,34.690518931241215,3.996,1.497,1359.422,14
14,24,1.8175491643824844,3.814409225380453,0.0030526324737085,34.234571319446054,0.0006,3.807,1197.594,14
14,24,1.8175491643824844,3.2835045078449645,-4.026027984396748,36.35054820813891,3.996,1.401,2072.14,14
14,24,1.8175491643824844,3.682599705410495,-0.0034532154168643,36.45367211920853,0.0006,3.677,2082.922,14
14,24,1.8175491643824844,3.2812351544098166,-4.024099301492453,36.51450967585401,3.996,1.394,2093.734,14
14,24,1.8175491643824844,3.68090415745394,0.0002202004366576,36.50143525307592,0.0006,3.673,2104.594,14
14,24,1.8175491643824844,3.344455887418445,-4.024242973309978,35.312893863038475,3.996,1.46,1596.812,14
14,24,1.8175491643824844,3.7416478606584382,-0.0006951154417318,35.367606630498784,0.0006,3.736,1607.578,14
14,24,1.8175491643824844,3.2772265711666626,-4.029721928809883,36.582573751961824,3.996,1.387,2137.015,14
14,24,1.8175491643824844,3.6934158965967137,-0.0027804387417958,36.17414179321959,0.0006,3.686,1974.953,14
14,24,1.8175491643824844,3.274652128582238,-4.025043055886029,36.65358559418383,3.996,1.389,2158.484,14
14,24,1.8175491643824844,3.6752015415820263,-0.0036781153250337,36.646001173411086,0.0006,3.668,2169.25,14
14,24,1.8175491643824844,3.2722322006084124,-4.025056423223624,36.6885605928044,3.996,1.389,2180.078,14
14,24,1.8175491643824844,3.6734272712893743,0.0027770895545503,36.72174956667909,0.0006,3.666,2190.89,14
14,24,1.8175491643824844,3.331677716372675,-4.025683976543634,35.545042717974404,3.996,1.449,1683.265,14
14,24,1.8175491643824844,3.728921315145778,-0.0026511553106678,35.56585653824313,0.0006,3.723,1694.078,14
14,24,1.8175491643824844,3.268456024943973,-4.026368146635753,36.78656599877909,3.996,1.385,2223.187,14
14,24,1.8175491643824844,3.684601672377118,0.0013808081571779,36.39719336768321,0.0006,3.678,2061.328,14
14,24,1.8175491643824844,3.350820321787846,-4.026957610194138,35.22047989413672,3.996,1.468,1553.687,14
14,24,1.8175491643824844,3.7484135970135743,0.0006197648991168,35.24800485646727,0.0006,3.742,1564.531,14
14,24,1.8175491643824844,3.347877574848425,-4.02633253331167,35.2828790455837,3.996,1.464,1575.312,14
14,24,1.8175491643824844,3.744880244051355,-0.0018511053745355,35.328412624520766,0.0006,3.738,1586.062,14
14,24,1.8175491643824844,3.2438412129113914,-4.024111469400614,37.40043290575147,3.996,1.367,2460.75,14
14,24,1.8175491643824844,3.6499655959646304,-0.0006892165028077,37.376498781517824,0.0006,3.642,2471.578,14
14,24,1.8175491643824844,3.341359694799969,-4.025640194541063,35.40927785047824,3.996,1.457,1618.375,14
14,24,1.8175491643824844,3.676732787092132,0.0004778370946248,36.61078137398104,0.0006,3.67,2147.719,14
14,24,1.8175491643824844,3.337609302907524,-4.025390688737098,35.440427776314955,3.996,1.454,1640.109,14
14,24,1.8175491643824844,3.735231936568152,-0.0005398103374747,35.47156828794272,0.0006,3.728,1650.89,14
14,24,1.8175491643824844,3.3346946678155,-4.025840642375737,35.50675635165044,3.996,1.451,1661.687,14
14,24,1.8175491643824844,3.731764619976703,0.0003345820358653,35.5290895817844,0.0006,3.725,1672.515,14
14,24,1.8175491643824844,3.308385197239613,-4.027716590097266,35.94931368988515,3.996,1.425,1856.078,14
14,24,1.8175491643824844,3.705703350788068,-0.0002051812059963,35.977664739222845,0.0006,3.699,1866.89,14
14,24,1.8175491643824844,3.328517678556679,-4.025843507222724,35.633790276386144,3.996,1.445,1704.812,14
14,24,1.8175491643824844,3.752066110853548,-0.0002753762361818,35.208620788940046,0.0006,3.746,1542.859,14
14,24,1.8175491643824844,3.248763362276455,-4.023316025076093,37.2569372654585,3.996,1.371,2417.656,14
14,24,1.8175491643824844,3.653949410525625,0.0013998009826411,37.32435159024898,0.0006,3.646,2428.422,14
14,24,1.8175491643824844,3.246552470086578,-4.026838405935004,37.31145973533507,3.996,1.367,2439.219,14
14,24,1.8175491643824844,3.652181337789615,0.0002121108463381,37.35855113403319,0.0006,3.643,2449.984,14
14,24,1.8175491643824844,3.297717569723343,-4.025034367935869,36.12457994297864,3.996,1.415,1942.547,14
14,24,1.8175491643824844,3.69575311166139,0.0009929981979019,36.12510442949909,0.0006,3.689,1953.39,14
14,24,1.8175491643824844,3.2412877657061703,-4.024881916161179,37.48817605692173,3.996,1.365,2482.422,14
14,24,1.8175491643824844,3.6628274912203262,-0.0018553040561705,37.03483488016851,0.0006,3.656,2320.281,14
14,24,1.8175491643824844,3.2388535754066927,-4.02618526628129,37.53020854570326,3.996,1.361,2503.953,14
14,24,1.8175491643824844,3.6460351551025663,0.0002091714186178,37.58698391365974,0.0006,3.636,2514.781,14
14,24,1.8175491643824844,3.236176656670215,-4.025192805951768,37.5629751469761,3.996,1.361,2525.594,14
14,24,1.8175491643824844,3.64401852712826,0.0005229870190726,37.62489463542169,0.0006,3.634,2536.406,14
14,24,1.8175491643824844,3.288142277578562,-4.025775431342492,36.300349845721975,3.996,1.407,2029.0,14
14,24,1.8175491643824844,3.686783323092345,-0.0021803907492363,36.37313170339895,0.0006,3.68,2039.75,14
14,24,1.8175491643824844,3.2311679085096943,-4.025350706723156,37.72380892177214,3.996,1.355,2568.765,14
14,24,1.8175491643824844,3.655735560661298,-0.0004214285007146,37.24819098288194,0.0006,3.647,2406.89,14
14,24,1.8175491643824844,3.302667586452749,-4.026333244354188,36.01143733230607,3.996,1.42,1899.406,14
14,24,1.8175491643824844,3.700705140119108,-0.0011492843659369,36.0527359332489,0.0006,3.694,1910.219,14
14,24,1.8175491643824844,3.300410063111178,-4.027776227179347,36.0894919209703,3.996,1.417,1921.0,14
14,24,1.8175491643824844,3.697947523419143,0.0041219989227504,36.08568081088756,0.0006,3.692,1931.75,14
14,24,1.8175491643824844,3.191488515332567,-4.025279023209776,38.488559674155134,3.996,1.322,2806.437,14
14,24,1.8175491643824844,3.6072150067376496,-0.0006832498667065,38.54264204734245,0.0006,3.593,2817.156,14
14,24,1.8175491643824844,3.2952784427388955,-4.0265099475427055,36.16066319021966,3.996,1.413,1964.203,14
14,24,1.8175491643824844,3.64815438343408,-0.0004942491041802,37.50832535705361,0.0006,3.639,2493.172,14
14,24,1.8175491643824844,3.292742860852563,-4.0264960520520505,36.20711599685644,3.996,1.409,1985.781,14
14,24,1.8175491643824844,3.690909023782496,-0.000498448088142,36.207277326595104,0.0006,3.685,1996.562,14
14,24,1.8175491643824844,3.290166293299703,-4.02526589507868,36.26694127317053,3.996,1.409,2007.406,14
14,24,1.8175491643824844,3.688981538623061,-0.0008091208874269,36.27001612278269,0.0006,3.683,2018.234,14
14,24,1.8175491643824844,3.2705687406924846,-4.024543575067123,36.70492370259608,3.996,1.388,2201.672,14
14,24,1.8175491643824844,3.6715151736580687,-0.0034775271599072,36.75703208863239,0.0006,3.665,2212.422,14
14,24,1.8175491643824844,3.286002017393471,-4.026917002366787,36.36203531501115,3.996,1.403,2050.562,14
14,24,1.8175491643824844,3.7031004282184834,0.0008712149581138,36.04872521647882,0.0006,3.696,1888.547,14
14,24,1.8175491643824844,3.200921346021221,-4.026364622031097,38.27739467113574,3.996,1.332,2763.172,14
14,24,1.8175491643824844,3.615080111272209,-0.0023054929221101,38.36069181422717,0.0006,3.603,2773.953,14
14,24,1.8175491643824844,3.1963759293620653,-4.023622909319006,38.36335060685315,3.996,1.327,2784.781,14
14,24,1.8175491643824844,3.6113098276630455,-0.0002702747464553,38.456870026931696,0.0006,3.597,2795.594,14
14,24,1.8175491643824844,3.262242687886084,-4.025465389431794,36.97569664488756,3.996,1.38,2287.922,14
14,24,1.8175491643824844,3.6642373615414376,-0.0009222717741386,36.97577499145135,0.0006,3.657,2298.719,14
14,24,1.8175491643824844,3.18649067195446,-4.023840731281638,38.55938975260102,3.996,1.319,2827.937,14
14,24,1.8175491643824844,3.630269301014757,-1.6809763825148535e-05,38.01785301088609,0.0006,3.619,2665.953,14
14,24,1.8175491643824844,3.1814860040896527,-4.023669642635902,38.594256100578,3.996,1.314,2849.515,14
14,24,1.8175491643824844,3.5989392452901545,0.0017183533900306,38.62628250431111,0.0006,3.583,2860.312,14
14,24,1.8175491643824844,3.175376436672208,-4.023045751453216,38.627633942402,3.996,1.308,2871.109,14
14,24,1.8175491643824844,3.5945508584074304,-0.0002392459892794,38.68354875000374,0.0006,3.579,2881.969,14
14,24,1.8175491643824844,3.2533757341329226,-4.025590065055037,37.118661650364025,3.996,1.372,2374.437,14
14,24,1.8175491643824844,3.657437813542125,0.0011795596628061,37.1693586819498,0.0006,3.649,2385.265,14
14,24,1.8175491643824844,3.161904352822816,-4.025512079468985,38.78690301716851,3.996,1.297,2914.5,14
14,24,1.8175491643824844,3.61809137027223,0.0024995687803866,38.23868733235187,0.0006,3.605,2752.406,14
14,24,1.8175491643824844,3.266316103479653,-4.026203169481048,36.80721977656342,3.996,1.384,2244.703,14
14,24,1.8175491643824844,3.6678572059956087,-0.0016246430500737,36.8406254338523,0.0006,3.66,2255.453,14
14,24,1.8175491643824844,3.26412583848977,-4.027350832798794,36.88261058627657,3.996,1.38,2266.219,14
14,24,1.8175491643824844,3.666409469346069,0.0005474556457606,36.920017647130834,0.0006,3.659,2277.078,14
14,24,1.8175491643824844,2.9779133923028303,-4.023486296784831,39.846169130444686,3.996,1.144,3152.047,14
14,24,1.8175491643824844,3.4230248935608807,-0.0031932570203694,39.99523242323323,0.0006,3.399,3162.828,14
14,24,1.8175491643824844,3.2596281352913463,-4.024658528707246,37.01816705446375,3.996,1.378,2309.515,14
14,24,1.8175491643824844,3.603458856863224,-0.0006650070864187,38.5666144497326,0.0006,3.59,2838.734,14
14,24,1.8175491643824844,3.257392804737738,-4.025016657354596,37.06975459204329,3.996,1.375,2331.078,14
14,24,1.8175491643824844,3.6610845327023727,0.0009059735825893,37.10172264986635,0.0006,3.653,2341.906,14
14,24,1.8175491643824844,3.2555933821294603,-4.026350359620343,37.140174285578176,3.996,1.374,2352.75,14
14,24,1.8175491643824844,3.6594801117789215,-0.0026008968112804,37.16880058595494,0.0006,3.651,2363.578,14
14,24,1.8175491643824844,3.233690123556704,-4.0229448925752695,37.60682602207351,3.996,1.358,2547.156,14
14,24,1.8175491643824844,3.641689736854004,0.000335408548771,37.66549130172764,0.0006,3.631,2557.922,14
14,24,1.8175491643824844,3.250893874791456,-4.024578404120748,37.20722391095701,3.996,1.37,2396.047,14
14,24,1.8175491643824844,3.6698520074427066,0.0019925825780732,36.782865004954594,0.0006,3.663,2233.937,14
14,24,1.8175491643824844,3.0375781774184865,-4.024781177927435,39.6224905780208,3.996,1.192,3108.812,14
14,24,1.8175491643824844,3.476224251437183,0.0003373728261057,39.695010810265615,0.0006,3.453,3119.625,14
14,24,1.8175491643824844,3.009807129184359,-4.0243101544408,39.71385453913062,3.996,1.168,3130.469,14
14,24,1.8175491643824844,3.4517312186719478,0.001557264957546,39.85313185557237,0.0006,3.427,3141.25,14
14,24,1.8175491643824844,3.2220386448065352,-4.02697765567872,37.89212617672557,3.996,1.347,2633.453,14
14,24,1.8175491643824844,3.632621475793621,-0.0017803922013189,37.90523511266699,0.0006,3.621,2644.281,14
14,24,1.8175491643824844,2.9400973131489554,-4.027405509531838,39.97168201842499,3.996,1.109,3173.64,14
14,24,1.8175491643824844,3.551614860241879,8.722537417995116e-06,39.21611257200264,0.0006,3.534,3011.594,14
14,24,1.8175491643824844,2.894850791938968,-4.027704890767219,40.0793319345931,3.996,1.07,3195.328,14
14,24,1.8175491643824844,3.3470729991847623,0.0012025386326938,40.22800959624688,0.0006,3.317,3206.094,14
14,24,1.8175491643824844,2.8411308454812336,-4.024715881598382,40.22092440222914,3.996,1.022,3216.844,14
14,24,1.8175491643824844,3.29785206651723,-0.0028947352710029,40.28144070748637,0.0006,3.268,3227.656,14
14,24,1.8175491643824844,3.208176511498728,-4.025021786217662,38.177331149848655,3.996,1.337,2720.062,14
14,24,1.8175491643824844,3.621065749983405,0.0007588543857975,38.22973583848695,0.0006,3.607,2730.812,14
14,24,1.8175491643824844,2.685564690425883,-4.025858443292212,40.469874288807056,3.996,0.897,3259.937,14
14,24,1.8175491643824844,3.4964490677897966,0.0003188668546451,39.62839459829839,0.0006,3.473,3098.0,14
14,24,1.8175491643824844,3.227983903749411,-4.024591645614649,37.80105458986662,3.996,1.352,2590.437,14
14,24,1.8175491643824844,3.637482182093396,-0.00166892632738,37.84042009245762,0.0006,3.626,2601.187,14
14,24,1.8175491643824844,3.2251439867812444,-4.028307551539936,37.84046693816717,3.996,1.351,2611.922,14
14,24,1.8175491643824844,3.635118106747911,0.0010456799367578,37.88691187957026,0.0006,3.623,2622.687,14
14,24,1.8175491643824844,3.1585835818793115,-0.0011115493951566,38.88823745689933,0.0006,-0.0,3504.297,14
14,24,1.8175491643824844,3.166854533847972,0.0003540222985106,38.722936580532526,0.0006,0.0,3515.531,14
14,24,1.8175491643824844,3.218791181023248,-4.024773317294104,37.990480709939085,3.996,1.347,2655.109,14
14,24,1.8175491643824844,3.389034694839998,-0.0011654403979731,40.086197870386336,0.0006,3.361,3184.469,14
14,24,1.8175491643824844,3.2158302113686226,-4.02513499107271,38.05544440413525,3.996,1.344,2676.781,14
14,24,1.8175491643824844,3.627538424013964,-0.0015486825519045,38.08992173891988,0.0006,3.616,2687.609,14
14,24,1.8175491643824844,3.212028826941572,-4.0282634965177255,38.10088484610007,3.996,1.341,2698.437,14
14,24,1.8175491643824844,3.624431787229987,-0.0006872034991182,38.15681301603798,0.0006,3.613,2709.234,14
14,24,1.8175491643824844,3.169718007790357,-4.027039809097932,38.74035907971268,3.996,1.304,2892.812,14
14,24,1.8175491643824844,3.5892118314440378,0.0015792783475635,38.81044901935645,0.0006,3.573,2903.609,14
14,24,1.8175491643824844,3.204572914522412,-4.026335116735325,38.1859794135701,3.996,1.333,2741.578,14
14,24,1.8175491643824844,3.639637569697813,0.0007043078707916,37.768249385314434,0.0006,3.629,2579.594,14
14,24,1.8175491643824844,3.1183854066272505,-0.0050690161292548,39.5843090689072,0.0006,0.0,3459.5,14
14,24,1.8175491643824844,3.129717412575871,-0.0043645393366583,39.39250078101335,0.0006,0.0,3470.687,14
14,24,1.8175491643824844,3.140475322821569,0.0006052509580623,39.22631182493379,0.0006,0.0,3481.906,14
14,24,1.8175491643824844,3.150079283787292,-0.0020159138914513,39.04834492980107,0.0006,0.0,3493.109,14
14,24,1.8175491643824844,3.135493513011377,-4.02512303242196,39.03444342625496,3.996,1.277,2979.187,14
14,24,1.8175491643824844,3.561300004707746,-0.0007325712972934,39.15785091117752,0.0006,3.543,2990.031,14
14,24,1.8175491643824844,3.17378689371306,-5.434675090397105e-05,38.54058476557558,0.0006,-0.0,3526.734,14
14,24,1.8175491643824844,2.9197287574391946,-0.0019299321474125,41.32367474451031,0.0006,0.0,3358.672,14
14,24,1.8175491643824844,3.1869457556329066,0.0001276810394255,38.219652611174205,0.0006,0.0,3549.234,14
14,24,1.8175491643824844,3.192825506255061,-0.0008347995947829,38.06821162278267,0.0006,0.0,3560.39,14
14,24,1.8175491643824844,3.198290566452818,0.0025430073908508,37.89597264360714,0.0006,-0.0,3571.703,14
14,24,1.8175491643824844,3.203424620493498,-0.0005966613899089,37.75791802204862,0.0006,0.0,3582.937,14
14,24,1.8175491643824844,3.0799188070750465,-4.0239584604682594,39.39690325526189,3.996,1.23,3065.64,14
14,24,1.8175491643824844,3.5138418543932506,-0.0001137295281983,39.48817266867557,0.0006,3.493,3076.453,14
14,24,1.8175491643824844,3.2174343318180774,-0.0025747445413965,37.30470913916312,0.0006,-0.0,3616.594,14
14,24,1.8175491643824844,3.1056214090753134,0.0005150456788138,39.76074719489371,0.0006,0.0,3448.25,14
14,24,1.8175491643824844,3.154449725553669,-4.024869021730368,38.81445816272029,3.996,1.292,2936.015,14
14,24,1.8175491643824844,3.5764033419089665,0.0006805076984198,38.914603538155866,0.0006,3.559,2946.781,14
14,24,1.8175491643824844,3.1458479164537168,-4.02664230237231,38.93496229305877,3.996,1.283,2957.547,14
14,24,1.8175491643824844,3.5694228607819567,0.0002083340506733,39.02063364868922,0.0006,3.553,2968.312,14
14,24,1.8175491643824844,3.277134345221349,-0.0040642615675828,34.66407728376656,0.0006,0.0,3863.062,14
14,24,1.8175491643824844,3.278994866501712,-0.0016039111073314,34.58300236747013,0.0006,0.0,3874.312,14
14,24,1.8175491643824844,3.1249261674815463,-4.02531388560955,39.13879941989138,3.996,1.268,3000.844,14
14,24,1.8175491643824844,3.1809894540390653,-0.0009339799169755,38.383975056766026,0.0006,0.0,3538.031,14
14,24,1.8175491643824844,3.1113609123621218,-4.025694024100765,39.22761699300614,3.996,1.256,3022.484,14
14,24,1.8175491643824844,3.5409715515461464,-0.0011679301220585,39.26017717797363,0.0006,3.52,3033.25,14
14,24,1.8175491643824844,3.097067129868815,-4.024707126613011,39.25399503992668,3.996,1.242,3044.031,14
14,24,1.8175491643824844,3.528447261422025,-0.0010462032887726,39.37238374635446,0.0006,3.509,3054.797,14
14,24,1.8175491643824844,2.774699162701301,-4.027278049400631,40.33977687542455,3.996,0.969,3238.422,14
14,24,1.8175491643824844,3.2366340249834105,0.0006193431969976,40.4356548967984,0.0006,3.201,3249.172,14
14,24,1.8175491643824844,3.06052817329926,-4.027255659473646,39.509779870336935,3.996,1.213,3087.234,14
14,24,1.8175491643824844,3.58289870004549,-0.0013889562522065,38.836183398576495,0.0006,3.567,2925.25,14
14,24,1.8175491643824844,3.269503865933232,0.0038946993102594,35.085315445303145,0.0006,-0.0,3818.25,14
14,24,1.8175491643824844,3.271346601058696,-0.001071357925515,34.96843674949713,0.0006,-0.0,3829.437,14
14,24,1.8175491643824844,3.2738493304018927,2.1701750224106897e-06,34.8715511062836,0.0006,0.0,3840.609,14
14,24,1.8175491643824844,3.2752113786276698,-0.0015340819412066,34.77728719297366,0.0006,0.0,3851.844,14
14,24,1.8175491643824844,1.8425883947903756,-3.740452721443056,41.22882961593464,3.996,0.408,3325.406,14
14,24,1.8175491643824844,2.749556749232554,0.0014316396463117,41.50830652935,0.0006,0.0,3336.437,14
14,24,1.8175491643824844,3.280412658775667,-0.0024108105911765,34.48662104461658,0.0004,0.0,3885.515,14
14,24,1.8175491643824844,3.248080638997948,0.001161250879882,36.11459010947903,0.0006,-0.0,3717.406,14
14,24,1.8175491643824844,3.283926009445064,-1.3227035891371974e-05,34.289873513145146,0.0006,-0.0,3907.906,14
14,24,1.8175491643824844,3.2854088144718787,-0.0001600043049775,34.1999432948341,0.0006,0.0,3919.078,14
14,24,1.8175491643824844,3.286730220223073,0.0012458334223286,34.1030441877983,0.0006,0.0,3930.265,14
14,24,1.8175491643824844,3.2883278310507063,0.0005718669093397,33.992701599969195,0.0006,0.0,3941.515,14
14,24,1.8175491643824844,3.058000951696935,-0.0018493995448519,40.32152713894688,0.0006,0.0,3414.64,14
14,24,1.8175491643824844,3.0755930613564755,0.0001605332654988,40.1302111118645,0.0006,-0.0,3425.875,14
14,24,1.8175491643824844,3.2933835648405148,-0.0016388984956387,33.74252321527273,0.0006,0.0,3975.172,14
14,24,1.8175491643824844,3.267572697838516,0.0008340594917224,35.198480343987576,0.0006,0.0,3807.031,14
14,24,1.8175491643824844,2.5491118471973007,-4.02349937609842,40.67402227713436,3.996,0.806,3281.422,14
14,24,1.8175491643824844,3.049660213711404,0.0002078680693668,40.851126350573175,0.0006,2.993,3292.469,14
14,24,1.8175491643824844,2.2861291505025942,-4.0285898472394726,40.89921426183383,3.996,0.662,3303.375,14
14,24,1.8175491643824844,2.901166261452821,-0.00037695747447,41.1349087153724,0.0006,2.792,3314.39,14
14,24,1.8175491643824844,3.314974349713431,-0.0022858242521436,32.14020653410039,0.0006,0.0,4221.5,14
14,24,1.8175491643824844,3.315340893724781,-0.0017690451871793,32.059898589456935,0.0006,-0.0,4232.672,14
14,24,1.8175491643824844,2.862345825504537,0.0019114704089267,41.446970825939445,0.0006,0.0,3347.469,14
14,24,1.8175491643824844,3.281955036596059,-0.0169013471368726,34.372487498874506,0.0006,0.0,3896.703,14
14,24,1.8175491643824844,2.959420291458864,-0.0014026086579289,41.15365437894975,0.0006,0.0,3369.875,14
14,24,1.8175491643824844,2.9902262950921363,-0.0046854528392382,40.93569285132678,0.0006,0.0,3381.062,14
14,24,1.8175491643824844,3.015933658136041,-0.0001739915027466,40.7553264204789,0.0006,-0.0,3392.219,14
14,24,1.8175491643824844,3.038273691772319,1.4289938741862546e-05,40.519153584995934,0.0006,0.0,3403.453,14
14,24,1.8175491643824844,3.2083227296266856,-0.0010588552597933,37.609711151362845,0.0006,-0.0,3594.156,14
14,24,1.8175491643824844,3.2129088630749534,0.0009838570347285,37.45216817670187,0.0006,0.0,3605.422,14
14,24,1.8175491643824844,3.091269018030891,-0.0015564139165468,39.94062318286671,0.0006,-0.0,3437.078,14
14,24,1.8175491643824844,3.159102931210851,0.00026256245229,40.63617568539042,0.0006,3.118,3270.672,14
14,24,1.8175491643824844,3.311293193006406,0.002489535063354,32.38755674966399,0.0006,0.0,4176.719,14
14,24,1.8175491643824844,3.312062248174229,-0.0021186686915357,32.32083601113929,0.0006,0.0,4187.906,14
14,24,1.8175491643824844,3.313045653579363,-0.0033776967747556,32.252867150919606,0.0006,0.0,4199.047,14
14,24,1.8175491643824844,3.314195335328974,0.0036433283233262,32.18044219481118,0.0006,0.0,4210.234,14
14,24,1.8175491643824844,3.23904983754587,0.0003490645138581,36.493518598106114,0.0006,0.0,3683.844,14
14,24,1.8175491643824844,3.242442891841949,0.001289248486273,36.38796308528262,0.0006,0.0,3695.062,14
14,24,1.8175491643824844,3.316780765923268,-0.0035516821547994,31.98893171747864,0.0006,0.0,4243.875,14
14,24,1.8175491643824844,3.3031132946992487,-0.0005617488982397,33.02305799164057,0.0006,0.0,4075.953,14
14,24,1.8175491643824844,3.3178158160809224,-0.0028388060017533,31.87807179016252,0.0006,-0.0,4266.219,14
14,24,1.8175491643824844,3.318417198895252,-0.0132963943699118,31.82923655553886,0.0006,0.0,4277.453,14
14,24,1.8175491643824844,3.3191817097094503,-0.0045044363920759,31.78525449536804,0.0006,0.0,4288.672,14
14,24,1.8175491643824844,3.319902938588745,-0.000115242662006,31.731888226656125,0.0006,0.0,4299.922,14
14,24,1.8175491643824844,3.260754745651492,-0.0008456317962255,35.514622484790195,0.0006,0.0,3773.422,14
14,24,1.8175491643824844,3.263312548631504,0.0008657356361591,35.40508847527951,0.0006,0.0,3784.625,14
14,24,1.8175491643824844,3.3219427503788896,-0.0056560044853047,31.557359332448733,0.0006,0.0,4333.484,14
14,24,1.8175491643824844,3.310677416313538,-9.415236919448522e-05,32.446275971126234,0.0006,0.0,4165.578,14
14,24,1.8175491643824844,3.2253787208868947,-0.0021796063341709,37.03359565466421,0.0006,0.0,3638.984,14
14,24,1.8175491643824844,3.229015203474738,-0.0016909501029445,36.88763559975773,0.0006,-0.0,3650.187,14
14,24,1.8175491643824844,3.2323235863695783,0.0007710460073438,36.75928034841242,0.0006,0.0,3661.39,14
14,24,1.8175491643824844,3.2357400934794813,0.0003043834755326,36.635857565022405,0.0006,0.0,3672.594,14
14,24,1.8175491643824844,3.3336436234376032,-0.0012048599041869,30.515904766453215,0.0006,-0.0,4580.015,14
14,24,1.8175491643824844,3.334038823552761,-0.0021437332427218,30.47878731348024,0.0006,0.0,4591.219,14
14,24,1.8175491643824844,3.2452221918545896,0.0002661390575178,36.2561658142193,0.0006,0.0,3706.234,14
14,24,1.8175491643824844,3.3169501540702786,0.0009611740627806,31.94028597148716,0.0004,-0.0,4255.078,14
14,24,1.8175491643824844,3.250776321366061,-0.0017517581487651,36.00049376862859,0.0006,0.0,3728.594,14
14,24,1.8175491643824844,3.2535041344472155,-0.0016522642850815,35.871821583451656,0.0006,-0.0,3739.812,14
14,24,1.8175491643824844,3.256146735675115,-0.0022330580678671,35.761852252146575,0.0006,0.0,3751.0,14
14,24,1.8175491643824844,3.258547932019344,0.0007306124599793,35.63282794479446,0.0006,0.0,3762.187,14
14,24,1.8175491643824844,3.289491960439475,0.0003956835470786,33.90616304001901,0.0006,0.0,3952.812,14
14,24,1.8175491643824844,3.29120577520478,-0.0020604626286085,33.830933967935714,0.0006,-0.0,3963.984,14
14,24,1.8175491643824844,3.265392691066194,-0.0015128504316721,35.28941119254038,0.0006,0.0,3795.844,14
14,24,1.8175491643824844,3.221433615393735,-0.0003809873151435,37.16477063045065,0.0006,0.0,3627.812,14
14,24,1.8175491643824844,3.3315562624458157,-0.001837842513444,30.67884912521163,0.0006,-0.0,4535.281,14
14,24,1.8175491643824844,3.33224632191658,-0.0048712594767117,30.636079452713897,0.0006,0.0,4546.453,14
14,24,1.8175491643824844,3.3327987850843077,-0.0025204091460189,30.607732622449,0.0006,0.0,4557.609,14
14,24,1.8175491643824844,3.333207106969396,-0.0024642805382588,30.56562519692151,0.0006,0.0,4568.781,14
14,24,1.8175491643824844,3.299697791870144,0.0001271440524544,33.25008300621633,0.0006,0.0,4042.422,14
14,24,1.8175491643824844,3.3009703238496293,-0.0080070027784179,33.163343774832725,0.0006,0.0,4053.578,14
14,24,1.8175491643824844,3.3342103537247856,-0.0019393910481268,30.445045251995506,0.0006,0.0,4602.437,14
14,24,1.8175491643824844,3.3269285906133934,0.0005535390804375,31.095949492736622,0.0006,0.0,4434.344,14
14,24,1.8175491643824844,3.3351967871423582,-0.0016371888279804,30.35983355818496,0.0006,0.0,4624.844,14
14,24,1.8175491643824844,3.3358277648892565,-0.0054646228843651,30.333656407253216,0.0006,0.0,4636.062,14
14,24,1.8175491643824844,3.3358182540434798,-0.0013157332368223,30.283783342725577,0.0006,-0.0,4647.234,14
14,24,1.8175491643824844,3.3364683924100538,-0.0025205830081862,30.243556446413404,0.0004,0.0,4658.453,14
14,24,1.8175491643824844,3.307649274287192,-0.0033328941687161,32.67749019272188,0.0006,0.0,4132.015,14
14,24,1.8175491643824844,3.308807649308369,-0.0031237222486748,32.59036833223702,0.0006,0.0,4143.156,14
14,24,1.8175491643824844,3.337439185564546,-0.0002192488436291,30.140993757261725,0.0006,0.0,4692.0,14
14,24,1.8175491643824844,3.3313132447257114,0.0012909954213716,30.72543369227044,0.0004,0.0,4524.0,14
14,24,1.8175491643824844,3.29512733474817,0.003811278370701,33.57910037696975,0.0006,0.0,3997.484,14
14,24,1.8175491643824844,3.296182713910507,-0.01252798158022,33.49998395471835,0.0006,0.0,4008.687,14
14,24,1.8175491643824844,3.297340307497449,0.0304612723211415,33.409958581059186,0.0006,0.0,4019.953,14
14,24,1.8175491643824844,3.298679104914568,-0.0020244283868804,33.341664909114975,0.0006,0.0,4031.203,14
14,24,1.8175491643824844,3.3440294409318185,-0.0021838653439181,29.458534430785907,0.0006,0.0,4938.281,14
14,24,1.8175491643824844,3.344592610711828,-0.0010714672067329,29.440232489521616,0.0006,0.0,4949.437,14
14,24,1.8175491643824844,3.301949399194099,-0.0017121402874532,33.09851687985253,0.0006,0.0,4064.781,14
14,24,1.8175491643824844,3.3349181032809048,-0.0011560393219919,30.40293764334657,0.0006,0.0,4613.656,14
14,24,1.8175491643824844,3.3038797426106896,-0.0022357844534853,32.926247503183134,0.0006,-0.0,4087.14,14
14,24,1.8175491643824844,3.304980883353436,-0.0063967059225424,32.8587494854072,0.0006,0.0,4098.375,14
14,24,1.8175491643824844,3.306330767412743,-0.0044801246082686,32.79273515230126,0.0006,0.0,4109.656,14
14,24,1.8175491643824844,3.307038705760891,0.0010914832951159,32.747069657835375,0.0006,0.0,4120.859,14
14,24,1.8175491643824844,3.3206716472307622,0.0009500514348798,31.6475892491547,0.0006,-0.0,4311.14,14
14,24,1.8175491643824844,3.321518449037105,0.001011717172401,31.59831154496545,0.0006,0.0,4322.281,14
14,24,1.8175491643824844,3.309988374440511,0.0005121178383548,32.51121641594675,0.0006,0.0,4154.422,14
14,24,1.8175491643824844,3.2937672565294163,-0.0009788631391822,33.65050845408425,0.0006,0.0,3986.328,14
14,24,1.8175491643824844,3.3429442984893987,0.0001191849018663,29.57321131984904,0.0004,0.0,4893.437,14
14,24,1.8175491643824844,3.3435554111136456,-0.0003225138625391,29.53903516155539,0.0006,-0.0,4904.625,14
14,24,1.8175491643824844,3.343846870156386,-0.003190752664131,29.51218682150161,0.0006,0.0,4915.844,14
14,24,1.8175491643824844,3.3439336168570866,0.000314524397512,29.492012105632288,0.0006,0.0,4927.078,14
14,24,1.8175491643824844,3.325543407326145,-0.0018319162185697,31.243343594188232,0.0006,0.0,4400.75,14
14,24,1.8175491643824844,3.326346882099092,0.0020660746713263,31.185540462963317,0.0006,0.0,4411.953,14
14,24,1.8175491643824844,3.3448010439828755,-0.0016881871283787,29.40843535261187,0.0006,0.0,4960.656,14
14,24,1.8175491643824844,3.340760919915632,-0.0019902694722595,29.828687326736443,0.0006,-0.0,4792.75,14
14,24,1.8175491643824844,3.3455595737348447,-0.0036334969881092,29.35552588562919,0.0006,-0.0,4983.047,14
14,24,1.8175491643824844,3.345597063738156,0.001050747732347,29.33021371523596,0.0006,0.0,4994.25,14
14,24,1.8175491643824844,3.3458686545282568,-0.0005390920871476,29.30961673766589,0.0006,0.0,5005.406,14
14,24,1.8175491643824844,3.3461375165525524,0.0020878729989805,29.283809913951952,0.0006,0.0,5016.531,14
14,24,1.8175491643824844,3.329764781761624,0.0016499567847565,30.85179842556779,0.0006,0.0,4490.453,14
14,24,1.8175491643824844,3.330132354133966,0.0002235713344989,30.801394982523192,0.0006,0.0,4501.578,14
14,24,1.8175491643824844,3.34676189798853,-0.0053024234186903,29.210607020749016,0.0006,0.0,5050.109,14
14,24,1.8175491643824844,3.34356625639553,-0.0009597171871431,29.604330092315788,0.0006,0.0,4882.281,14
14,24,1.8175491643824844,3.323162528919188,0.000188620569831,31.44787709207361,0.0006,0.0,4355.906,14
14,24,1.8175491643824844,3.323733884870264,-0.0033180781319315,31.392045614910483,0.0006,0.0,4367.125,14
14,24,1.8175491643824844,3.3242709854446613,-0.0006109671332537,31.334492267237884,0.0006,0.0,4378.359,14
14,24,1.8175491643824844,3.325087521561205,-0.0025941388536609,31.28952626061644,0.0006,0.0,4389.531,14
14,24,1.8175491643824844,3.3510878838868603,-0.0022291906929505,28.81980305005448,0.0006,0.0,5296.234,14
14,24,1.8175491643824844,3.35127488463774,0.0006177692964335,28.79391970083098,0.0006,-0.0,5307.406,14
14,24,1.8175491643824844,3.3264957633448424,-0.0027295155610603,31.144404075533863,0.0006,0.0,4423.172,14
14,24,1.8175491643824844,3.345023443468098,0.0002159474838256,29.378881999764133,0.0006,0.0,4971.812,14
14,24,1.8175491643824844,3.327765793840745,-0.0008705478792933,31.04662470601979,0.0006,0.0,4445.578,14
14,24,1.8175491643824844,3.3283557234352465,-0.0020018729293406,31.00488211957011,0.0006,-0.0,4456.797,14
14,24,1.8175491643824844,3.328675661084177,0.0020526197846333,30.94125502759252,0.0006,0.0,4467.984,14
14,24,1.8175491643824844,3.3294415583733783,-0.0010609156937681,30.90757501568078,0.0006,0.0,4479.203,14
14,24,1.8175491643824844,3.3367708419353246,0.0012798317303472,30.206555976171455,0.0006,-0.0,4669.656,14
14,24,1.8175491643824844,3.3371034108077278,-0.001026797995239,30.178883555675743,0.0006,0.0,4680.844,14
14,24,1.8175491643824844,3.3308119578968665,-0.0038424086625062,30.752370470112137,0.0006,0.0,4512.734,14
14,24,1.8175491643824844,3.3226436512500883,-0.0045691325959699,31.49340578687269,0.0006,0.0,4344.719,14
14,24,1.8175491643824844,3.350249336810967,-0.001590933847122,28.87936745985614,0.0006,0.0,5251.453,14
14,24,1.8175491643824844,3.350686755710827,0.0001648709158097,28.8585263245756,0.0006,0.0,5262.594,14
14,24,1.8175491643824844,3.350935917263717,-0.0027590253962058,28.83000166924283,0.0006,0.0,5273.844,14
14,24,1.8175491643824844,3.3510403135812985,-0.0024350528861045,28.833605236230422,0.0006,0.0,5285.0,14
14,24,1.8175491643824844,3.339578709317092,-0.001731589827597,29.93199532627685,0.0006,0.0,4759.172,14
14,24,1.8175491643824844,3.340011594523677,-0.0002234308990375,29.893480827790206,0.0006,-0.0,4770.344,14
14,24,1.8175491643824844,3.3512566720969104,-0.0005879310146776,28.778804785059627,0.0006,0.0,5318.656,14
14,24,1.8175491643824844,3.3487140640148434,0.0014140543820223,29.02492304690742,0.0006,-0.0,5150.781,14
14,24,1.8175491643824844,3.351874826590095,-0.0033193384117338,28.73450104904376,0.0006,0.0,5341.062,14
14,24,1.8175491643824844,3.352035337084796,-0.0002563663181137,28.70821912078257,0.0006,0.0,5352.265,14
14,24,1.8175491643824844,3.3523848894578503,-0.0013398462985789,28.69327706486576,0.0006,0.0,5363.484,14
14,24,1.8175491643824844,3.352241000042083,-0.0017959248995594,28.68489142107214,0.0006,0.0,5374.687,14
14,24,1.8175491643824844,3.3422136420315005,-0.0044487566396307,29.68022943393797,0.0006,0.0,4848.75,14
14,24,1.8175491643824844,3.342466588683082,-0.0013763750206804,29.660019428495133,0.0006,0.0,4859.89,14
14,24,1.8175491643824844,3.352692821260004,0.0014184613154226,28.642825457341285,0.0006,0.0,5408.281,14
14,24,1.8175491643824844,3.3503201110887657,-0.0010026926193261,28.897849489216263,0.0006,0.0,5240.234,14
14,24,1.8175491643824844,3.338131091258451,-0.002135799734931,30.073609365371446,0.0006,0.0,4714.359,14
14,24,1.8175491643824844,3.3388848660736303,0.0022588017186582,30.04307418783084,0.0004,0.0,4725.562,14
14,24,1.8175491643824844,3.339083983894955,-0.0006100389452867,29.9986620613843,0.0006,0.0,4736.765,14
14,24,1.8175491643824844,3.339464299243472,-0.0020788606926799,29.95727879814196,0.0006,0.0,4747.906,14
14,24,1.8175491643824844,3.355701586857312,-0.0012079179689662,28.338998110666,0.0006,0.0,5654.797,14
14,24,1.8175491643824844,3.3558946533513767,-0.0013298331907948,28.31496332681529,0.0006,0.0,5666.015,14
14,24,1.8175491643824844,3.3402416529094814,0.0004825409055654,29.855440296300355,0.0006,0.0,4781.5,14
14,24,1.8175491643824844,3.351581026345913,0.0007579164018785,28.74980763741637,0.0006,-0.0,5329.875,14
14,24,1.8175491643824844,3.34071543186285,-0.0023724909850711,29.7976250096782,0.0006,0.0,4804.015,14
14,24,1.8175491643824844,3.341192487419297,0.0004556185180707,29.760014623123716,0.0006,-0.0,4815.203,14
14,24,1.8175491643824844,3.341514269462247,-0.0023966978050276,29.738339024798663,0.0006,0.0,4826.39,14
14,24,1.8175491643824844,3.3418936141077817,0.0001954131801227,29.701487349948824,0.0006,0.0,4837.578,14
14,24,1.8175491643824844,3.346355804145337,-0.0027067705175329,29.263414031631285,0.0006,0.0,5027.719,14
14,24,1.8175491643824844,3.3466076820725865,-0.0007126676363566,29.23222713397877,0.0006,0.0,5038.875,14
14,24,1.8175491643824844,3.342407176165689,-0.0004148136895212,29.62826019125291,0.0006,0.0,4871.094,14
14,24,1.8175491643824844,3.3378839243454457,-0.0006344052759757,30.10671339869004,0.0006,0.0,4703.187,14
14,24,1.8175491643824844,3.3552835813084454,-0.0015831131201709,28.38784856998167,0.0006,0.0,5609.969,14
14,24,1.8175491643824844,3.3553729629702023,-0.0008298050929036,28.360477392124224,0.0006,0.0,5621.172,14
14,24,1.8175491643824844,3.3555494876440557,-0.0007106436572716,28.36265288313085,0.0006,0.0,5632.406,14
14,24,1.8175491643824844,3.355742458432316,-0.0002527328425155,28.347571584111677,0.0006,0.0,5643.656,14
14,24,1.8175491643824844,3.348134914359883,-0.0015994247867494,29.088888385619462,0.0006,0.0,5117.234,14
14,24,1.8175491643824844,3.348233278676026,-0.0016530021185613,29.061206097942456,0.0004,-0.0,5128.406,14
14,24,1.8175491643824844,3.356058324250414,-0.0025761341084153,28.31002474563537,0.0006,0.0,5677.234,14
14,24,1.8175491643824844,3.35425479752826,0.001360016777754,28.50292293047905,0.0006,0.0,5509.172,14
14,24,1.8175491643824844,3.3563661980776893,-0.0013918467251484,28.283310020582707,0.0006,0.0,5699.64,14
14,24,1.8175491643824844,3.3565576261188914,-0.0001048393714813,28.27406452292073,0.0006,0.0,5710.859,14
14,24,1.8175491643824844,3.356603761663947,-0.0027720863284487,28.263795230217312,0.0006,0.0,5722.125,14
14,24,1.8175491643824844,3.356737175365345,0.0011324297522457,28.251866360859445,0.0006,0.0,5733.328,14
14,24,1.8175491643824844,3.3497834944407714,-0.0019354327524656,28.959434145632585,0.0006,0.0,5206.687,14
14,24,1.8175491643824844,3.3498871496042413,-0.0033482752493204,28.932991802575746,0.0004,0.0,5217.859,14
14,24,1.8175491643824844,3.357011441342793,-0.0006531044797981,28.220854758394005,0.0004,0.0,5766.89,14
14,24,1.8175491643824844,3.355120513459879,-0.0011326916845295,28.39701442434224,0.0006,-0.0,5598.797,14
14,24,1.8175491643824844,3.3471036041981628,-0.0050155208785996,29.164978619947483,0.0006,0.0,5072.5,14
14,24,1.8175491643824844,3.347517549837074,0.0003438019111111,29.13896866654117,0.0006,0.0,5083.656,14
14,24,1.8175491643824844,3.347321707175619,-0.0010934200014951,29.11436888449476,0.0006,-0.0,5094.828,14
14,24,1.8175491643824844,3.347962241245545,-0.0013541701578209,29.098610703641548,0.0006,0.0,5106.047,14
14,24,1.8175491643824844,3.359654604002072,8.553990799697757e-05,28.00260245563844,0.0006,0.0,6013.39,14
14,24,1.8175491643824844,3.35984779020578,0.000436870811641,28.004543105447254,0.0006,0.0,6024.594,14
14,24,1.8175491643824844,3.3484289370629807,-0.0002115506335171,29.04881772053113,0.0006,0.0,5139.578,14
14,24,1.8175491643824844,3.3562848436884414,-0.0007873772735539,28.30429015097292,0.0006,0.0,5688.437,14
14,24,1.8175491643824844,3.3488492916155157,-0.002135866174574,29.00355981342701,0.0006,0.0,5161.969,14
14,24,1.8175491643824844,3.3492110180300325,-0.0008240565013083,28.988247009767885,0.0006,0.0,5173.125,14
14,24,1.8175491643824844,3.349299151118734,-0.0023513413157097,28.980168448474547,0.0006,0.0,5184.281,14
14,24,1.8175491643824844,3.349485280682943,0.0001773704268685,28.970972719777983,0.0006,0.0,5195.469,14
14,24,1.8175491643824844,3.352419218530092,-0.0003227746777779,28.67083350268909,0.0006,0.0,5385.906,14
14,24,1.8175491643824844,3.3527678027212886,0.0023207399791048,28.64953973698279,0.0006,0.0,5397.094,14
14,24,1.8175491643824844,3.349924563834024,-0.0005719815211369,28.918873154261227,0.0006,0.0,5229.0,14
14,24,1.8175491643824844,3.3469866578543943,-0.0043374693635934,29.183144978812937,0.0006,0.0,5061.265,14
14,24,1.8175491643824844,3.3593165635287017,-0.0012224370168976,28.05135897321194,0.0006,0.0,5968.625,14
14,24,1.8175491643824844,3.3594330612215657,-0.0011597458032295,28.037717449005235,0.0004,0.0,5979.812,14
14,24,1.8175491643824844,3.359478010456017,-0.0004003832569556,28.02713697350599,0.0006,0.0,5990.969,14
14,24,1.8175491643824844,3.3597708097324723,0.0003993672044813,28.014709080821536,0.0006,0.0,6002.156,14
14,24,1.8175491643824844,3.353895116162728,-6.060736263774848e-05,28.54901578616017,0.0006,0.0,5475.531,14
14,24,1.8175491643824844,3.353894711437692,-3.512389122202654e-05,28.53367801531764,0.0006,-0.0,5486.75,14
14,24,1.8175491643824844,3.3599865219372136,-2.363726383658627e-05,27.98591811087791,0.0006,0.0,6035.89,14
14,24,1.8175491643824844,3.3582681253339075,2.352593202294933e-05,28.140760680641417,0.0004,0.0,5867.719,14
14,24,1.8175491643824844,3.360183443623158,0.0003163373462888,27.972025094386986,0.0006,0.0,6058.375,14
14,24,1.8175491643824844,3.360276392253404,-0.000358182072672,27.9664407191848,0.0006,-0.0,6069.609,14
14,24,1.8175491643824844,3.3603823913046047,-0.0008417755832916,27.9668136583597,0.0006,0.0,6080.859,14
14,24,1.8175491643824844,3.360377588394292,-0.0024320090897348,27.95289594914085,0.0006,0.0,6092.0,14
14,24,1.8175491643824844,3.3547325142727584,-0.0003783231030298,28.436001477416028,0.0004,0.0,5565.172,14
14,24,1.8175491643824844,3.354956798901856,0.001427420226172,28.42085914735446,0.0006,0.0,5576.344,14
14,24,1.8175491643824844,3.3607397783258874,-0.002106053979211,27.92463016798843,0.0006,0.0,6125.625,14
14,24,1.8175491643824844,3.3593421153652825,0.0017722377589623,28.0589752665244,0.0006,0.0,5957.422,14
14,24,1.8175491643824844,3.3530496597272306,0.0008213193699689,28.617270293957063,0.0006,0.0,5430.734,14
14,24,1.8175491643824844,3.3532241921573567,-0.0008082227917911,28.594131392600424,0.0006,0.0,5441.922,14
14,24,1.8175491643824844,3.353588247630879,-0.0002564115770462,28.575923614849582,0.0004,0.0,5453.094,14
14,24,1.8175491643824844,3.353612877514029,-0.0010001630341332,28.56253729385629,0.0006,0.0,5464.281,14
14,24,1.8175491643824844,3.363063631601137,0.0026028703328018,27.78699319247801,0.0006,0.0,6372.297,14
14,24,1.8175491643824844,3.3639673406462385,7.360006324282229e-05,27.785075288129963,0.0006,0.0,6383.547,14
14,24,1.8175491643824844,3.3541080725556336,-0.0031388296467231,28.517427070895227,0.0006,0.0,5497.937,14
14,24,1.8175491643824844,3.36003589722814,-0.0008740779416003,27.981289470161308,0.0006,0.0,6047.094,14
14,24,1.8175491643824844,3.3542372687412625,-0.001977157173515,28.49390905943835,0.0006,0.0,5520.344,14
14,24,1.8175491643824844,3.354549951441159,-0.0024866881265096,28.481463580058065,0.0006,-0.0,5531.547,14
14,24,1.8175491643824844,3.354623590373516,0.0011890004290822,28.453850251670445,0.0006,0.0,5542.719,14
14,24,1.8175491643824844,3.3548017299720088,-0.0014496647154625,28.444512381496995,0.0006,0.0,5553.969,14
14,24,1.8175491643824844,3.3567512570082125,0.0008783140040531,28.23699012417355,0.0006,0.0,5744.531,14
14,24,1.8175491643824844,3.356998184541728,-0.0010019012605069,28.22848044827927,0.0006,-0.0,5755.672,14
14,24,1.8175491643824844,3.3550678409289425,-0.0007929459586153,28.416882214476946,0.0006,0.0,5587.515,14
14,24,1.8175491643824844,3.353056451482096,-0.0032297749857713,28.6346876814532,0.0006,0.0,5419.484,14
14,24,1.8175491643824844,3.362551252443657,0.0010689015615579,27.81221800386718,0.0006,0.0,6327.484,14
14,24,1.8175491643824844,3.3628163974867875,-5.386220580560041e-05,27.804497864410017,0.0006,0.0,6338.672,14
14,24,1.8175491643824844,3.3627361853620785,0.0004589084936309,27.79924929237946,0.0006,0.0,6349.906,14
14,24,1.8175491643824844,3.36291663047115,0.0010220594824594,27.790743796005987,0.0006,0.0,6361.109,14
14,24,1.8175491643824844,3.642050999895928,-4.026798936307554,29.45276732681833,3.996,1.734,214.875,14
14,24,1.8175491643824844,4.067512643188245,-0.0017690125661911,29.60066522479417,0.0006,4.059,225.672,14
14,24,1.8175491643824844,3.502837511637215,-4.023414440553875,33.57684434953463,3.996,1.609,754.719,14
14,24,1.8175491643824844,3.9552515003932713,-0.0019830786744335,32.89867620513298,0.0006,3.945,592.969,14
14,24,1.8175491643824844,3.498258322658588,-4.024339663020188,33.59693486828549,3.996,1.604,776.297,14
14,24,1.8175491643824844,3.901037950387246,0.0006265108428569,33.587789751529826,0.0006,3.894,787.094,14
14,24,1.8175491643824844,3.493320532291419,-4.02782489117591,33.56340098124798,3.996,1.597,797.89,14
14,24,1.8175491643824844,3.896153325839361,-0.0014602549124161,33.598691087860914,0.0006,3.89,808.609,14
14,24,1.8175491643824844,3.6170094843637455,-4.025231768069351,30.352605362260228,3.996,1.714,301.297,14
14,24,1.8175491643824844,4.038505807626225,0.001096276857563,30.4693911768408,0.0006,4.03,312.062,14
14,24,1.8175491643824844,3.4838768045188986,-4.026721480749702,33.58278842170704,3.996,1.587,841.0,14
14,24,1.8175491643824844,3.9269887462238935,-0.0040150880622215,33.40375220219347,0.0006,3.919,679.203,14
14,24,1.8175491643824844,3.65682369043608,-4.02540326333517,28.97630235718485,3.996,1.744,171.703,14
14,24,1.8175491643824844,4.083773255943103,0.0004522419733176,29.12860608920416,0.0006,4.077,182.484,14
14,24,1.8175491643824844,3.649323080110431,-4.025976272826218,29.22267007494884,3.996,1.738,193.25,14
14,24,1.8175491643824844,4.075669322153356,0.0006060608624678,29.3796171295654,0.0006,4.067,204.047,14
14,24,1.8175491643824844,3.43432740858042,-4.0260610862808495,33.88329916679986,3.996,1.545,1078.703,14
14,24,1.8175491643824844,3.8363226164435584,-0.0011608364326335,33.936982114612576,0.0006,3.828,1089.562,14
14,24,1.8175491643824844,3.6353280819039417,-4.026998307530994,29.69039859234508,3.996,1.729,236.453,14
14,24,1.8175491643824844,3.9058957882081216,0.0014282622802083,33.6031793720029,0.0006,3.899,765.531,14
14,24,1.8175491643824844,3.6291284841050873,-4.025170586768579,29.912564794748548,3.996,1.723,258.031,14
14,24,1.8175491643824844,4.052560661980702,0.000591993586053,30.050195629730165,0.0006,4.044,268.797,14
14,24,1.8175491643824844,3.622289697469,-4.02569468862355,30.12269674648812,3.996,1.717,279.734,14
14,24,1.8175491643824844,4.045159643593864,-0.0003461877271131,30.273934649839987,0.0006,4.036,290.531,14
14,24,1.8175491643824844,3.575636520493002,-4.025661511023766,31.909518090380327,3.996,1.677,474.125,14
14,24,1.8175491643824844,3.9904528952533833,-0.0029759548117748,32.04392201604369,0.0006,3.979,484.953,14
14,24,1.8175491643824844,3.6114831811643535,-4.028302788421239,30.53026412912296,3.996,1.708,322.906,14
14,24,1.8175491643824844,4.092713416146499,-0.0004116335903897,28.88973444691309,0.0006,4.086,160.844,14
14,24,1.8175491643824844,3.4430113573969594,-4.025042370912073,33.76678548485592,3.996,1.553,1035.484,14
14,24,1.8175491643824844,3.845193045627422,0.0002639158454801,33.8291197877553,0.0006,3.838,1046.281,14
14,24,1.8175491643824844,3.438491408498499,-4.025597409172175,33.84124421929005,3.996,1.549,1057.125,14
14,24,1.8175491643824844,3.8405141078162823,-0.0033028743288031,33.86871638810812,0.0006,3.834,1067.922,14
14,24,1.8175491643824844,3.3612296295136983,0.0009313468400145,27.898910832632147,0.0006,0.0,6170.422,14
14,24,1.8175491643824844,3.361207653851169,-0.0001714354344173,27.891969440036117,0.0006,-0.0,6181.656,14
14,24,1.8175491643824844,3.3613648999747365,-0.0012793216894279,27.88390448931438,0.0006,0.0,6192.875,14
14,24,1.8175491643824844,3.3615733089848265,-0.0009985952723237,27.873199788409263,0.0006,0.0,6204.156,14
14,24,1.8175491643824844,3.606382400160345,-4.023329526824631,30.75486073717359,3.996,1.702,344.531,14
14,24,1.8175491643824844,4.02571936591626,-7.54688289815682e-05,30.886624169962783,0.0006,4.017,355.234,14
14,24,1.8175491643824844,4.20189282071032,-0.0006310090674425,26.96989321715805,0.0006,0.0,0.0,14
14,24,1.8175491643824844,4.201556564185832,-0.0021085510050049,26.98310673152217,0.0006,4.217,9.344,14
14,24,1.8175491643824844,4.149767456613169,-0.0011913160747711,27.542410082231296,0.0006,4.149,52.859,14
