cycle,ambient_temperature,capacity,voltage_measured,current_measured,temperature_measured,current_load,voltage_load,time,RUL
1,24,1.8233077742149364,4.010444280448987,-0.0012163460909596,32.11679709244437,0.0008,4.017,408.829,27
1,24,1.8233077742149364,3.460524270550465,-3.972667724513328,32.14386941661005,3.997,1.56,418.766,27
1,24,1.8233077742149364,4.005048300043666,-0.0006380099509339,32.28865929868643,0.0008,4.011,428.735,27
1,24,1.8233077742149364,3.4565613100560166,-3.9730472639685495,32.278451217713915,3.997,1.555,438.735,27
1,24,1.8233077742149364,3.999646416321785,-0.0014577347262099,32.447665071411066,0.0008,4.005,448.704,27
1,24,1.8233077742149364,3.4525328024241384,-3.971425575677367,32.47554201333751,3.997,1.552,458.657,27
1,24,1.8233077742149364,3.994295783529608,-0.0008581936384785,32.62653266813771,0.0008,4.0,468.594,27
1,24,1.8233077742149364,3.4488300904836118,-3.971575778231284,32.63072214620519,3.997,1.548,478.532,27
1,24,1.8233077742149364,4.033468667157113,-0.0023596700890235,31.34800580648932,0.0008,4.04,329.11,27
1,24,1.8233077742149364,3.4768347310420125,-3.973391931347458,31.374283740106925,3.997,1.575,339.079,27
1,24,1.8233077742149364,4.027549389798155,-0.0006953534713311,31.56319858460468,0.0008,4.033,349.079,27
1,24,1.8233077742149364,3.4727322376565537,-3.9714511859885575,31.59907590399189,3.997,1.571,359.032,27
1,24,1.8233077742149364,4.021720519376565,-0.0009843668855351,31.79359991677497,0.0006,4.027,368.969,27
1,24,1.8233077742149364,3.468638260895822,-3.972192444926682,31.805176589259712,3.997,1.567,378.922,27
1,24,1.8233077742149364,4.016056292801329,-0.0024183963427183,31.96080908967803,0.0008,4.022,388.86,27
1,24,1.8233077742149364,3.464193954548124,-3.972032435152928,31.969765250501617,3.997,1.563,398.875,27
1,24,1.8233077742149364,4.058577766904609,-0.002457498551093,30.44859290423872,0.0006,4.064,249.204,27
1,24,1.8233077742149364,3.4944429199727227,-3.9754054540269808,30.534438329710127,3.997,1.592,259.172,27
1,24,1.8233077742149364,4.052065763824522,-0.001962375367092,30.71962480648453,0.0008,4.059,269.219,27
1,24,1.8233077742149364,3.490068066545736,-3.972582766873656,30.773630249995037,3.997,1.589,279.141,27
1,24,1.8233077742149364,4.045757303179867,-0.000490920860181,30.948486005230677,0.0008,4.052,289.079,27
1,24,1.8233077742149364,3.485417603876065,-3.972245495623228,30.9664715174056,3.997,1.583,299.032,27
1,24,1.8233077742149364,4.039459759400999,-0.0028824677899151,31.15726892908534,0.0008,4.045,309.094,27
1,24,1.8233077742149364,3.4807658167745945,-3.973899780985964,31.20140338279042,3.997,1.58,319.11,27
1,24,1.8233077742149364,3.2460832437485987,-3.974543526366386,36.5551985262788,3.997,1.347,1475.75,27
1,24,1.8233077742149364,3.516197524387196,-3.973510641842439,29.490579288702172,3.997,1.611,179.36,27
1,24,1.8233077742149364,4.079842692468498,0.000101582306921,29.702555279772927,0.0006,4.086,189.313,27
1,24,1.8233077742149364,3.5102348145928346,-3.971709989308389,29.769312481257145,3.997,1.607,199.282,27
1,24,1.8233077742149364,4.072497905446204,-0.0027315149624004,29.97864662947981,0.0008,4.079,209.235,27
1,24,1.8233077742149364,3.5042303059373183,-3.972309380308205,30.025365562080133,3.997,1.602,219.282,27
1,24,1.8233077742149364,4.065430627723942,-0.003127163465003,30.221635804357646,0.0008,4.071,229.266,27
1,24,1.8233077742149364,3.4993365583290954,-3.972764512717792,30.237125384851097,3.997,1.597,239.266,27
1,24,1.8233077742149364,3.238896942433454,-3.9732286087789177,36.65385813301958,3.997,1.339,1515.797,27
1,24,1.8233077742149364,3.768157082233804,-0.0007099487096368,36.760219569625846,0.0008,3.776,1525.766,27
1,24,1.8233077742149364,3.2354554405024025,-3.972012011638189,36.68566022557521,3.997,1.337,1535.782,27
1,24,1.8233077742149364,3.764788274798353,0.0005920963858049,36.81087591391696,0.0008,3.772,1545.75,27
1,24,1.8233077742149364,3.2317482000946813,-3.974720709710332,36.73372055208797,3.997,1.332,1555.719,27
1,24,1.8233077742149364,3.761275233476207,-0.0029267882197841,36.85546956322843,0.0008,3.768,1565.641,27
1,24,1.8233077742149364,3.228267659925202,-3.973691572338374,36.80836786806205,3.997,1.328,1575.657,27
1,24,1.8233077742149364,3.757998018999821,-0.0007544221783121,36.92434935667156,0.0008,3.764,1585.625,27
1,24,1.8233077742149364,3.3824356964267697,-3.973317997545343,34.41477206974715,3.997,1.483,797.5,27
1,24,1.8233077742149364,3.9108400531517895,-0.0004071006875013,34.5685991856606,0.0008,3.917,807.5,27
1,24,1.8233077742149364,3.3782444558227795,-3.97276001272654,34.51362022728484,3.997,1.478,817.516,27
1,24,1.8233077742149364,3.906108158619395,0.0003841566027934,34.640077467737285,0.0008,3.912,827.438,27
1,24,1.8233077742149364,3.3739761969073285,-3.972504478744749,34.59030596898191,3.997,1.474,837.375,27
1,24,1.8233077742149364,3.775022292185529,-0.0008965430003189,36.65378421263696,0.0006,3.782,1485.672,27
1,24,1.8233077742149364,3.2418913407615984,-3.974221496037149,36.5989890607076,3.997,1.342,1495.75,27
1,24,1.8233077742149364,3.7716451969679383,-0.0016406905510412,36.70305881648403,0.0008,3.778,1505.844,27
1,24,1.8233077742149364,3.564022946260351,-3.970737696497684,28.029008034216744,3.997,1.657,79.344,27
1,24,1.8233077742149364,4.124698649647583,-0.0035537081230877,28.2904614384149,0.0008,4.133,89.375,27
1,24,1.8233077742149364,3.550560429042242,-3.97337138601936,28.373975196410385,3.997,1.643,99.391,27
1,24,1.8233077742149364,4.113732616987006,-0.0003621487545185,28.611171456174414,0.0008,4.122,109.422,27
1,24,1.8233077742149364,3.3914300815716407,-3.9733950298372966,34.29043112231339,3.997,1.491,757.641,27
1,24,1.8233077742149364,3.9197147312305023,-0.0017666791512324,34.42288471810305,0.0008,3.927,767.579,27
1,24,1.8233077742149364,3.3867899373597643,-3.972759219202024,34.37930168425249,3.997,1.487,777.594,27
1,24,1.8233077742149364,3.915218095822449,0.0002730736516016,34.467384638560844,0.0008,3.922,787.532,27
1,24,1.8233077742149364,3.989275251555605,0.0008216941825994,32.79638075881949,0.0008,3.996,488.532,27
1,24,1.8233077742149364,4.20169558339226,0.0004779767885516,26.281751283369985,0.0002,4.217,9.36,27
1,24,1.8233077742149364,3.631074598429516,-3.9728305301943134,26.441116460195538,3.997,1.698,19.547,27
1,24,1.8233077742149364,4.170417928283559,-0.0012749494114968,26.86344780098432,0.0008,4.182,29.5,27
1,24,1.8233077742149364,3.601844040032513,-3.9725182659872815,27.0841952506812,3.997,1.688,39.469,27
1,24,1.8233077742149364,4.151276632281282,-0.0003502371729553,27.44212701449368,0.0008,4.161,49.375,27
1,24,1.8233077742149364,3.5803731132310816,-3.972201253713031,27.60191196567112,3.997,1.67,59.407,27
1,24,1.8233077742149364,4.136745413482538,-0.0020093761631539,27.900757495570687,0.0008,4.146,69.375,27
1,24,1.8233077742149364,3.140702114459279,-3.9743604357646007,37.97560919120008,3.997,1.242,2154.688,27
1,24,1.8233077742149364,3.680222497374645,-0.0033416385177884,38.09128752222156,0.0008,3.688,2164.641,27
1,24,1.8233077742149364,3.138208468939073,-3.974626613092105,38.01546378657013,3.997,1.241,2174.688,27
1,24,1.8233077742149364,3.678355003105691,-0.0012548293376189,38.125537493058616,0.0008,3.685,2184.657,27
1,24,1.8233077742149364,3.1353942129231203,-3.972648204380572,38.06072205178614,3.997,1.238,2194.688,27
1,24,1.8233077742149364,3.676287950692106,-0.0026102162858788,38.17112751829956,0.0008,3.683,2204.61,27
1,24,1.8233077742149364,3.1330536548230574,-3.973907090133832,38.08993474626812,3.997,1.235,2214.563,27
1,24,1.8233077742149364,3.6745193497548985,-0.0008434946261318,38.200811140786776,0.0008,3.682,2224.594,27
1,24,1.8233077742149364,3.151234192959561,-3.977243875591012,37.81993048736371,3.997,1.254,2074.985,27
1,24,1.8233077742149364,3.6887515688741854,-0.0008314554032982,37.94068626631814,0.0008,3.696,2084.938,27
1,24,1.8233077742149364,3.1482344271450016,-3.9734255001440486,37.8598367208316,3.997,1.251,2094.954,27
1,24,1.8233077742149364,3.6864135918671135,0.0004507367823167,37.98135066198581,0.0006,3.693,2104.891,27
1,24,1.8233077742149364,3.1455622667615057,-3.974299979363893,37.9053879738199,3.997,1.246,2114.844,27
1,24,1.8233077742149364,3.6842420020005457,-0.0002046087010073,38.03134791495987,0.0008,3.691,2124.813,27
1,24,1.8233077742149364,3.1430870792864205,-3.973761432437692,37.92410535134945,3.997,1.244,2134.782,27
1,24,1.8233077742149364,3.682126274667602,-0.0014157694509172,38.06225841109002,0.0006,3.688,2144.75,27
1,24,1.8233077742149364,3.161703124186756,-3.974896818415782,37.70837734225272,3.997,1.263,1995.11,27
1,24,1.8233077742149364,3.69775836764884,0.0007680416048177,37.82338150229656,0.0008,3.705,2005.125,27
1,24,1.8233077742149364,3.159005270647726,-3.9752308035032256,37.72207790870519,3.997,1.261,2015.063,27
1,24,1.8233077742149364,3.695634113101256,0.0005322900555722,37.83040594798013,0.0008,3.702,2025.157,27
1,24,1.8233077742149364,3.156788619846285,-3.972447440570363,37.75076192811233,3.997,1.258,2035.125,27
1,24,1.8233077742149364,3.693373640250098,-0.002262509106417,37.87264334358855,0.0008,3.7,2045.094,27
1,24,1.8233077742149364,3.153849335735045,-3.977580345977876,37.79002273838332,3.997,1.256,2055.079,27
1,24,1.8233077742149364,3.690759749524162,-0.0019234074167474,37.88805876800876,0.0008,3.698,2065.032,27
1,24,1.8233077742149364,3.172911986269464,-3.97245066037613,37.53682951071341,3.997,1.276,1915.235,27
1,24,1.8233077742149364,3.707668238542557,-0.0002186337660871,37.62403771083832,0.0008,3.714,1925.172,27
1,24,1.8233077742149364,3.169879473202922,-3.9744667404787335,37.5698975196863,3.997,1.272,1935.172,27
1,24,1.8233077742149364,3.705217783471283,-0.0001348777510774,37.68065655204106,0.0008,3.712,1945.204,27
1,24,1.8233077742149364,3.167395964231499,-3.971944979158148,37.60718709907525,3.997,1.27,1955.157,27
1,24,1.8233077742149364,3.702760850914964,-0.0023424990117202,37.72072782041512,0.0008,3.71,1965.125,27
1,24,1.8233077742149364,3.164371704115992,-3.974565035216903,37.64287498995994,3.997,1.266,1975.11,27
1,24,1.8233077742149364,3.700383767297497,-0.0022080354744496,37.76633961216807,0.0008,3.707,1985.079,27
1,24,1.8233077742149364,3.101869613626231,-3.973775103196784,38.654471938449895,3.997,1.206,2474.11,27
1,24,1.8233077742149364,3.650938031368516,-0.0011297727576334,38.77804149391304,0.0006,3.657,2484.047,27
1,24,1.8233077742149364,3.099938537941797,-3.9783143078898098,38.68395760546207,3.997,1.204,2494.0,27
1,24,1.8233077742149364,3.64923390945401,-0.0018291098362495,38.80671828727479,0.0006,3.655,2503.954,27
1,24,1.8233077742149364,3.097037840145708,-3.973269780470343,38.74983801509194,3.997,1.2,2513.891,27
1,24,1.8233077742149364,3.647310892920063,-0.00138648973606,38.88912768304351,0.0006,3.653,2523.844,27
1,24,1.8233077742149364,3.0947069257011237,-3.9736750184132776,38.79513783811161,3.997,1.196,2533.75,27
1,24,1.8233077742149364,3.645473449503009,-0.0017004790154271,38.93718564360619,0.0008,3.651,2543.672,27
1,24,1.8233077742149364,3.1112387476807,-3.973746140643601,38.45615370824479,3.997,1.214,2394.375,27
1,24,1.8233077742149364,3.658203755114402,-0.0006626093792221,38.57851349824662,0.0008,3.664,2404.313,27
1,24,1.8233077742149364,3.108810821048471,-3.9736233786622215,38.49899256097255,3.997,1.212,2414.266,27
1,24,1.8233077742149364,3.656460132376184,-0.0017291017665181,38.62491151615268,0.0006,3.663,2424.204,27
1,24,1.8233077742149364,3.106613257478331,-3.9739476403480327,38.56907872047239,3.997,1.209,2434.172,27
1,24,1.8233077742149364,3.6548100552325016,-0.0004158726402869,38.69007096899522,0.0008,3.661,2444.172,27
1,24,1.8233077742149364,3.104173162761129,-3.973599362148386,38.609734740760594,3.997,1.208,2454.157,27
1,24,1.8233077742149364,3.6528773488576953,-0.0014265888423026,38.74366089657913,0.0006,3.659,2464.188,27
1,24,1.8233077742149364,3.1206280948971026,-3.971958579021625,38.31351363059307,3.997,1.222,2314.5,27
1,24,1.8233077742149364,3.66540174711916,-0.0028672479573393,38.42627937948298,0.0008,3.672,2324.438,27
1,24,1.8233077742149364,3.1182057330192303,-3.975956843960545,38.34585462953961,3.997,1.22,2334.375,27
1,24,1.8233077742149364,3.663717844876636,-8.378418994602654e-05,38.49077353019362,0.0006,3.67,2344.407,27
1,24,1.8233077742149364,3.1161211784758143,-3.9751702801441033,38.39724341435933,3.997,1.219,2354.375,27
1,24,1.8233077742149364,3.66186232853477,-0.0011753521975695,38.52329725614474,0.0008,3.668,2364.329,27
1,24,1.8233077742149364,3.1134924948808598,-3.972492447837701,38.43224164571286,3.997,1.216,2374.375,27
1,24,1.8233077742149364,3.6600624384922096,0.0009360302973234,38.55346153453296,0.0008,3.666,2384.422,27
1,24,1.8233077742149364,3.130669595901242,-3.972281630096292,38.1304641012349,3.997,1.234,2234.547,27
1,24,1.8233077742149364,3.672591455704918,-0.001689359591689,38.2539938206953,0.0008,3.679,2244.532,27
1,24,1.8233077742149364,3.1279645922608554,-3.9749078145355514,38.16885017194566,3.997,1.231,2254.485,27
1,24,1.8233077742149364,3.670934605323297,-0.0003285803169755,38.29603566033021,0.0008,3.677,2264.516,27
1,24,1.8233077742149364,3.1255388598031524,-3.976442703060565,38.19859710517613,3.997,1.226,2274.485,27
1,24,1.8233077742149364,3.6690634805683695,-0.0001348282421164,38.33481710269999,0.0006,3.676,2284.438,27
1,24,1.8233077742149364,3.1229437687183896,-3.974272055431826,38.252736729341,3.997,1.225,2294.5,27
1,24,1.8233077742149364,3.66719839943041,-0.0014056151545006,38.39629039097179,0.0006,3.673,2304.516,27
1,24,1.8233077742149364,3.051088264625403,-3.9726793939219815,39.55803715116388,3.997,1.154,2793.157,27
1,24,1.8233077742149364,3.6161693064871576,-0.0016258959726038,39.68916424942159,0.0008,3.621,2803.125,27
1,24,1.8233077742149364,3.046914764651844,-3.9761042325269145,39.61200865811627,3.997,1.151,2813.094,27
1,24,1.8233077742149364,3.6133343324335336,-0.0005235693487377,39.744265247034726,0.0008,3.617,2823.047,27
1,24,1.8233077742149364,3.042584095209316,-3.9747947035650766,39.666601987632376,3.997,1.147,2833.0320000000065,27
1,24,1.8233077742149364,3.610191802181599,-0.0009987239119601,39.79995687529607,0.0008,3.615,2842.9850000000006,27
1,24,1.8233077742149364,3.0384622114986315,-3.974149338704334,39.73845096790909,3.997,1.144,2852.922000000006,27
1,24,1.8233077742149364,3.607250501073308,-0.0025814210865623,39.8869521579119,0.0008,3.612,2862.875,27
1,24,1.8233077742149364,3.066764187996738,-3.9758664919083455,39.25485696862962,3.997,1.172,2713.36,27
1,24,1.8233077742149364,3.62663940538874,-0.0007714791894936,39.41990585131296,0.0008,3.631,2723.391,27
1,24,1.8233077742149364,3.063116133379688,-3.975234838904027,39.32767055052361,3.997,1.168,2733.36,27
1,24,1.8233077742149364,3.624027303682335,-0.0012438378098101,39.47730175416012,0.0008,3.629,2743.297,27
1,24,1.8233077742149364,3.058690228168646,-3.976455373111917,39.39509887300993,3.997,1.162,2753.313,27
1,24,1.8233077742149364,3.6212723527843855,-0.0026226840107245,39.54718072326507,0.0008,3.627,2763.266,27
1,24,1.8233077742149364,3.054577963409518,-3.975179671038264,39.45354965976522,3.997,1.159,2773.25,27
1,24,1.8233077742149364,3.6189402297670688,0.00112131680668,39.61050576835437,0.0006,3.623,2783.266,27
1,24,1.8233077742149364,3.079992842081885,-3.973787856860615,39.05841659829218,3.997,1.184,2633.547,27
1,24,1.8233077742149364,3.635524313000884,-0.0018151795249824,39.18785866694994,0.0008,3.641,2643.516,27
1,24,1.8233077742149364,3.077102832892995,-3.973071997926092,39.11935177103051,3.997,1.182,2653.469,27
1,24,1.8233077742149364,3.633104094595579,-0.003301533344675,39.23689135459298,0.0006,3.639,2663.469,27
1,24,1.8233077742149364,3.0735003580853903,-3.9744208580395424,39.1502969991351,3.997,1.178,2673.438,27
1,24,1.8233077742149364,3.630929938718656,-0.0001347967771904,39.30445066698762,0.0008,3.636,2683.422,27
1,24,1.8233077742149364,3.0702248042561755,-3.974809227950457,39.23023773363117,3.997,1.175,2693.407,27
1,24,1.8233077742149364,3.628698594625948,-0.0010014637043994,39.36278606099854,0.0008,3.635,2703.391,27
1,24,1.8233077742149364,3.0918106382145965,-3.97414602652642,38.85016238136313,3.997,1.194,2553.672,27
1,24,1.8233077742149364,3.6436727391468966,0.0005001860760834,38.96697542380337,0.0008,3.649,2563.641,27
1,24,1.8233077742149364,3.089384197358563,-3.9754886015944586,38.91102950906966,3.997,1.192,2573.563,27
1,24,1.8233077742149364,3.641776159559931,-0.0012987965401273,39.00711740220135,0.0008,3.648,2583.563,27
1,24,1.8233077742149364,3.0863753375986187,-3.97349752161739,38.93523862662684,3.997,1.19,2593.594,27
1,24,1.8233077742149364,3.639758232852372,-0.000777142296285,39.07524721928642,0.0008,3.645,2603.625,27
1,24,1.8233077742149364,3.083546785634377,-3.974794810292747,39.002946825079,3.997,1.187,2613.563,27
1,24,1.8233077742149364,3.637754941766008,0.0006174881604964,39.13099826607597,0.0008,3.643,2623.516,27
1,24,1.8233077742149364,2.9457213585929947,-3.973913580294187,40.59746755392096,3.997,1.056,3112.4689999999973,27
1,24,1.8233077742149364,3.5395427052301374,-0.001395643760206,40.73474924226008,0.0008,3.542,3122.3910000000037,27
1,24,1.8233077742149364,2.931623383037249,-3.974233425710074,40.67149358786776,3.997,1.043,3132.437999999994,27
1,24,1.8233077742149364,3.52876021278737,2.5373181081200537e-05,40.82327659454898,0.0008,3.532,3142.422000000006,27
1,24,1.8233077742149364,2.915791355338929,-3.975364080297589,40.7374376874087,3.997,1.029,3152.422000000006,27
1,24,1.8233077742149364,3.515825373454605,-7.80381907247522e-05,40.91895689716877,0.0008,3.518,3162.3910000000037,27
1,24,1.8233077742149364,2.897173649444292,-3.9738968410852418,40.844094165677774,3.997,1.01,3172.375,27
1,24,1.8233077742149364,3.5012570476441005,-0.0010966831980644,40.988513353523,0.0008,3.504,3182.3439999999973,27
1,24,1.8233077742149364,2.9848238813384294,-3.973815565144096,40.31383245283396,3.997,1.092,3032.7350000000006,27
1,24,1.8233077742149364,3.5696338626520387,-0.0014993426481077,40.45284536326226,0.0008,3.573,3042.6410000000037,27
1,24,1.8233077742149364,2.9772686514736386,-3.97445509178433,40.36031144823415,3.997,1.085,3052.578999999998,27
1,24,1.8233077742149364,3.5636969516592054,-0.0020558180399203,40.51431923703353,0.0008,3.567,3062.5,27
1,24,1.8233077742149364,2.968243782632622,-3.975552835893272,40.44235531398376,3.997,1.077,3072.453999999998,27
1,24,1.8233077742149364,3.5569322590015604,-0.0028204440361879,40.601846156587406,0.0008,3.561,3082.5,27
1,24,1.8233077742149364,2.958329251111764,-3.97427313357517,40.524509593314605,3.997,1.069,3092.4689999999973,27
1,24,1.8233077742149364,3.549066212276222,-0.0009044812265727,40.66909953171808,0.0008,3.552,3102.422000000006,27
1,24,1.8233077742149364,3.011137153042294,-3.973119762081321,40.0707426618593,3.997,1.118,2952.7350000000006,27
1,24,1.8233077742149364,3.589040025136462,4.747982401478065e-05,40.20169908343208,0.0006,3.593,2962.75,27
1,24,1.8233077742149364,3.0051996948935065,-3.9742327418535375,40.10389524797514,3.997,1.114,2972.7820000000065,27
1,24,1.8233077742149364,3.584711026994509,-0.0011287331249219,40.27804076774537,0.0008,3.589,2982.812999999994,27
1,24,1.8233077742149364,2.999337065814887,-3.972618033849754,40.17704580697319,3.997,1.107,2992.7660000000037,27
1,24,1.8233077742149364,3.5803554411464065,-0.0023957659217345,40.33487403294896,0.0006,3.585,3002.7820000000065,27
1,24,1.8233077742149364,2.992542272761777,-3.973508463225521,40.245548601496246,3.997,1.101,3012.7189999999973,27
1,24,1.8233077742149364,3.57551080801148,-0.0023923777426829,40.39746552050096,0.0006,3.579,3022.703999999998,27
1,24,1.8233077742149364,3.033245328726391,-3.9728918064672376,39.79655660650435,3.997,1.138,2872.922000000006,27
1,24,1.8233077742149364,3.603662323382818,-0.001058353194009,39.93904388610395,0.0006,3.608,2882.8439999999973,27
1,24,1.8233077742149364,3.028289021271165,-3.974234650360601,39.86493517495979,3.997,1.134,2892.828999999998,27
1,24,1.8233077742149364,3.6005420932892647,-0.0017383266441715,39.99258969095896,0.0006,3.605,2902.828999999998,27
1,24,1.8233077742149364,3.0232497802261875,-3.977153431415189,39.938176070194096,3.997,1.13,2912.828999999998,27
1,24,1.8233077742149364,3.5969199070174662,-0.0009050951679529,40.05772641785968,0.0008,3.601,2922.7820000000065,27
1,24,1.8233077742149364,3.017036103603898,-3.975023398721464,39.97333299239054,3.997,1.125,2932.828999999998,27
1,24,1.8233077742149364,3.592816730747708,-0.0012854428739778,40.12950694391012,0.0008,3.597,2942.75,27
1,24,1.8233077742149364,3.212297221442525,-0.0011271050950451,40.38517335782457,0.0002,0.001,3434.922000000006,27
1,24,1.8233077742149364,3.2223284480905097,0.0010824138528698,40.13019568499272,0.0002,0.0,3445.312999999994,27
1,24,1.8233077742149364,3.230594124052063,0.0002112738556791,39.904340978284026,0.0002,0.001,3455.7189999999973,27
1,24,1.8233077742149364,3.237943965427032,-0.0018648732026561,39.67306054269754,0.0002,0.0,3466.0939999999973,27
1,24,1.8233077742149364,3.243856548335568,-0.0016393387304812,39.45544778917999,0.0002,0.001,3476.5160000000037,27
1,24,1.8233077742149364,3.2495477757494102,-0.0006894249766865,39.27605658534088,0.0002,0.0,3486.922000000006,27
1,24,1.8233077742149364,3.254455426256948,-0.0041340730688563,39.07603257128063,0.0002,0.001,3497.312999999994,27
1,24,1.8233077742149364,3.258611500607385,-0.0020528718723025,38.89436883344317,0.0002,0.0,3507.797000000006,27
1,24,1.8233077742149364,2.537072046586676,-3.9725580946742896,41.774709649974426,3.997,0.67,3352.5320000000065,27
1,24,1.8233077742149364,3.178261622561839,-0.0005909355346585,41.98621441693326,0.0008,3.175,3362.672000000006,27
1,24,1.8233077742149364,2.4407952016086623,-3.970554186340957,41.92442318991122,3.997,0.586,3372.75,27
1,24,1.8233077742149364,3.106110710067393,-0.0020399887687012,42.07194057268294,0.0002,0.0,3383.062999999994,27
1,24,1.8233077742149364,3.142550371617097,-0.0015008175774091,41.7601825996648,0.0002,0.001,3393.328999999998,27
1,24,1.8233077742149364,3.1675171609352,-0.0013391054097816,41.347553236145856,0.0002,0.0,3403.7189999999973,27
1,24,1.8233077742149364,3.1858863893109177,-0.0017233100838117,40.97266993127393,0.0,0.001,3414.1570000000065,27
1,24,1.8233077742149364,3.200303414058336,-0.0015132345358273,40.64917740130902,0.0002,0.0,3424.5,27
1,24,1.8233077742149364,2.7566508755845787,-3.9738283796674447,41.32392621723838,3.997,0.879,3272.2660000000037,27
1,24,1.8233077742149364,3.379827514784865,-0.0037769631120154,41.5296267679708,0.0008,3.381,3282.25,27
1,24,1.8233077742149364,2.714507347426669,-3.974966442353179,41.429418287053046,3.997,0.835,3292.312999999994,27
1,24,1.8233077742149364,3.341954135090352,-0.0011973502167756,41.625857284002535,0.0008,3.343,3302.312999999994,27
1,24,1.8233077742149364,2.666172347840317,-3.974401841150956,41.54206577544572,3.997,0.792,3312.3439999999973,27
1,24,1.8233077742149364,3.2973730101777585,-0.0015357189904174,41.73578809051078,0.0008,3.297,3322.297000000006,27
1,24,1.8233077742149364,2.6091978396066287,-3.975777696354584,41.67846096796013,3.997,0.735,3332.2660000000037,27
1,24,1.8233077742149364,3.2429622494875567,-0.0005753450223187,41.87068421390945,0.0008,3.242,3342.437999999994,27
1,24,1.8233077742149364,2.876423599361372,-3.9734329768293706,40.91300716153917,3.997,0.991,3192.328999999998,27
1,24,1.8233077742149364,3.4836711016095294,-0.0018515522891661,41.088025575639705,0.0008,3.487,3202.312999999994,27
1,24,1.8233077742149364,2.852595661333744,-3.975309300301991,41.01243483891995,3.997,0.969,3212.2660000000037,27
1,24,1.8233077742149364,3.463500630403024,-0.0002574684195441,41.19233142748335,0.0008,3.466,3222.25,27
1,24,1.8233077742149364,2.8248699237972072,-3.9751589338354862,41.12310467832194,3.997,0.943,3232.25,27
1,24,1.8233077742149364,3.4396134030239094,-0.0001644090408602,41.31125313997856,0.0008,3.441,3242.2189999999973,27
1,24,1.8233077742149364,2.792704047606236,-3.97340806246508,41.22742892544999,3.997,0.912,3252.2189999999973,27
1,24,1.8233077742149364,3.412130352531564,-8.11443831622591e-05,41.39044732795004,0.0006,3.414,3262.2350000000006,27
1,24,1.8233077742149364,3.303149935244477,-0.0029492650941107,35.273746058764104,0.0002,0.001,3767.875,27
1,24,1.8233077742149364,3.3038956902256538,-0.0008241301153817,35.15995103342827,0.0002,0.0,3778.218999999997,27
1,24,1.8233077742149364,3.304621077493741,-0.0011536842767382,35.052338978695815,0.0,0.001,3788.657000000007,27
1,24,1.8233077742149364,3.305300086186067,-0.000459425453337,34.93532530096731,0.0002,0.0,3799.062999999994,27
1,24,1.8233077742149364,3.3061846585860883,-0.0008207489126129,34.81508818989449,0.0002,0.001,3809.453999999998,27
1,24,1.8233077742149364,3.3069868905751383,-0.0008793200091342,34.699897703948125,0.0002,0.0,3819.8910000000033,27
1,24,1.8233077742149364,3.3074837254748988,-0.0012282846233918,34.59525706460343,0.0002,0.001,3830.297000000006,27
1,24,1.8233077742149364,3.308461211210072,-0.0011313575054714,34.49554831397047,0.0002,0.0,3840.7350000000006,27
1,24,1.8233077742149364,3.295045862218324,-0.0010041729144548,36.26878797057472,0.0002,0.001,3684.547000000006,27
1,24,1.8233077742149364,3.2961123462131208,-0.001075060432097,36.14150182294159,0.0,0.0,3694.968999999997,27
1,24,1.8233077742149364,3.2972365568236333,-0.0009195682163618,35.998233268337,0.0002,0.001,3705.312999999994,27
1,24,1.8233077742149364,3.298494451590185,-0.0011932938686594,35.88331889112724,0.0002,0.0,3715.718999999997,27
1,24,1.8233077742149364,3.2994404508663115,-0.0001355740464418,35.751606310743,0.0002,0.001,3726.1410000000033,27
1,24,1.8233077742149364,3.3004489135367003,-0.0015920428176539,35.6510271100794,0.0002,0.0,3736.672000000006,27
1,24,1.8233077742149364,3.3012197329505764,-0.0004557712503067,35.53071736056887,0.0002,0.001,3747.032000000007,27
1,24,1.8233077742149364,3.3020071188455717,-0.0010744044367633,35.40604497370167,0.0002,0.0,3757.422000000006,27
1,24,1.8233077742149364,3.283465264556805,-0.0003263924153911,37.42060357089064,0.0002,0.001,3601.3439999999973,27
1,24,1.8233077742149364,3.285161006672091,-0.0011927701959584,37.27521163893751,0.0002,0.0,3611.703999999998,27
1,24,1.8233077742149364,3.2868427080028373,-0.0011754903643575,37.109705456411845,0.0002,0.001,3622.1100000000006,27
1,24,1.8233077742149364,3.2882747529585306,-0.0006348527425313,36.96053401540128,0.0,0.0,3632.5160000000033,27
1,24,1.8233077742149364,3.2898030181463858,-0.0028682523930881,36.83400348857872,0.0002,0.001,3642.8910000000033,27
1,24,1.8233077742149364,3.291421709477444,0.0008254246195027,36.68314294661728,0.0002,0.0,3653.312999999994,27
1,24,1.8233077742149364,3.2926245102394724,-0.0014006497487466,36.54226607918504,0.0002,0.001,3663.718999999997,27
1,24,1.8233077742149364,3.2938814183487004,-0.001347253569122,36.410863791117904,0.0002,0.0,3674.1100000000006,27
1,24,1.8233077742149364,3.2624071536021755,-0.0017483434185741,38.71423439280379,0.0002,0.001,3518.187999999994,27
1,24,1.8233077742149364,3.265909872363292,-0.0035924653973577,38.544321994994405,0.0002,0.0,3528.5939999999973,27
1,24,1.8233077742149364,3.269125652954997,-0.0008566043961923,38.36302639294851,0.0002,0.001,3538.9850000000006,27
1,24,1.8233077742149364,3.2719618903152043,-0.0023408117753527,38.19968310515234,0.0002,0.0,3549.3910000000037,27
1,24,1.8233077742149364,3.274707745705188,0.0011997456834257,38.03301934686537,0.0002,0.001,3559.7660000000037,27
1,24,1.8233077742149364,3.277256684358241,-0.0008256980377924,37.88158659617124,0.0002,0.0,3570.0939999999973,27
1,24,1.8233077742149364,3.2794337375073224,-0.0006457521559977,37.72013817425361,0.0002,0.001,3580.5320000000065,27
1,24,1.8233077742149364,3.281567195658216,-0.0015307848921516,37.566334295549225,0.0002,0.0,3590.922000000006,27
1,24,1.8233077742149364,3.3211293393786963,-0.0032989077190498,32.304024210751585,0.0002,0.001,4100.672000000006,27
1,24,1.8233077742149364,3.3215815511996367,-0.0011951812622255,32.23708911932342,0.0002,0.0,4111.047000000006,27
1,24,1.8233077742149364,3.3219302455796407,-0.0012020707058309,32.16809628663822,0.0002,0.001,4121.468999999997,27
1,24,1.8233077742149364,3.322300725126042,-0.0034486865823056,32.08254090963837,0.0002,0.0,4131.843999999997,27
1,24,1.8233077742149364,3.32244497473058,7.882429761517512e-05,32.03535627411588,0.0002,0.001,4142.266000000003,27
1,24,1.8233077742149364,3.322835901542053,-0.0012445245221021,31.95556515786341,0.0002,0.0,4152.766000000003,27
1,24,1.8233077742149364,3.32333477318577,-0.0041787896530454,31.894313311751212,0.0002,0.001,4163.218999999997,27
1,24,1.8233077742149364,3.3236586557158807,-0.0012972074401501,31.826012068575483,0.0002,0.0,4173.625,27
1,24,1.8233077742149364,3.317635366997677,-0.0021216972920774,32.92407197706113,0.0002,0.001,4017.3910000000033,27
1,24,1.8233077742149364,3.3180810078756577,-0.004190784448193,32.8388991312901,0.0002,0.0,4027.812999999994,27
1,24,1.8233077742149364,3.3186185843805114,5.284015324665261e-05,32.77043657144773,0.0002,0.001,4038.203999999998,27
1,24,1.8233077742149364,3.3189627308982,0.0005065878709207,32.68106079556006,0.0002,0.0,4048.6410000000033,27
1,24,1.8233077742149364,3.319466950623193,0.0003363692828715,32.60133594318396,0.0002,0.001,4059.078999999998,27
1,24,1.8233077742149364,3.319852344877476,-0.0022991884921973,32.51230629552054,0.0,0.0,4069.468999999997,27
1,24,1.8233077742149364,3.320096772404473,-0.0001471670227305,32.451897863451144,0.0002,0.001,4079.875,27
1,24,1.8233077742149364,3.320608347959638,0.0013264853026864,32.37677479760435,0.0002,0.0,4090.282000000007,27
1,24,1.8233077742149364,3.3137071257634343,-0.0036325806810002,33.627812040589376,0.0002,0.001,3934.25,27
1,24,1.8233077742149364,3.3141742866634254,-0.0005373967689997,33.53062749523164,0.0002,0.0,3944.6410000000033,27
1,24,1.8233077742149364,3.314560378653172,-0.0010624758648487,33.43614352965658,0.0002,0.001,3955.0,27
1,24,1.8233077742149364,3.315317724679651,-0.0018483068428271,33.351538689338646,0.0002,0.0,3965.375,27
1,24,1.8233077742149364,3.3156491652249,-0.0002060714012087,33.26162963426386,0.0002,0.001,3975.843999999997,27
1,24,1.8233077742149364,3.316115418416654,-0.0004510299828503,33.17091390477571,0.0002,0.0,3986.2350000000006,27
1,24,1.8233077742149364,3.316866919889451,0.0003207826385281,33.08918134087115,0.0002,0.001,3996.625,27
1,24,1.8233077742149364,3.3173372078282344,-0.0007808925917023,33.004008430516784,0.0002,0.0,4007.047000000006,27
1,24,1.8233077742149364,3.308927739614738,-0.0008503341713773,34.38112542883067,0.0002,0.001,3851.1100000000006,27
1,24,1.8233077742149364,3.3094731828121624,0.0022262307780484,34.303845930471255,0.0002,0.0,3861.468999999997,27
1,24,1.8233077742149364,3.3102211508583634,-0.0016848431592975,34.18049194999064,0.0002,0.001,3871.8910000000033,27
1,24,1.8233077742149364,3.311078483038483,1.677439895710729e-05,34.09392834677335,0.0002,0.0,3882.297000000006,27
1,24,1.8233077742149364,3.312111619190582,0.0010879572583088,33.99417889616404,0.0002,0.001,3892.672000000006,27
1,24,1.8233077742149364,3.3119545711863934,-0.0027621548831211,33.89683475762093,0.0002,0.0,3903.078999999998,27
1,24,1.8233077742149364,3.31254237065578,-0.0029097613052303,33.80843272908559,0.0002,0.001,3913.5,27
1,24,1.8233077742149364,3.31361143101291,0.0012991855782675,33.708680747748744,0.0002,0.0,3923.875,27
1,24,1.8233077742149364,3.331109501704072,-0.0018816511683824,30.43847652339256,0.0002,0.001,4433.797000000006,27
1,24,1.8233077742149364,3.331307498723467,-0.0009180385085187,30.401878598455426,0.0002,0.0,4444.203999999998,27
1,24,1.8233077742149364,3.331567504303592,-0.001518091045457,30.350515004655616,0.0002,0.001,4454.578999999998,27
1,24,1.8233077742149364,3.331807670587581,-0.0001596916172378,30.30985977892597,0.0002,0.0,4464.937999999995,27
1,24,1.8233077742149364,3.332159966235911,-0.0001238659895481,30.270408810202493,0.0002,0.001,4475.312999999995,27
1,24,1.8233077742149364,3.33230424298406,-0.0025164641582775,30.223722541611885,0.0002,0.0,4485.75,27
1,24,1.8233077742149364,3.3325003142829885,-0.0019832255816651,30.19535021448832,0.0002,0.001,4496.110000000001,27
1,24,1.8233077742149364,3.332750753128648,0.000931053427759,30.13069275387356,0.0002,0.0,4506.562999999995,27
1,24,1.8233077742149364,3.3290227207826004,0.0016091973602313,30.828935636488318,0.0002,0.001,4350.641000000003,27
1,24,1.8233077742149364,3.329172254393856,-8.526301572367971e-05,30.783378261327517,0.0002,0.0,4361.047000000006,27
1,24,1.8233077742149364,3.3295765398706965,-0.0008024563777904,30.73088317799225,0.0002,0.001,4371.407000000007,27
1,24,1.8233077742149364,3.3296995254102475,-0.0023948768804438,30.68483129348033,0.0002,0.0,4381.766000000003,27
1,24,1.8233077742149364,3.330008209499192,0.0020303152474114,30.644418203910803,0.0002,0.001,4392.218999999997,27
1,24,1.8233077742149364,3.3305675861420325,-0.0009733592708771,30.573816188241533,0.0002,0.0,4402.578999999998,27
1,24,1.8233077742149364,3.330499797502444,0.002011711930944,30.515852195247746,0.0002,0.001,4413.0,27
1,24,1.8233077742149364,3.3308476385772634,-0.0024208043677386,30.484437034759576,0.0002,0.0,4423.343999999997,27
1,24,1.8233077742149364,3.326631041945201,-0.0042409610308702,31.27275873032096,0.0002,0.001,4267.360000000001,27
1,24,1.8233077742149364,3.3269399169831813,0.0008025365630282,31.20918743872214,0.0002,0.0,4277.782000000007,27
1,24,1.8233077742149364,3.3276229479827677,0.0019480008143476,31.16817785646189,0.0002,0.001,4288.172000000006,27
1,24,1.8233077742149364,3.327452409253121,0.0015819081167896,31.08648451302673,0.0002,0.0,4298.562999999995,27
1,24,1.8233077742149364,3.3278927126791644,-0.0001720410319915,31.046972596106254,0.0002,0.001,4308.937999999995,27
1,24,1.8233077742149364,3.328173429215831,0.0004447661106243,30.9973145208478,0.0002,0.0,4319.312999999995,27
1,24,1.8233077742149364,3.328392956267172,0.0003480951168489,30.928610166583425,0.0002,0.001,4329.766000000003,27
1,24,1.8233077742149364,3.3290161307778834,-0.0002633601370717,30.879918148090898,0.0002,0.0,4340.172000000006,27
1,24,1.8233077742149364,3.323955868225121,-0.0018293742321617,31.755597899550505,0.0002,0.001,4184.0,27
1,24,1.8233077742149364,3.324458367680204,-0.0001827832560454,31.7034695911758,0.0002,0.0,4194.407000000007,27
1,24,1.8233077742149364,3.3247681943265395,-0.003110230754769,31.636402607434192,0.0002,0.001,4204.860000000001,27
1,24,1.8233077742149364,3.324887913583197,0.0033235094318512,31.571434469397968,0.0002,0.0,4215.328999999998,27
1,24,1.8233077742149364,3.325517138598008,-0.000362864913566,31.51360332944084,0.0002,0.001,4225.687999999995,27
1,24,1.8233077742149364,3.3256944079781947,0.0007621399580801,31.442417857813798,0.0002,0.0,4236.110000000001,27
1,24,1.8233077742149364,3.326074591630257,0.0023883953535959,31.385255811064408,0.0002,0.001,4246.485000000001,27
1,24,1.8233077742149364,3.326611790519479,-0.0002758810780288,31.312930582026933,0.0002,0.0,4256.937999999995,27
1,24,1.8233077742149364,3.337765713374528,-0.0052165736669495,29.249941501476243,0.0002,0.001,4766.985000000001,27
1,24,1.8233077742149364,3.33812628903789,0.0004138136189573,29.222202480938176,0.0002,0.0,4777.343999999997,27
1,24,1.8233077742149364,3.338181648724821,-0.0003698962595349,29.18126840790048,0.0002,0.001,4787.703999999998,27
1,24,1.8233077742149364,3.338586599672364,-0.0003938098987254,29.1624479258595,0.0002,0.0,4798.172000000006,27
1,24,1.8233077742149364,3.3385881599166285,0.0007870551378628,29.142687029281557,0.0002,0.001,4808.625,27
1,24,1.8233077742149364,3.338645912316929,0.0005119104988739,29.103342202929973,0.0002,0.0,4819.016000000003,27
1,24,1.8233077742149364,3.3389444801827945,-0.0031751253283438,29.071322484865945,0.0002,0.001,4829.422000000006,27
1,24,1.8233077742149364,3.339091127402121,-0.0008311919727813,29.033288759611317,0.0002,0.0,4839.782000000007,27
1,24,1.8233077742149364,3.336386130700664,-0.0014556977826967,29.522791468524414,0.0002,0.001,4683.407000000007,27
1,24,1.8233077742149364,3.336615510466148,-0.0023187925491159,29.487032042911476,0.0002,0.0,4693.875,27
1,24,1.8233077742149364,3.3368638669935278,-0.0011336788730259,29.444309065175144,0.0002,0.001,4704.25,27
1,24,1.8233077742149364,3.33696061571328,-0.0022276116447561,29.425839060214216,0.0002,0.0,4714.641000000003,27
1,24,1.8233077742149364,3.337147319070131,0.0007721609868697,29.3821854739332,0.0002,0.001,4725.110000000001,27
1,24,1.8233077742149364,3.337521788795093,-0.004971502092483,29.34886696120616,0.0002,0.0,4735.562999999995,27
1,24,1.8233077742149364,3.33746434874996,0.0005613379756016,29.3114004590443,0.0,0.001,4746.062999999995,27
1,24,1.8233077742149364,3.3377733105744234,-0.0045917272813758,29.283350632494468,0.0002,0.0,4756.516000000003,27
1,24,1.8233077742149364,3.3346117392332686,-0.0012683350069978,29.79723392343624,0.0002,0.001,4600.235000000001,27
1,24,1.8233077742149364,3.335074901795592,-0.0009971226066949,29.75083268500882,0.0002,0.0,4610.578999999998,27
1,24,1.8233077742149364,3.335049163216982,-0.0028563063389196,29.72480196950164,0.0002,0.001,4621.016000000003,27
1,24,1.8233077742149364,3.335484793366989,-0.0016002233994781,29.67861366576912,0.0002,0.0,4631.391000000003,27
1,24,1.8233077742149364,3.3355502546502587,0.0008517065973373,29.652536201926058,0.0002,0.001,4641.766000000003,27
1,24,1.8233077742149364,3.3359039118369966,-0.0016227934397119,29.621225445049085,0.0002,0.0,4652.187999999995,27
1,24,1.8233077742149364,3.3359555856464795,0.0007897864896405,29.574802578153385,0.0002,0.001,4662.593999999997,27
1,24,1.8233077742149364,3.336286369417813,0.002107585057606,29.55012804706373,0.0002,0.0,4672.937999999995,27
1,24,1.8233077742149364,3.3329892734984425,-0.0017404945101551,30.094119370654276,0.0,0.001,4516.968999999997,27
1,24,1.8233077742149364,3.333234506535669,-0.0024963453000018,30.05911644543381,0.0002,0.0,4527.343999999997,27
1,24,1.8233077742149364,3.3335220121186016,-0.0019356280583134,30.02897578477143,0.0002,0.001,4537.797000000006,27
1,24,1.8233077742149364,3.3334723597460303,-0.001306949669039,29.9841774040442,0.0002,0.0,4548.218999999997,27
1,24,1.8233077742149364,3.333752659840324,0.0019113734271298,29.94325042280183,0.0002,0.001,4558.625,27
1,24,1.8233077742149364,3.3340513638758136,0.0028122064614182,29.90942973113566,0.0002,0.0,4569.062999999995,27
1,24,1.8233077742149364,3.3343920958328983,-0.0013344786809694,29.87105872637979,0.0002,0.001,4579.422000000006,27
1,24,1.8233077742149364,3.334514503767097,-0.0003407152980462,29.835683862583764,0.0002,0.0,4589.812999999995,27
1,24,1.8233077742149364,3.342935188653417,0.0005629399206991,28.44488612497502,0.0002,0.001,5100.016000000003,27
1,24,1.8233077742149364,3.3432472976082037,-0.0004238382500183,28.43671893170213,0.0002,0.0,5110.407000000007,27
1,24,1.8233077742149364,3.3433832821633094,-0.0010876507047457,28.392082750690307,0.0002,0.001,5120.985000000001,27
1,24,1.8233077742149364,3.3433218622010337,-0.0015932968104552,28.380326480139505,0.0002,0.0,5131.375,27
1,24,1.8233077742149364,3.343622277916736,-0.0003723798363403,28.360598781697004,0.0002,0.001,5141.766000000003,27
1,24,1.8233077742149364,3.343662284980337,-0.0037615126560739,28.358635016095995,0.0002,0.0,5152.172000000006,27
1,24,1.8233077742149364,3.343724936268863,0.0010653627630494,28.31681334330571,0.0002,0.001,5162.578999999998,27
1,24,1.8233077742149364,3.3439252057591844,-0.0019085909341001,28.29728637568572,0.0002,0.0,5173.0,27
1,24,1.8233077742149364,3.3417781223586376,-0.0010626927293717,28.60414921914578,0.0002,0.001,5016.860000000001,27
1,24,1.8233077742149364,3.342046546321233,-0.001681203728766,28.584558356514584,0.0,0.0,5027.235000000001,27
1,24,1.8233077742149364,3.3420431526957395,-0.0020939529862068,28.567965026249126,0.0002,0.001,5037.641000000003,27
1,24,1.8233077742149364,3.3423470202482872,-0.0018438476574455,28.552046324188456,0.0002,0.0,5048.032000000007,27
1,24,1.8233077742149364,3.34250016204247,-0.0032228375415104,28.52086107635808,0.0002,0.001,5058.437999999995,27
1,24,1.8233077742149364,3.3426594938481875,-0.0019271011802924,28.50630270607057,0.0002,0.0,5068.812999999995,27
1,24,1.8233077742149364,3.3426650780534617,-0.0007608298923535,28.488064820658863,0.0,0.001,5079.203999999998,27
1,24,1.8233077742149364,3.3426839525312144,-0.0005365282216588,28.450515832729156,0.0002,0.0,5089.593999999997,27
1,24,1.8233077742149364,3.340611803345781,-0.0001994162555805,28.811897613608338,0.0002,0.001,4933.578999999998,27
1,24,1.8233077742149364,3.340754211239261,-0.0008171102474099,28.78762065295812,0.0002,0.0,4943.953999999998,27
1,24,1.8233077742149364,3.340990398961609,-0.0015967703022113,28.763305247480464,0.0002,0.001,4954.375,27
1,24,1.8233077742149364,3.341002782833568,-0.0017380261825684,28.733151507667472,0.0002,0.0,4964.843999999997,27
1,24,1.8233077742149364,3.3412530423872058,-0.0025259717115915,28.703231110700685,0.0002,0.001,4975.266000000003,27
1,24,1.8233077742149364,3.3413304026161867,-0.0017922399567394,28.666809438559348,0.0002,0.0,4985.672000000006,27
1,24,1.8233077742149364,3.341477515113429,-0.0016331057901067,28.655248141861563,0.0002,0.001,4996.047000000006,27
1,24,1.8233077742149364,3.341653171280585,-0.0004591736283078,28.62659950583433,0.0002,0.0,5006.485000000001,27
1,24,1.8233077742149364,3.339237685904999,-0.0013990886103149,29.028329641545888,0.0002,0.001,4850.203999999998,27
1,24,1.8233077742149364,3.3393816901421776,-0.0023421686600827,28.991760024208205,0.0002,0.0,4860.578999999998,27
1,24,1.8233077742149364,3.339610762143233,-0.0014006657126616,28.970995262500185,0.0002,0.001,4870.985000000001,27
1,24,1.8233077742149364,3.3397126599616365,2.5112220703430032e-05,28.944163425658928,0.0002,0.0,4881.422000000006,27
1,24,1.8233077742149364,3.3399970204185205,0.0009682702171826,28.911341749467184,0.0002,0.001,4891.812999999995,27
1,24,1.8233077742149364,3.3400696464861577,-0.0034149366133802,28.871092446611613,0.0002,0.0,4902.218999999997,27
1,24,1.8233077742149364,3.3404298161956603,-0.0014224020742485,28.846690034974724,0.0002,0.001,4912.703999999998,27
1,24,1.8233077742149364,3.340322028856655,-0.0011082116055905,28.820862457016133,0.0002,0.0,4923.157000000007,27
1,24,1.8233077742149364,3.3469055365507088,-0.0003051473574597,27.89917750441941,0.0002,0.001,5433.343999999997,27
1,24,1.8233077742149364,3.347119847689768,0.0016973899324937,27.88964802160677,0.0002,0.0,5443.687999999995,27
1,24,1.8233077742149364,3.34736745613402,0.0009837587016301,27.85740588222463,0.0002,0.001,5454.078999999998,27
1,24,1.8233077742149364,3.3472152524887764,0.0003033991508528,27.84935416985408,0.0002,0.0,5464.485000000001,27
1,24,1.8233077742149364,3.347482575870336,-0.0029520234054898,27.83853627832989,0.0002,0.001,5474.937999999995,27
1,24,1.8233077742149364,3.3474969721596954,-0.0005545243722544,27.817013413889548,0.0002,0.0,5485.312999999995,27
1,24,1.8233077742149364,3.3475190819544567,-0.0003053052000025,27.80673367567104,0.0002,0.001,5495.703999999998,27
1,24,1.8233077742149364,3.3477450354285607,0.000465572503092,27.79581074867519,0.0002,0.0,5506.141000000003,27
1,24,1.8233077742149364,3.3460641534775584,0.0001796616124606,28.012850627249552,0.0002,0.001,5349.891000000003,27
1,24,1.8233077742149364,3.3462678238853023,-0.0014200927586291,27.9962747979571,0.0002,0.0,5360.343999999997,27
1,24,1.8233077742149364,3.3461630573742407,0.000701099841804,27.98929538839848,0.0002,0.001,5370.766000000003,27
1,24,1.8233077742149364,3.3463142399381813,-0.0013548394799948,27.969442615934536,0.0002,0.0,5381.187999999995,27
1,24,1.8233077742149364,3.346514507394896,0.0001971567502015,27.958815333463765,0.0002,0.001,5391.593999999997,27
1,24,1.8233077742149364,3.346654649777873,7.802711358834725e-05,27.94385352927608,0.0002,0.0,5402.047000000006,27
1,24,1.8233077742149364,3.3467069085159618,-0.0023115270104178,27.93132779308123,0.0002,0.001,5412.516000000003,27
1,24,1.8233077742149364,3.3468479181467785,-0.000150900014429,27.91619914976557,0.0002,0.0,5422.953999999998,27
1,24,1.8233077742149364,3.3449716973020327,-0.0022833266012836,28.142090792633876,0.0002,0.001,5266.593999999997,27
1,24,1.8233077742149364,3.345142132736879,-0.0023842848080721,28.130623452101467,0.0002,0.0,5276.968999999997,27
1,24,1.8233077742149364,3.3453047491781054,-0.0010131314755717,28.110790093493044,0.0002,0.001,5287.391000000003,27
1,24,1.8233077742149364,3.345506831563425,-0.0001429432661219,28.10718996082651,0.0002,0.0,5297.812999999995,27
1,24,1.8233077742149364,3.3456877167614034,-0.0005474687367831,28.084387647871456,0.0002,0.001,5308.203999999998,27
1,24,1.8233077742149364,3.3456753464353683,0.0028836222416711,28.076232573160425,0.0002,0.0,5318.687999999995,27
1,24,1.8233077742149364,3.345753216956868,-0.0006297110198012,28.051210032059902,0.0002,0.001,5329.062999999995,27
1,24,1.8233077742149364,3.3459394992957456,-0.0027373639517602,28.0289037588856,0.0002,0.0,5339.485000000001,27
1,24,1.8233077742149364,3.343923668755587,-0.0014875759735429,28.28841678058289,0.0002,0.001,5183.422000000006,27
1,24,1.8233077742149364,3.3441308898377398,-0.0001695921025334,28.27433596055514,0.0002,0.0,5193.860000000001,27
1,24,1.8233077742149364,3.344262827531236,0.0021772495920059,28.260362178697143,0.0002,0.001,5204.282000000007,27
1,24,1.8233077742149364,3.3445233960087872,-0.0028781957195698,28.235707880194884,0.0002,0.0,5214.593999999997,27
1,24,1.8233077742149364,3.344715175900977,0.0013043677758562,28.217105689165173,0.0002,0.001,5225.032000000007,27
1,24,1.8233077742149364,3.3446811801987306,0.0013616448209392,28.201570950695025,0.0002,0.0,5235.391000000003,27
1,24,1.8233077742149364,3.344945141899692,0.0009605847175333,28.183994309832343,0.0002,0.001,5245.797000000006,27
1,24,1.8233077742149364,3.3450192660333187,-0.0034876135411099,28.17116115044509,0.0002,0.0,5256.203999999998,27
1,24,1.8233077742149364,3.3502163154026525,0.0002560075278739,27.502185970423614,0.0002,0.001,5766.047000000006,27
1,24,1.8233077742149364,3.3503579268379458,0.0005421847864488,27.48912261551279,0.0,0.0,5776.422000000006,27
1,24,1.8233077742149364,3.3503766586047283,-0.0031579705862217,27.48730008259714,0.0002,0.001,5786.766000000003,27
1,24,1.8233077742149364,3.350377139387553,0.0021045315052529,27.49327710587816,0.0002,0.0,5797.125,27
1,24,1.8233077742149364,3.350808702435914,-0.0033223733992248,27.47451241413312,0.0002,0.001,5807.562999999995,27
1,24,1.8233077742149364,3.350604082769141,-0.0029692904824236,27.456966693183084,0.0002,0.0,5817.922000000006,27
1,24,1.8233077742149364,3.3509257381589515,-0.0033596016505552,27.456281772061597,0.0002,0.001,5828.437999999995,27
1,24,1.8233077742149364,3.3507167735283327,-0.0024658657906416,27.4435758581427,0.0002,0.0,5838.828999999998,27
1,24,1.8233077742149364,3.34925212487095,-0.0006076204262982,27.583396271093356,0.0002,0.001,5682.875,27
1,24,1.8233077742149364,3.349533589422077,-0.0022744475862411,27.58297168751732,0.0002,0.0,5693.235000000001,27
1,24,1.8233077742149364,3.349566184056393,-0.0021266427950761,27.57641193287592,0.0002,0.001,5703.625,27
1,24,1.8233077742149364,3.3496279295900653,0.0028089885334496,27.55280805006138,0.0002,0.0,5714.016000000003,27
1,24,1.8233077742149364,3.349856396679456,-0.0013091837328479,27.548361658234608,0.0002,0.001,5724.437999999995,27
1,24,1.8233077742149364,3.3499191861087043,-0.0032366014720276,27.53621470463259,0.0002,0.0,5734.907000000007,27
1,24,1.8233077742149364,3.350086084930481,-0.0023562839751196,27.521588188946588,0.0002,0.001,5745.297000000006,27
1,24,1.8233077742149364,3.350241171835038,-0.001270081079572,27.512583031487885,0.0002,0.0,5755.687999999995,27
1,24,1.8233077742149364,3.348744877188562,-0.0024643460010612,27.68040696102849,0.0002,0.001,5599.672000000006,27
1,24,1.8233077742149364,3.3488064481772803,-0.0014594216704623,27.66847395069548,0.0002,0.0,5610.062999999995,27
1,24,1.8233077742149364,3.348881645799499,0.000557983311498,27.666333972403542,0.0002,0.001,5620.547000000006,27
1,24,1.8233077742149364,3.3489361518462184,-0.0004629425058835,27.653471907031975,0.0002,0.0,5630.953999999998,27
1,24,1.8233077742149364,3.3492915691325376,-0.0019391847344149,27.631631902552805,0.0,0.001,5641.360000000001,27
1,24,1.8233077742149364,3.349137383971459,-0.0004318147806728,27.61652528801739,0.0002,0.0,5651.75,27
1,24,1.8233077742149364,3.3492540601854546,0.0003949620747488,27.60250831813278,0.0,0.001,5662.125,27
1,24,1.8233077742149364,3.349366390949135,-0.0001036666995406,27.595046825111123,0.0002,0.0,5672.532000000007,27
1,24,1.8233077742149364,3.3479243323570094,-0.0019739625485391,27.779689316268225,0.0002,0.001,5516.516000000003,27
1,24,1.8233077742149364,3.347978582181538,-0.0015206217624598,27.76108093782557,0.0,0.0,5526.891000000003,27
1,24,1.8233077742149364,3.3480348585873867,-0.0018623925712739,27.74923665058141,0.0002,0.001,5537.266000000003,27
1,24,1.8233077742149364,3.3480627098585973,0.001595580468749,27.733544458113155,0.0002,0.0,5547.687999999995,27
1,24,1.8233077742149364,3.348231994859564,0.0001785966787226,27.717776268951773,0.0002,0.001,5558.078999999998,27
1,24,1.8233077742149364,3.3483638854697477,0.0001822802142874,27.710096768615458,0.0002,0.0,5568.468999999997,27
1,24,1.8233077742149364,3.3483868527492544,0.0011068265102708,27.704167340081344,0.0002,0.001,5578.828999999998,27
1,24,1.8233077742149364,3.348535082646012,-0.0006978525853332,27.70303967661614,0.0002,0.0,5589.218999999997,27
1,24,1.8233077742149364,3.353000258852094,-0.0004341053839286,27.23338103257741,0.0002,0.001,6099.203999999998,27
1,24,1.8233077742149364,3.353057875805685,-0.0018326430807018,27.229059880643707,0.0002,0.0,6109.562999999995,27
1,24,1.8233077742149364,3.3533387131042054,-0.0020609199186112,27.22904691846605,0.0002,0.001,6119.985000000001,27
1,24,1.8233077742149364,3.3532098556202263,-0.0004120229340791,27.221418680462342,0.0002,0.0,6130.360000000001,27
1,24,1.8233077742149364,3.3533296727636004,-0.0043151537547579,27.2131685720801,0.0002,0.001,6140.735000000001,27
1,24,1.8233077742149364,3.3533561722099168,-0.0010430542340721,27.204648187899817,0.0002,0.0,6151.125,27
1,24,1.8233077742149364,3.353370315520749,-0.0019913237105142,27.201171112412432,0.0002,0.001,6161.5,27
1,24,1.8233077742149364,3.353508737198969,0.0015060376654199,27.204117179570822,0.0002,0.0,6171.907000000007,27
1,24,1.8233077742149364,3.352470704677669,-0.0004933876050626,27.31315630434186,0.0002,0.001,6016.0,27
1,24,1.8233077742149364,3.352333066101508,-0.0019414598280363,27.3120365172081,0.0002,0.0,6026.468999999997,27
1,24,1.8233077742149364,3.352502466524861,7.822714271406693e-05,27.2927576991786,0.0002,0.001,6036.875,27
1,24,1.8233077742149364,3.3526235900516705,-0.0007873465420847,27.281162384220156,0.0002,0.0,6047.25,27
1,24,1.8233077742149364,3.352506979768757,0.0007794943370064,27.26785081422199,0.0002,0.001,6057.625,27
1,24,1.8233077742149364,3.352513850012052,0.0010574375681409,27.27047861333569,0.0002,0.0,6068.016000000003,27
1,24,1.8233077742149364,3.352823113752869,-0.0017367227986688,27.263717151929168,0.0002,0.001,6078.375,27
1,24,1.8233077742149364,3.3528989450362383,0.0003223014246831,27.26179373978794,0.0002,0.0,6088.828999999998,27
1,24,1.8233077742149364,3.351565485001528,0.0009314182839455,27.350224765435797,0.0002,0.001,5932.703999999998,27
1,24,1.8233077742149364,3.3517487572062645,-0.0021877941501003,27.34885189005133,0.0002,0.0,5943.078999999998,27
1,24,1.8233077742149364,3.3517190501232275,-0.0011853585607435,27.34893005642877,0.0002,0.001,5953.468999999997,27
1,24,1.8233077742149364,3.3516483918502225,-0.0009247863334576,27.33909647534939,0.0002,0.0,5963.860000000001,27
1,24,1.8233077742149364,3.351757820246021,0.00306432880613,27.33086792295579,0.0002,0.001,5974.266000000003,27
1,24,1.8233077742149364,3.352112686496513,-0.0024763165762972,27.323670110001505,0.0002,0.0,5984.672000000006,27
1,24,1.8233077742149364,3.352209683338934,-0.001900208594837,27.3243357990141,0.0002,0.001,5995.187999999995,27
1,24,1.8233077742149364,3.3522514534346155,0.001412438559747,27.308720539588435,0.0002,0.0,6005.641000000003,27
1,24,1.8233077742149364,3.350930618430334,0.0011915881451904,27.44822111906357,0.0002,0.001,5849.25,27
1,24,1.8233077742149364,3.35100968806682,-0.0016449568444295,27.42672765972077,0.0002,0.0,5859.657000000007,27
1,24,1.8233077742149364,3.351312313414155,-0.0031642983591469,27.406749113152244,0.0002,0.001,5870.078999999998,27
1,24,1.8233077742149364,3.351169586021497,0.0007162534085082,27.40906341066907,0.0,0.0,5880.547000000006,27
1,24,1.8233077742149364,3.3511402973449465,-0.0024046994184851,27.39883387104859,0.0002,0.001,5891.032000000007,27
1,24,1.8233077742149364,3.351492623526961,-0.0012504337364955,27.393656246198024,0.0002,0.0,5901.485000000001,27
1,24,1.8233077742149364,3.351497473596947,-1.7929480843321527e-05,27.37428526269515,0.0002,0.001,5911.843999999997,27
1,24,1.8233077742149364,3.351562301635099,-0.0010336773234981,27.36067216543993,0.0002,0.0,5922.266000000003,27
1,24,1.8233077742149364,3.355561948349752,-0.0025432344097331,27.05802759614744,0.0,0.001,6432.187999999995,27
1,24,1.8233077742149364,3.3554863122318728,0.0001483165547094,27.060677180863557,0.0002,0.0,6442.578999999998,27
1,24,1.8233077742149364,3.3555242087247734,-0.003210769831517,27.045356203600814,0.0002,0.001,6452.968999999997,27
1,24,1.8233077742149364,3.355562511242273,-0.0010003793892668,27.04330954521716,0.0002,0.0,6463.437999999995,27
1,24,1.8233077742149364,3.355718273446928,0.0004733671491161,27.03855086495119,0.0002,0.001,6473.843999999997,27
1,24,1.8233077742149364,3.355735371079119,-0.0021356157972941,27.029291398134788,0.0002,0.0,6484.235000000001,27
1,24,1.8233077742149364,3.3558689789959044,-0.0002532300575965,27.027750576783223,0.0002,0.001,6494.593999999997,27
1,24,1.8233077742149364,3.355862049753369,0.0024048120704528,27.01508810563121,0.0002,0.0,6504.968999999997,27
1,24,1.8233077742149364,3.3547018188208417,-0.0012360834231443,27.102481299516555,0.0002,0.001,6348.843999999997,27
1,24,1.8233077742149364,3.35489201512789,0.0003297688822644,27.10231659892935,0.0002,0.0,6359.266000000003,27
1,24,1.8233077742149364,3.354766695019492,-0.0003393184496122,27.09002093433453,0.0002,0.001,6369.703999999998,27
1,24,1.8233077742149364,3.3549737051191517,-0.0025168635567808,27.0840981681242,0.0002,0.0,6380.141000000003,27
1,24,1.8233077742149364,3.355162107782661,-0.0017908869285325,27.07564661566946,0.0002,0.001,6390.5,27
1,24,1.8233077742149364,3.3553445863689624,-0.0018217902476438,27.071143505837615,0.0,0.0,6400.968999999997,27
1,24,1.8233077742149364,3.3551252289650564,-0.001419358222406,27.06590158251824,0.0,0.001,6411.360000000001,27
1,24,1.8233077742149364,3.355328376426891,0.0003970208185636,27.073452106827094,0.0002,0.0,6421.75,27
1,24,1.8233077742149364,3.354197435562904,0.0016878466692458,27.140298317151448,0.0002,0.001,6265.75,27
1,24,1.8233077742149364,3.3543928001883985,-0.0031030537677005,27.12306504694737,0.0002,0.0,6276.125,27
1,24,1.8233077742149364,3.3543561811826184,-0.0019220605604908,27.119514858072,0.0002,0.001,6286.516000000003,27
1,24,1.8233077742149364,3.3543190338679403,0.0009388571441058,27.1228119080476,0.0002,0.0,6296.891000000003,27
1,24,1.8233077742149364,3.354518727956468,-4.413559708171185e-05,27.11365430024465,0.0002,0.001,6307.282000000007,27
1,24,1.8233077742149364,3.354648149598539,0.0005120954584277,27.1113645359747,0.0002,0.0,6317.703999999998,27
1,24,1.8233077742149364,3.354593955915148,0.0004064213473338,27.100738661315415,0.0002,0.001,6328.093999999997,27
1,24,1.8233077742149364,3.354693145283214,-0.0030697701097809,27.10984483871847,0.0002,0.0,6338.485000000001,27
1,24,1.8233077742149364,3.3533645463425628,-0.0009995423360902,27.198739645388763,0.0002,0.001,6182.360000000001,27
1,24,1.8233077742149364,3.353705065604747,-0.0003616361131351,27.19429931396772,0.0002,0.0,6192.797000000006,27
1,24,1.8233077742149364,3.353826571790893,-0.0035432035662715,27.18258204614137,0.0002,0.001,6203.218999999997,27
1,24,1.8233077742149364,3.353802815109655,-0.0001495679551226,27.165131434667305,0.0002,0.0,6213.610000000001,27
1,24,1.8233077742149364,3.354006126137533,0.0002387774637006,27.15997048152108,0.0002,0.001,6224.078999999998,27
1,24,1.8233077742149364,3.3539784392956378,-0.0006200280791233,27.156699920523344,0.0002,0.0,6234.532000000007,27
1,24,1.8233077742149364,3.354076141641168,-0.0019979261321041,27.150669213132804,0.0002,0.001,6244.922000000006,27
1,24,1.8233077742149364,3.3542377868521123,0.0026017571379128,27.15457964159837,0.0002,0.0,6255.312999999995,27
1,24,1.8233077742149364,3.310909454937005,-3.971898927769921,35.52546529375835,3.997,1.411,1136.61,27
1,24,1.8233077742149364,3.838526533280965,-0.0001407835399048,35.64392863166823,0.0006,3.846,1146.594,27
1,24,1.8233077742149364,3.3071408836763645,-3.972878560377,35.595200819706164,3.997,1.408,1156.547,27
1,24,1.8233077742149364,3.8345571874914377,-0.0003007867734678,35.69451925904055,0.0008,3.842,1166.516,27
1,24,1.8233077742149364,3.3027584350645185,-3.971325897105943,35.644829799666645,3.997,1.403,1176.594,27
1,24,1.8233077742149364,3.8304395469749495,-0.0029104412652246,35.76101900502207,0.0006,3.837,1186.516,27
1,24,1.8233077742149364,3.298566117562861,-3.971966532621303,35.71833038613898,3.997,1.399,1196.532,27
1,24,1.8233077742149364,3.826460358814592,0.001682300526454,35.84316219339234,0.0006,3.834,1206.485,27
1,24,1.8233077742149364,3.327929507225411,-3.972435540540794,35.2539614184714,3.997,1.427,1056.766,27
1,24,1.8233077742149364,3.85489637911952,-0.0025070591913776,35.36848119709771,0.0008,3.862,1066.735,27
1,24,1.8233077742149364,3.323729614694721,-3.973488027438013,35.33191549491784,3.997,1.425,1076.719,27
1,24,1.8233077742149364,3.850732756768776,-9.3514328965315e-05,35.441939501681496,0.0006,3.858,1086.657,27
1,24,1.8233077742149364,3.319070783511974,-3.972665787532244,35.40487737027744,3.997,1.419,1096.75,27
1,24,1.8233077742149364,3.846495877122935,6.8405021803048e-05,35.5064401097964,0.0006,3.854,1106.704,27
1,24,1.8233077742149364,3.315179569390764,-3.9724439756188072,35.455953868580345,3.997,1.415,1116.688,27
1,24,1.8233077742149364,3.8424245613816654,-0.0023775068557299,35.56540924810084,0.0008,3.85,1126.641,27
1,24,1.8233077742149364,3.3442920036606645,-3.971206716632963,35.02300959520792,3.997,1.444,976.954,27
1,24,1.8233077742149364,3.871545096962966,-2.811358656820227e-05,35.14015109397082,0.0008,3.878,986.954,27
1,24,1.8233077742149364,3.3399363467262924,-3.972143545083668,35.054178174824884,3.997,1.441,997.016,27
1,24,1.8233077742149364,3.867122988945532,-0.0012672653059856,35.166315339408754,0.0006,3.874,1006.969,27
1,24,1.8233077742149364,3.335905122407256,-3.971571591782271,35.13580322122952,3.997,1.435,1016.938,27
1,24,1.8233077742149364,3.8629469456082273,-0.0021354041528234,35.245974781134,0.0006,3.87,1026.86,27
1,24,1.8233077742149364,3.331820469612526,-3.972571752243342,35.19468745218517,3.997,1.432,1036.86,27
1,24,1.8233077742149364,3.858991623547391,-6.594772638793607e-06,35.29761728129036,0.0008,3.866,1046.829,27
1,24,1.8233077742149364,3.355875057976668,-0.0008340509287187,27.018470428896585,0.0002,0.001,6515.422000000006,27
1,24,1.8233077742149364,3.888647067271842,-0.0004649685339198,34.90847434807299,0.0008,3.896,907.313,27
1,24,1.8233077742149364,3.3572807115067334,-3.97162743984376,34.814570561204626,3.997,1.458,917.235,27
1,24,1.8233077742149364,3.8841931773850416,-0.0013901511928201,34.959048929565654,0.0008,3.891,927.172,27
1,24,1.8233077742149364,3.3530670595979104,-3.971985130253857,34.89254201453806,3.997,1.453,937.125,27
1,24,1.8233077742149364,3.87998746901944,-0.000211599430323,34.99710956584916,0.0006,3.887,947.063,27
1,24,1.8233077742149364,3.348757278567273,-3.970713932793216,34.93564030183325,3.997,1.449,957.0,27
1,24,1.8233077742149364,3.875745086459719,-0.000134839027516,35.06432703530629,0.0008,3.883,966.954,27
1,24,1.8233077742149364,3.9432874298019662,-0.0017625985732439,33.95982797839796,0.0006,3.95,668.016,27
1,24,1.8233077742149364,3.407629058951336,-3.9711342800594034,33.93670378235809,3.997,1.508,677.985,27
1,24,1.8233077742149364,3.938549906895239,-0.0004829581913538,34.078446852111085,0.0008,3.945,687.969,27
1,24,1.8233077742149364,3.4035570821001326,-3.97212930107236,34.05666157119017,3.997,1.503,697.922,27
1,24,1.8233077742149364,3.933641574620106,-0.0015506715879959,34.17979799636589,0.0008,3.94,707.86,27
1,24,1.8233077742149364,3.3995487263055546,-3.972941214456697,34.14531485276966,3.997,1.499,717.797,27
1,24,1.8233077742149364,3.9291379324526976,-0.0016057973720392,34.27164968008711,0.0006,3.936,727.75,27
1,24,1.8233077742149364,3.395312181114749,-3.972801188927821,34.199525132339275,3.997,1.495,737.719,27
1,24,1.8233077742149364,3.963184521252839,-0.0009891519403395,33.459579485415595,0.0008,3.97,588.266,27
1,24,1.8233077742149364,3.423967354344124,-3.972795900472213,33.4955848415107,3.997,1.523,598.266,27
1,24,1.8233077742149364,3.958317512749421,-0.0015235725108682,33.61787651253544,0.0008,3.964,608.313,27
1,24,1.8233077742149364,3.4201833163975794,-3.971926525727061,33.60410607787966,3.997,1.52,618.266,27
1,24,1.8233077742149364,3.953152563201941,-0.0002207504124099,33.752260666241895,0.0008,3.96,628.219,27
1,24,1.8233077742149364,3.416091122433472,-3.9739694730239385,33.697778337450714,3.997,1.516,638.219,27
1,24,1.8233077742149364,3.9482575104109223,-0.002314931177519,33.834263808263294,0.0008,3.955,648.141,27
1,24,1.8233077742149364,3.411861642918085,-3.972841001944316,33.81964413771944,3.997,1.512,658.079,27
1,24,1.8233077742149364,3.984067295873988,-0.0011365821788008,32.95378126795161,0.0006,3.99,508.422,27
1,24,1.8233077742149364,3.4401538706876726,-3.9728453162614543,32.93921115262896,3.997,1.539,518.485,27
1,24,1.8233077742149364,3.978558111154598,-0.0004982872418698,33.05819139359159,0.0006,3.984,528.422,27
1,24,1.8233077742149364,3.435900855833073,-3.9721011941109374,33.0716353629666,3.997,1.535,538.485,27
1,24,1.8233077742149364,3.973312637177783,-0.0011599217332183,33.20149107060859,0.0006,3.98,548.485,27
1,24,1.8233077742149364,3.4325477541217877,-3.972772606644887,33.2289813594332,3.997,1.533,558.485,27
1,24,1.8233077742149364,3.968324466013951,-0.0011855663537911,33.34986853006625,0.0006,3.975,568.422,27
1,24,1.8233077742149364,3.4283869227956005,-3.9714753569096457,33.34169841629239,3.997,1.529,578.36,27
1,24,1.8233077742149364,3.2948919004966277,-3.97077048393466,35.77317050230309,3.997,1.395,1216.438,27
1,24,1.8233077742149364,3.5394516649052816,-3.972751797850147,28.682965155966357,3.997,1.631,119.407,27
1,24,1.8233077742149364,4.104485192354092,-0.002097426298888,28.91963843626544,0.0008,4.111,129.438,27
1,24,1.8233077742149364,3.530791096200851,-3.972408732674972,28.96123746283339,3.997,1.625,139.391,27
1,24,1.8233077742149364,4.095865322609966,-0.0014707683179845,29.19760003582934,0.0008,4.103,149.407,27
1,24,1.8233077742149364,3.5231599140768184,-3.971740651217327,29.24019731272843,3.997,1.619,159.36,27
1,24,1.8233077742149364,4.08773289536638,-0.0007619064613184,29.457526582460613,0.0008,4.095,169.36,27
1,24,1.8233077742149364,3.444898631182175,-3.971802303143033,32.7502508864031,3.997,1.544,498.485,27
1,24,1.8233077742149364,3.260768137527008,-3.973276919396204,36.3267295296776,3.997,1.361,1396.047,27
1,24,1.8233077742149364,3.7891756559333913,-0.0015277489933693,36.43855814673405,0.0008,3.796,1405.985,27
1,24,1.8233077742149364,3.257059583212243,-3.972004986688129,36.38270664620801,3.997,1.358,1415.938,27
1,24,1.8233077742149364,3.78559269980633,0.0001303276896207,36.497473841734006,0.0008,3.793,1425.86,27
1,24,1.8233077742149364,3.253210695271574,-3.972235308424305,36.42780954375152,3.997,1.355,1435.86,27
1,24,1.8233077742149364,3.78185117939996,-0.0003024078982167,36.56036000300424,0.0008,3.789,1445.797,27
1,24,1.8233077742149364,3.249572080344823,-3.97320729484757,36.498434500387376,3.997,1.35,1455.797,27
1,24,1.8233077742149364,3.778466904590786,0.0004224175145696,36.62128349657023,0.0008,3.785,1465.797,27
1,24,1.8233077742149364,3.275910668761912,-3.973414449852416,36.08330599694308,3.997,1.377,1316.329,27
1,24,1.8233077742149364,3.8039475740534,-0.0018859752280937,36.2070650112067,0.0008,3.811,1326.266,27
1,24,1.8233077742149364,3.271972943900217,-3.974011631811503,36.15269020091098,3.997,1.373,1336.266,27
1,24,1.8233077742149364,3.80009469863121,-0.0005235831411052,36.26379509227775,0.0008,3.807,1346.235,27
1,24,1.8233077742149364,3.268150031290028,-3.974342431692809,36.20132959581622,3.997,1.367,1356.204,27
1,24,1.8233077742149364,3.796478795968094,3.8244253068667166e-05,36.31795159304158,0.0008,3.803,1366.188,27
1,24,1.8233077742149364,3.2646283179965945,-3.973169388358596,36.276339049746326,3.997,1.365,1376.11,27
1,24,1.8233077742149364,3.793023963677393,3.283728010958413e-06,36.39106859084458,0.0008,3.8,1386.079,27
1,24,1.8233077742149364,3.291006074629629,-3.972738009943144,35.856069590746586,3.997,1.392,1236.36,27
1,24,1.8233077742149364,3.819066607566838,-0.0009360488974011,35.96259921356375,0.0008,3.826,1246.375,27
1,24,1.8233077742149364,3.2871544185386345,-3.973511779106986,35.91307736639543,3.997,1.387,1256.391,27
1,24,1.8233077742149364,3.8152336814801,-0.0016028139698138,36.004279347527664,0.0008,3.823,1266.391,27
1,24,1.8233077742149364,3.2835008478216,-3.9727234536262417,35.954036600855495,3.997,1.384,1276.344,27
1,24,1.8233077742149364,3.811416390251893,-0.0003127009661761,36.07832418050421,0.0008,3.818,1286.329,27
1,24,1.8233077742149364,3.279433381279405,-3.97330087752031,36.02972499400948,3.997,1.379,1296.297,27
1,24,1.8233077742149364,3.807796881905614,-0.0053421424767221,36.142563466309866,0.0008,3.815,1306.375,27
1,24,1.8233077742149364,3.924450636110042,-0.0009754623610313,34.36299973162137,0.0008,3.932,747.719,27
1,24,1.8233077742149364,3.901858597775216,0.00036094100643,34.683862912699844,0.0008,3.909,847.36,27
1,24,1.8233077742149364,3.369611493256773,-3.97157666985406,34.64460831480686,3.997,1.47,857.375,27
1,24,1.8233077742149364,3.897461647929862,0.0008330826840541,34.77239909181396,0.0006,3.904,867.36,27
1,24,1.8233077742149364,3.365588393625936,-3.9713071840084777,34.710612216236086,3.997,1.465,877.329,27
1,24,1.8233077742149364,3.89271168336172,-0.002358265383058,34.83117038537377,0.0008,3.899,887.36,27
1,24,1.8233077742149364,3.3612618373779606,-3.972554950295213,34.77564451730244,3.997,1.461,897.297,27
1,24,1.8233077742149364,3.822770772849616,-0.0013413598474919,35.895321224288544,0.0008,3.83,1226.391,27
1,24,1.8233077742149364,3.185009955844221,-3.9749510904089154,37.38148202461461,3.997,1.286,1835.375,27
1,24,1.8233077742149364,3.718482053733438,-0.0005079867136102,37.50066254592401,0.0006,3.726,1845.391,27
1,24,1.8233077742149364,3.1821848591967536,-3.974458239876327,37.43003933991736,3.997,1.284,1855.313,27
1,24,1.8233077742149364,3.7161549237391647,0.0015194343910315,37.53761305312882,0.0008,3.723,1865.36,27
1,24,1.8233077742149364,3.17904055735347,-3.973580926603937,37.460082051363095,3.997,1.28,1875.313,27
1,24,1.8233077742149364,3.71326637198014,-0.0017330749893325,37.57391407942195,0.0008,3.72,1885.313,27
1,24,1.8233077742149364,3.176117804212496,-3.973780749815968,37.499801685469926,3.997,1.278,1895.266,27
1,24,1.8233077742149364,3.7105319257229374,-0.0016170920549281,37.62384661984653,0.0008,3.718,1905.235,27
1,24,1.8233077742149364,3.197261657229374,-3.973088980732561,37.21695376480812,3.997,1.298,1755.532,27
1,24,1.8233077742149364,3.729836918009714,-0.0017954165493689,37.32745674939806,0.0008,3.736,1765.469,27
1,24,1.8233077742149364,3.1938146620152312,-3.97361475763472,37.24996073165981,3.997,1.295,1775.485,27
1,24,1.8233077742149364,3.726826652331515,-0.0024633256623596,37.364763337981536,0.0008,3.733,1785.422,27
1,24,1.8233077742149364,3.190803440055701,-3.9747665440012,37.30027308366741,3.997,1.292,1795.36,27
1,24,1.8233077742149364,3.724262306187548,-0.0006879683305808,37.40210861267535,0.0008,3.731,1805.391,27
1,24,1.8233077742149364,3.1876893972558884,-3.975374172444581,37.34778794148766,3.997,1.29,1815.375,27
1,24,1.8233077742149364,3.7215276844610616,0.0006284010501954,37.46022919283637,0.0008,3.728,1825.438,27
1,24,1.8233077742149364,3.211122321432558,-3.971930508283059,37.0252601762736,3.997,1.312,1675.594,27
1,24,1.8233077742149364,3.7420277075545263,-0.0012879035865238,37.13350186001951,0.0008,3.75,1685.547,27
1,24,1.8233077742149364,3.2074891605531595,-3.972929299948055,37.084143018288565,3.997,1.308,1695.579,27
1,24,1.8233077742149364,3.7388834918771137,-0.0011383623755984,37.19561974017535,0.0008,3.746,1705.532,27
1,24,1.8233077742149364,3.203786877318864,-3.975348781119195,37.11512398801694,3.997,1.305,1715.516,27
1,24,1.8233077742149364,3.735703580466838,0.0017367640664354,37.23756602510367,0.0006,3.742,1725.454,27
1,24,1.8233077742149364,3.2002032696031493,-3.975387210044585,37.17979877335753,3.997,1.301,1735.5,27
1,24,1.8233077742149364,3.7327652924578567,-0.0007943274087646,37.27684653130617,0.0008,3.74,1745.516,27
1,24,1.8233077742149364,3.224464228723632,-3.9734755184479815,36.85644357179898,3.997,1.325,1595.657,27
1,24,1.8233077742149364,3.7545668053165815,-0.000725991222466,36.98246884534699,0.0006,3.762,1605.641,27
1,24,1.8233077742149364,3.2213253136934266,-3.97354136599209,36.88817236162742,3.997,1.323,1615.547,27
1,24,1.8233077742149364,3.751771131626701,-0.0015932810384672,37.00231195934549,0.0008,3.759,1625.594,27
1,24,1.8233077742149364,3.217971193962612,-3.972714504397576,36.93959340778089,3.997,1.319,1635.61,27
1,24,1.8233077742149364,3.74832062056548,-0.001109518815905,37.055082668239535,0.0008,3.756,1645.61,27
1,24,1.8233077742149364,3.2145821893851734,-3.9727368131717538,36.98895650913549,3.997,1.316,1655.563,27
1,24,1.8233077742149364,3.745098924284186,-0.001120023154601,37.096165567391736,0.0008,3.752,1665.625,27
1,24,1.8233077742149364,4.201942981365258,-0.0017169064250815,26.288547313515902,0.0002,0.0,0.0,27
2,24,1.814238465116796,3.7946196370917633,-0.000682873710846,37.17107707559417,0.0006,3.802,1396.5,26
2,24,1.814238465116796,3.2359718631368137,-3.9740400984621616,36.580297679464174,3.997,1.335,1245.844,26
2,24,1.814238465116796,3.8209219482799326,-0.0004459922349718,36.71701239695387,0.0008,3.828,1255.969,26
2,24,1.814238465116796,3.2324413893900528,-3.975148079742031,36.65248773651839,3.997,1.332,1265.969,26
2,24,1.814238465116796,3.817066230385672,-0.0038358585169066,36.77562638699775,0.0008,3.824,1276.0,26
2,24,1.814238465116796,3.4340320849131003,-3.973505017560663,31.46999891876745,3.997,1.519,321.563,26
2,24,1.814238465116796,4.036021705626138,-0.0011152334685313,31.71603788312075,0.0006,4.042,331.657,26
2,24,1.814238465116796,3.429752803809148,-3.9745905771916914,31.70722059449404,3.997,1.515,341.719,26
2,24,1.814238465116796,3.780300460109698,-0.0004966625057832,37.40201685261085,0.0008,3.788,1476.782,26
2,24,1.814238465116796,3.221437207334425,-3.976892542613384,36.85347498706247,3.997,1.32,1326.188,26
2,24,1.814238465116796,3.805867395914124,-0.0017212751591849,37.00605709421848,0.0008,3.813,1336.282,26
2,24,1.814238465116796,3.2182820011981472,-3.9722318967308263,36.91490742056576,3.997,1.318,1346.344,26
2,24,1.814238465116796,3.80191802282113,-0.0005636463775745,37.07529946433883,0.0008,3.809,1356.328,26
2,24,1.814238465116796,3.214354015827968,-3.973423345130873,36.99309404501592,3.997,1.312,1366.391,26
2,24,1.814238465116796,3.7982062328659834,-0.0005536645961939,37.11665182953568,0.0008,3.805,1376.375,26
2,24,1.814238465116796,3.2110450363080423,-3.9737827021573766,37.0345155674762,3.997,1.31,1386.422,26
2,24,1.814238465116796,3.8904904223859433,-0.0011197555694644,35.52462053937869,0.0008,3.897,914.141,26
2,24,1.814238465116796,3.2076718901605057,-3.9754866436431695,37.09841575077545,3.997,1.307,1406.563,26
2,24,1.814238465116796,3.79092713611526,-0.0016287022641518,37.232295057336,0.0008,3.798,1416.594,26
2,24,1.814238465116796,3.2040192728888464,-3.974571408774724,37.13337369377143,3.997,1.303,1426.625,26
2,24,1.814238465116796,3.787555678630904,0.0003359938265413,37.28252626022806,0.0006,3.795,1436.688,26
2,24,1.814238465116796,3.200885552962076,-3.973694595578622,37.206274616913966,3.997,1.299,1446.719,26
2,24,1.814238465116796,3.783859074705703,-0.0012734962671816,37.36176507661445,0.0008,3.792,1456.782,26
2,24,1.814238465116796,3.1980019707730434,-3.974767778449971,37.26508840502866,3.997,1.297,1466.797,26
2,24,1.814238465116796,3.873412807749517,-0.0014466112928765,35.80986422610466,0.0008,3.88,994.703,26
2,24,1.814238465116796,3.318949799607199,-3.974452984387677,35.224052135304944,3.997,1.415,843.953,26
2,24,1.814238465116796,3.903520842700426,-0.0038687850195727,35.38360965952373,0.0008,3.91,854.016,26
2,24,1.814238465116796,3.314805968888608,-3.97504905660318,35.28596208521524,3.997,1.409,864.032,26
2,24,1.814238465116796,3.899288989223196,-0.0023291089547742,35.42209799736977,0.0008,3.906,874.063,26
2,24,1.814238465116796,3.310366167498025,-3.973240799285096,35.34797972162033,3.997,1.405,884.078,26
2,24,1.814238465116796,3.8949465698189982,-0.0001984415609266,35.48425398236462,0.0008,3.901,894.141,26
2,24,1.814238465116796,3.306183301438516,-3.975138721346517,35.407921197458606,3.997,1.402,904.141,26
2,24,1.814238465116796,3.2522380698524023,-3.976222635576681,36.31215388158982,3.997,1.349,1165.641,26
2,24,1.814238465116796,3.8364801054313977,-0.0013539656973477,36.45074021014218,0.0008,3.844,1175.672,26
2,24,1.814238465116796,3.2482363904798763,-3.975450507135607,36.37825981438839,3.997,1.346,1185.735,26
2,24,1.814238465116796,3.832413704135553,-0.00041406832757,36.51311112850229,0.0006,3.839,1195.75,26
2,24,1.814238465116796,3.2440440724709925,-3.972363664067831,36.45970547820157,3.997,1.343,1205.766,26
2,24,1.814238465116796,3.828576519322783,6.331311990279217e-05,36.58234253279774,0.0008,3.836,1215.782,26
2,24,1.814238465116796,3.2398078144884725,-3.976157213535002,36.50239601484324,3.997,1.337,1225.828,26
2,24,1.814238465116796,3.824553522256009,0.0013149653382171,36.650989452059726,0.0006,3.832,1235.828,26
2,24,1.814238465116796,3.301502048629964,-3.972540497149113,35.462205551218105,3.997,1.397,924.235,26
2,24,1.814238465116796,3.8861885964377154,-0.0017885025053939,35.61839860550821,0.0008,3.893,934.36,26
2,24,1.814238465116796,3.297466303431216,-3.9751458284453616,35.54453554152602,3.997,1.393,944.422,26
2,24,1.814238465116796,3.881975229447416,-0.0018269526739667,35.669908745364715,0.0006,3.889,954.532,26
2,24,1.814238465116796,3.2284368203792044,-3.973728795468791,36.70521099373921,3.997,1.326,1286.047,26
2,24,1.814238465116796,3.813237644866563,0.0008358333884957,36.87021252621041,0.0008,3.821,1296.094,26
2,24,1.814238465116796,3.224873299076456,-3.974725229489512,36.80049517451052,3.997,1.322,1306.125,26
2,24,1.814238465116796,3.809461130678764,-0.0023101034496874,36.93734277295331,0.0008,3.816,1316.157,26
2,24,1.814238465116796,3.2842369512119083,-3.974914021206165,35.77719365060673,3.997,1.381,1004.875,26
2,24,1.814238465116796,3.868921877159674,-0.0028928430498576,35.89854724997176,0.0008,3.877,1014.938,26
2,24,1.814238465116796,3.2803245482486565,-3.974107357334201,35.8021085758827,3.997,1.379,1024.938,26
2,24,1.814238465116796,3.86489074235882,0.0001841979593833,35.95949266831299,0.0008,3.872,1034.985,26
2,24,1.814238465116796,3.276376428197256,-3.973567480466071,35.89130327591496,3.997,1.373,1045.078,26
2,24,1.814238465116796,3.8606490963873767,-0.0010106501280019,36.04812105207243,0.0008,3.868,1055.094,26
2,24,1.814238465116796,3.2723188535136383,-3.974383874465092,35.98183697025452,3.997,1.37,1065.078,26
2,24,1.814238465116796,3.856639313271633,-0.0010867755385775,36.12194883476776,0.0008,3.864,1075.11,26
2,24,1.814238465116796,4.03013256999645,-0.0021179630646091,31.926411752015085,0.0006,4.037,351.75,26
2,24,1.814238465116796,3.852860857685128,-0.0004172460533215,36.18023897267112,0.0008,3.86,1095.219,26
2,24,1.814238465116796,3.2640785648591293,-3.973684357039476,36.10847711139916,3.997,1.363,1105.328,26
2,24,1.814238465116796,3.848280200140356,-0.0026461037744232,36.23511887255698,0.0008,3.855,1115.344,26
2,24,1.814238465116796,3.259907747640096,-3.9749919470530646,36.17741471172105,3.997,1.357,1125.407,26
2,24,1.814238465116796,3.844394757506745,-0.0026158686530989,36.323167481417975,0.0008,3.852,1135.485,26
2,24,1.814238465116796,3.256598793195349,-3.975011988423829,36.24290078476426,3.997,1.355,1145.547,26
2,24,1.814238465116796,3.840550660009279,0.0001881385413632,36.37497269570973,0.0008,3.848,1155.61,26
2,24,1.814238465116796,3.145688995644061,-3.974091331925239,38.023296342442,3.997,1.246,1808.203,26
2,24,1.814238465116796,3.725814550118124,-0.0029712072302768,38.13975510349586,0.0008,3.733,1818.266,26
2,24,1.814238465116796,3.1429249284415928,-3.974969330861888,38.04284735933605,3.997,1.243,1828.36,26
2,24,1.814238465116796,3.723255353100608,-0.0004453844869973,38.17396035404566,0.0008,3.731,1838.422,26
2,24,1.814238465116796,3.139950032791644,-3.973482924667224,38.07092807996889,3.997,1.24,1848.422,26
2,24,1.814238465116796,3.720291435204484,-0.0012517729522856,38.21066883894581,0.0008,3.727,1858.422,26
2,24,1.814238465116796,3.136959052874341,-3.9743150952942976,38.10697188259181,3.997,1.237,1868.485,26
2,24,1.814238465116796,3.717398725631667,-0.0010752510169635,38.257677194440014,0.0008,3.724,1878.516,26
2,24,1.814238465116796,3.133852851993196,-3.975337021484386,38.1713767365451,3.997,1.234,1888.578,26
2,24,1.814238465116796,3.714888327215763,-0.0008898234053769,38.27974006518807,0.0008,3.722,1898.688,26
2,24,1.814238465116796,3.130461585636092,-3.975351061799777,38.189895185752455,3.997,1.231,1908.828,26
2,24,1.814238465116796,3.712064873253923,-0.0025632626916189,38.31288466648888,0.0008,3.719,1918.922,26
2,24,1.814238465116796,3.1278267204168984,-3.973458670228537,38.23291083842791,3.997,1.228,1928.953,26
2,24,1.814238465116796,3.709358361153989,-0.0014583930888497,38.36052352494244,0.0008,3.716,1938.938,26
2,24,1.814238465116796,3.124864059192941,-3.974312339115684,38.28031064604095,3.997,1.225,1949.032,26
2,24,1.814238465116796,3.7065891607948966,-0.0006560199596658,38.40679275421415,0.0008,3.713,1959.032,26
2,24,1.814238465116796,3.1219427515420133,-3.973836573110702,38.32581863697455,3.997,1.223,1969.094,26
2,24,1.814238465116796,3.70405688704052,-0.0033551243663075,38.44795502465529,0.0008,3.711,1979.11,26
2,24,1.814238465116796,3.1194096956122563,-3.973881928492109,38.34039392328708,3.997,1.219,1989.141,26
2,24,1.814238465116796,3.701501140808938,-0.0020524370212148,38.50789754977092,0.0008,3.708,1999.282,26
2,24,1.814238465116796,3.1168519314354324,-3.97440236912348,38.39930898162777,3.997,1.217,2009.313,26
2,24,1.814238465116796,3.699412409073569,-0.0019910612279043,38.522765607376286,0.0008,3.706,2019.422,26
2,24,1.814238465116796,3.114377257779634,-3.973561949882484,38.43602941960453,3.997,1.215,2029.5,26
2,24,1.814238465116796,3.69676870609802,-0.0007971033021159,38.56682862925258,0.0008,3.704,2039.547,26
2,24,1.814238465116796,3.111856212706138,-3.974661982090369,38.46902830746026,3.997,1.212,2049.594,26
2,24,1.814238465116796,3.6943434261393855,-0.0007678439191038,38.60237979067282,0.0008,3.701,2059.625,26
2,24,1.814238465116796,3.108890301895274,-3.973148991775213,38.48774147848434,3.997,1.209,2069.766,26
2,24,1.814238465116796,3.691882036835479,-0.0024640870237089,38.61698014107096,0.0008,3.698,2079.75,26
2,24,1.814238465116796,3.10620895478406,-3.9740641746531593,38.53217581464533,3.997,1.208,2089.797,26
2,24,1.814238465116796,3.689912540528861,0.0001740811208435,38.65581039641543,0.0008,3.696,2099.891,26
2,24,1.814238465116796,3.104033329229029,-3.9741740379942176,38.58267767815644,3.997,1.204,2109.985,26
2,24,1.814238465116796,3.687676320100106,0.001145242296698,38.70824954366082,0.0008,3.694,2120.047,26
2,24,1.814238465116796,3.101600333799988,-3.973389672541952,38.60572435081247,3.997,1.202,2130.078,26
2,24,1.814238465116796,3.6853897171871193,-0.0037141951279507,38.73852921461272,0.0008,3.692,2140.141,26
2,24,1.814238465116796,3.0991680398055905,-3.972572328637315,38.65563763193595,3.997,1.2,2150.203,26
2,24,1.814238465116796,3.6833639844345214,-0.0011471427786043,38.75785759333037,0.0008,3.69,2160.313,26
2,24,1.814238465116796,3.0972047876861164,-3.973413057694245,38.67874467536961,3.997,1.198,2170.407,26
2,24,1.814238465116796,3.6815349468503777,-0.0011503952838369,38.80121713538024,0.0008,3.688,2180.438,26
2,24,1.814238465116796,3.094972957737689,-3.973709762547279,38.72232695518184,3.997,1.196,2190.438,26
2,24,1.814238465116796,3.679480491442448,-0.0006521484012251,38.83297077254163,0.0008,3.687,2200.5,26
2,24,1.814238465116796,3.093087158155458,-3.9737871052620495,38.74116362635968,3.997,1.195,2210.5,26
2,24,1.814238465116796,3.677577875937145,-0.0028849902325517,38.873181363735135,0.0008,3.684,2220.532,26
2,24,1.814238465116796,3.090585465474359,-3.974087832538335,38.7795180345178,3.997,1.192,2230.641,26
2,24,1.814238465116796,3.67545061293332,-0.0017311441256942,38.93690920778233,0.0008,3.682,2240.657,26
2,24,1.814238465116796,3.0883836368742656,-3.973744501334406,38.83312989106415,3.997,1.189,2250.703,26
2,24,1.814238465116796,3.673832358138087,-0.0007467117590462,38.96628752727701,0.0008,3.68,2260.828,26
2,24,1.814238465116796,3.0862340529367023,-3.9724690869734616,38.8815565971248,3.997,1.187,2270.828,26
2,24,1.814238465116796,3.671839151315134,-0.0006703796894988,38.998107005878985,0.0006,3.679,2280.875,26
2,24,1.814238465116796,3.083989716434592,-3.9739813586226407,38.899357617246224,3.997,1.186,2290.907,26
2,24,1.814238465116796,3.670189256856139,-0.0037726028054363,39.05009588343736,0.0006,3.676,2301.016,26
2,24,1.814238465116796,3.0817447292957776,-3.973857803297077,38.93849177285402,3.997,1.184,2311.078,26
2,24,1.814238465116796,3.668216449577796,-0.0009562717448707,39.08821244604343,0.0008,3.675,2321.125,26
2,24,1.814238465116796,3.0796692999363,-3.9731864751492902,38.98087464591605,3.997,1.182,2331.219,26
2,24,1.814238465116796,3.6664369687519063,0.0023505699656934,39.12610848651909,0.0008,3.673,2341.25,26
2,24,1.814238465116796,3.0776718267703003,-3.973160713998296,39.04200311159317,3.997,1.18,2351.282,26
2,24,1.814238465116796,3.664706206941324,-0.0012937475124904,39.16276149210356,0.0008,3.671,2361.313,26
2,24,1.814238465116796,3.075584421396664,-3.974936231719072,39.07936358228071,3.997,1.177,2371.391,26
2,24,1.814238465116796,3.6627975670293855,-0.0013766651747336,39.22048734830513,0.0008,3.67,2381.422,26
2,24,1.814238465116796,3.074053218119633,-3.9734668218577225,39.10251307281404,3.997,1.177,2391.438,26
2,24,1.814238465116796,3.6611409799611554,-0.0011241421010701,39.25225479946877,0.0006,3.667,2401.469,26
2,24,1.814238465116796,3.0724060670555864,-3.973916025263635,39.12981741358046,3.997,1.175,2411.5,26
2,24,1.814238465116796,3.6594388112568224,-0.0022787093261377,39.273607152584844,0.0008,3.666,2421.532,26
2,24,1.814238465116796,3.0707476178340603,-3.973320626749944,39.1742037318545,3.997,1.173,2431.563,26
2,24,1.814238465116796,3.657617707560481,-0.0016744770888903,39.33872416612185,0.0008,3.664,2441.594,26
2,24,1.814238465116796,3.069094571703878,-3.97478802075046,39.225639119671015,3.997,1.172,2451.625,26
2,24,1.814238465116796,3.655982238572341,-0.0010561488140922,39.36845305233186,0.0008,3.662,2461.641,26
2,24,1.814238465116796,3.0674299510409275,-3.973554385135072,39.27106713565632,3.997,1.17,2471.688,26
2,24,1.814238465116796,3.6541903090881465,-0.0020744454502143,39.42294729736415,0.0008,3.661,2481.75,26
2,24,1.814238465116796,3.0655469968879467,-3.9754643105526473,39.325890209276736,3.997,1.166,2491.75,26
2,24,1.814238465116796,3.652367830244853,0.0002623449219458,39.46289962708466,0.0008,3.659,2501.797,26
2,24,1.814238465116796,3.0632903972715813,-3.974168964669528,39.32668288749494,3.997,1.164,2511.891,26
2,24,1.814238465116796,3.650582782819771,-0.0017943319350691,39.483172931514495,0.0008,3.657,2521.938,26
2,24,1.814238465116796,3.0611747158157927,-3.973527684197096,39.34161538574975,3.997,1.164,2531.938,26
2,24,1.814238465116796,3.648689139167805,-0.0017937797225469,39.53405163222131,0.0008,3.655,2541.985,26
2,24,1.814238465116796,3.058673833444071,-3.97339412019694,39.41341533096969,3.997,1.161,2552.0,26
2,24,1.814238465116796,3.646711831834845,-0.0011443887085248,39.59506142231801,0.0008,3.653,2562.032,26
2,24,1.814238465116796,3.056410285352912,-3.9748753961873593,39.46701616818913,3.997,1.158,2572.032,26
2,24,1.814238465116796,3.644722870499289,-0.0016406501349445,39.63608929608329,0.0008,3.651,2582.047,26
2,24,1.814238465116796,3.053549685014422,-3.973781710572665,39.516011380238105,3.997,1.157,2592.078,26
2,24,1.814238465116796,3.642724369026858,-0.0005860250060054,39.66945202626459,0.0006,3.649,2602.235,26
2,24,1.814238465116796,3.051019718277218,-3.9739044502655023,39.59172270374373,3.997,1.154,2612.266,26
2,24,1.814238465116796,3.6407668601845855,-0.0009696395791991,39.719867705075394,0.0008,3.647,2622.297,26
2,24,1.814238465116796,3.0488176722071167,-3.974249152782456,39.62657099219943,3.997,1.152,2632.297,26
2,24,1.814238465116796,3.638576446036831,-0.0007149768735552,39.76508122159311,0.0008,3.645,2642.297,26
2,24,1.814238465116796,3.0456792692726924,-3.974736127246464,39.67682357764251,3.997,1.148,2652.375,26
2,24,1.814238465116796,3.6363366636023327,-0.0027618275971318,39.81756789754486,0.0008,3.641,2662.422,26
2,24,1.814238465116796,3.042734743460454,-3.975029702642901,39.69406988517431,3.997,1.147,2672.438,26
2,24,1.814238465116796,3.634420066203726,-0.0031519147740156,39.8706321818672,0.0008,3.64,2682.485,26
2,24,1.814238465116796,3.0399148992372784,-3.974492871320552,39.75610742583076,3.997,1.144,2692.5,26
2,24,1.814238465116796,3.631961118357419,-0.0011942586162833,39.929176094690334,0.0008,3.637,2702.532,26
2,24,1.814238465116796,3.0368845769359942,-3.973741747694009,39.81713277400833,3.997,1.14,2712.578,26
2,24,1.814238465116796,3.629773799148196,-0.0047195022318391,39.9488362582385,0.0008,3.635,2722.594,26
2,24,1.814238465116796,3.033393062703031,-3.972982679433845,39.8823571220314,3.997,1.138,2732.625,26
2,24,1.814238465116796,3.627109428787953,-0.002908389627922,40.02485467434426,0.0008,3.633,2742.688,26
2,24,1.814238465116796,3.030096288430245,-3.972353245516571,39.9392178288314,3.997,1.135,2752.703,26
2,24,1.814238465116796,3.6245822457510566,-0.0020759186741372,40.10151350719372,0.0008,3.63,2762.719,26
2,24,1.814238465116796,3.026805945533833,-3.9729482746997697,39.98921884154616,3.997,1.132,2772.735,26
2,24,1.814238465116796,3.622011323789421,-0.0006840222296425,40.15398461052161,0.0008,3.627,2782.735,26
2,24,1.814238465116796,3.022674280970611,-3.972899412920728,40.04490171757544,3.997,1.128,2792.797,26
2,24,1.814238465116796,3.619307392742505,-0.0019153236669995,40.20681103376019,0.0008,3.624,2802.875,26
2,24,1.814238465116796,3.018786991975592,-3.976038900611505,40.10389860082186,3.997,1.124,2812.875,26
2,24,1.814238465116796,3.616537228101531,-0.0020694670688326,40.27831538208214,0.0008,3.622,2822.907,26
2,24,1.814238465116796,3.014392156286559,-3.9749100414795353,40.16671793352991,3.997,1.121,2832.922,26
2,24,1.814238465116796,3.613414525879527,-0.002102211941479,40.324522002192985,0.0008,3.618,2842.938,26
2,24,1.814238465116796,3.0090720035943206,-3.9756636724752528,40.233982628790095,3.997,1.116,2853.0,26
2,24,1.814238465116796,3.6101085436251976,-0.0009659984887451,40.3953278378369,0.0008,3.615,2863.016,26
2,24,1.814238465116796,3.00364362298909,-3.9737195742668368,40.29690990009529,3.997,1.11,2873.063,26
2,24,1.814238465116796,3.607017538402504,-0.0007314818813074,40.46710206977828,0.0008,3.612,2883.078,26
2,24,1.814238465116796,2.997769883604346,-3.973393162776752,40.354559484952674,3.997,1.106,2893.141,26
2,24,1.814238465116796,3.603689400000775,-0.0013269570544284,40.52714636742548,0.0008,3.608,2903.157,26
2,24,1.814238465116796,2.991773358761585,-3.974370871743056,40.42205098050667,3.997,1.099,2913.188,26
2,24,1.814238465116796,3.60024804555358,-0.0006243271400491,40.58841331097826,0.0008,3.605,2923.219,26
2,24,1.814238465116796,2.9862000201037264,-3.973281790343409,40.48691909645014,3.997,1.093,2933.25,26
2,24,1.814238465116796,3.596571178376487,-0.0013500554990888,40.660369176877,0.0008,3.601,2943.344,26
2,24,1.814238465116796,2.9803292976115805,-3.97401912196822,40.567318217383445,3.997,1.087,2953.36,26
2,24,1.814238465116796,3.5925032647043715,-0.0005167099232461,40.734297140303056,0.0008,3.597,2963.469,26
2,24,1.814238465116796,2.9741676219675397,-3.975322723063967,40.64216495140965,3.997,1.083,2973.547,26
2,24,1.814238465116796,3.5882166169723195,-0.0018337287958926,40.79884031630022,0.0008,3.593,2983.594,26
2,24,1.814238465116796,2.9679396809712872,-3.975985599064713,40.690023570906135,3.997,1.075,2993.625,26
2,24,1.814238465116796,3.5836672347660827,-0.0021338592017934,40.84720473935594,0.0006,3.587,3003.641,26
2,24,1.814238465116796,2.9603003597988207,-3.974278198203003,40.74163826346496,3.997,1.068,3013.703,26
2,24,1.814238465116796,3.5785413299917908,-0.0013813906560375,40.92492295781096,0.0008,3.582,3023.75,26
2,24,1.814238465116796,2.953504518322461,-3.975737661223584,40.83501092522261,3.997,1.06,3033.75,26
2,24,1.814238465116796,3.5732309369354245,-0.0015970943131392,40.997826193101226,0.0008,3.576,3043.75,26
2,24,1.814238465116796,2.9449116571628218,-3.9758560342297113,40.89384670111775,3.997,1.054,3053.797,26
2,24,1.814238465116796,3.5673061220220474,-0.0016076720078666,41.06326536708712,0.0008,3.57,3063.907,26
2,24,1.814238465116796,2.9347023589129337,-3.9748426958297407,40.95631185677663,3.997,1.043,3074.063,26
2,24,1.814238465116796,3.560145591504138,-0.0004054597927357,41.12763720574542,0.0008,3.563,3084.141,26
2,24,1.814238465116796,2.92235074065953,-3.975880315627237,41.04924835465588,3.997,1.031,3094.219,26
2,24,1.814238465116796,3.552302654072892,-0.0004258785268231,41.2223249816541,0.0008,3.555,3104.313,26
2,24,1.814238465116796,2.9105177182870188,-3.975144648813936,41.08264808678784,3.997,1.022,3114.328,26
2,24,1.814238465116796,3.5434856201921257,0.0033952109005791,41.28441390903741,0.0006,3.546,3124.391,26
2,24,1.814238465116796,2.896796036752424,-3.976352512794944,41.15888195418504,3.997,1.01,3134.469,26
2,24,1.814238465116796,3.5324684834901463,-0.0027047182165706,41.35777897659097,0.0006,3.535,3144.469,26
2,24,1.814238465116796,2.88118376506308,-3.974016455008776,41.25765865128169,3.997,0.994,3154.516,26
2,24,1.814238465116796,3.519966467615641,-0.0034051793499706,41.45529396132879,0.0008,3.523,3164.625,26
2,24,1.814238465116796,2.8642302323875084,-3.974575185226248,41.368260887593614,3.997,0.977,3174.672,26
2,24,1.814238465116796,3.50474528140766,-0.0029387819565328,41.53390133831749,0.0008,3.508,3184.766,26
2,24,1.814238465116796,2.8439514599885363,-3.9744457006462,41.4407361984352,3.997,0.958,3194.782,26
2,24,1.814238465116796,3.487274253793013,-0.0041896326095704,41.62857481082624,0.0006,3.489,3204.766,26
2,24,1.814238465116796,2.820888403848075,-3.9732214601451785,41.53295379736017,3.997,0.937,3214.766,26
2,24,1.814238465116796,3.467047247818798,7.897375186891852e-05,41.73680885698458,0.0008,3.469,3224.813,26
2,24,1.814238465116796,2.7917452940222334,-3.975522161584784,41.66361883223849,3.997,0.91,3234.907,26
2,24,1.814238465116796,3.4432411856910585,0.0007678966495851,41.8217990266082,0.0008,3.445,3244.953,26
2,24,1.814238465116796,2.761377679960728,-3.9742160372517374,41.72924806353796,3.997,0.88,3254.985,26
2,24,1.814238465116796,3.4153620123819293,-0.0003210638507462,41.91431279393058,0.0008,3.418,3265.0,26
2,24,1.814238465116796,2.726037549643682,-3.975365421332601,41.82186545544844,3.997,0.849,3275.078,26
2,24,1.814238465116796,3.383193310446458,-0.0012889753134738,42.020611424336415,0.0008,3.384,3285.094,26
2,24,1.814238465116796,2.6858404075414044,-3.975545182984071,41.95167843534525,3.997,0.809,3295.141,26
2,24,1.814238465116796,3.34557912674644,0.0002666820945879,42.13353414904402,0.0008,3.346,3305.141,26
2,24,1.814238465116796,2.638884555809946,-3.974216034723271,42.05120271406594,3.997,0.763,3315.172,26
2,24,1.814238465116796,3.301546706996814,-0.000839634956854,42.23981304592148,0.0008,3.302,3325.203,26
2,24,1.814238465116796,2.582879883651001,-3.9749758071000887,42.12382444945545,3.997,0.713,3335.25,26
2,24,1.814238465116796,3.247457445240366,-0.0038659102533238,42.32447731274426,0.0008,3.247,3345.375,26
2,24,1.814238465116796,2.5121073658051527,-3.9728663313231367,42.2253423480333,3.997,0.645,3355.516,26
2,24,1.814238465116796,3.1830202162809784,-0.0009048270101366,42.44359632466051,0.0008,3.181,3365.735,26
2,24,1.814238465116796,2.4193060956450503,-3.972353468591381,42.37399938876758,3.997,0.566,3375.86,26
2,24,1.814238465116796,3.1116500806170624,-0.0027069874285616,42.526459613766654,0.0002,0.0,3386.157,26
2,24,1.814238465116796,3.1492364042998,0.0033212812801388,42.16396231653071,0.0002,0.001,3396.438,26
2,24,1.814238465116796,3.17441372003587,-0.0004870001391586,41.71467320699954,0.0002,0.0,3406.875,26
2,24,1.814238465116796,3.193158389724992,-0.0005125490829625,41.3027802549848,0.0002,0.001,3417.375,26
2,24,1.814238465116796,3.207963198561432,-0.0009175781131537,40.95813437224931,0.0002,0.0,3427.813,26
2,24,1.814238465116796,3.2198024592480943,-0.0017095610544151,40.63404912381248,0.0002,0.001,3438.313,26
2,24,1.814238465116796,3.2293939636442435,-0.0016183563029082,40.36069899513902,0.0002,0.0,3448.719,26
2,24,1.814238465116796,3.237529531654149,-0.0017732875836349,40.09197403705759,0.0002,0.001,3459.172,26
2,24,1.814238465116796,3.24450822763937,-0.0010127562311233,39.86298703107538,0.0002,0.0,3469.672,26
2,24,1.814238465116796,3.250141254913974,0.0009261671573295,39.65466443518991,0.0002,0.001,3480.188,26
2,24,1.814238465116796,3.255406868966664,0.0005083885926539,39.45270491138722,0.0002,0.0,3490.625,26
2,24,1.814238465116796,3.259778826908124,-0.0017245746451954,39.232685135262805,0.0002,0.001,3501.063,26
2,24,1.814238465116796,3.263829152910005,-0.0004658090537913,39.04879172617896,0.0002,0.0,3511.578,26
2,24,1.814238465116796,3.267275458829307,-0.0016496662585925,38.86629739499169,0.0002,0.001,3522.063,26
2,24,1.814238465116796,3.2703353127479016,-0.0020555834174187,38.68774953369959,0.0002,0.0,3532.594,26
2,24,1.814238465116796,3.2732361618772505,-0.0012309340113658,38.5029479764266,0.0002,0.001,3543.016,26
2,24,1.814238465116796,3.275963025755349,-0.0011525030283587,38.3221734049803,0.0002,0.0,3553.469,26
2,24,1.814238465116796,3.27835256659415,-0.0002852193864468,38.139335877382265,0.0002,0.001,3563.969,26
2,24,1.814238465116796,3.2801930109358013,-0.0003951133303504,37.984110953483786,0.0002,0.0,3574.375,26
2,24,1.814238465116796,3.2823306921590176,-0.0002164470919205,37.80707174483933,0.0002,0.001,3584.875,26
2,24,1.814238465116796,3.284052764978372,-0.0009771975967632,37.63257861619822,0.0002,0.0,3595.391,26
2,24,1.814238465116796,3.285928349507997,-0.0020661178776761,37.4775715632582,0.0002,0.001,3605.875,26
2,24,1.814238465116796,3.287435707720582,-0.0021800012166602,37.31221575090674,0.0002,0.0,3616.297,26
2,24,1.814238465116796,3.288779001560599,-0.0003908295366776,37.16843240605513,0.0002,0.001,3626.766,26
2,24,1.814238465116796,3.290249377934128,-0.0016209815367156,37.02459375022173,0.0002,0.0,3637.266,26
2,24,1.814238465116796,3.2915841847980616,-0.0016177464184972,36.88102531602819,0.0002,0.001,3647.703,26
2,24,1.814238465116796,3.292866941010538,-0.001591488283495,36.71867976729443,0.0002,0.0,3658.172,26
2,24,1.814238465116796,3.294045600701902,-0.0019636522238219,36.576176299943725,0.0002,0.001,3668.641,26
2,24,1.814238465116796,3.2949643224440703,-0.0034256490724424,36.44946687372119,0.0002,0.0,3679.032,26
2,24,1.814238465116796,3.296388680991972,-0.0004652926648347,36.3030988934224,0.0002,0.001,3689.485,26
2,24,1.814238465116796,3.2975754538457247,-0.0012406180129446,36.14435575924973,0.0002,0.0,3700.0,26
2,24,1.814238465116796,3.298384169835193,-0.0001150128786773,36.00400916218244,0.0002,0.001,3710.453,26
2,24,1.814238465116796,3.299264531406673,-0.0030784277771098,35.88201735029967,0.0002,0.0,3720.985,26
2,24,1.814238465116796,3.300362106129372,-0.0010091346366746,35.75293390150612,0.0002,0.001,3731.5,26
2,24,1.814238465116796,3.301220196107287,-0.0018049269763734,35.61885913604413,0.0002,0.0,3741.922,26
2,24,1.814238465116796,3.302008578400617,0.0002118244410765,35.48936327785425,0.0002,0.001,3752.453,26
2,24,1.814238465116796,3.3027902315143263,-0.001577286064973,35.367454143503686,0.0002,0.0,3762.907,26
2,24,1.814238465116796,3.303669999525438,-7.45716640559927e-05,35.24523421373696,0.0002,0.001,3773.36,26
2,24,1.814238465116796,3.304159999126264,-0.0023075231110295,35.12432657799503,0.0002,0.0,3783.813,26
2,24,1.814238465116796,3.305113315690654,-0.0012348941078708,35.01048447371253,0.0002,0.001,3794.297,26
2,24,1.814238465116796,3.305986625652184,0.0009545286221902,34.88187998311733,0.0002,0.0,3804.766,26
2,24,1.814238465116796,3.306761779238346,-0.0009441119912815,34.75900148799924,0.0002,0.001,3815.282,26
2,24,1.814238465116796,3.3072785538088745,-0.003566724555893,34.6668849684935,0.0002,0.0,3825.719,26
2,24,1.814238465116796,3.3080379759694534,-0.0052091550655994,34.550196842802336,0.0002,0.001,3836.141,26
2,24,1.814238465116796,3.3087517489031786,-0.0013501657435542,34.43918073143322,0.0002,0.0,3846.547,26
2,24,1.814238465116796,3.309431287925473,-0.004813510583871,34.32139855054443,0.0002,0.001,3856.969,26
2,24,1.814238465116796,3.3097981486119097,-0.0005378652472344,34.21332886174026,0.0002,0.0,3867.547,26
2,24,1.814238465116796,3.310422633755279,-0.0005281478882432,34.115289871906846,0.0002,0.001,3878.0,26
2,24,1.814238465116796,3.3110283319615106,-0.0010824996562059,34.006112190938275,0.0002,0.0,3888.422,26
2,24,1.814238465116796,3.311742755424952,-0.0022023822045087,33.901759932067435,0.0002,0.001,3898.844,26
2,24,1.814238465116796,3.3123278785563595,-0.0018825789721506,33.806776850216714,0.0,0.0,3909.313,26
2,24,1.814238465116796,3.3126251343365563,-0.0010685606542918,33.711857822231664,0.0002,0.001,3919.782,26
2,24,1.814238465116796,3.313230069514405,-0.001804177620315,33.613938548778215,0.0002,0.0,3930.266,26
2,24,1.814238465116796,3.3137551870902184,-0.0001126649676741,33.50476034931759,0.0002,0.001,3940.688,26
2,24,1.814238465116796,3.3141983100860197,-0.0036163545940933,33.425200596338975,0.0002,0.0,3951.172,26
2,24,1.814238465116796,3.3147236439381333,-0.0039297229997906,33.32822713818666,0.0002,0.001,3961.641,26
2,24,1.814238465116796,3.3151436739887914,-0.0035689012046644,33.22690626898457,0.0002,0.0,3972.078,26
2,24,1.814238465116796,3.315753950510077,-0.0028031107307183,33.14788696391502,0.0002,0.001,3982.625,26
2,24,1.814238465116796,3.3161824680034457,-0.0035255480321726,33.052066977794915,0.0002,0.0,3993.078,26
2,24,1.814238465116796,3.316810033052754,-0.0054444015205928,32.977625522470014,0.0002,0.001,4003.625,26
2,24,1.814238465116796,3.3173167870281244,-0.0011241831355773,32.89417046235579,0.0002,0.0,4014.157,26
2,24,1.814238465116796,3.317594583862513,-0.003954188041736,32.79714183980253,0.0002,0.001,4024.641,26
2,24,1.814238465116796,3.3178881609522524,-0.0037980161338123,32.728288179997165,0.0002,0.0,4035.141,26
2,24,1.814238465116796,3.3185401070607177,-0.0029205915277718,32.64035698481741,0.0002,0.001,4045.641,26
2,24,1.814238465116796,3.3189397440001147,-0.0055885895656621,32.55928525830373,0.0002,0.0,4056.063,26
2,24,1.814238465116796,3.319172621458882,0.0006002412163305,32.48053484090048,0.0002,0.001,4066.532,26
2,24,1.814238465116796,3.31968607372296,-0.0007906764019116,32.38568847547631,0.0002,0.0,4077.016,26
2,24,1.814238465116796,3.3200718801095204,-0.0038201516461022,32.323095580057135,0.0002,0.001,4087.422,26
2,24,1.814238465116796,3.320681465325804,-0.0034495512627382,32.245128596799816,0.0002,0.0,4097.813,26
2,24,1.814238465116796,3.320887436299756,8.498397073094724e-05,32.17090418797127,0.0002,0.001,4108.235,26
2,24,1.814238465116796,3.3211981131916937,-0.0021233864208867,32.08344646022679,0.0002,0.0,4118.703,26
2,24,1.814238465116796,3.3215224878200216,-0.0017076920023574,32.00989579728938,0.0002,0.001,4129.188,26
2,24,1.814238465116796,3.3221728701259896,-0.0017254632360588,31.945744009952723,0.0002,0.0,4139.625,26
2,24,1.814238465116796,3.3223116657283684,-0.0029819968136768,31.88736870319574,0.0002,0.001,4150.125,26
2,24,1.814238465116796,3.322696875165128,-0.0028320389945263,31.814199588962115,0.0002,0.0,4160.594,26
2,24,1.814238465116796,3.3230942639991747,-0.0001336337450531,31.75077500448423,0.0002,0.001,4171.032,26
2,24,1.814238465116796,3.3234441709062,0.0004898295188894,31.6772037104572,0.0002,0.0,4181.516,26
2,24,1.814238465116796,3.323866558666724,-0.0020412019672445,31.60758021369984,0.0002,0.001,4192.016,26
2,24,1.814238465116796,3.324242229980615,-0.0035225918351627,31.543276955973298,0.0002,0.0,4202.5,26
2,24,1.814238465116796,3.3245073821862388,-0.0001047818611375,31.47080004204933,0.0002,0.001,4212.922,26
2,24,1.814238465116796,3.3249456665378294,-3.805813342922959e-05,31.410693625980365,0.0002,0.0,4223.407,26
2,24,1.814238465116796,3.3252749405414512,-0.0026385001494397,31.36196507923632,0.0002,0.001,4233.875,26
2,24,1.814238465116796,3.325425188612729,-0.0001822241754049,31.309594853275588,0.0002,0.0,4244.282,26
2,24,1.814238465116796,3.3258838225053693,-0.0027396788241859,31.22745850767557,0.0002,0.001,4254.703,26
2,24,1.814238465116796,3.326146387608666,-0.0015369442309206,31.17078396343486,0.0002,0.0,4265.157,26
2,24,1.814238465116796,3.326416699223421,-0.0006911014343237,31.10779642789091,0.0002,0.001,4275.61,26
2,24,1.814238465116796,3.326777387944593,-0.0006417208350875,31.03397448330242,0.0002,0.0,4286.078,26
2,24,1.814238465116796,3.3270212814789346,0.0004230433823961,30.98226335474721,0.0002,0.001,4296.563,26
2,24,1.814238465116796,3.3274212709107966,-0.0003319024555569,30.92532842261808,0.0002,0.0,4307.032,26
2,24,1.814238465116796,3.327656113659806,0.0005225403669587,30.867935646010043,0.0002,0.001,4317.5,26
2,24,1.814238465116796,3.3279322055477247,-0.0013423240007901,30.80565878421272,0.0002,0.0,4327.969,26
2,24,1.814238465116796,3.3282246543568283,-0.0022008075884609,30.76993404818885,0.0002,0.001,4338.375,26
2,24,1.814238465116796,3.328456830366728,-0.0012066615238942,30.712262898576075,0.0,0.0,4348.875,26
2,24,1.814238465116796,3.328783424367267,0.0007832945035888,30.65919257906145,0.0002,0.001,4359.438,26
2,24,1.814238465116796,3.3290429970837985,8.403168491404037e-05,30.59976485515377,0.0002,0.0,4369.891,26
2,24,1.814238465116796,3.329260543697753,0.0003680866423433,30.547817125774312,0.0002,0.001,4380.328,26
2,24,1.814238465116796,3.3295522300913243,-0.0002913753841616,30.50465428692492,0.0002,0.0,4390.797,26
2,24,1.814238465116796,3.3297863274759965,-0.0017894016143475,30.454285638400364,0.0002,0.001,4401.25,26
2,24,1.814238465116796,3.329975692377293,-0.0010604477247883,30.400577179504342,0.0002,0.0,4411.719,26
2,24,1.814238465116796,3.330392080783896,-0.0003250863658052,30.361898422630592,0.0002,0.001,4422.141,26
2,24,1.814238465116796,3.330688659555177,-0.0016035522346025,30.32422748638556,0.0002,0.0,4432.563,26
2,24,1.814238465116796,3.330935977621095,-0.0009315223504426,30.27107303650403,0.0002,0.001,4443.047,26
2,24,1.814238465116796,3.331116651097569,-0.00226347075254,30.235060589381213,0.0002,0.0,4453.594,26
2,24,1.814238465116796,3.331393557865272,0.0003519201378354,30.182669250002288,0.0002,0.001,4464.063,26
2,24,1.814238465116796,3.331892932351503,-0.0009187904742543,30.140488909334184,0.0002,0.0,4474.5,26
2,24,1.814238465116796,3.331992820638335,-0.0015689107195992,30.094381467111788,0.0002,0.001,4485.016,26
2,24,1.814238465116796,3.332193029038545,-0.0022134246899868,30.04158764347108,0.0002,0.0,4495.61,26
2,24,1.814238465116796,3.332381107095097,-0.0002375867528951,30.003882024221664,0.0002,0.001,4506.078,26
2,24,1.814238465116796,3.3327444522146386,-0.0015819257114577,29.949841619535484,0.0002,0.0,4516.594,26
2,24,1.814238465116796,3.3327847303704017,-0.0011461350342652,29.90865474054856,0.0002,0.001,4527.032,26
2,24,1.814238465116796,3.333031148431263,-0.000949436796009,29.87306721357409,0.0002,0.0,4537.469,26
2,24,1.814238465116796,3.333238744363036,-0.0013039582437535,29.842783996845498,0.0002,0.001,4547.969,26
2,24,1.814238465116796,3.3335036987894875,-0.0003317911940587,29.797998664995912,0.0002,0.0,4558.485,26
2,24,1.814238465116796,3.3336856521441804,-0.0004111046406454,29.765504407241963,0.0002,0.001,4569.0,26
2,24,1.814238465116796,3.333895710308912,-0.0007060453813342,29.71576767062962,0.0002,0.0,4579.422,26
2,24,1.814238465116796,3.334200732559215,-0.0013750236060649,29.672295079299158,0.0002,0.001,4589.875,26
2,24,1.814238465116796,3.334438063304168,-0.002392469560179,29.6328208366206,0.0002,0.0,4600.36,26
2,24,1.814238465116796,3.334505415077607,-0.0031619251375201,29.599045662772586,0.0002,0.001,4610.782,26
2,24,1.814238465116796,3.334802523529208,-0.0012573841759774,29.56091840824773,0.0002,0.0,4621.313,26
2,24,1.814238465116796,3.335076648021717,-0.0012055828859684,29.519640581789336,0.0002,0.001,4631.75,26
2,24,1.814238465116796,3.335281300615189,-0.0017692095625796,29.497900713130644,0.0002,0.0,4642.266,26
2,24,1.814238465116796,3.335423941787861,-0.0014325515639222,29.462466664491966,0.0002,0.001,4652.688,26
2,24,1.814238465116796,3.3355767654953,-0.0036074705649861,29.40976266371308,0.0002,0.0,4663.172,26
2,24,1.814238465116796,3.335878062241313,-0.0026549400229696,29.37538881691322,0.0002,0.001,4673.625,26
2,24,1.814238465116796,3.3360694646263167,-0.0024104252380024,29.33372055080926,0.0002,0.0,4684.188,26
2,24,1.814238465116796,3.336255682548687,-0.0008579346136911,29.28787239784433,0.0002,0.001,4694.782,26
2,24,1.814238465116796,3.336410461170619,-0.0029908326470262,29.26094942311501,0.0002,0.0,4705.266,26
2,24,1.814238465116796,3.3364745585299924,-0.0020887346664742,29.21916449544196,0.0002,0.001,4715.719,26
2,24,1.814238465116796,3.336793334347956,-0.0005346542247702,29.1822435451782,0.0002,0.0,4726.141,26
2,24,1.814238465116796,3.336964385943419,8.353813448938854e-05,29.14840470656114,0.0002,0.001,4736.594,26
2,24,1.814238465116796,3.3370857005859347,-0.0027803220711939,29.124257465548627,0.0002,0.0,4747.047,26
2,24,1.814238465116796,3.337335810448057,-0.0014832408516398,29.109156997136623,0.0002,0.001,4757.469,26
2,24,1.814238465116796,3.3373850519441373,-0.0036363983946726,29.074238897548412,0.0002,0.0,4767.907,26
2,24,1.814238465116796,3.337675317758785,-0.0020583866070792,29.04027144891159,0.0002,0.001,4778.422,26
2,24,1.814238465116796,3.337835372657399,0.0006187736707552,28.99756100814557,0.0002,0.0,4788.891,26
2,24,1.814238465116796,3.3382034797296374,-0.0009736911871236,28.97236111994462,0.0002,0.001,4799.36,26
2,24,1.814238465116796,3.3381820271922944,-0.0007348174242692,28.930415523630924,0.0002,0.0,4809.828,26
2,24,1.814238465116796,3.3384164670182184,-0.0021484401395101,28.916132983997397,0.0002,0.001,4820.297,26
2,24,1.814238465116796,3.338717750639353,0.0002899389280707,28.883464244588943,0.0002,0.0,4830.86,26
2,24,1.814238465116796,3.3388317533374754,-0.0035761662171494,28.854977216188928,0.0002,0.001,4841.407,26
2,24,1.814238465116796,3.3388148097353665,-0.0003120558052804,28.825682839590534,0.0002,0.0,4851.875,26
2,24,1.814238465116796,3.339169396467456,-0.0009891289742643,28.794079944105885,0.0002,0.001,4862.36,26
2,24,1.814238465116796,3.339335721615872,-0.0032361957137745,28.766689958788756,0.0002,0.0,4872.797,26
2,24,1.814238465116796,3.3394226351171543,-0.0044327692681893,28.734034419691792,0.0002,0.001,4883.235,26
2,24,1.814238465116796,3.339670896268349,-0.0040726672725377,28.70614074901729,0.0002,0.0,4893.688,26
2,24,1.814238465116796,3.339796337685985,-0.0033498665446196,28.6835349198187,0.0002,0.001,4904.125,26
2,24,1.814238465116796,3.3398530629384675,0.0003040359103021,28.65728628993234,0.0002,0.0,4914.641,26
2,24,1.814238465116796,3.340150896138876,-0.0012270042845048,28.63099411637092,0.0002,0.001,4925.125,26
2,24,1.814238465116796,3.3400432939168785,-0.0018957779081823,28.619219635216982,0.0002,0.0,4935.563,26
2,24,1.814238465116796,3.340430372631789,0.0010945247928863,28.577753528642624,0.0002,0.001,4946.063,26
2,24,1.814238465116796,3.3405085130584955,-0.0006372240383028,28.55884775422196,0.0002,0.0,4956.516,26
2,24,1.814238465116796,3.3405937547123634,0.000165289216647,28.531626142443788,0.0002,0.001,4966.938,26
2,24,1.814238465116796,3.3407151595059457,-0.0026124310706372,28.494510359100857,0.0002,0.0,4977.328,26
2,24,1.814238465116796,3.3410520045543013,0.0003831816888092,28.47462204874843,0.0002,0.001,4987.75,26
2,24,1.814238465116796,3.341146543320987,-0.0026351313920251,28.453693214452706,0.0,0.0,4998.219,26
2,24,1.814238465116796,3.341294227053316,-9.378731496864824e-05,28.42043988421287,0.0002,0.001,5008.703,26
2,24,1.814238465116796,3.3415052446975797,-0.0018411954499043,28.399188992457283,0.0002,0.0,5019.141,26
2,24,1.814238465116796,3.3416419698948943,-0.0025506742728015,28.38707953866453,0.0002,0.001,5029.657,26
2,24,1.814238465116796,3.341390991211409,-0.0016800539821623,28.3573385731434,0.0002,0.0,5040.11,26
2,24,1.814238465116796,3.34188335609866,0.0003424343492738,28.335136093723094,0.0002,0.001,5050.563,26
2,24,1.814238465116796,3.3420894832727592,-0.0041753402074463,28.312667287546844,0.0002,0.0,5061.016,26
2,24,1.814238465116796,3.342285347331587,0.0004265319206123,28.305652030736542,0.0002,0.001,5071.563,26
2,24,1.814238465116796,3.342306905850526,0.0001802009500419,28.28757869011526,0.0002,0.0,5082.032,26
2,24,1.814238465116796,3.342547933628804,0.0004755147482144,28.244562273392543,0.0002,0.001,5092.5,26
2,24,1.814238465116796,3.3424494705712484,0.0005605706540503,28.22661153447944,0.0002,0.0,5102.969,26
2,24,1.814238465116796,3.3427131140899258,-0.0029608561264,28.19951358591553,0.0002,0.001,5113.516,26
2,24,1.814238465116796,3.3430699632741625,-0.0052107902774515,28.184472152492138,0.0002,0.0,5123.969,26
2,24,1.814238465116796,3.343018631489012,-0.0005682283163845,28.16988930313471,0.0002,0.001,5134.422,26
2,24,1.814238465116796,3.343293662834656,-0.0015284479155714,28.149180297166836,0.0002,0.0,5144.86,26
2,24,1.814238465116796,3.3434568967171505,1.936020365383908e-05,28.12614219731573,0.0,0.001,5155.313,26
2,24,1.814238465116796,3.3434037064038318,-0.001851033049162,28.092984613416835,0.0002,0.0,5165.735,26
2,24,1.814238465116796,3.343762253543772,-0.0032392679148074,28.07675685927458,0.0002,0.001,5176.219,26
2,24,1.814238465116796,3.3437014290204328,0.000328892721043,28.063897054443583,0.0002,0.0,5186.672,26
2,24,1.814238465116796,3.343891394564101,0.0018013185177309,28.03583639487806,0.0002,0.001,5197.078,26
2,24,1.814238465116796,3.343860038738921,0.0011533873143798,28.029711885190284,0.0002,0.0,5207.547,26
2,24,1.814238465116796,3.3440339217196966,0.0004692789683348,28.01534343194865,0.0002,0.001,5218.0,26
2,24,1.814238465116796,3.3440970962802963,-0.0023319912836549,27.989334825805507,0.0002,0.0,5228.438,26
2,24,1.814238465116796,3.344432364454084,0.0001452769043592,27.97680750301386,0.0002,0.001,5238.969,26
2,24,1.814238465116796,3.3446261993013904,-0.0021010330700444,27.96045637700773,0.0002,0.0,5249.422,26
2,24,1.814238465116796,3.3445773407094257,-0.0011818904221325,27.941004836199717,0.0,0.001,5259.86,26
2,24,1.814238465116796,3.3446592618149613,-0.0015156451999299,27.922152344967667,0.0002,0.0,5270.266,26
2,24,1.814238465116796,3.344886297867044,-0.0021350340052958,27.899859978665155,0.0002,0.001,5280.735,26
2,24,1.814238465116796,3.345043992093077,0.0006951614915829,27.890223934012912,0.0002,0.0,5291.203,26
2,24,1.814238465116796,3.34503712550051,-0.0021427456580459,27.861237520200916,0.0002,0.001,5301.703,26
2,24,1.814238465116796,3.345324450151796,-0.0052953239866092,27.85505919805961,0.0002,0.0,5312.203,26
2,24,1.814238465116796,3.345454956781959,-0.003309546510264,27.827700381304773,0.0002,0.001,5322.688,26
2,24,1.814238465116796,3.345551964214015,-0.0013748066720879,27.820417282142465,0.0002,0.0,5333.11,26
2,24,1.814238465116796,3.3455067307629123,0.0013062598276241,27.80010100268229,0.0002,0.001,5343.563,26
2,24,1.814238465116796,3.3457789087903964,-0.0020451667631743,27.78408626712353,0.0002,0.0,5353.985,26
2,24,1.814238465116796,3.3458117671602854,-0.0022426324799206,27.766567279932293,0.0002,0.001,5364.438,26
2,24,1.814238465116796,3.3461007782376,-0.0012022940524668,27.75186083078903,0.0002,0.0,5374.875,26
2,24,1.814238465116796,3.346011388837701,-0.0012408100122941,27.744831856507822,0.0002,0.001,5385.36,26
2,24,1.814238465116796,3.3460804696762803,-0.0022886742620853,27.73097862049268,0.0002,0.0,5395.797,26
2,24,1.814238465116796,3.3463880020407597,-0.0028799922581042,27.72197225934563,0.0002,0.001,5406.235,26
2,24,1.814238465116796,3.346310949791122,-0.0034204654952384,27.701843781048638,0.0002,0.0,5416.703,26
2,24,1.814238465116796,3.3465094345529165,-0.0017643010226876,27.69634254987295,0.0002,0.001,5427.157,26
2,24,1.814238465116796,3.3466577605501997,0.0005873915111075,27.68204681573713,0.0002,0.0,5437.61,26
2,24,1.814238465116796,3.3467501245626816,-0.0005066690069063,27.658594334954103,0.0002,0.001,5448.11,26
2,24,1.814238465116796,3.346816609223584,-0.0026062571958298,27.64442180122999,0.0002,0.0,5458.578,26
2,24,1.814238465116796,3.3470102638243286,-0.0004650549213205,27.62913859169097,0.0002,0.001,5469.094,26
2,24,1.814238465116796,3.3471343814217067,-0.0027717674707607,27.634451097919367,0.0002,0.0,5479.5,26
2,24,1.814238465116796,3.347235388107957,0.0001737927376355,27.604282642299005,0.0002,0.001,5489.985,26
2,24,1.814238465116796,3.347466565211247,-0.0025285698225348,27.589059076072957,0.0002,0.0,5500.469,26
2,24,1.814238465116796,3.3474004198345746,-0.0008902664990434,27.594188221962455,0.0002,0.001,5510.938,26
2,24,1.814238465116796,3.3474398163624093,-0.0005016581285182,27.56696254595949,0.0002,0.0,5521.375,26
2,24,1.814238465116796,3.3476179684135574,-0.0008864555098128,27.54376618642432,0.0002,0.001,5531.875,26
2,24,1.814238465116796,3.3479923055114424,-0.001728402606612,27.527264810978878,0.0002,0.0,5542.36,26
2,24,1.814238465116796,3.347714152530846,-0.0034760370276146,27.52581374283803,0.0002,0.001,5552.797,26
2,24,1.814238465116796,3.3477257780355933,-0.0095508156334611,27.504948623612517,0.0002,0.0,5563.282,26
2,24,1.814238465116796,3.348271742839103,0.0007003986219555,27.489766586261457,0.0002,0.001,5573.797,26
2,24,1.814238465116796,3.34821371361024,-5.6663860712278586e-05,27.49281007597685,0.0002,0.0,5584.25,26
2,24,1.814238465116796,3.348369876281826,-0.0015207197181556,27.47930325440879,0.0002,0.001,5594.657,26
2,24,1.814238465116796,3.3479956233706223,-0.0042427396697793,27.46954594570579,0.0002,0.0,5605.157,26
2,24,1.814238465116796,3.348352376707281,0.0003633058914837,27.463008806205483,0.0002,0.001,5615.672,26
2,24,1.814238465116796,3.348689840464567,-0.0019284709559962,27.45791602189678,0.0002,0.0,5626.094,26
2,24,1.814238465116796,3.3487048960233228,-0.0035120563485359,27.442678437451278,0.0002,0.001,5636.594,26
2,24,1.814238465116796,3.3487408923922968,-0.0009751873502892,27.428353922040333,0.0002,0.0,5647.047,26
2,24,1.814238465116796,3.34888879323424,-0.0018418765398558,27.41850093506641,0.0002,0.001,5657.469,26
2,24,1.814238465116796,3.348987112586981,-0.0010599223330091,27.396609926018268,0.0002,0.0,5667.985,26
2,24,1.814238465116796,3.34903510789502,-0.0034534872858179,27.383303414445702,0.0002,0.001,5678.407,26
2,24,1.814238465116796,3.3492385378195864,0.0020307096461194,27.353269003341666,0.0002,0.0,5688.969,26
2,24,1.814238465116796,3.349320404002309,0.0002887109293598,27.35404329655847,0.0002,0.001,5699.422,26
2,24,1.814238465116796,3.3492668326629738,-0.0024110618343657,27.350042492457536,0.0002,0.0,5710.0,26
2,24,1.814238465116796,3.349327659335456,-0.0025913378267344,27.33314664500165,0.0002,0.001,5720.5,26
2,24,1.814238465116796,3.349594988953669,-0.0029581618174502,27.328659386769832,0.0002,0.0,5731.0,26
2,24,1.814238465116796,3.349680722616045,1.680907274618916e-05,27.315726181304427,0.0002,0.001,5741.469,26
2,24,1.814238465116796,3.349736557982833,0.0020464032145843,27.303850198648465,0.0002,0.0,5752.0,26
2,24,1.814238465116796,3.3498526497393017,-0.0036044755849351,27.29873760936381,0.0002,0.001,5762.407,26
2,24,1.814238465116796,3.349829508900118,-0.0027321560091227,27.28500887446736,0.0002,0.0,5772.875,26
2,24,1.814238465116796,3.35006750526529,0.0020139688356583,27.261690969817668,0.0002,0.001,5783.344,26
2,24,1.814238465116796,3.350198146744656,-0.00106800031135,27.266795623345786,0.0002,0.0,5793.797,26
2,24,1.814238465116796,3.3500832791992146,0.0030232017118487,27.266193228620477,0.0002,0.001,5804.282,26
2,24,1.814238465116796,3.3504742399996448,0.0007099093578755,27.24939625791718,0.0002,0.0,5814.735,26
2,24,1.814238465116796,3.350224320465921,-0.0019558205080404,27.23565412236372,0.0002,0.001,5825.282,26
2,24,1.814238465116796,3.3504334381871232,-0.0005538841087782,27.22794431930738,0.0002,0.0,5835.782,26
2,24,1.814238465116796,3.350519931417141,-0.0005215296036011,27.21817630128516,0.0002,0.001,5846.375,26
2,24,1.814238465116796,3.3505686048360785,-0.0066754235223613,27.197441893774165,0.0002,0.0,5856.797,26
2,24,1.814238465116796,3.3507502910365745,-0.0032120165067992,27.196837474024445,0.0002,0.001,5867.297,26
2,24,1.814238465116796,3.3508426478669366,-0.0033267531209167,27.19039436447117,0.0002,0.0,5877.75,26
2,24,1.814238465116796,3.350847644184787,-0.0031969169596111,27.189306030823413,0.0002,0.001,5888.266,26
2,24,1.814238465116796,3.3510851059554674,-0.0019016895368499,27.18505674915836,0.0002,0.0,5898.703,26
2,24,1.814238465116796,3.351129077081363,-0.001845572622687,27.17133677413636,0.0002,0.001,5909.203,26
2,24,1.814238465116796,3.3512395084177204,-0.0008755855923161,27.152204328357083,0.0002,0.0,5919.672,26
2,24,1.814238465116796,3.3514434791921786,-0.0007623013838814,27.155813386800457,0.0002,0.001,5930.11,26
2,24,1.814238465116796,3.3512858414565967,-0.0027572617723078,27.134083858017917,0.0002,0.0,5940.594,26
2,24,1.814238465116796,3.3514389294560862,-0.00319389000743,27.13723510750964,0.0002,0.001,5951.11,26
2,24,1.814238465116796,3.3515566813726805,-0.0019847678446642,27.12809184927654,0.0002,0.0,5961.594,26
2,24,1.814238465116796,3.3515602336614925,-0.0052914309510503,27.13285314485492,0.0002,0.001,5972.016,26
2,24,1.814238465116796,3.351702436402039,-0.0014485426488029,27.11975689691938,0.0002,0.0,5982.5,26
2,24,1.814238465116796,3.351467678693007,-0.0037984656299607,27.10985048884723,0.0,0.001,5992.953,26
2,24,1.814238465116796,3.3518906533105133,-0.0017242715395731,27.10616280091106,0.0002,0.0,6003.344,26
2,24,1.814238465116796,3.3520463325730607,-0.0045027506208153,27.097010848992014,0.0002,0.001,6013.797,26
2,24,1.814238465116796,3.352035257553544,-0.0019356031374693,27.078658775519298,0.0002,0.0,6024.219,26
2,24,1.814238465116796,3.3521917166368302,-0.0022570571292753,27.07585434932516,0.0002,0.001,6034.672,26
2,24,1.814238465116796,3.3521210499401684,-4.0626634507493856e-05,27.067280340180087,0.0002,0.0,6045.188,26
2,24,1.814238465116796,3.352221013338778,-0.0033407711186002,27.06154372282213,0.0002,0.001,6055.672,26
2,24,1.814238465116796,3.3523852290638243,-0.001154918246386,27.05284264295829,0.0002,0.0,6066.125,26
2,24,1.814238465116796,3.3524459876693884,-0.0009662830894039,27.049916969632573,0.0002,0.001,6076.532,26
2,24,1.814238465116796,3.352456465423992,-0.0010725258994356,27.04388935791031,0.0002,0.0,6087.0,26
2,24,1.814238465116796,3.352502988453695,0.002869195688695,27.03637009550671,0.0002,0.001,6097.485,26
2,24,1.814238465116796,3.352710250525959,-0.0027661906239508,27.023614742114965,0.0002,0.0,6107.938,26
2,24,1.814238465116796,3.352792977810586,-0.000986017993882,27.019258700453527,0.0002,0.001,6118.438,26
2,24,1.814238465116796,3.352862848287667,0.0032680257284173,27.002923242117053,0.0002,0.0,6128.875,26
2,24,1.814238465116796,3.352873664308446,-0.0030197968369377,26.995946354529725,0.0002,0.001,6139.375,26
2,24,1.814238465116796,3.353092320837075,-0.0015421344219419,26.99856734815187,0.0002,0.0,6149.828,26
2,24,1.814238465116796,3.353005110980781,-0.001144544433568,27.00290900241266,0.0002,0.001,6160.266,26
2,24,1.814238465116796,3.3532082810038752,0.0010835310778208,26.99687504391294,0.0002,0.0,6170.782,26
2,24,1.814238465116796,3.353239109356597,-0.000936093580709,26.98352162348765,0.0002,0.001,6181.235,26
2,24,1.814238465116796,3.3533388836926723,-0.0049502072871903,26.9774885023518,0.0002,0.0,6191.719,26
2,24,1.814238465116796,3.3533267026658056,-0.002708144123815,26.969061908151023,0.0002,0.001,6202.157,26
2,24,1.814238465116796,3.353636268298691,0.0009629137821949,26.968108726495117,0.0002,0.0,6212.657,26
2,24,1.814238465116796,3.353225900509559,0.0004974018468443,26.975229697911733,0.0002,0.001,6223.125,26
2,24,1.814238465116796,3.353604327594942,-0.002789357697724,26.960684808814698,0.0002,0.0,6233.578,26
2,24,1.814238465116796,3.353542753863909,-0.0014227133180055,26.93989402935773,0.0002,0.001,6244.047,26
2,24,1.814238465116796,3.353966884237592,-0.0014507185147122,26.946102571354267,0.0002,0.001,6254.532,26
2,24,1.814238465116796,3.3537989713605447,0.002306359205981,26.944860322878977,0.0002,0.001,6265.032,26
2,24,1.814238465116796,3.353696665680615,-0.0034251929652579,26.935167181871616,0.0002,0.0,6275.438,26
2,24,1.814238465116796,3.3540760339875724,-0.0015110788291564,26.924358415072643,0.0002,0.001,6285.86,26
2,24,1.814238465116796,3.354059937088289,-0.0011606554662941,26.924528888032977,0.0002,0.0,6296.282,26
2,24,1.814238465116796,3.3539394247346075,-0.0060731284246247,26.919497809269853,0.0002,0.001,6306.719,26
2,24,1.814238465116796,3.354158464216461,-0.0017295089682926,26.90626057072269,0.0002,0.0,6317.157,26
2,24,1.814238465116796,3.354275164772389,-0.0041644959769446,26.90284826479464,0.0002,0.001,6327.641,26
2,24,1.814238465116796,3.354641156683121,0.0023389392333689,26.896933115379237,0.0002,0.0,6338.125,26
2,24,1.814238465116796,3.354401894283182,-0.0008105053291944,26.87677201223991,0.0002,0.001,6348.672,26
2,24,1.814238465116796,3.3546571957141165,-0.0025607721790696,26.88015984956939,0.0002,0.0,6359.047,26
2,24,1.814238465116796,3.354620502292073,-0.0019694008007697,26.882287763506387,0.0002,0.001,6369.547,26
2,24,1.814238465116796,3.3544466662394594,-0.0004892349028326,26.870649750468534,0.0002,0.0,6380.016,26
2,24,1.814238465116796,3.354620041844611,-0.0008402303525774,26.87263248384503,0.0002,0.001,6390.5,26
2,24,1.814238465116796,3.354573907757963,-0.0028671573119212,26.855662567593832,0.0002,0.0,6400.953,26
2,24,1.814238465116796,3.355144511580021,-0.0004267689944798,26.84454674988466,0.0002,0.001,6411.407,26
2,24,1.814238465116796,3.354930545667228,-0.0013472659650776,26.858505198744343,0.0002,0.0,6421.922,26
2,24,1.814238465116796,4.018558799241954,-0.0020127810778322,32.342243327229184,0.0008,4.025,391.844,26
2,24,1.814238465116796,3.4166542700006994,-3.974529208417373,32.311419164579384,3.997,1.504,401.891,26
2,24,1.814238465116796,4.013048887145561,-0.0004706343122517,32.54160128311342,0.0008,4.02,411.891,26
2,24,1.814238465116796,3.412536165644389,-3.9720265069501655,32.53055629045193,3.997,1.501,421.907,26
2,24,1.814238465116796,4.007561886769135,0.001338742151564,32.71758983807826,0.0008,4.014,431.953,26
2,24,1.814238465116796,3.44351991173395,-3.97207696442536,30.993441600492385,3.997,1.527,281.266,26
2,24,1.814238465116796,4.04848607219415,-0.0012364130498328,31.23415367905485,0.0008,4.055,291.235,26
2,24,1.814238465116796,3.4383241049570805,-3.9751974214040025,31.249247719258666,3.997,1.522,301.36,26
2,24,1.814238465116796,3.99693159335766,-0.0008717346542477,33.072357874752605,0.0008,4.003,472.032,26
2,24,1.814238465116796,3.39982215769029,-3.9723376568904816,33.052463647119225,3.997,1.489,482.094,26
2,24,1.814238465116796,3.9914428281060257,-0.0043422648107159,33.23394187128026,0.0008,3.998,492.172,26
2,24,1.814238465116796,3.395765132836356,-3.973227254516336,33.27590023309846,3.997,1.485,502.172,26
2,24,1.814238465116796,3.986391216897751,-0.0011010454249302,33.440858992498505,0.0008,3.993,512.203,26
2,24,1.814238465116796,3.4253599677408,-3.974403199800417,31.920338029557307,3.997,1.511,361.766,26
2,24,1.814238465116796,4.024365462729297,-0.0002015857348957,32.15655712886614,0.0008,4.031,371.782,26
2,24,1.814238465116796,3.4210187464733326,-3.9738684305589937,32.134624597216266,3.997,1.508,381.828,26
2,24,1.814238465116796,3.976135235817845,-0.0021924939059291,33.76803796578856,0.0008,3.982,552.469,26
2,24,1.814238465116796,3.3829063537435764,-3.9738651349635306,33.69059054634737,3.997,1.474,562.453,26
2,24,1.814238465116796,3.9706380845855223,-0.0011967293247148,33.88148107014254,0.0008,3.977,572.5,26
2,24,1.814238465116796,3.377936580833153,-3.9735943650382746,33.83418151342529,3.997,1.469,582.578,26
2,24,1.814238465116796,3.965419635555381,-0.0012048523442845,34.02269318836728,0.0008,3.972,592.657,26
2,24,1.814238465116796,3.4082312968418718,-3.97453393204691,32.718277741996,3.997,1.497,441.985,26
2,24,1.814238465116796,4.002214810762061,-0.0024681921844593,32.90227289065662,0.0008,4.009,451.985,26
2,24,1.814238465116796,3.403937234846002,-3.9733493497374446,32.85949405238193,3.997,1.492,462.016,26
2,24,1.814238465116796,3.355717417414291,-0.0011456141739849,26.809449058750555,0.0002,0.001,6516.219,26
2,24,1.814238465116796,3.3642284078986777,-3.972901108356074,34.246561995960924,3.997,1.457,643.016,26
2,24,1.814238465116796,3.950114040191414,-0.0019205106434266,34.492052896367305,0.0008,3.957,653.11,26
2,24,1.814238465116796,3.359568700409053,-3.9741843495918494,34.37998067299434,3.997,1.452,663.188,26
2,24,1.814238465116796,3.945259309896152,-0.0009225441054203,34.55476155874851,0.0008,3.952,673.219,26
2,24,1.814238465116796,3.391120749294357,-3.975349323772666,33.378056665216754,3.997,1.481,522.25,26
2,24,1.814238465116796,3.981307209443241,-0.000969003780283,33.610122044774336,0.0008,3.987,532.297,26
2,24,1.814238465116796,3.3866548119459514,-3.975264733676222,33.60213399827481,3.997,1.478,542.344,26
2,24,1.814238465116796,3.926231359372151,-0.0003067786912295,34.9551718903157,0.0008,3.932,753.563,26
2,24,1.814238465116796,3.3736810892528086,-3.973519384897904,33.99698864596129,3.997,1.466,602.75,26
2,24,1.814238465116796,3.9604886588737056,-0.0013790663121646,34.139771444062845,0.0008,3.968,612.797,26
2,24,1.814238465116796,3.369056071798859,-3.975288871563219,34.14971020650478,3.997,1.461,622.844,26
2,24,1.814238465116796,3.9555466759647326,-0.0019933941505236,34.27655973417313,0.0008,3.962,632.907,26
2,24,1.814238465116796,3.2933137629466844,-3.973450786216511,35.59439574915967,3.997,1.39,964.578,26
2,24,1.814238465116796,3.877536595770255,-0.0013238207390691,35.73876314758758,0.0008,3.884,974.61,26
2,24,1.814238465116796,3.288981567034535,-3.974000194549665,35.68758604391416,3.997,1.385,984.641,26
2,24,1.814238465116796,3.907933861816644,-0.0023932049082575,35.32311225409999,0.0008,3.914,833.938,26
2,24,1.814238465116796,3.3552797042060427,-3.97316268989615,34.50413099571601,3.997,1.449,683.25,26
2,24,1.814238465116796,3.940534482760295,-0.0001789580388261,34.64151680198064,0.0008,3.947,693.344,26
2,24,1.814238465116796,3.350817105323429,-3.9743225735634735,34.58570284625688,3.997,1.445,703.407,26
2,24,1.814238465116796,3.935397531313191,-0.0008067474539457,34.755929659524725,0.0008,3.942,713.407,26
2,24,1.814238465116796,3.345952226484069,-3.974045192494247,34.71024189875871,3.997,1.44,723.5,26
2,24,1.814238465116796,3.930807080990677,-0.0030236241895537,34.86553620623112,0.0006,3.938,733.485,26
2,24,1.814238465116796,3.3415705881579454,-3.974660223216529,34.78640433781263,3.997,1.435,743.5,26
2,24,1.814238465116796,3.355600059167296,-0.0032245801949382,26.81515450549665,0.0002,0.0,6505.735,26
2,24,1.814238465116796,3.337381927257322,-3.974034389831784,34.88429159452112,3.997,1.433,763.563,26
2,24,1.814238465116796,3.9216231660542378,-0.0020415962291857,35.0089125382197,0.0008,3.928,773.563,26
2,24,1.814238465116796,3.3326061057995133,-3.973582700937948,34.97465435252521,3.997,1.427,783.594,26
2,24,1.814238465116796,3.9169392351852657,-0.0011637366826671,35.119290865979515,0.0006,3.924,793.641,26
2,24,1.814238465116796,3.327779118354093,-3.974051416264329,35.054939829773765,3.997,1.422,803.75,26
2,24,1.814238465116796,3.9122471243221377,-0.0012299109012299,35.22762857338941,0.0008,3.92,813.828,26
2,24,1.814238465116796,3.323201115720334,-3.974564165328826,35.15119128500126,3.997,1.418,823.922,26
2,24,1.814238465116796,4.04244894298632,-0.0017632191836415,31.489820649051893,0.0006,4.049,311.453,26
2,24,1.814238465116796,3.3549181236833383,-0.0028604022159629,26.853895592819867,0.0002,0.001,6432.36,26
2,24,1.814238465116796,3.35520966353958,0.0024773121256755,26.83912727470701,0.0002,0.0,6442.844,26
2,24,1.814238465116796,3.3551864648629346,-0.0028387083147423,26.838189626418835,0.0002,0.001,6453.313,26
2,24,1.814238465116796,3.3551282432416243,-0.0082832713421537,26.833013513030707,0.0002,0.0,6463.797,26
2,24,1.814238465116796,3.3552219591542305,-0.002522454950584,26.82865953124683,0.0002,0.001,6474.235,26
2,24,1.814238465116796,3.355363586821812,-0.003951261493806,26.82596940899534,0.0002,0.0,6484.719,26
2,24,1.814238465116796,3.355457237659297,-0.0023407955960278,26.818320546311178,0.0002,0.001,6495.266,26
2,24,1.814238465116796,3.19428981279991,-3.975235991133752,37.31243863824153,3.997,1.294,1486.875,26
2,24,1.814238465116796,3.77663075906223,-0.0012344595017113,37.44965638244548,0.0008,3.784,1496.875,26
2,24,1.814238465116796,3.1911040176236525,-3.973263867938863,37.38875425697808,3.997,1.29,1506.938,26
2,24,1.814238465116796,3.77335286466153,-0.0014169923990761,37.51708447615347,0.0008,3.781,1516.969,26
2,24,1.814238465116796,3.188165185145213,-3.9743557581143993,37.42592276111401,3.997,1.288,1527.016,26
2,24,1.814238465116796,3.7700312577298,0.0009124417867672,37.564031298217614,0.0008,3.777,1537.078,26
2,24,1.814238465116796,3.184999943919129,-3.974410857090166,37.46456906215221,3.997,1.284,1547.157,26
2,24,1.814238465116796,3.766619982681244,-0.0008841225731945,37.58111800460044,0.0008,3.774,1557.25,26
2,24,1.814238465116796,3.182247388176293,-3.973191195969626,37.51483479240017,3.997,1.282,1567.313,26
2,24,1.814238465116796,3.763248775296313,-0.0019736661951169,37.64310211605294,0.0006,3.77,1577.36,26
2,24,1.814238465116796,3.178788007175014,-3.974921961693547,37.54324866264996,3.997,1.278,1587.391,26
2,24,1.814238465116796,3.75999671077408,-0.0001964930958874,37.68463906427159,0.0008,3.767,1597.469,26
2,24,1.814238465116796,3.175860050179542,-3.974392369531965,37.5863334203574,3.997,1.276,1607.516,26
2,24,1.814238465116796,3.7565550333877167,-0.0006097924014503,37.72145319342663,0.0008,3.764,1617.516,26
2,24,1.814238465116796,3.172778551448161,-3.974339761623966,37.639841889385465,3.997,1.273,1627.532,26
2,24,1.814238465116796,3.7533862506956166,-0.0020241101236008,37.76898468263131,0.0008,3.76,1637.563,26
2,24,1.814238465116796,3.1694509624105374,-3.97359957209451,37.683261676383104,3.997,1.27,1647.578,26
2,24,1.814238465116796,3.750044477609341,-0.0026234443071985,37.81382757787748,0.0008,3.758,1657.547,26
2,24,1.814238465116796,3.1660504592317107,-3.974203654750444,37.71112081546719,3.997,1.264,1667.625,26
2,24,1.814238465116796,3.747013883228889,-0.0007881139910007,37.85857266126265,0.0008,3.754,1677.719,26
2,24,1.814238465116796,3.163202671930885,-3.9733591307536633,37.79317109320301,3.997,1.263,1687.735,26
2,24,1.814238465116796,3.743878667264559,-0.0008582525952852,37.91704615828415,0.0008,3.75,1697.782,26
2,24,1.814238465116796,3.160418164315408,-3.974117909502128,37.81727214654092,3.997,1.26,1707.797,26
2,24,1.814238465116796,3.740704422779973,-0.002377768452476,37.95019623837601,0.0008,3.748,1717.86,26
2,24,1.814238465116796,3.157648154315658,-3.9729295180219775,37.84174912504805,3.997,1.258,1727.891,26
2,24,1.814238465116796,3.737661296361407,-0.0012993199249791,37.98998872464627,0.0008,3.745,1737.985,26
2,24,1.814238465116796,3.155128951001339,-3.9744517179461782,37.8872672107441,3.997,1.255,1748.0,26
2,24,1.814238465116796,3.734801140450908,-0.0011397925194567,38.01970407582253,0.0008,3.742,1758.032,26
2,24,1.814238465116796,3.1516687899185034,-3.9754924501913056,37.91626853433446,3.997,1.252,1768.11,26
2,24,1.814238465116796,3.731658181225385,-0.0018987227834243,38.071895508744376,0.0008,3.738,1778.125,26
2,24,1.814238465116796,3.148894279588237,-3.974261641849328,37.97237171991238,3.997,1.25,1788.172,26
2,24,1.814238465116796,3.728743881540685,-0.0035751141595739,38.110200613533344,0.0008,3.736,1798.157,26
2,24,1.814238465116796,3.4648011137715287,-3.974091630355178,29.982086203697165,3.997,1.544,200.657,26
2,24,1.814238465116796,4.075589253123985,-0.0029789862261548,30.22317896446869,0.0008,4.082,210.75,26
2,24,1.814238465116796,3.459333185450045,-3.971991779546089,30.249009952301265,3.997,1.539,220.844,26
2,24,1.814238465116796,4.068848484406745,-6.811937413592397e-05,30.47552722245821,0.0006,4.075,230.922,26
2,24,1.814238465116796,3.45423653083579,-3.974333867283781,30.500970108480768,3.997,1.535,240.938,26
2,24,1.814238465116796,4.061980870408457,-0.0006839317677678,30.72185570901978,0.0006,4.069,251.016,26
2,24,1.814238465116796,3.448810987470244,-3.974020077175212,30.75713867367147,3.997,1.531,261.094,26
2,24,1.814238465116796,4.055131689159989,-0.0002859085692541,30.980742543183013,0.0008,4.061,271.172,26
2,24,1.814238465116796,3.4941300177080614,-3.975333995965487,28.78998838333586,3.997,1.569,120.032,26
2,24,1.814238465116796,4.107883050509948,-0.0021063020150315,29.053964990736123,0.0008,4.115,130.141,26
2,24,1.814238465116796,3.485097435364796,-3.974185731920823,29.104474482876626,3.997,1.561,140.219,26
2,24,1.814238465116796,4.0986473780414405,-0.0019910899517109,29.381455254220644,0.0008,4.107,150.313,26
2,24,1.814238465116796,3.4775778482397444,-3.975378888806437,29.402876791260717,3.997,1.553,160.40699999999998,26
2,24,1.814238465116796,4.09093716519138,-0.0024904284163923,29.672639581771318,0.0008,4.097,170.5,26
2,24,1.814238465116796,3.47112148230594,-3.973593889288917,29.70351953144853,3.997,1.549,180.485,26
2,24,1.814238465116796,4.083525264378076,-0.0024419069622535,29.94768270728769,0.0008,4.09,190.578,26
2,24,1.814238465116796,3.556002871980771,-3.9738371943753545,27.00775196226145,3.997,1.625,39.735,26
2,24,1.814238465116796,4.15490239817539,0.0008493613149839,27.45385625226024,0.0008,4.165,49.813,26
2,24,1.814238465116796,3.5346427614740663,-3.974086516708632,27.61625011357477,3.997,1.608,59.813,26
2,24,1.814238465116796,4.140224512526848,0.0021059399099475,27.963197494661795,0.0008,4.149,69.86,26
2,24,1.814238465116796,3.5179422869792982,-3.9767477056705793,28.07513262078518,3.997,1.591,79.907,26
2,24,1.814238465116796,4.127620233107815,-0.00322461904279,28.36738615956909,0.0008,4.137,89.969,26
2,24,1.814238465116796,3.5049671237414883,-3.97316277041982,28.44774854181389,3.997,1.577,99.985,26
2,24,1.814238465116796,4.117140472716345,-0.001141161693493,28.7382362374618,0.0008,4.126,110.0,26
2,24,1.814238465116796,4.20685147285374,0.0002920825149625,25.96471800834349,0.0002,0.0,0.0,26
2,24,1.814238465116796,4.206957767652323,-0.0026878247088636,25.971947932888032,0.0,4.223,9.421999999999995,26
2,24,1.814238465116796,3.584699114261743,-3.9734587881700936,26.20667914389328,3.997,1.638,19.703,26
2,24,1.814238465116796,4.17436588620856,2.226591300822228e-07,26.74902824470947,0.0008,4.186,29.703,26
2,24,1.814238465116796,3.2683835208225243,-3.975283750733319,36.0494278233036,3.997,1.365,1085.11,26
3,24,1.812859679313087,3.855750697662839,-0.0010362910845582,36.48292875474474,0.0006,3.863,1079.625,25
3,24,1.812859679313087,3.2579172078843803,-3.97453568235547,36.390437520920656,3.997,1.355,1089.734,25
3,24,1.812859679313087,3.8518078151797854,-0.0018441097063172,36.55641398225474,0.0008,3.859,1099.859,25
3,24,1.812859679313087,3.2537130374660825,-3.973644859223569,36.44802107911501,3.997,1.351,1109.984,25
3,24,1.812859679313087,3.880750626383231,-0.0029644734191086,36.04243053028355,0.0008,3.888,958.578,25
3,24,1.812859679313087,3.282097098415244,-3.973686248701438,35.97192873035176,3.997,1.378,968.671,25
3,24,1.812859679313087,3.87664284283667,-0.0008097831202149,36.129795203391325,0.0008,3.884,978.75,25
3,24,1.812859679313087,3.278050899355083,-3.97344258762524,36.04379836840901,3.997,1.374,988.812,25
3,24,1.812859679313087,3.8394013967613736,-0.0023189312488677,36.7642062919831,0.0008,3.847,1160.484,25
3,24,1.812859679313087,3.24203499292301,-3.974265212178509,36.67830440923274,3.997,1.338,1170.531,25
3,24,1.812859679313087,3.835458272870544,-0.0009698086124922,36.82971070020057,0.0008,3.843,1180.64,25
3,24,1.812859679313087,3.237659256978992,-3.975019873995388,36.75100357098313,3.997,1.335,1190.812,25
3,24,1.812859679313087,3.864027703426528,-0.0003587713842471,36.32793762551348,0.0008,3.872,1039.203,25
3,24,1.812859679313087,3.2659822087378267,-3.973772497519074,36.26424242448828,3.997,1.362,1049.281,25
3,24,1.812859679313087,3.859936279075516,-0.0008913511967279,36.40105637423876,0.0008,3.868,1059.421,25
3,24,1.812859679313087,3.2619601682230965,-3.974121420043269,36.31826753421573,3.997,1.359,1069.515,25
3,24,1.812859679313087,3.9648245632908767,-0.002811222265044,34.44946417772294,0.0008,3.972,595.046,25
3,24,1.812859679313087,3.3566131609078984,-3.972614917562056,34.3790926304701,3.997,1.448,605.14,25
3,24,1.812859679313087,3.95965234765697,-9.848821905298058e-05,34.58392980000367,0.0008,3.967,615.218,25
3,24,1.812859679313087,3.352539338520656,-3.975370874763187,34.5388846757097,3.997,1.443,625.328,25
3,24,1.812859679313087,3.8474268626019534,-0.0014940733786741,36.60721820352343,0.0008,3.856,1120.078,25
3,24,1.812859679313087,3.2497197809845493,-3.973890737788231,36.52137454838312,3.997,1.345,1130.14,25
3,24,1.812859679313087,3.8435778162449417,-0.0007136263007636,36.69381328853868,0.0008,3.85,1140.265,25
3,24,1.812859679313087,3.245743160496924,-3.975020263347667,36.61045384287257,3.997,1.343,1150.359,25
3,24,1.812859679313087,3.944434371248681,-0.003025466503485,34.93492149382172,0.0008,3.952,676.078,25
3,24,1.812859679313087,3.3403521883599403,-3.974282351735378,34.86293050222032,3.997,1.433,686.14,25
3,24,1.812859679313087,3.939744155783881,-0.0027454561446667,35.06536393539678,0.0006,3.947,696.187,25
3,24,1.812859679313087,3.3361697114606,-3.974753853943308,35.01729924960502,3.997,1.43,706.281,25
3,24,1.812859679313087,3.975276329726224,0.0010349163994301,34.20145769819438,0.0008,3.982,554.656,25
3,24,1.812859679313087,3.364976048103387,-3.9741011082375017,34.166633289754266,3.997,1.456,564.75,25
3,24,1.812859679313087,3.9701524983518808,-0.0033492884989039,34.331273260088054,0.0006,3.976,574.859,25
3,24,1.812859679313087,3.360628107212072,-3.974661953668341,34.29714458564028,3.997,1.451,584.984,25
3,24,1.812859679313087,3.7932023829332406,-0.0005499346345054,37.525083527728825,0.0008,3.8,1402.89,25
3,24,1.812859679313087,3.1982398011420035,-3.974172127889276,37.426911086813256,3.997,1.296,1412.968,25
3,24,1.812859679313087,3.7899000883969096,-0.0021046029548913,37.53101676878308,0.0008,3.797,1423.156,25
3,24,1.812859679313087,3.1946023234977763,-3.9744272488756343,37.458585611972495,3.997,1.294,1433.234,25
3,24,1.812859679313087,3.815810521774464,-0.0019340514715488,37.151116215315085,0.0008,3.823,1281.625,25
3,24,1.812859679313087,3.2193895945340354,-3.972757988547016,37.069114735680856,3.997,1.317,1291.796,25
3,24,1.812859679313087,3.811860266853178,0.0001288815418463,37.21472331571458,0.0006,3.82,1301.89,25
3,24,1.812859679313087,3.2155778015204466,-3.9739345515587465,37.142201315814376,3.997,1.313,1312.015,25
3,24,1.812859679313087,3.7792852459421673,-0.0015009965128477,37.70026967435314,0.0008,3.787,1483.796,25
3,24,1.812859679313087,3.184372877887394,-3.974533769017537,37.6087425424136,3.997,1.282,1493.875,25
3,24,1.812859679313087,3.775501365207788,-0.0021459494398913,37.76063326020677,0.0008,3.783,1503.953,25
3,24,1.812859679313087,3.1807291319711597,-3.974386027129557,37.651941815409614,3.997,1.279,1514.078,25
3,24,1.812859679313087,3.8007162428441417,-0.0017602025238133,37.39239149228664,0.0008,3.808,1362.531,25
3,24,1.812859679313087,3.20503522508242,-3.974983360036057,37.29821065769767,3.997,1.302,1372.64,25
3,24,1.812859679313087,3.7966364757825417,0.0003912801555916,37.4372403469261,0.0008,3.804,1382.718,25
3,24,1.812859679313087,3.2014729344615587,-3.97395674478766,37.35439792406845,3.997,1.3,1392.828,25
3,24,1.812859679313087,3.8898993522317458,-0.0024546688343921,35.89489699629944,0.0008,3.897,918.218,25
3,24,1.812859679313087,3.29095313744359,-3.9734417621945854,35.83780092325033,3.997,1.387,928.281,25
3,24,1.812859679313087,3.885452195204485,6.0262307218515405e-05,35.9782909796309,0.0008,3.892,938.39,25
3,24,1.812859679313087,3.286577827487293,-3.975540741354699,35.89886112858988,3.997,1.383,948.531,25
3,24,1.812859679313087,3.7862219878170986,-0.0026141637806658,37.59374295461796,0.0008,3.794,1443.375,25
3,24,1.812859679313087,3.191279136912592,-3.974091442110857,37.50487376814691,3.997,1.29,1453.453,25
3,24,1.812859679313087,3.782704605692668,-0.0011400357079366,37.64989781398933,0.0008,3.79,1463.578,25
3,24,1.812859679313087,3.1879797962220846,-3.973404291773309,37.539553878917225,3.997,1.287,1473.64,25
3,24,1.812859679313087,3.872222141463597,-0.0007257496070026,36.19966024347983,0.0008,3.88,998.843,25
3,24,1.812859679313087,3.2737936363954576,-3.9755017127967895,36.11388811183523,3.997,1.369,1008.921,25
3,24,1.812859679313087,3.868125583025997,-0.0010452824996801,36.2664826850613,0.0008,3.876,1019.031,25
3,24,1.812859679313087,3.269894915710854,-3.974284776019713,36.19267490016141,3.997,1.365,1029.125,25
3,24,1.812859679313087,3.8983585212154033,-0.0008650194068826,35.782050209509855,0.0008,3.905,877.718,25
3,24,1.812859679313087,3.299014407085721,-3.9742513186096087,35.69075550791424,3.997,1.394,887.89,25
3,24,1.812859679313087,3.8938856157647286,-0.0004724836376125,35.84457964272356,0.0006,3.901,898.0,25
3,24,1.812859679313087,3.2952013491787504,-3.974018066269698,35.766230148506864,3.997,1.39,908.078,25
3,24,1.812859679313087,3.73948554488498,-0.0032813139059089,38.26240207802546,0.0008,3.746,1726.328,25
3,24,1.812859679313087,3.1446159710213237,-3.973706103556591,38.15197503403632,3.997,1.244,1736.437,25
3,24,1.812859679313087,3.7365712249491,-0.0020540046906477,38.29114229497309,0.0008,3.744,1746.609,25
3,24,1.812859679313087,3.1415918860963674,-3.973572909206301,38.19514239910369,3.997,1.24,1756.765,25
3,24,1.812859679313087,3.758685994011876,-0.000868800865488,37.97439676747912,0.0008,3.766,1605.015,25
3,24,1.812859679313087,3.1635042059990552,-3.973120997715176,37.8803986667562,3.997,1.262,1615.109,25
3,24,1.812859679313087,3.7553468154441942,-0.0017722013847996,38.0333574787172,0.0008,3.763,1625.218,25
3,24,1.812859679313087,3.160243661231816,-3.974668633772784,37.94369391071168,3.997,1.259,1635.312,25
3,24,1.812859679313087,3.7275379759302254,4.3143990152999336e-05,38.42220225532417,0.0008,3.734,1807.187,25
3,24,1.812859679313087,3.1324884249649045,-3.976674183051988,38.31804895396498,3.997,1.232,1817.296,25
3,24,1.812859679313087,3.724648065867919,1.7850904412374517e-05,38.45578257359188,0.0006,3.732,1827.421,25
3,24,1.812859679313087,3.129143177612474,-3.974090050481686,38.35085280113764,3.997,1.228,1837.515,25
3,24,1.812859679313087,3.7457745558290623,-0.0022412140060901,38.19734562516523,0.0006,3.753,1685.89,25
3,24,1.812859679313087,3.1507013054369835,-3.974463168993737,38.07393112526019,3.997,1.25,1696.015,25
3,24,1.812859679313087,3.7425976915169423,-0.0012044440039547,38.2321129955632,0.0008,3.75,1706.109,25
3,24,1.812859679313087,3.147716762451238,-3.973023208808761,38.11533878645415,3.997,1.248,1716.218,25
3,24,1.812859679313087,3.823503452133264,-0.0028032819313958,37.02170453694491,0.0008,3.831,1241.296,25
3,24,1.812859679313087,3.227079381634255,-3.9739549824482863,36.94736839634531,3.997,1.325,1251.343,25
3,24,1.812859679313087,3.819839615932107,-0.0009066392438031,37.09351541372529,0.0008,3.827,1261.437,25
3,24,1.812859679313087,3.2234223751685485,-3.974514303205313,37.00869149561069,3.997,1.322,1271.531,25
3,24,1.812859679313087,3.733512558895039,-0.0006993783109306,38.346038656631166,0.0008,3.74,1766.859,25
3,24,1.812859679313087,3.13855333010567,-3.972526234577035,38.23249094549721,3.997,1.238,1776.953,25
3,24,1.812859679313087,3.730529790977168,-0.0020009999747559,38.398590277280746,0.0008,3.738,1787.062,25
3,24,1.812859679313087,3.135815072700738,-3.973729256790233,38.275033151289854,3.997,1.236,1797.14,25
3,24,1.812859679313087,3.808128220683536,-0.00085210704471,37.27383380938711,0.0008,3.816,1322.093,25
3,24,1.812859679313087,3.2119810197449152,-3.97490394397658,37.172640324882245,3.997,1.31,1332.203,25
3,24,1.812859679313087,3.804451157505125,-0.0030478334987294,37.34049028007574,0.0008,3.812,1342.312,25
3,24,1.812859679313087,3.2082582005846723,-3.975430653322352,37.22885966687601,3.997,1.305,1352.437,25
3,24,1.812859679313087,3.831506793233392,-0.0004221504409071,36.90327734224388,0.0008,3.839,1200.89,25
3,24,1.812859679313087,3.2336955951328945,-3.9744924807081934,36.81871562393329,3.997,1.331,1211.0,25
3,24,1.812859679313087,3.827581736895223,-0.001944659066142,36.96390026698991,0.0008,3.835,1221.093,25
3,24,1.812859679313087,3.2297693738464703,-3.974335321967262,36.893871038771,3.997,1.327,1231.203,25
3,24,1.812859679313087,3.695855993139968,-0.0014700185203113,38.86367654711784,0.0008,3.702,2049.562,25
3,24,1.812859679313087,3.09871214125314,-3.975253067698995,38.74819646120499,3.997,1.199,2059.64,25
3,24,1.812859679313087,3.693528491537693,-2.260352095056499e-05,38.90707926092382,0.0008,3.7,2069.718,25
3,24,1.812859679313087,3.0963426567590515,-3.9748362792412353,38.804734945254,3.997,1.196,2079.812,25
3,24,1.812859679313087,3.7106792269171303,-0.0012392520741086,38.64053894382956,0.0008,3.718,1928.484,25
3,24,1.812859679313087,3.1147810126923314,-3.975349021765015,38.52762512043723,3.997,1.214,1938.531,25
3,24,1.812859679313087,3.708077694112504,-0.0010863765630957,38.67333951578051,0.0008,3.715,1948.562,25
3,24,1.812859679313087,3.112146247129278,-3.973922340437302,38.58575324232083,3.997,1.211,1958.625,25
3,24,1.812859679313087,3.686774011376581,-0.0010342115446723,39.01194030444212,0.0008,3.694,2130.39,25
3,24,1.812859679313087,3.089369732100218,-3.9742691812189257,38.8819048915454,3.997,1.19,2140.5,25
3,24,1.812859679313087,3.68461033439316,-0.0045636646154655,39.050304459481374,0.0008,3.692,2150.609,25
3,24,1.812859679313087,3.086945249985144,-3.9730761505659538,38.949843194205314,3.997,1.186,2160.75,25
3,24,1.812859679313087,3.700563217450748,-0.0018902871773285,38.79951927505307,0.0008,3.708,2009.156,25
3,24,1.812859679313087,3.1039245660553205,-3.97440616896786,38.69474428409608,3.997,1.204,2019.234,25
3,24,1.812859679313087,3.698080704126349,-0.0008352222099588,38.82366777306487,0.0008,3.705,2029.343,25
3,24,1.812859679313087,3.101319333665628,-3.974928624860063,38.71901634714221,3.997,1.201,2039.453,25
3,24,1.812859679313087,3.765326800748339,-0.0013506781918951,37.90199272160661,0.0008,3.772,1564.64,25
3,24,1.812859679313087,3.170275459116849,-3.9740302186611767,37.80599807512088,3.997,1.27,1574.734,25
3,24,1.812859679313087,3.761936682571098,-0.001760513620672,37.93661810040525,0.0008,3.769,1584.859,25
3,24,1.812859679313087,3.1671353292298225,-3.974778917298251,37.83907338731566,3.997,1.264,1594.921,25
3,24,1.812859679313087,3.691286912969613,-0.0002780868708249,38.90627573575343,0.0008,3.699,2089.984,25
3,24,1.812859679313087,3.0942358310081675,-3.973709995065242,38.80947615451203,3.997,1.194,2100.062,25
3,24,1.812859679313087,3.688840382139497,0.0003004092870136,38.95779170780455,0.0008,3.696,2110.156,25
3,24,1.812859679313087,3.092125363715505,-3.975299831887273,38.86976732054372,3.997,1.192,2120.265,25
3,24,1.812859679313087,3.751998956438876,-0.0003915505847056,38.06143045460946,0.0008,3.76,1645.406,25
3,24,1.812859679313087,3.1569017516432654,-3.973911696803088,37.95001324560096,3.997,1.256,1655.546,25
3,24,1.812859679313087,3.74891993561204,-7.718299666394131e-05,38.11596721197456,0.0008,3.756,1665.64,25
3,24,1.812859679313087,3.153790672594751,-3.97150853141229,38.03027964157947,3.997,1.252,1675.765,25
3,24,1.812859679313087,3.77208933525396,-0.0016160762419956,37.80225434697294,0.0008,3.78,1524.156,25
3,24,1.812859679313087,3.1772016708837487,-3.975049211618015,37.67763987615766,3.997,1.276,1534.328,25
3,24,1.812859679313087,3.768626917830466,-0.0028111974191504,37.83908989252359,0.0008,3.776,1544.437,25
3,24,1.812859679313087,3.17381842746903,-3.9733531449943023,37.74369613286918,3.997,1.274,1554.546,25
3,24,1.812859679313087,3.663649508058593,-0.0017008515038257,39.49890172828216,0.0008,3.67,2372.968,25
3,24,1.812859679313087,3.061046854489741,-3.974615714444639,39.4107207019865,3.997,1.162,2383.156,25
3,24,1.812859679313087,3.661943350096826,-0.0023896167685389,39.54946757904732,0.0006,3.668,2393.25,25
3,24,1.812859679313087,3.0583573637745527,-3.973977796932095,39.4300003843458,3.997,1.158,2403.312,25
3,24,1.812859679313087,3.6747682994977016,-0.0015887141745975,39.22834365593727,0.0008,3.681,2251.859,25
3,24,1.812859679313087,3.0754806783213557,-3.972813860238313,39.10326887272996,3.997,1.176,2262.078,25
3,24,1.812859679313087,3.672757969214585,-0.0003369706620218,39.26349487567711,0.0008,3.68,2272.125,25
3,24,1.812859679313087,3.073117367454728,-3.9754388334593673,39.19039432590517,3.997,1.174,2282.234,25
3,24,1.812859679313087,3.656781411029305,-0.0013130930907099,39.65357730857935,0.0008,3.663,2454.015,25
3,24,1.812859679313087,3.0515050761022016,-3.973309622327401,39.55896019498892,3.997,1.152,2464.156,25
3,24,1.812859679313087,3.65500034187774,0.0009322221560755,39.7113891778496,0.0008,3.661,2474.281,25
3,24,1.812859679313087,3.049325126308944,-3.974128172935776,39.61713356564211,3.997,1.15,2484.312,25
3,24,1.812859679313087,3.667492082766659,-0.0029746760363847,39.40590341894749,0.0008,3.674,2332.625,25
3,24,1.812859679313087,3.066213454767356,-3.974704242449232,39.29322870433515,3.997,1.166,2342.718,25
3,24,1.812859679313087,3.665721993463648,-0.0029477705378594,39.44485219908589,0.0008,3.672,2352.812,25
3,24,1.812859679313087,3.0641171198673702,-3.975145083840912,39.33918809969099,3.997,1.164,2362.875,25
3,24,1.812859679313087,3.7161821149984378,-0.0017643442257155,38.58930466199187,0.0008,3.724,1888.093,25
3,24,1.812859679313087,3.121326424930672,-3.973700375395972,38.47716830323424,3.997,1.22,1898.156,25
3,24,1.812859679313087,3.713334836967656,-0.0012037776001854,38.604988079475575,0.0008,3.72,1908.25,25
3,24,1.812859679313087,3.1179596155203546,-3.975930451799389,38.50382060861048,3.997,1.218,1918.406,25
3,24,1.812859679313087,3.660322120188479,-0.0009103759390831,39.57345659823997,0.0008,3.666,2413.468,25
3,24,1.812859679313087,3.055972065447604,-3.975351016400304,39.47743761497773,3.997,1.155,2423.671,25
3,24,1.812859679313087,3.658616419068885,-0.0025715688209009,39.61844570217389,0.0008,3.665,2433.843,25
3,24,1.812859679313087,3.053962983041772,-3.9733799585456073,39.510516364710746,3.997,1.154,2443.906,25
3,24,1.812859679313087,3.7055470218126727,-0.0017728061026549,38.718664096379456,0.0008,3.713,1968.734,25
3,24,1.812859679313087,3.1092065858860334,-3.975120620801444,38.59885428561113,3.997,1.209,1978.89,25
3,24,1.812859679313087,3.702860307669906,0.0013405705876846,38.7615796066168,0.0008,3.71,1988.937,25
3,24,1.812859679313087,3.1064051737016576,-3.9752050427905528,38.652978032169045,3.997,1.206,1999.046,25
3,24,1.812859679313087,3.7217069681794106,-0.0031801757130023,38.4885006714282,0.0008,3.729,1847.671,25
3,24,1.812859679313087,3.1267712087837447,-3.974828092089976,38.37434617129664,3.997,1.226,1857.765,25
3,24,1.812859679313087,3.718934454090438,-0.0018509692399788,38.55647888902912,0.0008,3.726,1867.843,25
3,24,1.812859679313087,3.1238198493285383,-3.973128630170239,38.44044618610732,3.997,1.223,1878.0,25
3,24,1.812859679313087,3.632979739132604,0.0001688239466461,40.31941946254523,0.0006,3.639,2696.265,25
3,24,1.812859679313087,3.016004973120596,-3.973531618350427,40.18921610216464,3.997,1.12,2706.437,25
3,24,1.812859679313087,3.6305499095273737,-0.0009542153788756,40.38548640368866,0.0006,3.636,2716.515,25
3,24,1.812859679313087,3.013261234729166,-3.973772192182527,40.28080113019165,3.997,1.117,2726.593,25
3,24,1.812859679313087,3.6457841680856986,-0.0020590890465928,39.97506405004225,0.0008,3.652,2575.328,25
3,24,1.812859679313087,3.0341574750347475,-3.9737903942735895,39.86972544605375,3.997,1.136,2585.421,25
3,24,1.812859679313087,3.6435731838754792,-0.0026213968022095,40.028463234114376,0.0008,3.649,2595.5,25
3,24,1.812859679313087,3.0315984333968613,-3.97426928496405,39.91750832524748,3.997,1.134,2605.593,25
3,24,1.812859679313087,3.6232721403426016,-0.0017787773706031,40.5518666717287,0.0008,3.629,2777.187,25
3,24,1.812859679313087,3.003828207375857,-3.9749108741028234,40.44344568358042,3.997,1.108,2787.265,25
3,24,1.812859679313087,3.620461265648545,-0.0020184208764852,40.60653579166656,0.0008,3.626,2797.39,25
3,24,1.812859679313087,2.999895343262853,-3.973170539427944,40.50963204133669,3.997,1.104,2807.453,25
3,24,1.812859679313087,3.637676523804272,-0.002492754727974,40.21050013781839,0.0006,3.643,2655.968,25
3,24,1.812859679313087,3.021998238210026,-3.9739048644459634,40.07525926211319,3.997,1.124,2666.031,25
3,24,1.812859679313087,3.63524166763817,-0.0008239063641878,40.2819590914438,0.0008,3.641,2676.093,25
3,24,1.812859679313087,3.0191576220471674,-3.9733920633302393,40.173202896176335,3.997,1.122,2686.14,25
3,24,1.812859679313087,3.678416575928548,0.0013550783385222,39.171685583619045,0.0008,3.686,2211.359,25
3,24,1.812859679313087,3.079784314380774,-3.973846487417276,39.05467789022338,3.997,1.18,2221.5,25
3,24,1.812859679313087,3.676663990619131,0.0004427414304081,39.20752955330823,0.0008,3.684,2231.609,25
3,24,1.812859679313087,3.077517139131336,-3.97358008046618,39.08471998375744,3.997,1.178,2241.734,25
3,24,1.812859679313087,3.628000653620756,-0.001528972764963,40.43986446679203,0.0006,3.633,2736.671,25
3,24,1.812859679313087,3.0105810450772945,-3.9727230884853992,40.32642060756449,3.997,1.114,2746.765,25
3,24,1.812859679313087,3.625886222309158,-0.0016408967209346,40.48615493129101,0.0006,3.632,2756.968,25
3,24,1.812859679313087,3.0069980255058373,-3.972729736606092,40.38279077432725,3.997,1.11,2767.062,25
3,24,1.812859679313087,3.6706870460994327,-0.0020506786177322,39.335261987994,0.0006,3.678,2292.312,25
3,24,1.812859679313087,3.071123129348793,-3.973917282353149,39.20867565689329,3.997,1.171,2302.359,25
3,24,1.812859679313087,3.668930515811708,-0.0020671196453015,39.36974596220917,0.0008,3.676,2312.375,25
3,24,1.812859679313087,3.068555493348674,-3.973287066048419,39.26094981211542,3.997,1.169,2322.5,25
3,24,1.812859679313087,3.68261448368648,-0.0030124714476591,39.09844655837707,0.0008,3.689,2170.906,25
3,24,1.812859679313087,3.0848487887434364,-3.9749091155664047,38.97321139004734,3.997,1.184,2181.062,25
3,24,1.812859679313087,3.680591209081832,-0.0019369320252496,39.12618379479766,0.0008,3.688,2191.14,25
3,24,1.812859679313087,3.082441660329738,-3.9737402987619,39.00801985367879,3.997,1.182,2201.312,25
3,24,1.812859679313087,3.5796619038756683,-0.0034083437996983,41.28746654976565,0.0006,3.583,3019.625,25
3,24,1.812859679313087,2.946388230270879,-3.9740291712250295,41.17297598172741,3.997,1.054,3029.765,25
3,24,1.812859679313087,3.5740220617744103,-0.0015839396310679,41.32329035456431,0.0008,3.577,3039.859,25
3,24,1.812859679313087,2.9391050839104107,-3.974953238722525,41.23219779944795,3.997,1.047,3049.953,25
3,24,1.812859679313087,3.6048089541697306,-0.0028647142367172,40.90839457903659,0.0008,3.609,2898.406,25
3,24,1.812859679313087,2.9771392805763544,-3.9733347756379063,40.804371624653946,3.997,1.082,2908.515,25
3,24,1.812859679313087,3.6013292958659706,-0.0010361760341218,40.98940257792072,0.0008,3.606,2918.687,25
3,24,1.812859679313087,2.972926410856407,-3.973549410961319,40.8777214126785,3.997,1.078,2928.781,25
3,24,1.812859679313087,3.553097556872091,3.3239271968151536e-05,41.47468270841643,0.0008,3.557,3100.468,25
3,24,1.812859679313087,2.911880443618995,-3.973529864944133,41.38053840927758,3.997,1.02,3110.546,25
3,24,1.812859679313087,3.543816448679594,-0.003719322348889,41.568032421145965,0.0008,3.547,3120.656,25
3,24,1.812859679313087,2.899515849939923,-3.973915129857284,41.45822926760158,3.997,1.008,3130.796,25
3,24,1.812859679313087,3.5894326923972733,-0.0030392186764313,41.16397128258051,0.0008,3.593,2979.234,25
3,24,1.812859679313087,2.958619411382888,-3.974443419605508,41.05424434065816,3.997,1.063,2989.359,25
3,24,1.812859679313087,3.5844626829326938,-0.001458524902211,41.21728741810647,0.0008,3.588,2999.39,25
3,24,1.812859679313087,2.9529225138698934,-3.973031132661475,41.10466659174655,3.997,1.058,3009.515,25
3,24,1.812859679313087,3.649396055664037,0.0009602364816296,39.87356833530732,0.0008,3.656,2534.921,25
3,24,1.812859679313087,3.0403266601182417,-3.974317846858912,39.77863494531405,3.997,1.142,2545.031,25
3,24,1.812859679313087,3.647546861994728,-0.0023485019334027,39.92169374742109,0.0008,3.654,2555.14,25
3,24,1.812859679313087,3.037503281960806,-3.97684768172696,39.81068236351799,3.997,1.139,2565.218,25
3,24,1.812859679313087,3.567941254784422,-0.0017780552651266,41.36824554069252,0.0006,3.572,3060.078,25
3,24,1.812859679313087,2.9308207301045868,-3.9729574974485296,41.26392627643399,3.997,1.038,3070.171,25
3,24,1.812859679313087,3.5610205284661536,-0.0015109666194218,41.42336913362049,0.0006,3.565,3080.265,25
3,24,1.812859679313087,2.921640802483419,-3.974362958678231,41.3096358980871,3.997,1.028,3090.375,25
3,24,1.812859679313087,3.641498787767558,-0.001181705262565,40.07634900124472,0.0008,3.647,2615.687,25
3,24,1.812859679313087,3.028693752763094,-3.972930565327331,39.97304102051358,3.997,1.132,2625.75,25
3,24,1.812859679313087,3.6396067670464496,-0.0010647685629176,40.13262482119083,0.0006,3.645,2635.796,25
3,24,1.812859679313087,3.025171223715668,-3.9752709853422967,40.03484088826831,3.997,1.128,2645.875,25
3,24,1.812859679313087,3.653148106662262,-0.0019615201010058,39.79243807530912,0.0008,3.659,2494.39,25
3,24,1.812859679313087,3.046563383376286,-3.971715056922125,39.66215717368756,3.997,1.148,2504.578,25
3,24,1.812859679313087,3.6511917821054376,-0.0023737979148396,39.80816328276855,0.0006,3.658,2514.671,25
3,24,1.812859679313087,3.043161063892518,-3.9732234391110026,39.70612767698589,3.997,1.144,2524.812,25
3,24,1.812859679313087,3.2423297718791217,-0.0015035762128796,42.57382134588044,0.0006,3.241,3343.468,25
3,24,1.812859679313087,2.4982363525248754,-3.972023702174562,42.468025541310034,3.997,0.63,3353.75,25
3,24,1.812859679313087,3.1846730865772392,-0.0003306623548101,42.65704114936764,0.0002,0.0,3364.125,25
3,24,1.812859679313087,3.217777329798747,-0.0018377015718512,42.28734680734964,0.0002,0.001,3374.546,25
3,24,1.812859679313087,3.466691427354593,-0.0007880854243603,41.92737996712148,0.0008,3.468,3221.734,25
3,24,1.812859679313087,2.7944310507261823,-3.974255977313343,41.83466101899607,3.997,0.91,3231.812,25
3,24,1.812859679313087,3.44233468245998,-0.0021608040305865,42.03921445356606,0.0006,3.445,3241.906,25
3,24,1.812859679313087,2.760387533258943,-3.972867623800795,41.92757166142962,3.997,0.877,3252.031,25
3,24,1.812859679313087,3.289408675786676,-0.0015318076027589,40.4568918701762,0.0002,0.0,3426.843,25
3,24,1.812859679313087,3.29661537600937,-0.0015810191186571,40.18293251236,0.0002,0.001,3437.375,25
3,24,1.812859679313087,3.3027943609369,0.0005866862172905,39.96478747052533,0.0002,0.0,3447.859,25
3,24,1.812859679313087,3.3080788459933066,-0.0001429150390484,39.746433174839055,0.0002,0.001,3458.359,25
3,24,1.812859679313087,3.343304232711956,-0.0032745427775097,42.34716718408724,0.0008,3.343,3302.609,25
3,24,1.812859679313087,2.6323614469885377,-3.9730658517018496,42.22593347187434,3.997,0.757,3312.671,25
3,24,1.812859679313087,3.2974816084044343,-0.0007984409328811,42.448462718794495,0.0008,3.298,3322.89,25
3,24,1.812859679313087,2.5714856856705945,-3.970839975662994,42.34597152452321,3.997,0.701,3333.203,25
3,24,1.812859679313087,3.6115522906304633,-0.0019264777133387,40.80426481132097,0.0008,3.616,2858.0,25
3,24,1.812859679313087,2.9871993334847837,-3.973666455497466,40.68663057844865,3.997,1.092,2868.109,25
3,24,1.812859679313087,3.608488095458679,-0.0011999902739932,40.85238619281693,0.0006,3.613,2878.234,25
3,24,1.812859679313087,2.982283699806011,-3.9729263294659383,40.74909161126959,3.997,1.088,2888.312,25
3,24,1.812859679313087,3.2401354969109124,-0.0008145125263918,41.81029768120271,0.0002,0.0,3384.968,25
3,24,1.812859679313087,3.256891191928547,-7.6626451939965e-05,41.41505584112317,0.0002,0.001,3395.343,25
3,24,1.812859679313087,3.2701800323950003,0.0001405510458052,41.03529927016077,0.0002,0.0,3405.828,25
3,24,1.812859679313087,3.2807037740699565,-0.001013087069041,40.72879482115791,0.0002,0.001,3416.296,25
3,24,1.812859679313087,3.5975023950639526,-0.0025908843427307,41.03797772516761,0.0006,3.602,2938.843,25
3,24,1.812859679313087,2.9673315185368025,-3.974799130079554,40.932145189158405,3.997,1.073,2948.89,25
3,24,1.812859679313087,3.593489211382157,-0.0010497357178506,41.08829595535406,0.0008,3.598,2959.046,25
3,24,1.812859679313087,2.9633890437955333,-3.974197693568784,40.985765231857805,3.997,1.067,2969.125,25
3,24,1.812859679313087,3.617466186250471,-0.0012187673387365,40.67486837069734,0.0006,3.623,2817.609,25
3,24,1.812859679313087,2.9960879294459803,-3.9736621798160487,40.57916960155007,3.997,1.1,2827.687,25
3,24,1.812859679313087,3.614575866835628,0.0006414275845487,40.73986584480809,0.0006,3.619,2837.781,25
3,24,1.812859679313087,2.992084819236621,-3.9720276140269353,40.63456377586997,3.997,1.097,2847.89,25
3,24,1.812859679313087,3.3490266008724494,-0.0004043213288201,36.30128653098313,0.0002,0.0,3679.093,25
3,24,1.812859679313087,3.3498327538489656,0.0014086244673702,36.18346966872032,0.0002,0.001,3689.578,25
3,24,1.812859679313087,3.350494424365925,0.0005696583817295,36.04961584039913,0.0002,0.0,3700.062,25
3,24,1.812859679313087,3.35140458095088,-0.0022140669447249,35.915729394935056,0.0002,0.001,3710.593,25
3,24,1.812859679313087,3.334099444560386,-0.002345783912808,38.08603286599563,0.0002,0.0,3552.937,25
3,24,1.812859679313087,3.3358789610884068,-0.0023588914505156,37.92816313757621,0.0002,0.001,3563.421,25
3,24,1.812859679313087,3.337353990659008,-0.0012473118766684,37.769585621554526,0.0002,0.0,3573.953,25
3,24,1.812859679313087,3.339012090265065,-0.002889087145978,37.60010909855966,0.0002,0.001,3584.468,25
3,24,1.812859679313087,3.354846603975126,-0.0016416447252689,35.32259034069501,0.0002,0.0,3763.328,25
3,24,1.812859679313087,3.355565162105156,0.0003596007867027,35.20221996528183,0.0002,0.001,3773.906,25
3,24,1.812859679313087,3.3561850091955048,-0.0019153945582236,35.09706997380459,0.0002,0.0,3784.437,25
3,24,1.812859679313087,3.3567835974169142,-0.002564955582486,34.96413266159179,0.0002,0.001,3795.0,25
3,24,1.812859679313087,3.345082788059777,0.0014575185495781,36.848128987305486,0.0002,0.0,3637.093,25
3,24,1.812859679313087,3.3461462113974805,0.0002332529132317,36.72627865927837,0.0002,0.001,3647.578,25
3,24,1.812859679313087,3.346915376545415,-0.0023231469395793,36.60380592484309,0.0002,0.0,3658.062,25
3,24,1.812859679313087,3.3478835624781187,-0.0007234389009204,36.44575281507911,0.0002,0.001,3668.593,25
3,24,1.812859679313087,3.5048105120024773,-0.0003124134252321,41.75968360280503,0.0006,3.508,3181.312,25
3,24,1.812859679313087,2.846563909513,-3.974908957603731,41.679758458206166,3.997,0.96,3191.406,25
3,24,1.812859679313087,3.487317078334999,-0.0012181659204213,41.86363431740201,0.0006,3.489,3201.515,25
3,24,1.812859679313087,2.823073571230922,-3.973738946608933,41.74053337690327,3.997,0.939,3211.609,25
3,24,1.812859679313087,3.352109338379203,-0.0027464133892088,35.78259658014565,0.0002,0.0,3721.187,25
3,24,1.812859679313087,3.3527521193504746,-7.38435811150345e-05,35.674456263725084,0.0002,0.001,3731.718,25
3,24,1.812859679313087,3.3534743807510656,-0.0040100312105806,35.56171784208076,0.0002,0.0,3742.328,25
3,24,1.812859679313087,3.354485145537763,-0.0003583267963654,35.45049809930102,0.0002,0.001,3752.843,25
3,24,1.812859679313087,3.4141160039681924,-0.0008255551370446,42.13006033406487,0.0006,3.416,3262.14,25
3,24,1.812859679313087,2.723749419714777,-3.975187856906386,42.00146353092549,3.997,0.843,3272.312,25
3,24,1.812859679313087,3.381187190634135,0.0002117794551293,42.23349413733576,0.0006,3.382,3282.375,25
3,24,1.812859679313087,2.681001814495217,-3.9730831422605184,42.126182752424064,3.997,0.803,3292.453,25
3,24,1.812859679313087,3.5328241494827317,0.0001537804450186,41.62036661438631,0.0006,3.535,3140.89,25
3,24,1.812859679313087,2.885822741375455,-3.9744746874500856,41.53533833553049,3.997,0.997,3151.015,25
3,24,1.812859679313087,3.51987752107273,-0.0032521458391859,41.68998017843631,0.0008,3.522,3161.109,25
3,24,1.812859679313087,2.867521450419151,-3.97461807064088,41.5677541863291,3.997,0.98,3171.187,25
3,24,1.812859679313087,3.366618662984997,-0.0010468114804351,32.942528171449,0.0002,0.0,4016.015,25
3,24,1.812859679313087,3.367084907920209,-0.0042066708279985,32.8462425265895,0.0002,0.001,4026.484,25
3,24,1.812859679313087,3.3674374925066006,-0.0003939768421172,32.771556288650494,0.0002,0.0,4037.0,25
3,24,1.812859679313087,3.3678624308114524,-0.0009282295732532,32.691901795779074,0.0002,0.001,4047.484,25
3,24,1.812859679313087,3.361457837468035,-0.0023003232335033,34.02964382250771,0.0002,0.0,3889.734,25
3,24,1.812859679313087,3.362188128615388,-0.000625562200099,33.9360050138687,0.0002,0.001,3900.25,25
3,24,1.812859679313087,3.3624577551729424,-0.0007637145529413,33.83266997262775,0.0002,0.0,3910.734,25
3,24,1.812859679313087,3.3630100727025507,-0.0025614912577856,33.736349041456926,0.0002,0.001,3921.328,25
3,24,1.812859679313087,3.3696778200936506,0.0004210315344698,32.310034039688404,0.0002,0.0,4100.156,25
3,24,1.812859679313087,3.3696900389322963,-4.2540790267057945e-05,32.22436920816941,0.0002,0.001,4110.671,25
3,24,1.812859679313087,3.37012895027979,-0.0032361926288621,32.16157242398018,0.0002,0.0,4121.218,25
3,24,1.812859679313087,3.370459815590789,-0.0022728909166016,32.08771405501468,0.0002,0.001,4131.75,25
3,24,1.812859679313087,3.3652002248825017,-0.0008715338690481,33.25863938158145,0.0002,0.0,3973.953,25
3,24,1.812859679313087,3.365682269876177,-0.0015493694337723,33.181876468733186,0.0002,0.001,3984.453,25
3,24,1.812859679313087,3.365896421783067,-0.0027238715828924,33.107871168496594,0.0002,0.0,3994.984,25
3,24,1.812859679313087,3.366315486361477,-0.0009352708201133,33.017941559547,0.0002,0.001,4005.5,25
3,24,1.812859679313087,3.3255966562430084,-0.0017518101572392,38.78800941243389,0.0002,0.0,3510.937,25
3,24,1.812859679313087,3.328054930905708,4.110553464748472e-06,38.59735366840304,0.0002,0.001,3521.437,25
3,24,1.812859679313087,3.3303052159302324,-0.0023926041285185,38.419164648333926,0.0002,0.0,3531.953,25
3,24,1.812859679313087,3.3322102962276343,0.000400345615904,38.25013804493901,0.0002,0.001,3542.484,25
3,24,1.812859679313087,3.3683019546378605,0.0012193558683403,32.61808617024061,0.0002,0.0,4058.078,25
3,24,1.812859679313087,3.368451616021329,-0.0007626765497656,32.52771202193995,0.0002,0.001,4068.578,25
3,24,1.812859679313087,3.368786564595469,-0.0028734559677432,32.45181550557735,0.0002,0.0,4079.062,25
3,24,1.812859679313087,3.3692808719093583,-0.0010466315990403,32.38891476968962,0.0002,0.001,4089.687,25
3,24,1.812859679313087,3.340194122612047,-0.0018476409929729,37.45630198537935,0.0002,0.0,3594.968,25
3,24,1.812859679313087,3.341636898048856,-0.0010367938195329,37.31337927729931,0.0002,0.001,3605.546,25
3,24,1.812859679313087,3.342771884781816,-0.0019097131961933,37.14809519383378,0.0002,0.0,3616.062,25
3,24,1.812859679313087,3.3439881137352083,-0.0008502603128476,37.01862293741457,0.0002,0.001,3626.593,25
3,24,1.812859679313087,3.3123155241910123,-0.0008404921606314,39.52389862017713,0.0002,0.0,3468.843,25
3,24,1.812859679313087,3.316372716756546,-0.0023034298327372,39.34269617779489,0.0002,0.001,3479.343,25
3,24,1.812859679313087,3.319707667057522,-0.0034046450909288,39.137272821995694,0.0002,0.0,3489.906,25
3,24,1.812859679313087,3.3227716970049594,-0.0024218313602843,38.96617137829613,0.0002,0.001,3500.421,25
3,24,1.812859679313087,3.3761495284757075,-0.0024764338909828,30.82349049700588,0.0002,0.0,4352.562,25
3,24,1.812859679313087,3.376444946917425,-0.0012856474369705,30.771654442570785,0.0002,0.001,4363.093,25
3,24,1.812859679313087,3.3766903245224387,-0.0001242229451414,30.714851196725203,0.0002,0.0,4373.625,25
3,24,1.812859679313087,3.3769412156454006,0.0001468035082896,30.65911503232839,0.0002,0.001,4384.171,25
3,24,1.812859679313087,3.373133678767772,-0.0029797345151606,31.50033758058997,0.0002,0.0,4226.359,25
3,24,1.812859679313087,3.3735642883984576,-0.000264620193007,31.443937705688604,0.0002,0.001,4236.89,25
3,24,1.812859679313087,3.373700485555688,-0.0007035784242533,31.37777020217013,0.0002,0.0,4247.421,25
3,24,1.812859679313087,3.3738895717433404,-4.272080579243477e-05,31.317037226674827,0.0,0.001,4257.906,25
3,24,1.812859679313087,3.37787896078574,0.0007721242396284,30.434321838055105,0.0002,0.0,4436.843,25
3,24,1.812859679313087,3.378271191214723,-0.0006239203349302,30.37908312060765,0.0002,0.001,4447.328,25
3,24,1.812859679313087,3.378411817592355,0.0007338830824721,30.34675616115929,0.0002,0.0,4457.984,25
3,24,1.812859679313087,3.3786790092637564,-0.0017174789675816,30.312293448369807,0.0002,0.001,4468.468,25
3,24,1.812859679313087,3.375208679972972,-0.0040464385903101,31.05024423598777,0.0002,0.0,4310.531,25
3,24,1.812859679313087,3.375589960791118,-0.0006012430371261,30.99153725757611,0.0002,0.001,4321.046,25
3,24,1.812859679313087,3.375685300677437,-0.001474526851582,30.926335996694085,0.0002,0.0,4331.484,25
3,24,1.812859679313087,3.3759798258781117,-0.0005813113911588,30.87149747197211,0.0002,0.001,4342.046,25
3,24,1.812859679313087,3.359491205498966,-0.0041947327969141,34.426253765455705,0.0002,0.0,3847.64,25
3,24,1.812859679313087,3.3601365927313447,0.0002317524783938,34.332305691520894,0.0002,0.001,3858.14,25
3,24,1.812859679313087,3.360626853839774,-0.0010127420655394,34.22632640615324,0.0002,0.0,3868.671,25
3,24,1.812859679313087,3.3611625474706366,-0.0035561919641284,34.14055634649421,0.0002,0.001,3879.187,25
3,24,1.812859679313087,3.3771513246707463,-0.0028128935337478,30.62732301867865,0.0002,0.0,4394.687,25
3,24,1.812859679313087,3.377271359811805,-0.0024842486622024,30.58634407003938,0.0002,0.001,4405.296,25
3,24,1.812859679313087,3.37754178280244,-0.0012581965996917,30.539122737736005,0.0002,0.0,4415.812,25
3,24,1.812859679313087,3.377952040171255,-0.0049635309078343,30.46931760027428,0.0002,0.001,4426.359,25
3,24,1.812859679313087,3.363396247341339,-0.0014828225692064,33.63765685551767,0.0002,0.0,3931.859,25
3,24,1.812859679313087,3.363831267061974,-0.0010902558350683,33.52411609189468,0.0002,0.001,3942.375,25
3,24,1.812859679313087,3.3642971604938614,-0.0018788887456271,33.44931952220172,0.0002,0.0,3952.859,25
3,24,1.812859679313087,3.364609709598612,-0.0004712072080205,33.34490357863544,0.0002,0.001,3963.375,25
3,24,1.812859679313087,3.3573469274061694,0.0012213780395053,34.85587775934488,0.0002,0.0,3805.515,25
3,24,1.812859679313087,3.357829722625486,-0.0023111948223698,34.74764889042044,0.0002,0.001,3816.046,25
3,24,1.812859679313087,3.358392479475587,-0.0020068935698608,34.63031880909334,0.0002,0.0,3826.531,25
3,24,1.812859679313087,3.3590696200189534,-0.0018798329653072,34.5302992399401,0.0002,0.001,3837.109,25
3,24,1.812859679313087,3.3823023264512666,0.0005564288281209,29.4974960861176,0.0002,0.0,4689.453,25
3,24,1.812859679313087,3.382592910238389,-5.0351267482619285e-05,29.464245593408677,0.0002,0.001,4699.953,25
3,24,1.812859679313087,3.382788907612348,-0.0025857156797058,29.44548197502335,0.0002,0.0,4710.437,25
3,24,1.812859679313087,3.3829940993142418,0.0022837402784161,29.406282622491897,0.0002,0.001,4720.953,25
3,24,1.812859679313087,3.380420893488513,-0.0020332365146345,29.91391679354575,0.0002,0.0,4563.218,25
3,24,1.812859679313087,3.380671339876329,-0.0010063207862709,29.889032052816184,0.0002,0.001,4573.703,25
3,24,1.812859679313087,3.3807506409618124,-0.0028224951579973,29.863664278199995,0.0002,0.0,4584.203,25
3,24,1.812859679313087,3.3809167523898784,-0.0010657160461333,29.83927953832749,0.0002,0.001,4594.703,25
3,24,1.812859679313087,3.3837758325521774,-0.0041966181517615,29.26758712984132,0.0002,0.0,4773.562,25
3,24,1.812859679313087,3.384028186417546,-0.0008017170698472,29.235827395075024,0.0002,0.001,4784.078,25
3,24,1.812859679313087,3.384208657975637,-0.0039419156763499,29.20267024963347,0.0002,0.0,4794.609,25
3,24,1.812859679313087,3.384192351117403,-0.0023494857434789,29.176494740418587,0.0002,0.001,4805.109,25
3,24,1.812859679313087,3.381688636685102,-0.0030272202403557,29.64022398887459,0.0002,0.0,4647.359,25
3,24,1.812859679313087,3.3820413460325525,-0.000278584680951,29.59648970958801,0.0002,0.001,4657.843,25
3,24,1.812859679313087,3.3819532813495408,-0.0012203208842518,29.54557849594832,0.0002,0.0,4668.359,25
3,24,1.812859679313087,3.382411242734714,-9.036129824495383e-06,29.52448974902645,0.0002,0.001,4678.859,25
3,24,1.812859679313087,3.372008888222408,-0.0005720089117043,31.77910160489185,0.0002,0.0,4184.343,25
3,24,1.812859679313087,3.3722196530060025,0.0009668426018177,31.676394157289536,0.0002,0.001,4194.921,25
3,24,1.812859679313087,3.372713040213004,-0.0025402940622677,31.6285759885787,0.0002,0.0,4205.406,25
3,24,1.812859679313087,3.37297232633956,-0.0003743325764369,31.56931463778556,0.0002,0.001,4215.859,25
3,24,1.812859679313087,3.3831321951750977,0.0006225383622612,29.38892835037511,0.0002,0.0,4731.468,25
3,24,1.812859679313087,3.3830858746224237,0.0019721095233624,29.346082223371283,0.0002,0.001,4741.953,25
3,24,1.812859679313087,3.383548898954066,-0.0008860915451008,29.33146268794156,0.0002,0.0,4752.437,25
3,24,1.812859679313087,3.383478033442368,-3.0431322073164525e-05,29.2971021625728,0.0002,0.001,4763.078,25
3,24,1.812859679313087,3.374397754675704,-0.0023498337204949,31.255364266035023,0.0002,0.0,4268.421,25
3,24,1.812859679313087,3.374380825068432,-0.0030359653850968,31.20157561758773,0.0002,0.001,4278.937,25
3,24,1.812859679313087,3.374723811066984,-0.0021115856456255,31.14135286222612,0.0002,0.0,4289.546,25
3,24,1.812859679313087,3.374991107828442,-0.002661394941559,31.087591385419977,0.0002,0.001,4300.015,25
3,24,1.812859679313087,3.370995882814973,-0.0019742265059441,32.0252706400134,0.0002,0.0,4142.234,25
3,24,1.812859679313087,3.3711750353537173,-0.0028750096343215,31.946085366646503,0.0002,0.001,4152.812,25
3,24,1.812859679313087,3.3714799409462883,-0.0002973483009636,31.879068897939156,0.0002,0.0,4163.312,25
3,24,1.812859679313087,3.371599144589544,-0.0004414570427113,31.821988117779185,0.0002,0.001,4173.812,25
3,24,1.812859679313087,3.3871784218359955,-0.0018517935592203,28.65743444501183,0.0002,0.0,5026.031,25
3,24,1.812859679313087,3.3870349247568363,-0.0002854415871143,28.631300653944088,0.0002,0.001,5036.531,25
3,24,1.812859679313087,3.3872008454950966,-0.0016706840974325,28.60528393187788,0.0002,0.0,5047.062,25
3,24,1.812859679313087,3.3872565573472606,-0.0020874864898931,28.579838136756404,0.0002,0.001,5057.578,25
3,24,1.812859679313087,3.3855460609231884,-0.0015257271756544,28.930000708460447,0.0002,0.0,4899.781,25
3,24,1.812859679313087,3.385514797652666,-0.0017308330880001,28.90368483353856,0.0002,0.001,4910.281,25
3,24,1.812859679313087,3.385813201418271,-0.0022849136255732,28.894609789234984,0.0002,0.0,4920.843,25
3,24,1.812859679313087,3.3858511766435373,-0.0018701248655407,28.858127711917337,0.0002,0.001,4931.328,25
3,24,1.812859679313087,3.388149382211658,-0.0009050520292327,28.48429293968521,0.0002,0.0,5110.093,25
3,24,1.812859679313087,3.388198176923292,-3.450018143657164e-06,28.47516122701284,0.0002,0.001,5120.609,25
3,24,1.812859679313087,3.388177886222692,0.0015685654017458,28.441847373908526,0.0002,0.0,5131.125,25
3,24,1.812859679313087,3.3883219432338336,5.776649964546005e-05,28.424070546953647,0.0002,0.001,5141.64,25
3,24,1.812859679313087,3.386549832690458,-0.0026521499962036,28.7428354724583,0.0002,0.0,4984.031,25
3,24,1.812859679313087,3.3868136050984003,0.0012010288015129,28.71926999252648,0.0002,0.001,4994.593,25
3,24,1.812859679313087,3.386910174247427,-0.0035170824403777,28.69754353387321,0.0002,0.0,5005.062,25
3,24,1.812859679313087,3.386989566541113,8.164788367779675e-05,28.6788672954208,0.0002,0.001,5015.562,25
3,24,1.812859679313087,3.379691324896552,-0.0012467746000054,30.083559047885892,0.0002,0.0,4521.046,25
3,24,1.812859679313087,3.3797172343418507,-0.0020403189806192,30.044210611714337,0.0002,0.001,4531.609,25
3,24,1.812859679313087,3.380136487435692,0.0003285518869171,29.992884898302776,0.0002,0.0,4542.14,25
3,24,1.812859679313087,3.380318025271955,-0.0016201187587647,29.959329252177124,0.0002,0.001,4552.718,25
3,24,1.812859679313087,3.3875762976022665,-0.0018745003533673,28.559563878852188,0.0002,0.0,5068.078,25
3,24,1.812859679313087,3.3877102063810027,-0.0029563183570702,28.53799927940413,0.0002,0.001,5078.515,25
3,24,1.812859679313087,3.387812552707071,-0.0036313925618907,28.51505410190575,0.0002,0.0,5089.0,25
3,24,1.812859679313087,3.3878754944740663,-0.0037799720064587,28.497502404406426,0.0002,0.001,5099.593,25
3,24,1.812859679313087,3.3811083890824043,-0.0009259170222664,29.774906751004284,0.0002,0.0,4605.203,25
3,24,1.812859679313087,3.381402538783071,-0.0019144815554611,29.726504315963428,0.0002,0.001,4615.734,25
3,24,1.812859679313087,3.381371232065109,0.001433361619004,29.681489784523297,0.0002,0.0,4626.281,25
3,24,1.812859679313087,3.3816498527754844,-0.0010958805660733,29.65508583507459,0.0002,0.001,4636.859,25
3,24,1.812859679313087,3.3787070185861903,0.0003429577671432,30.254022417701425,0.0002,0.0,4478.937,25
3,24,1.812859679313087,3.3790440473901797,-0.002016966318641,30.222539910197558,0.0002,0.001,4489.421,25
3,24,1.812859679313087,3.379171144120125,0.0001220717216963,30.146223661001752,0.0002,0.0,4499.906,25
3,24,1.812859679313087,3.37928039587925,-0.001174230415943,30.113087387030934,0.0002,0.001,4510.515,25
3,24,1.812859679313087,3.3906047236051338,-0.0009553383710196,28.080437523073797,0.0002,0.0,5362.937,25
3,24,1.812859679313087,3.3908733373642312,-0.0015819317440802,28.072405064272843,0.0002,0.001,5373.531,25
3,24,1.812859679313087,3.3908723577527558,-0.0016572987538847,28.06097867531171,0.0002,0.0,5384.046,25
3,24,1.812859679313087,3.391090787961476,0.0001222187018197,28.04733053959995,0.0002,0.001,5394.64,25
3,24,1.812859679313087,3.38925106259194,-0.001357712148181,28.25492160424741,0.0002,0.0,5236.515,25
3,24,1.812859679313087,3.3894438327901173,-0.0034181902966224,28.244842915215603,0.0002,0.001,5247.031,25
3,24,1.812859679313087,3.3895898068025008,-0.0023208738340966,28.238618060551577,0.0002,0.0,5257.593,25
3,24,1.812859679313087,3.389798922536344,-0.0013990884755213,28.221316557594704,0.0002,0.001,5268.125,25
3,24,1.812859679313087,3.391485141568092,-0.0013536107138731,27.986409699834265,0.0002,0.0,5447.171,25
3,24,1.812859679313087,3.391423141859795,-0.0004351809661757,27.983044021565902,0.0002,0.001,5457.734,25
3,24,1.812859679313087,3.3913165245774164,0.000906907159391,27.953044521330668,0.0002,0.0,5468.281,25
3,24,1.812859679313087,3.3918035444520998,-0.000966641294109,27.93712232831043,0.0002,0.001,5478.812,25
3,24,1.812859679313087,3.39038110224009,-0.0009513598523337,28.14761684980625,0.0002,0.0,5320.812,25
3,24,1.812859679313087,3.3902481372557776,-0.0040338950011079,28.12950605994305,0.0002,0.001,5331.312,25
3,24,1.812859679313087,3.3905908925585937,-0.0012442373534869,28.109633400430443,0.0002,0.0,5341.812,25
3,24,1.812859679313087,3.3902072366938283,0.0038988839158089,28.10117638067488,0.0002,0.001,5352.421,25
3,24,1.812859679313087,3.384957784202733,-0.0015919106783119,29.035123278182,0.0002,0.0,4857.671,25
3,24,1.812859679313087,3.3852167999038265,-0.0008136388816807,29.010809327253348,0.0002,0.001,4868.171,25
3,24,1.812859679313087,3.3853392941753064,-0.0026293353616907,28.98975831551995,0.0002,0.0,4878.671,25
3,24,1.812859679313087,3.385410131525933,0.0005771139618687,28.962020154570475,0.0002,0.001,4889.218,25
3,24,1.812859679313087,3.391175457870849,-0.0012022307445728,28.0304093724245,0.0002,0.0,5405.125,25
3,24,1.812859679313087,3.391184703936681,-0.0017487458191698,28.012103213373702,0.0002,0.001,5415.656,25
3,24,1.812859679313087,3.391230957312608,-5.766079477019629e-05,28.01972770890077,0.0002,0.0,5426.156,25
3,24,1.812859679313087,3.391389450689516,0.0019423656181286,28.00310197125143,0.0002,0.001,5436.671,25
3,24,1.812859679313087,3.386015744926965,0.0006336477008954,28.833148316632315,0.0002,0.0,4941.859,25
3,24,1.812859679313087,3.3862004890040724,-0.0011869510096166,28.806742491182717,0.0002,0.001,4952.375,25
3,24,1.812859679313087,3.386151577828009,-0.0033399196522053,28.78695037689904,0.0002,0.0,4962.906,25
3,24,1.812859679313087,3.3866278924791007,-0.001079333696554,28.7697930402764,0.0002,0.001,4973.531,25
3,24,1.812859679313087,3.384311648741089,-0.0014862470951598,29.15245369042788,0.0002,0.0,4815.64,25
3,24,1.812859679313087,3.384553223835684,-0.0029246456123182,29.12406281375236,0.0002,0.001,4826.171,25
3,24,1.812859679313087,3.384445839702801,-0.0001129908131265,29.09798638833273,0.0002,0.0,4836.656,25
3,24,1.812859679313087,3.38477459817242,-0.0018910893587431,29.06654549557684,0.0002,0.001,4847.171,25
3,24,1.812859679313087,3.393571160837018,-0.0017575827192892,27.70628844086128,0.0002,0.0,5699.968,25
3,24,1.812859679313087,3.3935057310660843,-0.0038676756523522,27.694474362663584,0.0002,0.001,5710.531,25
3,24,1.812859679313087,3.393764566847904,-0.0023377783274871,27.689473580020334,0.0002,0.0,5721.046,25
3,24,1.812859679313087,3.393863186919213,0.0017739309820106,27.683267865449285,0.0002,0.001,5731.531,25
3,24,1.812859679313087,3.39272593775851,0.0021293167515719,27.813077786529615,0.0002,0.0,5573.609,25
3,24,1.812859679313087,3.392898855641721,0.001763480653903,27.815675329520374,0.0002,0.001,5584.125,25
3,24,1.812859679313087,3.392795158695755,0.0002383553104651,27.8083278316421,0.0002,0.0,5594.703,25
3,24,1.812859679313087,3.392829595594391,-0.0045800856590895,27.792829629259927,0.0002,0.001,5605.218,25
3,24,1.812859679313087,3.3942178413075004,-0.0034893307690287,27.631636427523496,0.0002,0.0,5784.14,25
3,24,1.812859679313087,3.3942383789566195,-0.0008805996979952,27.612619527088547,0.0002,0.001,5794.656,25
3,24,1.812859679313087,3.3941171633631915,-0.0048315851332956,27.60217578212657,0.0002,0.0,5805.14,25
3,24,1.812859679313087,3.394389147005874,-0.0030695901607559,27.59007137957397,0.0002,0.001,5815.656,25
3,24,1.812859679313087,3.393253223110888,-0.0013283331683833,27.742439566124848,0.0002,0.0,5657.875,25
3,24,1.812859679313087,3.393371169261987,-0.0010939368578851,27.72945848222656,0.0002,0.001,5668.375,25
3,24,1.812859679313087,3.393605408093165,-0.0007082955374405,27.731173491633022,0.0002,0.0,5678.875,25
3,24,1.812859679313087,3.393522615169203,-0.0048387039688603,27.720079718549997,0.0002,0.001,5689.468,25
3,24,1.812859679313087,3.389167254834906,-0.0010364725619306,28.332558563951302,0.0002,0.0,5194.375,25
3,24,1.812859679313087,3.389083445750215,-0.0014404440978175,28.32097020045619,0.0002,0.001,5204.89,25
3,24,1.812859679313087,3.38918183852099,-0.0012205018803296,28.30178068718822,0.0002,0.0,5215.359,25
3,24,1.812859679313087,3.389247527012438,-0.0015563076382033,28.290643023568645,0.0002,0.001,5226.015,25
3,24,1.812859679313087,3.393774959945401,-0.0027304727697062,27.67023732207935,0.0002,0.0,5742.062,25
3,24,1.812859679313087,3.3941565004755776,-0.0011513722947299,27.66675768018823,0.0002,0.001,5752.656,25
3,24,1.812859679313087,3.393939295645202,-0.0046184420425331,27.65143903610288,0.0002,0.0,5763.125,25
3,24,1.812859679313087,3.394115553700228,-0.004487929817056,27.64216742815701,0.0002,0.001,5773.656,25
3,24,1.812859679313087,3.389681820816367,0.0002556089606821,28.20852388894668,0.0002,0.0,5278.734,25
3,24,1.812859679313087,3.389927542888143,-0.0013988223774857,28.188446329191105,0.0002,0.001,5289.234,25
3,24,1.812859679313087,3.390067617211977,0.0008187307517826,28.166047544775115,0.0002,0.0,5299.703,25
3,24,1.812859679313087,3.3899289790609206,-0.0035327544020371,28.160414376462228,0.0002,0.001,5310.218,25
3,24,1.812859679313087,3.388458726310526,-0.0020449474841653,28.401038642087457,0.0002,0.0,5152.312,25
3,24,1.812859679313087,3.3885813972110013,0.0004773245400402,28.396749556782023,0.0002,0.001,5162.828,25
3,24,1.812859679313087,3.388654012399079,-0.0018490961830425,28.38191955963177,0.0002,0.0,5173.359,25
3,24,1.812859679313087,3.3889224242391283,-0.0031849550983602,28.351756139479047,0.0002,0.001,5183.875,25
3,24,1.812859679313087,3.396035876362391,-0.0001249628219685,27.4222408516871,0.0002,0.0,6036.828,25
3,24,1.812859679313087,3.396266674782997,-0.00307863052995,27.41397919795852,0.0002,0.001,6047.328,25
3,24,1.812859679313087,3.3960850556813367,-0.0026721861561425,27.407613953319053,0.0002,0.0,6057.812,25
3,24,1.812859679313087,3.3963505031426684,-0.001016462000984,27.399900184553385,0.0002,0.001,6068.343,25
3,24,1.812859679313087,3.3948452018799204,0.0028239475237057,27.50896134079928,0.0002,0.0,5910.343,25
3,24,1.812859679313087,3.3952968237497023,0.0005366959682298,27.501612625112354,0.0002,0.001,5920.937,25
3,24,1.812859679313087,3.395366596446715,-0.0055608265660971,27.50403893821257,0.0002,0.0,5931.468,25
3,24,1.812859679313087,3.39533972432787,-6.807519653694221e-05,27.49571160632588,0.0002,0.001,5942.031,25
3,24,1.812859679313087,3.39636465020676,-0.0011172352883752,27.35631691081586,0.0002,0.0,6120.859,25
3,24,1.812859679313087,3.396624942035828,-0.0025807360069088,27.36667285324214,0.0002,0.001,6131.359,25
3,24,1.812859679313087,3.396875978020116,-0.0022011582291693,27.35280173540644,0.0002,0.0,6141.843,25
3,24,1.812859679313087,3.3968561718946564,-0.0012157015456763,27.35517669446897,0.0002,0.001,6152.328,25
3,24,1.812859679313087,3.395512440671237,-0.0027000605571224,27.451620809939666,0.0002,0.0,5994.75,25
3,24,1.812859679313087,3.39581809105404,-0.0005873872365006,27.446543093028964,0.0002,0.001,6005.218,25
3,24,1.812859679313087,3.395638129386445,-0.0042298564184455,27.440056262893936,0.0002,0.0,6015.765,25
3,24,1.812859679313087,3.395815585919438,-0.0017488896828146,27.4327877181342,0.0002,0.001,6026.25,25
3,24,1.812859679313087,3.3922921457156208,-0.0038431112688424,27.863396709683208,0.0002,0.0,5531.39,25
3,24,1.812859679313087,3.3922461009424785,-0.0019787014254222,27.85290958531151,0.0002,0.001,5541.968,25
3,24,1.812859679313087,3.392184661218176,-0.0005517325294937,27.858116845108206,0.0002,0.0,5552.484,25
3,24,1.812859679313087,3.3925989901996814,-0.002938654714085,27.829206015205116,0.0002,0.001,5563.015,25
3,24,1.812859679313087,3.3963213188108257,-0.0050606423977506,27.38857532807143,0.0002,0.0,6078.812,25
3,24,1.812859679313087,3.3961130203119616,0.0009176150020477,27.37711807205902,0.0002,0.001,6089.343,25
3,24,1.812859679313087,3.39633758885454,-0.0044697941015931,27.388931319845696,0.0002,0.0,6099.843,25
3,24,1.812859679313087,3.396383567484843,-0.0060605210325834,27.37538187003524,0.0002,0.001,6110.39,25
3,24,1.812859679313087,3.3927443188470914,-0.0037574384913828,27.7867213116152,0.0002,0.0,5615.734,25
3,24,1.812859679313087,3.3929483639640217,-0.0027447555920377,27.770496617733016,0.0002,0.001,5626.328,25
3,24,1.812859679313087,3.393075738458519,-0.0022160045648543,27.766029339075107,0.0002,0.0,5636.859,25
3,24,1.812859679313087,3.392882509467805,-0.0034015202161334,27.756782396760336,0.0002,0.001,5647.421,25
3,24,1.812859679313087,3.3919648378166123,0.0007859090936689,27.921230483849964,0.0002,0.0,5489.39,25
3,24,1.812859679313087,3.3920355377064544,-0.0003725649457355,27.912590803542063,0.0002,0.001,5499.937,25
3,24,1.812859679313087,3.392087637556597,-0.004937792175225,27.906767772375733,0.0002,0.0,5510.39,25
3,24,1.812859679313087,3.392182355403411,0.0006930922590174,27.890430858955693,0.0002,0.001,5520.89,25
3,24,1.812859679313087,3.397830575624304,-0.0023018169227901,27.237963033069917,0.0002,0.0,6373.562,25
3,24,1.812859679313087,3.398115339348,-0.0006384174287941,27.228577829151167,0.0002,0.001,6384.109,25
3,24,1.812859679313087,3.3980783850946445,-0.005385812972111,27.23374119156566,0.0002,0.0,6394.671,25
3,24,1.812859679313087,3.3981569180354425,-0.001732661693846,27.22439359704696,0.0002,0.001,6405.171,25
3,24,1.812859679313087,3.3969897523787598,-0.0024826695883977,27.3105130183864,0.0002,0.0,6247.093,25
3,24,1.812859679313087,3.3973388908508104,0.000945677477126,27.29409443831535,0.0002,0.001,6257.656,25
3,24,1.812859679313087,3.397533034232448,-0.0033019569225868,27.291074685889647,0.0002,0.0,6268.187,25
3,24,1.812859679313087,3.3975763767273466,-0.000577150664283,27.287355868423287,0.0002,0.001,6278.687,25
3,24,1.812859679313087,3.398512711001219,-0.0006856581868185,27.192672778234467,0.0002,0.0,6457.859,25
3,24,1.812859679313087,3.3986798842991988,-0.0020211496134414,27.19363108701748,0.0002,0.001,6468.39,25
3,24,1.812859679313087,3.398615673269145,4.360960636527449e-06,27.192429452536302,0.0002,0.0,6478.968,25
3,24,1.812859679313087,3.3988580033138,-0.0006404583455682,27.186232894667025,0.0002,0.001,6489.5,25
3,24,1.812859679313087,3.397732354319736,-0.0003108674339497,27.258090661796714,0.0002,0.0,6331.406,25
3,24,1.812859679313087,3.3977547972493656,-0.0019806730454578,27.2468062113793,0.0002,0.001,6341.937,25
3,24,1.812859679313087,3.3978886174508154,-0.0008538215430819,27.24297412829617,0.0002,0.0,6352.437,25
3,24,1.812859679313087,3.3980066865484657,-0.000124371060814,27.24270060976223,0.0002,0.001,6362.984,25
3,24,1.812859679313087,3.394950904803911,-0.0027355415602948,27.56130695964896,0.0002,0.0,5868.265,25
3,24,1.812859679313087,3.395012667630906,0.000996761306976,27.5417676224138,0.0002,0.001,5878.796,25
3,24,1.812859679313087,3.394999473775103,-0.0024001099775922,27.53166083831661,0.0002,0.0,5889.328,25
3,24,1.812859679313087,3.3952207597494346,-0.0009013887591837,27.53136252543665,0.0002,0.001,5899.828,25
3,24,1.812859679313087,3.398160347416266,0.0005994396991476,27.225965531080057,0.0002,0.0,6415.703,25
3,24,1.812859679313087,3.3984477420933934,-0.0020390671196264,27.22409922850821,0.0002,0.001,6426.25,25
3,24,1.812859679313087,3.398647016535297,0.0008281893870783,27.21974944767548,0.0002,0.0,6436.765,25
3,24,1.812859679313087,3.3982399523699254,0.0012157168211905,27.200574291989103,0.0002,0.001,6447.39,25
3,24,1.812859679313087,3.395488916951452,0.0015801330613891,27.481687587353875,0.0002,0.0,5952.5,25
3,24,1.812859679313087,3.39565007220496,-0.0016505992970006,27.483541355832404,0.0002,0.001,5963.093,25
3,24,1.812859679313087,3.3955075076040924,0.0015269325834212,27.47922871338112,0.0002,0.0,5973.609,25
3,24,1.812859679313087,3.3955438138900167,-0.0029934974273834,27.462662669568253,0.0002,0.001,5984.171,25
3,24,1.812859679313087,3.394366874331572,-0.0094943043785698,27.577752010367803,0.0002,0.0,5826.156,25
3,24,1.812859679313087,3.3946885875280626,0.001040378147543,27.57701931250015,0.0002,0.001,5836.656,25
3,24,1.812859679313087,3.3945058054859785,-0.0005348874716635,27.560188005111648,0.0002,0.0,5847.203,25
3,24,1.812859679313087,3.3947114375998853,-0.0015706120691448,27.569634991968066,0.0002,0.001,5857.781,25
3,24,1.812859679313087,3.92569650660221,-0.0012594769719057,35.34295908103074,0.0006,3.932,756.718,25
3,24,1.812859679313087,3.323753646470517,-3.973273938650432,35.25211288743077,3.997,1.419,766.796,25
3,24,1.812859679313087,3.920985641566241,-0.002858610657646,35.40581510681316,0.0006,3.928,776.875,25
3,24,1.812859679313087,3.319804075217252,-3.972856316138357,35.36361657773482,3.997,1.414,786.937,25
3,24,1.812859679313087,3.9546193716131546,-0.0024621488781732,34.69181849557022,0.0006,3.962,635.453,25
3,24,1.812859679313087,3.348488336099855,-3.9740146674366312,34.61493436511219,3.997,1.44,645.531,25
3,24,1.812859679313087,3.9497775884045305,-0.0015632897261317,34.79306069736107,0.0008,3.956,655.734,25
3,24,1.812859679313087,3.344011052926986,-3.973914175517881,34.76937278664181,3.997,1.436,665.984,25
3,24,1.812859679313087,3.907427369926378,-0.0017184897557322,35.64790668183236,0.0006,3.914,837.343,25
3,24,1.812859679313087,3.3075854939085425,-3.973860088275599,35.5716925306659,3.997,1.403,847.421,25
3,24,1.812859679313087,3.90317690800411,-0.0023058826766688,35.71370345387176,0.0008,3.909,857.593,25
3,24,1.812859679313087,3.303598592966269,-3.973656483739703,35.61149492161475,3.997,1.397,867.671,25
3,24,1.812859679313087,3.934740316037783,-0.003139632675456,35.17012695861628,0.0006,3.942,716.312,25
3,24,1.812859679313087,3.331961844282856,-3.97373569349526,35.095083626641824,3.997,1.426,726.39,25
3,24,1.812859679313087,3.930243662727377,-0.0025464892640949,35.28656516482416,0.0008,3.937,736.5,25
3,24,1.812859679313087,3.327972931305954,-3.97289338107312,35.17247742038516,3.997,1.422,746.593,25
3,24,1.812859679313087,4.054814027200545,-0.0011939626596468,31.49127938084913,0.0008,4.061,271.984,25
3,24,1.812859679313087,3.422324936608595,-3.9743741700999946,31.49038983493692,3.997,1.506,282.046,25
3,24,1.812859679313087,4.048441440489599,-0.0016933807377851,31.72358101651114,0.0008,4.055,292.093,25
3,24,1.812859679313087,3.417566611364728,-3.9746133080780894,31.71857032010137,3.997,1.502,302.218,25
3,24,1.812859679313087,3.9161827012897694,-0.0013635139587602,35.51622536784653,0.0008,3.923,797.031,25
3,24,1.812859679313087,3.3157440887302543,-3.974500062527188,35.41715733209398,3.997,1.411,807.109,25
3,24,1.812859679313087,3.9117238521485462,-0.0023688550837745,35.58934388973393,0.0006,3.918,817.156,25
3,24,1.812859679313087,3.3116036769940176,-3.974633188901878,35.49005723548852,3.997,1.406,827.234,25
3,24,1.812859679313087,4.029945488661435,-0.0024648586900291,32.42893500916226,0.0008,4.037,352.796,25
3,24,1.812859679313087,3.4048079850170327,-3.974532765808888,32.379171779808416,3.997,1.491,362.89,25
3,24,1.812859679313087,4.024049901613385,-0.0014198273646698,32.64383128037081,0.0008,4.031,372.968,25
3,24,1.812859679313087,3.4007850830616677,-3.973561142688316,32.59322018355634,3.997,1.487,383.062,25
3,24,1.812859679313087,4.068374200600164,-0.0029895028936098,30.96247647238437,0.0008,4.075,231.593,25
3,24,1.812859679313087,3.431139716413723,-3.976692766546568,30.994583678592967,3.997,1.513,241.687,25
3,24,1.812859679313087,4.061446517977802,-0.0025620307934911,31.231803270640448,0.0008,4.068,251.765,25
3,24,1.812859679313087,3.4263801090580253,-3.9737189138841376,31.25641954316794,3.997,1.509,261.89,25
3,24,1.812859679313087,3.397108403727033,0.0040588257307502,27.32616603030876,0.0002,0.0,6204.937,25
3,24,1.812859679313087,3.397092987794684,-0.0027042689594385,27.30879741088163,0.0002,0.001,6215.437,25
3,24,1.812859679313087,3.3972561111107864,-0.002298986252815,27.30461542303903,0.0002,0.0,6225.984,25
3,24,1.812859679313087,3.3969420212296364,-0.003896963313491,27.303255144673592,0.0002,0.001,6236.531,25
3,24,1.812859679313087,3.39759138770601,-0.0011859453268837,27.28644715941673,0.0002,0.0,6289.265,25
3,24,1.812859679313087,3.3973718395167274,-0.0038004587895267,27.284259152316626,0.0002,0.001,6299.765,25
3,24,1.812859679313087,3.39765427032536,-0.0019104637069958,27.277241112435657,0.0002,0.0,6310.406,25
3,24,1.812859679313087,3.397607960215763,-0.0029880052141225,27.27538409271289,0.0002,0.001,6320.906,25
3,24,1.812859679313087,3.3969228795487814,0.0005523885491581,27.35005301307286,0.0002,0.0,6162.875,25
3,24,1.812859679313087,3.396733776970935,-0.0020498192824589,27.33938989110013,0.0002,0.001,6173.375,25
3,24,1.812859679313087,3.3969141258773417,0.0005979419768792,27.343155307897348,0.0002,0.0,6183.89,25
3,24,1.812859679313087,3.39732391575026,0.0008977228407863,27.335118073073183,0.0002,0.001,6194.421,25
3,24,1.812859679313087,4.007486416175565,-0.000566423320316,33.19113340324386,0.0008,4.014,433.593,25
3,24,1.812859679313087,3.3889900916248163,-3.974226929281644,33.12457039438815,3.997,1.478,443.64,25
3,24,1.812859679313087,4.00212358621376,-0.0007080010336135,33.36588108593269,0.0008,4.008,453.718,25
3,24,1.812859679313087,3.38504251722923,-3.9744310281638944,33.31275232288872,3.997,1.474,463.781,25
3,24,1.812859679313087,4.042298521238698,-0.0010771974557077,31.96995513231986,0.0008,4.049,312.359,25
3,24,1.812859679313087,3.413187628608607,-3.974417794117155,31.95523269144616,3.997,1.498,322.531,25
3,24,1.812859679313087,4.035965071916619,-0.0019383069371441,32.20694801889441,0.0008,4.043,332.609,25
3,24,1.812859679313087,3.408992672828024,-3.974672101026709,32.183769802093344,3.997,1.495,342.718,25
3,24,1.812859679313087,3.9858684175640016,-0.0028798623091647,33.86879525557155,0.0008,3.992,514.187,25
3,24,1.812859679313087,3.372672929716068,-3.971935026754805,33.81658639960735,3.997,1.463,524.343,25
3,24,1.812859679313087,3.9805252679640657,-0.0022630444912582,34.07863026254791,0.0008,3.987,534.437,25
3,24,1.812859679313087,3.368691928475518,-3.974147386183519,34.031952891828475,3.997,1.459,544.562,25
3,24,1.812859679313087,4.018441284547707,-0.0023010512380527,32.80998050449524,0.0008,4.025,393.171,25
3,24,1.812859679313087,3.3966867115646817,-3.9745233860035927,32.79001178086424,3.997,1.484,403.281,25
3,24,1.812859679313087,4.012931967684358,-0.0023011782721086,33.03072310481872,0.0006,4.019,413.421,25
3,24,1.812859679313087,3.3929813168464014,-3.973335395144733,32.987314283107764,3.997,1.481,423.5,25
3,24,1.812859679313087,3.996687156745297,-0.0009906198312728,33.53723121875216,0.0006,4.003,473.843,25
3,24,1.812859679313087,3.3809893982066184,-3.973961518506591,33.5345580301849,3.997,1.471,483.937,25
3,24,1.812859679313087,3.9912770385476817,-0.001073210410702,33.740711443916666,0.0006,3.998,494.015,25
3,24,1.812859679313087,3.376994832677587,-3.9743130765470247,33.70027267338246,3.997,1.466,504.125,25
3,24,1.812859679313087,4.173492141703254,-0.0028527085549778,27.091873679897446,0.0008,4.185,29.687,25
3,24,1.812859679313087,3.5165772418555146,-3.972658323619102,27.37107966076137,3.997,1.587,39.765,25
3,24,1.812859679313087,4.154288496197345,-0.0018362115715769,27.86087361492017,0.0008,4.165,49.921,25
3,24,1.812859679313087,3.4996341320248865,-3.973776259168063,28.037508154540543,3.997,1.572,59.984,25
3,24,1.812859679313087,4.11648168473682,-0.0021304173303129,29.19620927655409,0.0008,4.125,110.437,25
3,24,1.812859679313087,3.4656518473301468,-3.973913888439775,29.23959284853689,3.997,1.541,120.593,25
3,24,1.812859679313087,4.106938327708557,9.364542569269612e-06,29.53333529091528,0.0008,4.115,130.671,25
3,24,1.812859679313087,3.4581873076158303,-3.973487450120258,29.56190139649317,3.997,1.535,140.796,25
3,24,1.812859679313087,4.206087528624208,-0.0014838737584499,26.169275903869103,0.0002,0.0,0.0,25
3,24,1.812859679313087,4.205903102319455,-0.0013360457401906,26.165819522764878,0.0002,4.222,9.312,25
3,24,1.812859679313087,3.5397510075428693,-3.974174448288285,26.4483356973168,3.997,1.591,19.625,25
3,24,1.812859679313087,4.082531508112639,-0.00298697642466,30.41264204946557,0.0008,4.089,191.296,25
3,24,1.812859679313087,3.440813636019377,-3.9741580029434873,30.43675089087344,3.997,1.521,201.39,25
3,24,1.812859679313087,4.075227068073237,-0.0046966942525517,30.71326166897417,0.0008,4.083,211.5,25
3,24,1.812859679313087,3.4360730879154917,-3.9727117144325375,30.71276420946093,3.997,1.517,221.531,25
3,24,1.812859679313087,4.139470297415968,-0.0017445929536045,28.42464477617099,0.0008,4.149,70.093,25
3,24,1.812859679313087,3.485817394800155,-3.973071747456802,28.52222142075815,3.997,1.558,80.203,25
3,24,1.812859679313087,4.127138651297896,-0.000920609847247,28.841475917496098,0.0008,4.136,90.265,25
3,24,1.812859679313087,3.4750199067735656,-3.9741488138461465,28.89497989357191,3.997,1.548,100.39,25
3,24,1.812859679313087,4.098116117197753,-0.0023939691333811,29.84072639820796,0.0008,4.105,150.843,25
3,24,1.812859679313087,3.4516975303181385,-3.97467840026007,29.86053109317342,3.997,1.53,160.96800000000002,25
3,24,1.812859679313087,4.090123563874211,-0.0039516790473456,30.1278150597774,0.0008,4.097,171.062,25
3,24,1.812859679313087,3.4458967191969387,-3.9758919279962335,30.15486184493318,3.997,1.525,181.156,25
4,24,1.814424244673997,4.055225230079367,-0.0010595759288632,31.768414134293945,0.0008,4.061,273.766,24
4,24,1.814424244673997,3.406179345459939,-3.974415128662316,31.788803122909005,3.997,1.488,283.922,24
4,24,1.814424244673997,4.048711762850464,-0.0037115186020127,31.98682888813423,0.0008,4.055,294.063,24
4,24,1.814424244673997,3.441948841930376,-3.9730175041608353,29.818502937219147,3.997,1.517,141.563,24
4,24,1.814424244673997,4.09897851554152,-0.0021134167098921,30.087541613494253,0.0008,4.106,151.75,24
4,24,1.814424244673997,3.435152318131629,-3.974231482523659,30.127272872534704,3.997,1.513,161.922,24
4,24,1.814424244673997,4.090922691732791,-0.000768203933788,30.38944393105994,0.0008,4.099,172.078,24
4,24,1.814424244673997,3.429066473631254,-3.974993456409218,30.4038281502128,3.997,1.507,182.313,24
4,24,1.814424244673997,3.854869911973418,-0.0012888103552005,36.83821952254786,0.0008,3.863,1087.656,24
4,24,1.814424244673997,3.391617483850103,-3.972923311157638,32.710344786387154,3.997,1.476,365.281,24
4,24,1.814424244673997,4.024566220487979,-0.0025132245144788,32.907477273605444,0.0008,4.031,375.406,24
4,24,1.814424244673997,3.4191098462246297,-3.973562288276864,31.009727898799635,3.997,1.499,222.938,24
4,24,1.814424244673997,4.068664453532087,-0.005060438182189,31.259539851539355,0.0008,4.075,233.047,24
4,24,1.814424244673997,3.4139439976021184,-3.974210272248632,31.24650006184746,3.997,1.495,243.313,24
4,24,1.814424244673997,4.0617111733652,0.0003703636909551,31.48502544592828,0.0008,4.068,253.453,24
4,24,1.814424244673997,3.4099451708638364,-3.974754217148336,31.493733292328617,3.997,1.491,263.609,24
4,24,1.814424244673997,3.838496459445589,-0.0011261092219639,37.09825375598473,0.0008,3.846,1168.953,24
4,24,1.814424244673997,3.229962463724568,-3.975284004116391,37.02025821880524,3.997,1.325,1179.172,24
4,24,1.814424244673997,3.83413079474542,-0.0018068276325265,37.17012170208515,0.0008,3.842,1189.266,24
4,24,1.814424244673997,3.2578536642380738,-3.9740662608808144,36.53621001440917,3.997,1.353,1036.875,24
4,24,1.814424244673997,3.8633074804638543,-0.0024414214401752,36.68071509347379,0.0008,3.871,1047.0,24
4,24,1.814424244673997,3.2539015202573998,-3.974298980932743,36.617408777021325,3.997,1.349,1057.219,24
4,24,1.814424244673997,3.8588511085632446,-0.0009293011430786,36.768680065701815,0.0008,3.866,1067.359,24
4,24,1.814424244673997,3.250157126314892,-3.97395411015018,36.67346676621194,3.997,1.345,1077.516,24
4,24,1.814424244673997,3.8227755393060994,-0.0031315057699056,37.36699757979403,0.0008,3.83,1250.328,24
4,24,1.814424244673997,3.2141240954998618,-3.974015727103685,37.266160425295695,3.997,1.31,1260.5,24
4,24,1.814424244673997,3.818980207158152,0.0024125805215934,37.44681123115051,0.0008,3.827,1270.688,24
4,24,1.814424244673997,3.2423412171226804,-3.9736202339676994,36.808248518883005,3.997,1.337,1118.094,24
4,24,1.814424244673997,3.846676373058978,-0.0011345243580221,36.94615205236025,0.0008,3.854,1128.281,24
4,24,1.814424244673997,3.238368758774262,-3.97382478055716,36.87162907389002,3.997,1.333,1138.453,24
4,24,1.814424244673997,3.842548738273423,-0.0021501502687007,37.02397634577662,0.0006,3.85,1148.609,24
4,24,1.814424244673997,3.2342279727021177,-3.974735403468958,36.938924818408935,3.997,1.33,1158.813,24
4,24,1.814424244673997,3.3228171819289027,-3.974841904432527,35.297339060772146,3.997,1.415,711.391,24
4,24,1.814424244673997,3.935197897022952,-0.0024268338763435,35.45186970361396,0.0008,3.942,721.609,24
4,24,1.814424244673997,3.3186245651010977,-3.974261144335672,35.394369859115,3.997,1.411,731.766,24
4,24,1.814424244673997,3.9303447429734737,-0.0040266297266578,35.55204501614428,0.0008,3.937,741.891,24
4,24,1.814424244673997,3.3140297584421385,-3.9732014955252,35.48771249412984,3.997,1.407,752.063,24
4,24,1.814424244673997,3.9255888140333854,-0.0005720660703272,35.64484307351293,0.0008,3.933,762.203,24
4,24,1.814424244673997,3.2465137006710183,-3.973666618003771,36.736736351246094,3.997,1.341,1097.813,24
4,24,1.814424244673997,3.850728164179038,-0.0004622572889121,36.886862720252026,0.0008,3.858,1107.922,24
4,24,1.814424244673997,3.306065834761406,-3.97366114682704,35.656821276695,3.997,1.397,792.734,24
4,24,1.814424244673997,3.916692066280561,-0.0007738740049809,35.82917442112267,0.0008,3.924,803.047,24
4,24,1.814424244673997,3.302121898150577,-3.9725967503471993,35.73103681748758,3.997,1.394,813.203,24
4,24,1.814424244673997,3.911833775690928,-0.000920336240614,35.88732856286755,0.0008,3.919,823.422,24
4,24,1.814424244673997,3.2981590169023614,-3.9750997076440857,35.82657217172227,3.997,1.391,833.531,24
4,24,1.814424244673997,3.907330871018792,-0.0007374324885932,35.96490842641414,0.0006,3.914,843.656,24
4,24,1.814424244673997,3.2938440031448115,-3.973965242033941,35.882265340341874,3.997,1.387,853.828,24
4,24,1.814424244673997,3.9026298667424806,-0.0027904020657347,36.03487265533718,0.0008,3.91,863.984,24
4,24,1.814424244673997,3.289546467422406,-3.974237054731141,35.95342386341462,3.997,1.383,874.172,24
4,24,1.814424244673997,3.898089094736887,-0.0002960147471702,36.11042363828491,0.0008,3.904,884.391,24
4,24,1.814424244673997,3.285365958013294,-3.974755642709301,36.02512398340685,3.997,1.378,894.547,24
4,24,1.814424244673997,3.893484458562321,-0.000789063013015,36.18436600680846,0.0008,3.9,904.781,24
4,24,1.814424244673997,3.2811967844721632,-3.975121107833742,36.1087139872596,3.997,1.374,914.969,24
4,24,1.814424244673997,3.889085053399057,-0.0002759546036454,36.26404406541342,0.0008,3.896,925.078,24
4,24,1.814424244673997,3.277003802255998,-3.973611281427308,36.15586040858585,3.997,1.371,935.266,24
4,24,1.814424244673997,3.884642691632952,-0.0013051447472887,36.33227798692685,0.0006,3.892,945.438,24
4,24,1.814424244673997,4.082926616617799,-0.0022881888615125,30.643027970613097,0.0006,4.09,192.453,24
4,24,1.814424244673997,3.954383391339445,-0.0042228554710548,34.98548930692017,0.0006,3.962,640.109,24
4,24,1.814424244673997,3.335462735773412,-3.9736138848799833,34.97272115990745,3.997,1.427,650.266,24
4,24,1.814424244673997,3.949611863564869,-0.0013172935362163,35.107273057423406,0.0008,3.957,660.422,24
4,24,1.814424244673997,3.3313738358958904,-3.973662435291424,35.06035977846062,3.997,1.423,670.641,24
4,24,1.814424244673997,3.944862129252382,0.0004020675507259,35.224860002752486,0.0006,3.952,680.875,24
4,24,1.814424244673997,3.261674040196594,-3.972989547551135,36.460919999511646,3.997,1.357,1016.516,24
4,24,1.814424244673997,3.867359578944901,-0.0001744953593721,36.619766218698544,0.0008,3.875,1026.688,24
4,24,1.814424244673997,3.1388811719236243,-3.974316077492372,38.400287210690834,3.997,1.236,1688.016,24
4,24,1.814424244673997,3.744703314189929,-0.0011459168541267,38.54906905979396,0.0006,3.752,1698.156,24
4,24,1.814424244673997,3.1354851396097154,-3.974039416122487,38.463246688278495,3.997,1.232,1708.281,24
4,24,1.814424244673997,3.7415189572128886,-0.0009674941687209,38.59166311850081,0.0006,3.749,1718.438,24
4,24,1.814424244673997,3.1320889632930293,-3.973501441116365,38.49823919720762,3.997,1.23,1728.578,24
4,24,1.814424244673997,3.738538390181997,-0.000778169941883,38.6562202611927,0.0006,3.746,1738.734,24
4,24,1.814424244673997,3.1278553293901346,-3.975097146004266,38.55099228919725,3.997,1.227,1748.891,24
4,24,1.814424244673997,3.7354173445914167,-0.0001099911996207,38.69112738468592,0.0006,3.743,1759.047,24
4,24,1.814424244673997,3.123989800639209,-3.974052657894276,38.586268776141786,3.997,1.222,1769.234,24
4,24,1.814424244673997,3.7323914501517046,-0.0031244139020437,38.74264742661068,0.0008,3.74,1779.406,24
4,24,1.814424244673997,3.1206456145619224,-3.973628896488664,38.62900670929792,3.997,1.218,1789.672,24
4,24,1.814424244673997,3.7293228953321735,-0.0027020275356656,38.7920731891582,0.0008,3.736,1799.813,24
4,24,1.814424244673997,3.1174120879872005,-3.9740760883310338,38.67512405632513,3.997,1.214,1810.0,24
4,24,1.814424244673997,3.726548539554274,-0.0008735305585882,38.84911129625666,0.0008,3.734,1820.172,24
4,24,1.814424244673997,3.1141536485962744,-3.974161799192749,38.73719561520949,3.997,1.212,1830.375,24
4,24,1.814424244673997,3.723571748216241,-0.0027325489393839,38.892042825027374,0.0008,3.73,1840.531,24
4,24,1.814424244673997,3.111105138798181,-3.974080872344124,38.78986635839279,3.997,1.208,1850.672,24
4,24,1.814424244673997,3.720857690701928,-0.0032914735608908,38.93423321083007,0.0008,3.728,1860.891,24
4,24,1.814424244673997,3.10812085081604,-3.972624013489343,38.79932968567231,3.997,1.206,1871.016,24
4,24,1.814424244673997,3.7179717092577302,-0.0020339762397083,38.95976735428608,0.0008,3.725,1881.188,24
4,24,1.814424244673997,3.105165132055025,-3.973254395558385,38.8373538140588,3.997,1.202,1891.328,24
4,24,1.814424244673997,3.715156565039329,-0.0031662927491653,38.99819581107761,0.0008,3.722,1901.516,24
4,24,1.814424244673997,3.1022044485386164,-3.9720364476629992,38.874944290924496,3.997,1.199,1911.797,24
4,24,1.814424244673997,3.712533902189804,0.0001136072789666,39.04512681029299,0.0008,3.72,1922.078,24
4,24,1.814424244673997,3.099461827582189,-3.972921037452229,38.92056431858198,3.997,1.197,1932.234,24
4,24,1.814424244673997,3.709890391346093,-0.0021647485731298,39.064959969745466,0.0008,3.717,1942.406,24
4,24,1.814424244673997,3.096386500580291,-3.9739428924880302,38.95630630637625,3.997,1.194,1952.578,24
4,24,1.814424244673997,3.707334335282995,-0.0004520311864146,39.11458088730032,0.0008,3.715,1962.875,24
4,24,1.814424244673997,3.0940464758275934,-3.975448800179823,39.00632377297303,3.997,1.192,1973.031,24
4,24,1.814424244673997,3.704650618446496,-0.0007061630205574,39.16822592587008,0.0008,3.712,1983.141,24
4,24,1.814424244673997,3.091135494913941,-3.974405557346059,39.03975013057345,3.997,1.19,1993.313,24
4,24,1.814424244673997,3.7020027972430833,-0.00044490896629,39.21129240637893,0.0008,3.709,2003.453,24
4,24,1.814424244673997,3.088541539623155,-3.973553745506382,39.07180560630219,3.997,1.186,2013.594,24
4,24,1.814424244673997,3.699866995044241,-0.0005099903090868,39.23318369358738,0.0008,3.706,2023.734,24
4,24,1.814424244673997,3.0846982871762005,-3.9727010643220058,39.12182417995332,3.997,1.184,2033.953,24
4,24,1.814424244673997,3.696904308383534,-0.0026272689111298,39.29169958482714,0.0006,3.704,2044.141,24
4,24,1.814424244673997,3.0817110380045047,-3.975086602818552,39.17553863018082,3.997,1.18,2054.313,24
4,24,1.814424244673997,3.694647155654134,-0.0033818097569083,39.32574211185654,0.0008,3.702,2064.469,24
4,24,1.814424244673997,3.079602528813616,-3.972334953023018,39.19877905206985,3.997,1.178,2074.594,24
4,24,1.814424244673997,3.6923487522305063,-0.0019807212428353,39.37066419294553,0.0008,3.7,2084.719,24
4,24,1.814424244673997,3.0766845706666,-3.972573404651633,39.24703652131011,3.997,1.176,2094.906,24
4,24,1.814424244673997,3.6902042474743832,-0.0020297650734434,39.39213211096665,0.0008,3.697,2105.078,24
4,24,1.814424244673997,3.0743111213631846,-3.9736932431847607,39.26470887538135,3.997,1.174,2115.234,24
4,24,1.814424244673997,3.6879247609596737,-0.0013502419507873,39.41508040665817,0.0008,3.695,2125.422,24
4,24,1.814424244673997,3.0721142546141897,-3.9732387263474425,39.30559038996771,3.997,1.169,2135.594,24
4,24,1.814424244673997,3.6858330141501847,-0.0013591405207081,39.47944533404425,0.0008,3.692,2145.797,24
4,24,1.814424244673997,3.070026574893592,-3.9751662745538026,39.36003296651892,3.997,1.167,2155.953,24
4,24,1.814424244673997,3.683518486781896,-0.0022090098712268,39.55065502409126,0.0008,3.691,2166.094,24
4,24,1.814424244673997,3.0680559744391926,-3.973594978630053,39.397873486871546,3.997,1.166,2176.25,24
4,24,1.814424244673997,3.6815656083340818,-0.0014134140020449,39.55135698616507,0.0008,3.688,2186.406,24
4,24,1.814424244673997,3.065747553716596,-3.9737265893732423,39.4098711940699,3.997,1.163,2196.563,24
4,24,1.814424244673997,3.679636957782583,-0.0010110243103593,39.587481671518006,0.0006,3.687,2206.688,24
4,24,1.814424244673997,3.0623360844292398,-3.9741166491885553,39.4992917794105,3.997,1.16,2216.844,24
4,24,1.814424244673997,3.677732954751245,-0.0019622952281821,39.61699268451132,0.0008,3.684,2227.0,24
4,24,1.814424244673997,3.060104831712002,-3.973055588653269,39.51409743475171,3.997,1.158,2237.141,24
4,24,1.814424244673997,3.675692203320748,-0.0009183734293098,39.69537026554805,0.0006,3.683,2247.266,24
4,24,1.814424244673997,3.058400633143626,-3.9735738092318496,39.54869548392314,3.997,1.156,2257.484,24
4,24,1.814424244673997,3.6739898327825937,-0.0007857667494237,39.72346151471475,0.0006,3.68,2267.672,24
4,24,1.814424244673997,3.0565431466495245,-3.9751118598286,39.60596878930388,3.997,1.154,2277.859,24
4,24,1.814424244673997,3.6720910203585,-0.0025251146773268,39.77384847942181,0.0008,3.679,2288.016,24
4,24,1.814424244673997,3.0533960015771004,-3.975752475046309,39.65132741641621,3.997,1.153,2298.219,24
4,24,1.814424244673997,3.670058070280749,-0.0015342824078779,39.80916699620943,0.0006,3.678,2308.344,24
4,24,1.814424244673997,3.051647527402718,-3.9754909550993647,39.67804433882552,3.997,1.15,2318.531,24
4,24,1.814424244673997,3.668413259854648,0.0001916283003378,39.85115355806124,0.0008,3.675,2328.766,24
4,24,1.814424244673997,3.050284036512916,-3.9758142498508406,39.71646233231201,3.997,1.148,2338.922,24
4,24,1.814424244673997,3.666782261199124,-0.0013341302804546,39.89022997940943,0.0008,3.674,2349.078,24
4,24,1.814424244673997,3.048201603597654,-3.9746360422199074,39.756964524022536,3.997,1.148,2359.266,24
4,24,1.814424244673997,3.664851762867333,-0.0023338142875902,39.92467671365511,0.0008,3.672,2369.422,24
4,24,1.814424244673997,3.0453702996071987,-3.977001193359909,39.815640892552445,3.997,1.144,2379.625,24
4,24,1.814424244673997,3.662879860118394,-0.002546382520191,39.98376231460674,0.0008,3.67,2389.781,24
4,24,1.814424244673997,3.0440201452244726,-3.974794643155523,39.84327973337568,3.997,1.144,2399.891,24
4,24,1.814424244673997,3.661241993305461,-0.002533342194259,40.01314803831376,0.0008,3.668,2410.016,24
4,24,1.814424244673997,3.04150614417174,-3.974387579788496,39.91051868888259,3.997,1.14,2420.25,24
4,24,1.814424244673997,3.65944139088912,-0.0025983795958965,40.08074054807812,0.0008,3.666,2430.406,24
4,24,1.814424244673997,3.039642109785983,-3.973703758445274,39.9653660831516,3.997,1.14,2440.563,24
4,24,1.814424244673997,3.6575391191524127,-0.0052135365829812,40.12215677071677,0.0008,3.664,2450.719,24
4,24,1.814424244673997,3.037635500309079,-3.97408335229964,39.99296345127236,3.997,1.136,2460.844,24
4,24,1.814424244673997,3.6561664053098144,-0.0027590564786668,40.17620947208656,0.0008,3.663,2471.031,24
4,24,1.814424244673997,3.0357413640352138,-3.975286690917969,40.05695186114938,3.997,1.134,2481.203,24
4,24,1.814424244673997,3.654460271687796,0.00084038694425,40.20173387065629,0.0008,3.66,2491.375,24
4,24,1.814424244673997,3.0336926500867505,-3.973652130597432,40.10340881035,3.997,1.132,2501.563,24
4,24,1.814424244673997,3.652643782466417,0.0006217830591939,40.25625328583803,0.0006,3.659,2511.766,24
4,24,1.814424244673997,3.0309491781478606,-3.973805253843224,40.131548110717766,3.997,1.129,2521.906,24
4,24,1.814424244673997,3.6505551893032857,-0.0006957691972791,40.31496599573772,0.0008,3.657,2532.141,24
4,24,1.814424244673997,3.0277439312615466,-3.974366117205528,40.1688564749171,3.997,1.128,2542.281,24
4,24,1.814424244673997,3.648540323881416,-0.0003753715639993,40.33545405274843,0.0006,3.655,2552.438,24
4,24,1.814424244673997,3.023733296933034,-3.9735360197376903,40.21596138346922,3.997,1.123,2562.609,24
4,24,1.814424244673997,3.646629070911713,-0.0020656744322924,40.40246607423402,0.0008,3.653,2572.734,24
4,24,1.814424244673997,3.019506738773492,-3.97644271114176,40.2807525959031,3.997,1.118,2583.031,24
4,24,1.814424244673997,3.64455539498416,-0.0018479830275848,40.46933862656672,0.0008,3.651,2593.156,24
4,24,1.814424244673997,3.0157921762209634,-3.9749386324411735,40.32693539790258,3.997,1.116,2603.375,24
4,24,1.814424244673997,3.6425411394847744,-0.0026353626067443,40.52968522268099,0.0008,3.649,2613.531,24
4,24,1.814424244673997,3.0135672631230546,-3.9723774505676457,40.40587986982308,3.997,1.113,2623.688,24
4,24,1.814424244673997,3.640787000954659,-0.0016879679563839,40.58241886684787,0.0008,3.647,2633.891,24
4,24,1.814424244673997,3.0109153211634063,-3.974996252025068,40.45813031036204,3.997,1.112,2644.031,24
4,24,1.814424244673997,3.638416543455759,-0.0009833849019805,40.636583834134576,0.0008,3.644,2654.125,24
4,24,1.814424244673997,3.006853326413049,-3.972110983003552,40.516444760322685,3.997,1.109,2664.281,24
4,24,1.814424244673997,3.636810951699261,0.0004202719929139,40.70372589433867,0.0008,3.643,2674.516,24
4,24,1.814424244673997,3.0044166619869355,-3.974379903104857,40.57432641904092,3.997,1.105,2684.656,24
4,24,1.814424244673997,3.634407461921752,-0.0023209042708631,40.75169824502809,0.0006,3.641,2694.891,24
4,24,1.814424244673997,3.000523909474439,-3.974500913953236,40.64832946344978,3.997,1.102,2705.141,24
4,24,1.814424244673997,3.6318874207224954,0.0005053592515954,40.81392479821918,0.0008,3.637,2715.281,24
4,24,1.814424244673997,2.9971566979291184,-3.9730214856080974,40.69342556849875,3.997,1.098,2725.438,24
4,24,1.814424244673997,3.6292974293594793,-0.0014109804513094,40.88478323162893,0.0008,3.635,2735.578,24
4,24,1.814424244673997,2.9941112128774634,-3.97345982640994,40.77170943728463,3.997,1.096,2745.766,24
4,24,1.814424244673997,3.626960050478525,-0.004748040376646,40.9666642200536,0.0008,3.632,2755.922,24
4,24,1.814424244673997,2.9916918311633007,-3.973828291392996,40.84748190100152,3.997,1.092,2766.078,24
4,24,1.814424244673997,3.624366086918398,-0.001752751260021,40.99717699224887,0.0006,3.63,2776.281,24
4,24,1.814424244673997,2.9884038695762,-3.972434723922519,40.88968661150626,3.997,1.091,2786.453,24
4,24,1.814424244673997,3.621762139993349,-0.0017646053684729,41.05274150093849,0.0008,3.627,2796.672,24
4,24,1.814424244673997,2.985361088974349,-3.972704961163368,40.93474385648442,3.997,1.087,2806.844,24
4,24,1.814424244673997,3.618313602509928,-0.0026215713108082,41.12439022445213,0.0008,3.623,2817.016,24
4,24,1.814424244673997,2.9835235623381844,-3.9717713496290856,40.99424169719842,3.997,1.086,2827.141,24
4,24,1.814424244673997,3.6156320740905454,-9.513948634804724e-05,41.1762554513002,0.0006,3.621,2837.297,24
4,24,1.814424244673997,2.9803229530339963,-3.973827815014852,41.05033287160867,3.997,1.082,2847.453,24
4,24,1.814424244673997,3.612744013851956,0.0004612636751502,41.20628107296315,0.0008,3.617,2857.656,24
4,24,1.814424244673997,2.977439129325039,-3.973352266652765,41.09911714067853,3.997,1.08,2867.797,24
4,24,1.814424244673997,3.609621652501272,-0.0014994003757075,41.2782443416308,0.0006,3.615,2878.016,24
4,24,1.814424244673997,2.9738503604280155,-3.974994547516757,41.1572252518715,3.997,1.077,2888.156,24
4,24,1.814424244673997,3.6061638929175497,-0.0019884328113317,41.32444634062612,0.0008,3.611,2898.313,24
4,24,1.814424244673997,2.97020494597364,-3.9731108044193766,41.20460978416718,3.997,1.072,2908.516,24
4,24,1.814424244673997,3.6024800327530277,-0.0025302284567103,41.37312601856057,0.0008,3.607,2918.688,24
4,24,1.814424244673997,2.965584002499864,-3.975199343196986,41.26438030936558,3.997,1.07,2928.891,24
4,24,1.814424244673997,3.598763407025581,-0.0009804110653342,41.44004653111915,0.0006,3.603,2939.031,24
4,24,1.814424244673997,2.959763365729548,-3.973338054094165,41.31309946027967,3.997,1.064,2949.203,24
4,24,1.814424244673997,3.594645115838589,-0.0012671286617398,41.511936589487966,0.0008,3.599,2959.422,24
4,24,1.814424244673997,2.953171738672206,-3.973640322276945,41.37602474671149,3.997,1.058,2969.656,24
4,24,1.814424244673997,3.590255809072621,-0.0021781560542649,41.55722757435085,0.0008,3.594,2979.813,24
4,24,1.814424244673997,2.946406246878309,-3.974473354947168,41.43974622147347,3.997,1.052,2989.953,24
4,24,1.814424244673997,3.585617918894547,-0.0030107079806377,41.62525149753744,0.0008,3.591,3000.172,24
4,24,1.814424244673997,2.9393789636881213,-3.9740173055926102,41.48922494368645,3.997,1.045,3010.328,24
4,24,1.814424244673997,3.580915415520785,-0.0017338636558705,41.66792497493213,0.0008,3.585,3020.531,24
4,24,1.814424244673997,2.9323631546289626,-3.973107521419084,41.54825359095916,3.997,1.037,3030.688,24
4,24,1.814424244673997,3.5755568971343825,-0.0011253365699595,41.74055026319535,0.0008,3.579,3040.922,24
4,24,1.814424244673997,2.9247289586961203,-3.974359096681521,41.62486411250162,3.997,1.03,3051.078,24
4,24,1.814424244673997,3.5692079371157908,-0.0019519877662088,41.78438694470748,0.0008,3.573,3061.203,24
4,24,1.814424244673997,2.915284201094745,-3.97436511021067,41.68404827177185,3.997,1.02,3071.422,24
4,24,1.814424244673997,3.5620551568206302,-0.0021591014619925,41.84933780347295,0.0008,3.565,3081.609,24
4,24,1.814424244673997,2.905765439349689,-3.974653121052828,41.75696642838954,3.997,1.011,3091.828,24
4,24,1.814424244673997,3.553833828109747,-0.0018579072142333,41.94798617738095,0.0008,3.557,3102.031,24
4,24,1.814424244673997,2.895842708745612,-3.972765469179101,41.81325249303893,3.997,1.003,3112.25,24
4,24,1.814424244673997,3.544472823568557,-0.000107164354641,41.9892172802138,0.0008,3.548,3122.422,24
4,24,1.814424244673997,2.883118732257969,-3.9747103928681065,41.90401362284504,3.997,0.991,3132.594,24
4,24,1.814424244673997,3.5335298077720814,-0.0014733926649464,42.08634248915404,0.0006,3.536,3142.734,24
4,24,1.814424244673997,2.8683497999960976,-3.974494873837125,41.94288494944632,3.997,0.978,3152.844,24
4,24,1.814424244673997,3.520853621226838,-0.0024329480224268,42.14657083262928,0.0006,3.524,3163.063,24
4,24,1.814424244673997,2.851608385534201,-3.97321680278736,42.048327093692535,3.997,0.961,3173.234,24
4,24,1.814424244673997,3.505523120537784,-0.0012413534346699,42.22855760182429,0.0008,3.508,3183.406,24
4,24,1.814424244673997,2.8312023062990668,-3.9725290848518577,42.12119761296339,3.997,0.941,3193.531,24
4,24,1.814424244673997,3.4876336977840707,-0.0005764664852449,42.291785160788265,0.0008,3.491,3203.75,24
4,24,1.814424244673997,2.806572060161238,-3.9727578168988313,42.1757790127653,3.997,0.921,3213.969,24
4,24,1.814424244673997,3.466157545514052,-0.0013784496158575,42.38198196595749,0.0008,3.469,3224.125,24
4,24,1.814424244673997,2.778829791139796,-3.973660415442572,42.27763018580978,3.997,0.892,3234.266,24
4,24,1.814424244673997,3.4421202527379298,-0.0036477043874604,42.46891485937044,0.0008,3.444,3244.453,24
4,24,1.814424244673997,2.7461508785651114,-3.974855795191445,42.3805648195144,3.997,0.863,3254.609,24
4,24,1.814424244673997,3.413299576294106,-0.0010472207578318,42.560783714661305,0.0006,3.416,3264.766,24
4,24,1.814424244673997,2.709384361555724,-3.9739707651956255,42.47218288944676,3.997,0.827,3275.016,24
4,24,1.814424244673997,3.380114146705273,-0.0005986248924335,42.66769625328993,0.0008,3.38,3285.188,24
4,24,1.814424244673997,2.666743218181093,-3.972834220278243,42.572631067421504,3.997,0.787,3295.375,24
4,24,1.814424244673997,3.3414485788120505,-0.0018349035305099,42.766087140217465,0.0006,3.342,3305.516,24
4,24,1.814424244673997,2.614780316219837,-3.972653234041661,42.66202873501414,3.997,0.739,3315.703,24
4,24,1.814424244673997,3.2945746752506717,-0.0006422818148342,42.8649761894652,0.0008,3.294,3326.016,24
4,24,1.814424244673997,2.5543323169507937,-3.970917229312726,42.78346030102294,3.997,0.679,3336.313,24
4,24,1.814424244673997,3.238999464671798,0.0002302650218698,43.011055300440646,0.0006,3.236,3346.609,24
4,24,1.814424244673997,2.47983581845354,-3.973517567037784,42.90329230499839,3.997,0.614,3356.953,24
4,24,1.814424244673997,3.1792435835226858,-0.0006347908492619,43.07456793109374,0.0002,0.0,3367.375,24
4,24,1.814424244673997,3.213303380095295,-0.0029405754254798,42.69361239642994,0.0002,0.001,3377.875,24
4,24,1.814424244673997,3.236217149381744,-0.0021916729122715,42.19661832872028,0.0002,0.0,3388.516,24
4,24,1.814424244673997,3.253264028386364,-0.0029902047828987,41.74470878689983,0.0002,0.001,3399.078,24
4,24,1.814424244673997,3.266430256969759,-0.0015619139230083,41.38158244728634,0.0002,0.0,3409.672,24
4,24,1.814424244673997,3.276971832715962,-0.0025856672365322,41.05276911029098,0.0002,0.001,3420.313,24
4,24,1.814424244673997,3.285806617710663,-0.0024985547640271,40.75263721983454,0.0002,0.0,3430.938,24
4,24,1.814424244673997,3.29292180298698,-0.0025443114169295,40.50531240844936,0.0002,0.001,3441.531,24
4,24,1.814424244673997,3.299017273944331,0.0004511801744415,40.27570870053666,0.0002,0.0,3452.109,24
4,24,1.814424244673997,3.304062684603269,0.0003679135836073,40.0443188182364,0.0002,0.001,3462.734,24
4,24,1.814424244673997,3.308763867094581,-0.0046284763564341,39.839711534309934,0.0002,0.0,3473.375,24
4,24,1.814424244673997,3.312414283418754,-0.002752848884843,39.62647964999227,0.0002,0.001,3483.984,24
4,24,1.814424244673997,3.315778001064774,-0.0012494507416781,39.4257022305312,0.0002,0.0,3494.531,24
4,24,1.814424244673997,3.3191044577762607,-0.000674110820478,39.23272469912409,0.0002,0.001,3505.188,24
4,24,1.814424244673997,3.321558335835123,0.0013353510452379,39.04235419086275,0.0002,0.0,3515.797,24
4,24,1.814424244673997,3.3240362994462567,-0.0014345347987495,38.86267082951979,0.0002,0.001,3526.375,24
4,24,1.814424244673997,3.3262653919511704,-0.0014129991599136,38.689673386976445,0.0002,0.0,3536.969,24
4,24,1.814424244673997,3.328290238235191,-0.0032843880481546,38.51499195994116,0.0002,0.001,3547.625,24
4,24,1.814424244673997,3.330069139105012,-0.0003830620488295,38.329156909042645,0.0002,0.0,3558.188,24
4,24,1.814424244673997,3.3320265147101247,-0.0010632342025316,38.167055785147056,0.0002,0.001,3568.766,24
4,24,1.814424244673997,3.333373832041836,0.0008613257669729,38.01038856161024,0.0002,0.0,3579.313,24
4,24,1.814424244673997,3.334838451374761,-0.0004593804415733,37.84559642544265,0.0002,0.001,3589.859,24
4,24,1.814424244673997,3.336253213457073,-0.0028958628556203,37.68636047526907,0.0002,0.0,3600.453,24
4,24,1.814424244673997,3.3375704810368134,-7.892727006644365e-05,37.53294367422056,0.0002,0.001,3611.078,24
4,24,1.814424244673997,3.3386680257318324,-0.0002035921095809,37.37326929156137,0.0002,0.0,3621.641,24
4,24,1.814424244673997,3.339919074162363,-0.001672637161071,37.22657558399603,0.0002,0.001,3632.281,24
4,24,1.814424244673997,3.340794247474653,0.0018393582492121,37.07996845588546,0.0002,0.0,3642.859,24
4,24,1.814424244673997,3.3418154117848533,-0.001768064149536,36.91366326049292,0.0002,0.001,3653.391,24
4,24,1.814424244673997,3.3429004454410096,-0.0016604315630734,36.78419882427643,0.0002,0.0,3663.969,24
4,24,1.814424244673997,3.3437958076114223,-0.0024624540180541,36.66833120784945,0.0002,0.001,3674.516,24
4,24,1.814424244673997,3.344651731185882,-0.0019632997954703,36.51752474850791,0.0002,0.0,3685.047,24
4,24,1.814424244673997,3.345619035606472,-0.000929447966389,36.37120275569822,0.0002,0.001,3695.672,24
4,24,1.814424244673997,3.346118341353329,0.000746119477564,36.24915823378953,0.0002,0.0,3706.328,24
4,24,1.814424244673997,3.347046952151301,-0.0007168860645205,36.10879317794289,0.0002,0.001,3716.938,24
4,24,1.814424244673997,3.3479457579787675,-0.0021945209213731,35.97093986563015,0.0002,0.0,3727.516,24
4,24,1.814424244673997,3.348476534481687,-0.0028479771421659,35.869376994123066,0.0002,0.001,3738.094,24
4,24,1.814424244673997,3.349131226700494,-0.0013348005213688,35.740363548326975,0.0002,0.0,3748.734,24
4,24,1.814424244673997,3.349963995491532,-0.0025202545432685,35.59830893297777,0.0002,0.001,3759.406,24
4,24,1.814424244673997,3.350918233214253,-0.0035979543268714,35.46998330314357,0.0002,0.0,3769.969,24
4,24,1.814424244673997,3.351275158511254,-0.0006046635482083,35.36375739368911,0.0002,0.001,3780.563,24
4,24,1.814424244673997,3.351889916623227,-0.0018673464924976,35.259784028461574,0.0002,0.0,3791.188,24
4,24,1.814424244673997,3.3523365435477985,-0.0020075986685738,35.14302605672429,0.0002,0.001,3801.828,24
4,24,1.814424244673997,3.353069427153481,0.0008801418527616,35.03311896826371,0.0002,0.0,3812.359,24
4,24,1.814424244673997,3.353577368775888,-0.0024700738881149,34.91139016791915,0.0002,0.001,3823.016,24
4,24,1.814424244673997,3.3542248813365743,-0.002960266898224,34.814811818918095,0.0002,0.0,3833.609,24
4,24,1.814424244673997,3.3547437273512584,-0.0053650216310015,34.706972094414816,0.0002,0.001,3844.281,24
4,24,1.814424244673997,3.355282204851329,-0.000963652477096,34.5980574443696,0.0002,0.0,3854.906,24
4,24,1.814424244673997,3.3556915503940075,-0.0021189674215432,34.48551921402316,0.0002,0.001,3865.5,24
4,24,1.814424244673997,3.356226805593027,-0.0023406535013142,34.40242250517013,0.0002,0.0,3876.063,24
4,24,1.814424244673997,3.356828734665442,-0.0010596054463771,34.29678269315656,0.0002,0.001,3886.625,24
4,24,1.814424244673997,3.357289730160061,3.4169146443047126e-05,34.16689559545056,0.0002,0.0,3897.203,24
4,24,1.814424244673997,3.357654248640113,-0.0016750446480831,34.08778579990423,0.0002,0.001,3907.781,24
4,24,1.814424244673997,3.357945700141736,0.0009344987782156,33.98365165822216,0.0002,0.0,3918.344,24
4,24,1.814424244673997,3.358720435590452,-0.0007449860970944,33.89703752822761,0.0002,0.001,3928.969,24
4,24,1.814424244673997,3.3591633732343094,0.0006459719300698,33.80762646930591,0.0002,0.0,3939.563,24
4,24,1.814424244673997,3.3593236216308267,-0.0018261604153223,33.69996699613556,0.0002,0.001,3950.109,24
4,24,1.814424244673997,3.360095980646996,-0.0021833321249754,33.61402642480634,0.0002,0.0,3960.703,24
4,24,1.814424244673997,3.3603668256414823,-0.0034597808393483,33.53023665184967,0.0002,0.001,3971.297,24
4,24,1.814424244673997,3.36067975023158,-0.0033286326839627,33.44899684214952,0.0002,0.0,3981.859,24
4,24,1.814424244673997,3.3612657432603017,0.0001297543926801,33.36482970528457,0.0002,0.001,3992.516,24
4,24,1.814424244673997,3.361795874958281,0.000919035865533,33.288184657209825,0.0002,0.0,4003.172,24
4,24,1.814424244673997,3.361883095629494,-0.0025685706214155,33.19542288605477,0.0002,0.001,4013.734,24
4,24,1.814424244673997,3.362355868418911,-0.0021164296047152,33.11525121910377,0.0002,0.0,4024.328,24
4,24,1.814424244673997,3.3629545615416747,-0.0025303331226984,33.02728067544751,0.0002,0.001,4034.938,24
4,24,1.814424244673997,3.3629623873727263,-0.0020793319386749,32.9491727898575,0.0002,0.0,4045.578,24
4,24,1.814424244673997,3.3635901381709745,-0.0010879316180295,32.86833857725773,0.0002,0.001,4056.156,24
4,24,1.814424244673997,3.3638547441404394,-0.0012090766916076,32.780847424129405,0.0002,0.0,4066.703,24
4,24,1.814424244673997,3.3640755596863943,-0.0001063174008654,32.71237791519651,0.0002,0.001,4077.281,24
4,24,1.814424244673997,3.364544010745338,-0.005215267262585,32.62723379122149,0.0002,0.0,4087.953,24
4,24,1.814424244673997,3.364841516472483,-0.0020238357298094,32.54902245356766,0.0002,0.001,4098.531,24
4,24,1.814424244673997,3.365230052039642,-0.0005677844626959,32.46554430691174,0.0002,0.0,4109.109,24
4,24,1.814424244673997,3.3655723159457507,-0.0028987095683509,32.41118918523186,0.0002,0.001,4119.688,24
4,24,1.814424244673997,3.36578282662394,0.0021081052645948,32.34482156044493,0.0002,0.0,4130.313,24
4,24,1.814424244673997,3.366179688891181,-0.001347852037301,32.2721927284184,0.0002,0.001,4140.953,24
4,24,1.814424244673997,3.366758276231069,0.0028005463263439,32.20754011566754,0.0002,0.0,4151.578,24
4,24,1.814424244673997,3.367024308738419,-0.0057700191574839,32.120630972204395,0.0002,0.001,4162.172,24
4,24,1.814424244673997,3.3671386595297683,-0.0031947036395121,32.05741194024885,0.0002,0.0,4172.766,24
4,24,1.814424244673997,3.367541768237313,-0.0006938423571544,31.99247625480562,0.0002,0.001,4183.375,24
4,24,1.814424244673997,3.3677971487210736,-0.0014967187793223,31.916857530020327,0.0002,0.0,4193.984,24
4,24,1.814424244673997,3.367973860541716,0.0007829724736583,31.839331863237224,0.0002,0.001,4204.563,24
4,24,1.814424244673997,3.3683327345885443,-0.0007148946320661,31.80207565833256,0.0002,0.0,4215.156,24
4,24,1.814424244673997,3.368493345889868,-0.0010195771526517,31.738043707149693,0.0002,0.001,4225.719,24
4,24,1.814424244673997,3.368934103160581,-0.0030754468816423,31.67757882095469,0.0002,0.0,4236.281,24
4,24,1.814424244673997,3.369227891971992,-0.0010726006228932,31.617625982374125,0.0002,0.001,4246.828,24
4,24,1.814424244673997,3.369521170068902,4.001358286695649e-05,31.557974231254533,0.0002,0.0,4257.391,24
4,24,1.814424244673997,3.369572394419526,-0.0014381827874998,31.495182805367303,0.0002,0.001,4268.031,24
4,24,1.814424244673997,3.369843557140009,-0.0035374569767462,31.42281090594594,0.0002,0.0,4278.625,24
4,24,1.814424244673997,3.369967646041669,0.0001211727874717,31.380913418980903,0.0002,0.001,4289.203,24
4,24,1.814424244673997,3.37042174887463,-0.0012730835849682,31.31673462613576,0.0002,0.0,4299.875,24
4,24,1.814424244673997,3.370664796485104,-0.0045583788725963,31.26441463720491,0.0002,0.001,4310.469,24
4,24,1.814424244673997,3.3710250481155044,-0.003346888998913,31.20701820775152,0.0002,0.0,4321.047,24
4,24,1.814424244673997,3.3712031920454,-0.0009199434240038,31.146237060457278,0.0002,0.001,4331.625,24
4,24,1.814424244673997,3.3714470764955853,-0.0024652344480808,31.09649448041593,0.0002,0.0,4342.266,24
4,24,1.814424244673997,3.3717453717401717,-0.0024536547025674,31.05281474327129,0.0002,0.001,4352.922,24
4,24,1.814424244673997,3.3719555231866525,-0.0028340859054493,30.9929018428453,0.0002,0.0,4363.5,24
4,24,1.814424244673997,3.3722532187708065,-0.0024674290190794,30.94507961509982,0.0002,0.001,4374.063,24
4,24,1.814424244673997,3.3723741155435496,-0.0023868503580889,30.88448915539256,0.0002,0.0,4384.672,24
4,24,1.814424244673997,3.3723587912044506,-0.0039029418834832,30.83699929940673,0.0002,0.001,4395.25,24
4,24,1.814424244673997,3.3727125015819017,-0.0019394081222077,30.796863171966915,0.0002,0.0,4405.953,24
4,24,1.814424244673997,3.3730569314072,0.0011232791299845,30.75135358196952,0.0002,0.001,4416.516,24
4,24,1.814424244673997,3.3732525522548,-0.0016968680665877,30.69025889330937,0.0002,0.0,4427.141,24
4,24,1.814424244673997,3.3736898513916005,-0.0024026061598488,30.635961678192043,0.0002,0.001,4437.781,24
4,24,1.814424244673997,3.3734947421181687,0.0009696692846363,30.587278841077925,0.0002,0.0,4448.375,24
4,24,1.814424244673997,3.374038441800725,-0.0030754112651268,30.553704363214628,0.0002,0.001,4458.953,24
4,24,1.814424244673997,3.374180333318752,0.003214423968181,30.51443214839265,0.0002,0.0,4469.594,24
4,24,1.814424244673997,3.374610547194218,-0.0026655373537262,30.45714263036195,0.0002,0.001,4480.188,24
4,24,1.814424244673997,3.374424847467994,-0.005208386820989,30.4135956077022,0.0002,0.0,4490.734,24
4,24,1.814424244673997,3.3748461881530205,-0.0041502134960416,30.38311884513774,0.0002,0.001,4501.328,24
4,24,1.814424244673997,3.374971390363666,-0.00549925502638,30.349721771107216,0.0002,0.0,4511.875,24
4,24,1.814424244673997,3.375157961661034,-0.0022374547739448,30.28713858560721,0.0002,0.001,4522.547,24
4,24,1.814424244673997,3.375483213380659,0.0003040757333963,30.2513586772008,0.0002,0.0,4533.094,24
4,24,1.814424244673997,3.3753897524677443,0.0024322858261566,30.192764654045064,0.0002,0.001,4543.766,24
4,24,1.814424244673997,3.375612387092606,-0.0014234234036881,30.160153082981395,0.0002,0.0,4554.297,24
4,24,1.814424244673997,3.3761412829340727,-0.0005217190075912,30.12030618992592,0.0002,0.001,4564.953,24
4,24,1.814424244673997,3.37613288626289,-0.0034463162940823,30.0901646468693,0.0002,0.0,4575.547,24
4,24,1.814424244673997,3.3764551508169167,-0.0012281248830945,30.05016710368991,0.0002,0.001,4586.156,24
4,24,1.814424244673997,3.376519611191596,-0.0007947984277155,30.021261185275684,0.0002,0.0,4596.719,24
4,24,1.814424244673997,3.376670190148508,-0.0044482881008413,29.974076828632583,0.0002,0.001,4607.375,24
4,24,1.814424244673997,3.376816947066738,0.0002986477636494,29.928413135060456,0.0002,0.0,4617.984,24
4,24,1.814424244673997,3.377166209203161,-0.0018356596430017,29.895967275742624,0.0002,0.001,4628.578,24
4,24,1.814424244673997,3.3773399438251133,0.0022445294407696,29.85560453934721,0.0002,0.0,4639.125,24
4,24,1.814424244673997,3.3774089403093965,-0.0014575976383664,29.815175416027373,0.0002,0.001,4649.703,24
4,24,1.814424244673997,3.377250944194014,-0.002405479703665,29.79288491146858,0.0002,0.0,4660.25,24
4,24,1.814424244673997,3.3778281410803417,-0.0011904217316778,29.755727198081807,0.0002,0.001,4670.828,24
4,24,1.814424244673997,3.3779254587529937,-0.0013687043827045,29.718815851363583,0.0002,0.0,4681.422,24
4,24,1.814424244673997,3.3781846930869923,0.0007978212036974,29.684479328390392,0.0002,0.001,4692.0,24
4,24,1.814424244673997,3.3783418853780987,-0.004393260449907,29.640153780503383,0.0002,0.0,4702.672,24
4,24,1.814424244673997,3.378358536409605,-0.0022156928747436,29.608833713689734,0.0002,0.001,4713.234,24
4,24,1.814424244673997,3.378624231970789,-0.0018925802537901,29.557336784284207,0.0002,0.0,4723.828,24
4,24,1.814424244673997,3.378933026626524,-0.0015866218425252,29.539491200476565,0.0002,0.001,4734.453,24
4,24,1.814424244673997,3.379032129340462,-0.0034098337289015,29.486616378481862,0.0002,0.0,4744.953,24
4,24,1.814424244673997,3.379046527124351,-0.0023436178247582,29.46515741765888,0.0002,0.001,4755.578,24
4,24,1.814424244673997,3.379219725750929,-0.0016295442938217,29.42880458316018,0.0002,0.0,4766.188,24
4,24,1.814424244673997,3.3793387261015395,-0.0011805190567115,29.38455541757575,0.0002,0.001,4776.781,24
4,24,1.814424244673997,3.379784374711754,0.0002850999646984,29.36198216707096,0.0002,0.0,4787.391,24
4,24,1.814424244673997,3.3794826325129,0.0010075783459395,29.34676001510448,0.0002,0.001,4798.016,24
4,24,1.814424244673997,3.379752222004065,-0.0024071907892152,29.3209613789694,0.0002,0.0,4808.656,24
4,24,1.814424244673997,3.379955052918496,-0.0044980841239886,29.271201581639367,0.0002,0.001,4819.234,24
4,24,1.814424244673997,3.380285591459648,-0.002628569261354,29.252943287864813,0.0002,0.0,4829.828,24
4,24,1.814424244673997,3.380334521537064,-0.006551844157306,29.222701384347328,0.0002,0.001,4840.438,24
4,24,1.814424244673997,3.3804978817598044,-0.0014811566066978,29.19604083726528,0.0002,0.0,4851.047,24
4,24,1.814424244673997,3.380553592278432,-0.000761323371114,29.16667394986307,0.0002,0.001,4861.75,24
4,24,1.814424244673997,3.380884775633864,-0.0012356529951625,29.148360086749395,0.0002,0.0,4872.422,24
4,24,1.814424244673997,3.380940531428335,-0.000308363740651,29.118138539915066,0.0002,0.001,4882.969,24
4,24,1.814424244673997,3.3810428237417867,-0.0004186526196217,29.08441850760948,0.0002,0.0,4893.547,24
4,24,1.814424244673997,3.381247802342796,-0.0008277323871395,29.057266311349505,0.0002,0.001,4904.094,24
4,24,1.814424244673997,3.3812101345758583,-0.0011960611195743,29.031587001739933,0.0002,0.0,4914.703,24
4,24,1.814424244673997,3.381577374394773,-0.0020721586631117,28.9938857487711,0.0002,0.001,4925.313,24
4,24,1.814424244673997,3.381541843791801,-0.002980884254305,28.97151546843581,0.0002,0.0,4935.938,24
4,24,1.814424244673997,3.3818533233822743,-0.0024315105991001,28.958051642302973,0.0002,0.001,4946.5,24
4,24,1.814424244673997,3.3818740934707248,-0.0045389105757206,28.91896276634085,0.0002,0.0,4957.156,24
4,24,1.814424244673997,3.381929103702369,-0.002291034068835,28.88457827673268,0.0002,0.001,4967.766,24
4,24,1.814424244673997,3.38226775875107,-0.0002950179877489,28.85226432618731,0.0002,0.0,4978.328,24
4,24,1.814424244673997,3.382219942956404,-0.0007642564114893,28.84739494406556,0.0002,0.001,4988.906,24
4,24,1.814424244673997,3.382372585648642,-0.0038760671321018,28.827166671998683,0.0002,0.0,4999.547,24
4,24,1.814424244673997,3.3826130485073422,-0.000503940496507,28.816833952435072,0.0002,0.001,5010.109,24
4,24,1.814424244673997,3.382657460829804,-0.0018441786912631,28.783344571089792,0.0002,0.0,5020.719,24
4,24,1.814424244673997,3.3827772580862385,0.0005581649610766,28.769611122986927,0.0002,0.001,5031.281,24
4,24,1.814424244673997,3.3831001968590195,-0.0028326979488377,28.732115625398837,0.0002,0.0,5041.844,24
4,24,1.814424244673997,3.3832632996061096,-0.0003822345288928,28.72357425277378,0.0002,0.001,5052.422,24
4,24,1.814424244673997,3.383123877908237,-0.0010887054204322,28.690728145044947,0.0002,0.0,5062.938,24
4,24,1.814424244673997,3.383091617406911,0.001805748664085,28.680960655841677,0.0002,0.001,5073.531,24
4,24,1.814424244673997,3.3835034481022404,-0.0020031783296307,28.65210824502175,0.0002,0.0,5084.125,24
4,24,1.814424244673997,3.383443598928302,-8.141712645983534e-05,28.628381946522303,0.0002,0.001,5094.719,24
4,24,1.814424244673997,3.3835999915462702,-0.0011569186272143,28.62027557316214,0.0002,0.0,5105.266,24
4,24,1.814424244673997,3.3839808138561494,-0.0021941157439943,28.596532996344397,0.0002,0.001,5115.844,24
4,24,1.814424244673997,3.383915566348134,-0.0030012732224834,28.57747640159158,0.0002,0.0,5126.406,24
4,24,1.814424244673997,3.3840282841606557,-0.000259388243478,28.55462753323076,0.0002,0.001,5136.984,24
4,24,1.814424244673997,3.3841863913268813,-0.0042757310087368,28.53384610198617,0.0002,0.0,5147.563,24
4,24,1.814424244673997,3.3842615647711187,-0.0009078407158518,28.51083497651924,0.0002,0.001,5158.125,24
4,24,1.814424244673997,3.384451203079841,-0.0026853504485941,28.497065388748005,0.0002,0.001,5168.703,24
4,24,1.814424244673997,3.384400994024792,-0.0007098059046652,28.467027230130974,0.0002,0.001,5179.281,24
4,24,1.814424244673997,3.384670504532396,-0.0023734056359632,28.45707481939888,0.0002,0.0,5189.844,24
4,24,1.814424244673997,3.384630449912736,0.0001342349094187,28.44831000764227,0.0002,0.001,5200.484,24
4,24,1.814424244673997,3.384848270250194,-0.0004119150635271,28.425270676227324,0.0002,0.0,5211.109,24
4,24,1.814424244673997,3.384845438067214,-0.0002635662197954,28.397922287238767,0.0002,0.001,5221.703,24
4,24,1.814424244673997,3.384910749861995,-0.0016493637212729,28.382407044287707,0.0002,0.0,5232.281,24
4,24,1.814424244673997,3.3851617095429924,-0.0025293453658594,28.367892861833823,0.0002,0.001,5242.938,24
4,24,1.814424244673997,3.3851618551375733,-0.0008302381778322,28.34308807351449,0.0002,0.0,5253.531,24
4,24,1.814424244673997,3.3854782404311625,-0.0042837112973689,28.34851692643456,0.0002,0.001,5264.078,24
4,24,1.814424244673997,3.3853850210481866,-0.0007154924251504,28.312979633403188,0.0002,0.0,5274.641,24
4,24,1.814424244673997,3.38560811643661,0.0006726052022869,28.305435926245732,0.0002,0.001,5285.344,24
4,24,1.814424244673997,3.3855982862006755,9.346526122097518e-05,28.294948530279736,0.0002,0.0,5295.969,24
4,24,1.814424244673997,3.385769024408888,-0.0026230889487581,28.27911455250504,0.0002,0.001,5306.547,24
4,24,1.814424244673997,3.385941323716092,-0.0014656527210099,28.274513292803867,0.0002,0.0,5317.109,24
4,24,1.814424244673997,3.386070394239004,-0.00266120083164,28.249030246883034,0.0002,0.001,5327.703,24
4,24,1.814424244673997,3.3863767182694207,-5.6085049078209205e-06,28.22171676697721,0.0002,0.0,5338.266,24
4,24,1.814424244673997,3.386255121302321,-0.0012720438975441,28.214479948553446,0.0002,0.001,5348.891,24
4,24,1.814424244673997,3.3865131988951007,-0.0008070550928539,28.199088975908342,0.0002,0.0,5359.438,24
4,24,1.814424244673997,3.386442155645724,-0.0010646055561806,28.185269176220164,0.0002,0.001,5370.047,24
4,24,1.814424244673997,3.3864358862857915,-0.0001444221529753,28.16813898625908,0.0002,0.0,5380.609,24
4,24,1.814424244673997,3.3867559472360145,-0.0024303756630139,28.163639027320297,0.0002,0.001,5391.188,24
4,24,1.814424244673997,3.386853032225204,-0.0028138141617942,28.144093180878084,0.0002,0.0,5401.781,24
4,24,1.814424244673997,3.386996596660705,-0.0035224569999969,28.13206164245887,0.0002,0.001,5412.344,24
4,24,1.814424244673997,3.3867347661631846,-0.0016242708286762,28.11838248924224,0.0002,0.0,5422.953,24
4,24,1.814424244673997,3.3873459088510534,0.0003818850528094,28.1053433362405,0.0002,0.001,5433.531,24
4,24,1.814424244673997,3.387069886078006,-0.0026809563258775,28.09313609594481,0.0002,0.0,5444.078,24
4,24,1.814424244673997,3.3871576121201667,-0.0007577714529496,28.076074445723187,0.0002,0.001,5454.688,24
4,24,1.814424244673997,3.3873949665201555,0.0013060781944285,28.046559638833955,0.0002,0.0,5465.297,24
4,24,1.814424244673997,3.387507085945774,-0.0006149698563028,28.02919835525467,0.0002,0.001,5475.859,24
4,24,1.814424244673997,3.387449760001964,0.0006744290639228,28.012247096669025,0.0002,0.0,5486.484,24
4,24,1.814424244673997,3.3875926018994424,-0.0004888379187997,28.010111112987783,0.0002,0.001,5497.078,24
4,24,1.814424244673997,3.3875420274917505,-0.0010887203874643,27.992879228253152,0.0002,0.0,5507.625,24
4,24,1.814424244673997,3.387620543779838,-0.0044896565370817,27.988173565965567,0.0002,0.001,5518.188,24
4,24,1.814424244673997,3.3880094453737493,-0.0053898639575396,27.979124225924096,0.0002,0.0,5528.734,24
4,24,1.814424244673997,3.388037838451156,-0.0044571010511818,27.95119696548489,0.0002,0.001,5539.313,24
4,24,1.814424244673997,3.3879411110932462,0.0002056119544219,27.94578757310421,0.0002,0.0,5549.891,24
4,24,1.814424244673997,3.388281658514161,-0.0014317897186786,27.9453742068569,0.0002,0.001,5560.453,24
4,24,1.814424244673997,3.388214189554392,0.0006525201081023,27.928276726021647,0.0002,0.0,5571.031,24
4,24,1.814424244673997,3.3884261284783754,-0.0021913096441792,27.92556223868556,0.0002,0.001,5581.672,24
4,24,1.814424244673997,3.3886272632437016,-0.0024644700327782,27.90626622293494,0.0002,0.0,5592.234,24
4,24,1.814424244673997,3.38849045991161,-0.0026086076371817,27.892614248767,0.0002,0.001,5602.828,24
4,24,1.814424244673997,3.388459514702518,-0.0011262622601483,27.88094639871884,0.0002,0.0,5613.438,24
4,24,1.814424244673997,3.3886585961833653,-0.0001888556286393,27.86132167986039,0.0002,0.001,5623.969,24
4,24,1.814424244673997,3.388704409127813,-0.0043743194681323,27.85797008353353,0.0002,0.0,5634.563,24
4,24,1.814424244673997,3.388936675228199,-0.0018400057648097,27.847842665060423,0.0002,0.001,5645.219,24
4,24,1.814424244673997,3.3893277285859065,-0.0008270939030692,27.82827613352272,0.0002,0.0,5655.75,24
4,24,1.814424244673997,3.389093823158209,-0.0043421550239801,27.821329637115948,0.0002,0.001,5666.328,24
4,24,1.814424244673997,3.389103761113568,-0.0053057848328697,27.820488236335397,0.0002,0.0,5676.906,24
4,24,1.814424244673997,3.389249960309323,0.001225828441001,27.796086584453445,0.0002,0.001,5687.516,24
4,24,1.814424244673997,3.389370454135474,-0.0036243523645238,27.787676105503724,0.0002,0.0,5698.125,24
4,24,1.814424244673997,3.3894020893212704,-0.0021797411878993,27.774331794766766,0.0002,0.001,5708.734,24
4,24,1.814424244673997,3.389435349015271,-0.0020125483451327,27.776576053291254,0.0002,0.0,5719.375,24
4,24,1.814424244673997,3.389460776735855,2.2604225324437493e-05,27.766375258757755,0.0002,0.001,5729.938,24
4,24,1.814424244673997,3.389724190088776,-0.0074817979827348,27.758158714022045,0.0002,0.0,5740.547,24
4,24,1.814424244673997,3.3896997565740303,-0.003028377116336,27.740613172264982,0.0002,0.001,5751.219,24
4,24,1.814424244673997,3.389778260719789,-0.0017729439321709,27.727870044779223,0.0002,0.0,5761.875,24
4,24,1.814424244673997,3.3896364407604698,0.0010913299111181,27.718176027966408,0.0002,0.001,5772.469,24
4,24,1.814424244673997,3.389875913821341,-0.0031335565011782,27.71909027711221,0.0002,0.0,5783.047,24
4,24,1.814424244673997,3.389955861659681,-0.0015507884301316,27.71689581809239,0.0002,0.001,5793.578,24
4,24,1.814424244673997,3.3901105328901457,-0.0014030379496788,27.701033478578356,0.0002,0.0,5804.172,24
4,24,1.814424244673997,3.3903241963794457,-0.0030489901571048,27.68834125056618,0.0002,0.001,5814.781,24
4,24,1.814424244673997,3.390369831527952,-0.000706376769593,27.674308258236287,0.0002,0.0,5825.328,24
4,24,1.814424244673997,3.390171209923352,-0.0012745848714119,27.67745350715058,0.0002,0.001,5835.891,24
4,24,1.814424244673997,3.3904966364422946,-0.0018726683062713,27.658676495054166,0.0004,0.0,5846.422,24
4,24,1.814424244673997,3.390577183917656,-0.0033977925456858,27.65050869708696,0.0002,0.001,5856.984,24
4,24,1.814424244673997,3.39042529099068,0.0005753789861129,27.638400336040533,0.0002,0.0,5867.578,24
4,24,1.814424244673997,3.3908982908983525,-0.0027080652150904,27.63914204452287,0.0002,0.001,5878.156,24
4,24,1.814424244673997,3.3908552570807964,-0.0007650143529951,27.63835729187207,0.0002,0.0,5888.734,24
4,24,1.814424244673997,3.3907542675496414,-0.0015705445517156,27.62621566240342,0.0002,0.001,5899.422,24
4,24,1.814424244673997,3.3908840520701418,-0.0001400109882757,27.611064055838398,0.0002,0.0,5909.969,24
4,24,1.814424244673997,3.391052716186395,-0.0036152912197691,27.6030269196657,0.0002,0.001,5920.563,24
4,24,1.814424244673997,3.391088210832617,-0.0007833000258619,27.59359564904289,0.0002,0.0,5931.141,24
4,24,1.814424244673997,3.3910413131496937,-0.000161040398165,27.58494401202112,0.0002,0.001,5941.703,24
4,24,1.814424244673997,3.391274297729299,-0.0009642327332809,27.579820690901787,0.0002,0.0,5952.281,24
4,24,1.814424244673997,3.391282363181402,0.0006906402883925,27.576711703979345,0.0002,0.001,5963.016,24
4,24,1.814424244673997,3.3914340984909552,-0.0031252944498865,27.572148843030188,0.0002,0.0,5973.578,24
4,24,1.814424244673997,3.391495735800099,-0.0021448036738341,27.561605051057796,0.0002,0.001,5984.141,24
4,24,1.814424244673997,3.3914852522466625,-0.0006847975002482,27.54764418853633,0.0002,0.0,5994.703,24
4,24,1.814424244673997,3.3915262674607654,-0.003196563046033,27.541222507789836,0.0002,0.001,6005.281,24
4,24,1.814424244673997,3.391723294929091,-0.0006254212657108,27.536392435926924,0.0002,0.0,6015.922,24
4,24,1.814424244673997,3.391704190386188,-0.000725497773651,27.515209390271146,0.0002,0.001,6026.516,24
4,24,1.814424244673997,3.391640283559506,-0.0009776412861031,27.51394102176784,0.0002,0.0,6037.094,24
4,24,1.814424244673997,3.3918495395280406,-0.0013336339338713,27.50526850674969,0.0002,0.001,6047.672,24
4,24,1.814424244673997,3.391853286521694,-0.0024305051240568,27.49797526682105,0.0002,0.0,6058.234,24
4,24,1.814424244673997,3.392046778401751,-0.0038971860368107,27.48417315172884,0.0002,0.001,6068.813,24
4,24,1.814424244673997,3.3920084192154567,-0.0026163215103519,27.47740529883734,0.0002,0.0,6079.375,24
4,24,1.814424244673997,3.3920152281561533,-0.0016926103108736,27.479724444369637,0.0002,0.001,6089.984,24
4,24,1.814424244673997,3.39247054534564,-0.000283869586131,27.47185540681115,0.0002,0.0,6100.594,24
4,24,1.814424244673997,3.3923210384348423,-0.000922583285674,27.46704427771464,0.0002,0.001,6111.188,24
4,24,1.814424244673997,3.3922865347468067,-0.0039789143112421,27.451424968698664,0.0002,0.0,6121.797,24
4,24,1.814424244673997,3.3923027038545985,-0.0018373331666972,27.44327277288892,0.0002,0.001,6132.375,24
4,24,1.814424244673997,3.3926041923098644,-0.0039869173010297,27.45092629207484,0.0002,0.0,6142.906,24
4,24,1.814424244673997,3.39248965203552,-0.0021897795899247,27.441382281737184,0.0002,0.001,6153.5,24
4,24,1.814424244673997,3.3922461101634136,0.0002577313418824,27.439844480605597,0.0002,0.0,6164.063,24
4,24,1.814424244673997,3.392619556351267,-0.0037110777335593,27.44341730178926,0.0002,0.001,6174.641,24
4,24,1.814424244673997,3.392987836877315,-0.003173540652542,27.43137182832097,0.0002,0.0,6185.234,24
4,24,1.814424244673997,3.393103682900357,-0.0061294436312622,27.41890038821404,0.0002,0.001,6195.797,24
4,24,1.814424244673997,3.3928112097124146,0.0008265632853632,27.421907614508008,0.0002,0.0,6206.359,24
4,24,1.814424244673997,3.392768251579071,-0.0018700479887076,27.402791521771658,0.0002,0.001,6216.938,24
4,24,1.814424244673997,3.3932737450507,-0.001712928269836,27.39979547267606,0.0002,0.0,6227.531,24
4,24,1.814424244673997,3.3929472780930325,0.0001601892667223,27.392829303487463,0.0002,0.001,6238.172,24
4,24,1.814424244673997,3.393218998123393,-0.0033560932542763,27.39311861888471,0.0002,0.0,6248.766,24
4,24,1.814424244673997,3.3931146798219296,-0.0032333773997969,27.38665733372568,0.0002,0.001,6259.344,24
4,24,1.814424244673997,3.393350016693179,-0.0008731765486248,27.382127027694448,0.0002,0.0,6269.969,24
4,24,1.814424244673997,3.3933231258411074,0.0014888177291561,27.367225090022057,0.0002,0.001,6280.609,24
4,24,1.814424244673997,3.3935186283988537,-0.0022172756016354,27.370558591614383,0.0002,0.0,6291.25,24
4,24,1.814424244673997,3.393419879396838,-0.0008824669540825,27.35318236835145,0.0002,0.001,6301.844,24
4,24,1.814424244673997,3.3935872850842275,-0.0020017364973933,27.33865720038508,0.0002,0.0,6312.438,24
4,24,1.814424244673997,3.393544136359796,-0.0010000983635625,27.33461351956845,0.0002,0.001,6322.953,24
4,24,1.814424244673997,3.3935932983009858,-0.0034705001400028,27.3424099239029,0.0002,0.0,6333.5,24
4,24,1.814424244673997,3.3939555041908727,-0.0027519532240014,27.33714035160141,0.0002,0.001,6344.141,24
4,24,1.814424244673997,3.3938356475545084,-0.0045137085611481,27.319877519054227,0.0002,0.0,6354.656,24
4,24,1.814424244673997,3.98605285433782,-0.0015496212745887,34.15614669508347,0.0008,3.993,518.031,24
4,24,1.814424244673997,3.360669894838721,-3.972520415785546,34.12663179752606,3.997,1.449,528.219,24
4,24,1.814424244673997,3.980638042873821,-0.0022488836841049,34.3077077674514,0.0008,3.987,538.375,24
4,24,1.814424244673997,3.3874937876298934,-3.9726972565294942,32.909226221261974,3.997,1.473,385.578,24
4,24,1.814424244673997,4.018766408841261,-0.0001920457321695,33.1257473510374,0.0006,4.025,395.766,24
4,24,1.814424244673997,3.383774456611332,-3.971975334671269,33.05249249647383,3.997,1.469,405.922,24
4,24,1.814424244673997,4.0129054190769065,-0.0011702374693325,33.342089506221505,0.0008,4.019,416.109,24
4,24,1.814424244673997,3.3798135167441923,-3.9735747105957073,33.33491835160807,3.997,1.466,426.406,24
4,24,1.814424244673997,3.964941071182397,-0.0001784642174468,34.75784170776129,0.0008,3.972,599.328,24
4,24,1.814424244673997,3.344643446305797,-3.974193334639308,34.71102058767252,3.997,1.435,609.469,24
4,24,1.814424244673997,3.960069749273934,-0.0012045447762406,34.86981747445254,0.0008,3.967,619.688,24
4,24,1.814424244673997,3.372619862408021,-3.9738033356885496,33.650737861118124,3.997,1.46,467.063,24
4,24,1.814424244673997,3.996983578517247,-0.0004615961055806,33.82556722802282,0.0008,4.003,477.313,24
4,24,1.814424244673997,3.368648997299664,-3.97292311204583,33.80773336435719,3.997,1.456,487.484,24
4,24,1.814424244673997,3.9915946538480394,-0.0018404262279684,33.95999541220668,0.0008,3.998,497.641,24
4,24,1.814424244673997,3.3646185671338595,-3.973769466504462,33.92544185165377,3.997,1.453,507.844,24
4,24,1.814424244673997,3.3939770979797816,-0.0016781767396617,27.29722770083227,0.0002,0.0,6418.188,24
4,24,1.814424244673997,3.3270927022454324,-3.97305807135882,35.226452398669885,3.997,1.418,691.047,24
4,24,1.814424244673997,3.940049547595968,-0.0037849577628823,35.32164359242618,0.0006,3.947,701.25,24
4,24,1.814424244673997,3.3563666571419013,-3.9737234708057385,34.246087710414336,3.997,1.445,548.594,24
4,24,1.814424244673997,3.975240805143817,-0.0009379694129033,34.48382444239845,0.0008,3.982,558.719,24
4,24,1.814424244673997,3.3525190997108525,-3.975093050116125,34.38846312616498,3.997,1.443,568.844,24
4,24,1.814424244673997,3.97004996013594,-0.0014757052509845,34.641581285572194,0.0006,3.977,579.016,24
4,24,1.814424244673997,3.3488623220228737,-3.973668236489795,34.58910443701281,3.997,1.439,589.125,24
4,24,1.814424244673997,3.394512043809159,-0.0022524590067283,27.28199871708505,0.0002,0.001,6449.984,24
4,24,1.814424244673997,3.394346236316648,-0.0027347883320506,27.279324754004552,0.0002,0.0,6460.625,24
4,24,1.814424244673997,3.3944118820456675,-0.003208900095028,27.261410114872657,0.0002,0.001,6471.25,24
4,24,1.814424244673997,3.393805820315284,-0.000423217343443,27.31135743093269,0.0002,0.001,6365.281,24
4,24,1.814424244673997,3.39393592100627,-0.0016529413256999,27.311802041045663,0.0002,0.0,6375.859,24
4,24,1.814424244673997,3.3939352831737946,-0.0037504893976254,27.30958473901945,0.0002,0.001,6386.422,24
4,24,1.814424244673997,3.393993321452409,-0.0004864758318484,27.294621788473595,0.0002,0.0,6397.047,24
4,24,1.814424244673997,3.3941222032545526,-0.0024763729221046,27.304280489511864,0.0002,0.001,6407.641,24
4,24,1.814424244673997,3.807012139639489,-0.000762843417821,37.628354783277366,0.0008,3.815,1331.781,24
4,24,1.814424244673997,3.2005203976816183,-3.974611512166168,37.51876415216429,3.997,1.296,1341.938,24
4,24,1.814424244673997,3.803333234143027,-0.0033973704550851,37.672877309150834,0.0008,3.81,1352.172,24
4,24,1.814424244673997,3.2261299862650943,-3.972800013775898,37.08902670798342,3.997,1.322,1199.406,24
4,24,1.814424244673997,3.83026440248528,-0.0018085472171158,37.23519934172136,0.0006,3.838,1209.547,24
4,24,1.814424244673997,3.222162992917499,-3.972850786266645,37.13679455223604,3.997,1.317,1219.703,24
4,24,1.814424244673997,3.82655075121464,-0.0027203285289316,37.31929664594213,0.0008,3.834,1229.938,24
4,24,1.814424244673997,3.218242799313745,-3.972210578650974,37.230971728744976,3.997,1.315,1240.094,24
4,24,1.814424244673997,4.030216343298512,-0.00332659674348,32.6995866880894,0.0006,4.037,355.141,24
4,24,1.814424244673997,3.309797230072433,-3.974286748748533,35.58826456342268,3.997,1.401,772.375,24
4,24,1.814424244673997,3.920957605523794,-0.0026128233238657,35.735757463085704,0.0006,3.928,782.594,24
4,24,1.814424244673997,3.2110527975988488,-3.972056859189061,37.35383616746536,3.997,1.307,1280.844,24
4,24,1.814424244673997,3.8149810339265424,-0.0031434695758724,37.51415163622804,0.0008,3.822,1291.063,24
4,24,1.814424244673997,3.207438213105208,-3.972815897195274,37.41063849634622,3.997,1.304,1301.234,24
4,24,1.814424244673997,3.8110989989682538,-0.0021761863742088,37.56697003422285,0.0008,3.819,1311.406,24
4,24,1.814424244673997,3.204325676624539,-3.9734571021511367,37.47150166528937,3.997,1.3,1321.594,24
4,24,1.814424244673997,3.871566997830775,-0.0015372048311814,36.55487292421642,0.0006,3.88,1006.375,24
4,24,1.814424244673997,3.394290569315736,-0.0042115391333384,27.29650207816604,0.0002,0.001,6428.813,24
4,24,1.814424244673997,3.394107563156316,-0.0016490516461203,27.288408496332924,0.0002,0.0,6439.422,24
4,24,1.814424244673997,3.4018533834776687,-3.9743250502099823,32.036381415577324,3.997,1.485,304.297,24
4,24,1.814424244673997,4.0422928036597945,-0.0006216984638988,32.27003970486354,0.0006,4.049,314.453,24
4,24,1.814424244673997,3.39842160360343,-3.971742348310184,32.2877999179962,3.997,1.481,324.625,24
4,24,1.814424244673997,4.036339600667581,-0.0025024074389893,32.49595992725586,0.0008,4.043,334.781,24
4,24,1.814424244673997,3.395626390005197,-3.97387384135958,32.45985675881327,3.997,1.479,344.953,24
4,24,1.814424244673997,4.007411627260655,-0.0025800590307732,33.49880125811715,0.0008,4.014,436.563,24
4,24,1.814424244673997,3.3762034380151,-3.97340255144978,33.464208945705735,3.997,1.463,446.703,24
4,24,1.814424244673997,4.0022722039548215,-0.0041600569201533,33.70661552380095,0.0008,4.009,456.938,24
4,24,1.814424244673997,3.273055698049672,-3.97544276948201,36.2600089935782,3.997,1.367,955.641,24
4,24,1.814424244673997,3.880384265323848,-0.0028540735770185,36.390284225519125,0.0008,3.888,965.781,24
4,24,1.814424244673997,3.2695951016485547,-3.973909437073361,36.30905918664482,3.997,1.363,975.859,24
4,24,1.814424244673997,3.876001213718488,-0.0023819803529618,36.46835781515342,0.0008,3.884,985.984,24
4,24,1.814424244673997,3.2654771154158837,-3.975475525115106,36.399564271163214,3.997,1.361,996.266,24
4,24,1.814424244673997,3.197211952609329,-3.973853057530436,37.59486685523487,3.997,1.294,1362.297,24
4,24,1.814424244673997,3.799608774041861,-0.0023601792931727,37.74547791726528,0.0008,3.806,1372.469,24
4,24,1.814424244673997,3.1933121974290466,-3.9753399717582,37.655744078777865,3.997,1.29,1382.781,24
4,24,1.814424244673997,3.795725421986812,-0.0030479735202913,37.804387715976446,0.0008,3.804,1392.969,24
4,24,1.814424244673997,3.189798669577722,-3.9736510378173935,37.70163443675201,3.997,1.286,1403.094,24
4,24,1.814424244673997,3.7924323006558,-0.0014224641593693,37.86277367550187,0.0008,3.8,1413.297,24
4,24,1.814424244673997,3.1859451639946235,-3.9730974641284074,37.74171257182406,3.997,1.283,1423.438,24
4,24,1.814424244673997,3.788840218670445,-0.0004903594029071,37.89310076410896,0.0006,3.796,1433.656,24
4,24,1.814424244673997,3.181819074699966,-3.973451920570105,37.77489912174309,3.997,1.279,1443.828,24
4,24,1.814424244673997,3.785083859856682,-0.0032338378196468,37.95858514709072,0.0008,3.792,1454.031,24
4,24,1.814424244673997,3.177771974068518,-3.9735638704446186,37.86412799971302,3.997,1.274,1464.188,24
4,24,1.814424244673997,3.7812314338739146,-0.0016271734710402,38.02412150363938,0.0008,3.788,1474.375,24
4,24,1.814424244673997,3.1735285995812403,-3.974732133995372,37.90405816505687,3.997,1.272,1484.531,24
4,24,1.814424244673997,3.77803268727531,-0.002017824925118,38.06755953703509,0.0006,3.785,1494.828,24
4,24,1.814424244673997,3.1700836054646357,-3.9743005200018287,37.962066468622616,3.997,1.268,1505.0,24
4,24,1.814424244673997,3.7746347356875214,-0.0017572121720726,38.12964560175799,0.0006,3.782,1515.219,24
4,24,1.814424244673997,3.166759853221137,-3.974478800095152,38.0295303541313,3.997,1.263,1525.391,24
4,24,1.814424244673997,3.770886101687025,-0.0028245411346971,38.1793540200181,0.0006,3.778,1535.578,24
4,24,1.814424244673997,3.1634047322750947,-3.973147754178779,38.070742439886885,3.997,1.26,1545.734,24
4,24,1.814424244673997,3.76745898821669,-0.0006976063564313,38.239383940006896,0.0008,3.775,1555.875,24
4,24,1.814424244673997,3.1595460938452646,-3.97334109288218,38.11899560750405,3.997,1.257,1566.047,24
4,24,1.814424244673997,3.764172707150588,-0.0012696939618182,38.272138475056025,0.0008,3.771,1576.219,24
4,24,1.814424244673997,3.1558532105943544,-3.974951863921142,38.17852878230416,3.997,1.252,1586.375,24
4,24,1.814424244673997,3.760760626660872,-0.0012959902341414,38.32524236025281,0.0008,3.768,1596.531,24
4,24,1.814424244673997,3.1521353804441565,-3.975424226771734,38.20376515820429,3.997,1.25,1606.688,24
4,24,1.814424244673997,3.7575357826867526,-0.0032827283244886,38.36928382339961,0.0008,3.764,1616.844,24
4,24,1.814424244673997,3.1485746432399204,-3.97249388918607,38.27542740833576,3.997,1.245,1626.984,24
4,24,1.814424244673997,3.754187820817469,-0.0010231659079304,38.41320471105097,0.0008,3.762,1637.141,24
4,24,1.814424244673997,3.145713815810508,-3.9734199633036016,38.34579867577846,3.997,1.242,1647.281,24
4,24,1.814424244673997,3.7509603081242258,-0.0023083742104877,38.47496648043077,0.0008,3.758,1657.469,24
4,24,1.814424244673997,3.1420856306191496,-3.973666535287829,38.370541529649614,3.997,1.238,1667.672,24
4,24,1.814424244673997,3.747679541693019,-0.0003558970016135,38.52460242712518,0.0006,3.755,1677.844,24
4,24,1.814424244673997,3.423471694251775,-3.9744577518048314,30.692851067375347,3.997,1.502,202.672,24
4,24,1.814424244673997,4.075683854735002,-0.0018402811669123,30.955594380890545,0.0006,4.083,212.797,24
4,24,1.814424244673997,3.4836870171815706,-3.974532560439925,28.22867209673194,3.997,1.557,60.438,24
4,24,1.814424244673997,4.139907669060035,0.002878503071792,28.64224661623839,0.0008,4.149,70.594,24
4,24,1.814424244673997,3.469980294420578,-3.974931926928786,28.75300859965169,3.997,1.541,80.719,24
4,24,1.814424244673997,4.127389951704322,-0.0031172746586608,29.08371567974112,0.0008,4.137,90.844,24
4,24,1.814424244673997,3.4591519196164224,-3.973738693693107,29.133799017532624,3.997,1.532,101.0,24
4,24,1.814424244673997,4.116928705941922,-0.004676512142355,29.445444220276407,0.0008,4.125,111.125,24
4,24,1.814424244673997,3.4498436022978978,-3.9744107420538426,29.48457972760106,3.997,1.525,121.234,24
4,24,1.814424244673997,4.107567400357804,-0.0014053483670647,29.7731120654084,0.0008,4.116,131.406,24
4,24,1.814424244673997,4.206597549468143,-0.0014895573102656,26.28854598953176,0.0002,0.0,0.0,24
4,24,1.814424244673997,4.206308624406914,-0.0030956827378485,26.293104404700912,0.0002,4.223,9.344,24
4,24,1.814424244673997,3.5308832949760576,-3.9725174732592943,26.58830606330145,3.997,1.581,19.734,24
4,24,1.814424244673997,4.1739100009550985,-0.0027271881796896,27.255065896724968,0.0008,4.185,29.906,24
4,24,1.814424244673997,3.503207079668895,-3.973622890800198,27.52515213548705,3.997,1.574,40.125,24
4,24,1.814424244673997,4.154460728544818,-0.0010326232192636,28.03273695666528,0.0008,4.165,50.266000000000005,24
4,24,1.814424244673997,3.339819577494328,-3.9743198326159055,34.80048027692442,3.997,1.43,629.953,24
5,24,1.812800333853042,3.94354101375064,0.0016252688350772,35.35270048436564,0.0008,3.95,684.984,23
5,24,1.812800333853042,3.3248477677924644,-3.9741374073621847,35.263272345379946,3.997,1.415,695.172,23
5,24,1.812800333853042,3.980363589792772,0.0002493572256855,34.32714843033843,0.0006,3.987,541.578,23
5,24,1.812800333853042,3.353074576141035,-3.9751259436737136,34.293523183840286,3.997,1.441,551.797,23
5,24,1.812800333853042,3.9749055035308336,0.0006770503530221,34.50243947117119,0.0006,3.982,562.015,23
5,24,1.812800333853042,3.3491781323581526,-3.973390443455645,34.46368672486557,3.997,1.439,572.25,23
5,24,1.812800333853042,3.969639133844438,-0.0008285239128939,34.643089981094015,0.0008,3.977,582.437,23
5,24,1.812800333853042,3.344974486789328,-3.974163024199336,34.58300345572095,3.997,1.435,592.687,23
5,24,1.812800333853042,3.924462282827624,-0.0021235860744863,35.72096978912065,0.0008,3.932,766.812,23
5,24,1.812800333853042,3.307067994507884,-3.975258225236721,35.632672175207986,3.997,1.399,777.078,23
5,24,1.812800333853042,3.959094208954233,0.0010125169166631,34.944782991808914,0.0006,3.966,623.328,23
5,24,1.812800333853042,3.338077244958801,-3.974525581384661,34.902042773857175,3.997,1.428,633.578,23
5,24,1.812800333853042,3.953776827246287,-0.0015398001372436,35.08630508170249,0.0008,3.961,643.875,23
5,24,1.812800333853042,3.333735649726689,-3.97488829874191,35.00970154214454,3.997,1.425,654.156,23
5,24,1.812800333853042,3.948661099573424,-0.0003618416116249,35.20650730438357,0.0008,3.956,664.406,23
5,24,1.812800333853042,3.328735230639157,-3.972611042243617,35.18748173578891,3.997,1.419,674.75,23
5,24,1.812800333853042,3.9059182339487686,-0.0002199204761447,36.07694327959682,0.0008,3.912,848.781,23
5,24,1.812800333853042,3.2897105903242325,-3.9746656987815614,36.016333175462684,3.997,1.382,858.984,23
5,24,1.812800333853042,3.9388272462571736,-0.0031161855457355,35.45094881809713,0.0006,3.946,705.406,23
5,24,1.812800333853042,3.320359420773891,-3.975593873533714,35.37525563442248,3.997,1.411,715.672,23
5,24,1.812800333853042,3.934077474123158,-0.0013965769251523,35.554437986698815,0.0008,3.941,725.937,23
5,24,1.812800333853042,3.316434783382837,-3.972068295858897,35.484771282521805,3.997,1.407,736.14,23
5,24,1.812800333853042,3.9289490184337135,-0.0048524290796098,35.631301287985664,0.0008,3.936,746.375,23
5,24,1.812800333853042,3.311918202619598,-3.97378231938682,35.5524560065454,3.997,1.403,756.609,23
5,24,1.812800333853042,4.055291671212277,-0.0010247733137712,31.82385300311796,0.0006,4.063,275.547,23
5,24,1.812800333853042,3.4045581993843874,-3.970996569052799,31.812128171878737,3.997,1.489,285.843,23
5,24,1.812800333853042,3.919867081680117,-8.987927494048077e-06,35.799309962894434,0.0008,3.927,787.343,23
5,24,1.812800333853042,3.302555528211645,-3.972073402407829,35.73525129095467,3.997,1.395,797.609,23
5,24,1.812800333853042,3.914976729569328,-0.0039295550025341,35.9257743055963,0.0008,3.922,807.797,23
5,24,1.812800333853042,3.2982658839038743,-3.972309707758704,35.83679569190109,3.997,1.39,818.015,23
5,24,1.812800333853042,3.910743487986544,0.0009525763156416,35.98675276806501,0.0006,3.918,828.297,23
5,24,1.812800333853042,3.2940761414609554,-3.973375062150062,35.94345257549271,3.997,1.387,838.562,23
5,24,1.812800333853042,3.870678288306305,-0.0007141039313729,36.650286057327925,0.0008,3.878,1012.547,23
5,24,1.812800333853042,3.256819136029886,-3.972207723926447,36.5623283126258,3.997,1.352,1022.75,23
5,24,1.812800333853042,3.9013213580648713,-0.002269201810113,36.1307807490085,0.0008,3.908,869.203,23
5,24,1.812800333853042,3.2854852260203296,-3.9729042330351567,36.05988831066343,3.997,1.378,879.468,23
5,24,1.812800333853042,3.896930866039959,-0.0011715989930053,36.211285583366525,0.0008,3.904,889.656,23
5,24,1.812800333853042,3.2813187770255845,-3.973262295076758,36.13319522667319,3.997,1.375,899.875,23
5,24,1.812800333853042,3.892463371724056,-0.0027977416655796,36.30438845343007,0.0008,3.9,910.109,23
5,24,1.812800333853042,3.2771319287174965,-3.973844748563274,36.22220026180224,3.997,1.371,920.343,23
5,24,1.812800333853042,3.85357051524716,-0.0008694475061894,36.94156775174724,0.0008,3.861,1094.468,23
5,24,1.812800333853042,3.2394010919280105,-3.970432934262888,36.84387669430188,3.997,1.334,1104.734,23
5,24,1.812800333853042,3.8835923658546063,0.0011667408981259,36.48262211730834,0.0008,3.89,951.172,23
5,24,1.812800333853042,3.2690366044685355,-3.972664773621187,36.38724637079317,3.997,1.363,961.375,23
5,24,1.812800333853042,3.879162723796164,-0.002764695120086,36.51231278827017,0.0006,3.886,971.562,23
5,24,1.812800333853042,3.264879832174016,-3.97492231146838,36.4437511763154,3.997,1.358,981.859,23
5,24,1.812800333853042,3.875151333749707,0.0017381045087878,36.59283711956056,0.0008,3.882,992.14,23
5,24,1.812800333853042,3.2610306906514595,-3.972260326413082,36.49446984257251,3.997,1.355,1002.343,23
5,24,1.812800333853042,3.837123745980239,3.0257182458219274e-06,37.23516617444827,0.0008,3.844,1176.093,23
5,24,1.812800333853042,3.222290537250105,-3.97090107543751,37.1390926672906,3.997,1.317,1186.328,23
5,24,1.812800333853042,3.8663823435300175,-0.0003243897900506,36.72597119975279,0.0006,3.874,1032.984,23
5,24,1.812800333853042,3.2524893942528403,-3.9726760466315074,36.65141824644802,3.997,1.347,1043.218,23
5,24,1.812800333853042,3.8620625994494793,-0.0002047800342214,36.8062822043182,0.0006,3.87,1053.406,23
5,24,1.812800333853042,3.248075707600625,-3.971660490328397,36.702110591615465,3.997,1.343,1063.64,23
5,24,1.812800333853042,3.857835596116325,-0.0004745542697525,36.85697212492947,0.0008,3.866,1073.859,23
5,24,1.812800333853042,3.243693638858715,-3.97214603568951,36.77394662513159,3.997,1.337,1084.187,23
5,24,1.812800333853042,3.964143435584705,-0.0002910662993695,34.797231499077135,0.0008,3.971,602.89,23
5,24,1.812800333853042,3.341578359367827,-3.974294456050981,34.757489707675745,3.997,1.431,613.093,23
5,24,1.812800333853042,3.849182345306423,0.0011298290176088,37.00400645028315,0.0006,3.857,1114.937,23
5,24,1.812800333853042,3.235187530522333,-3.971112096936465,36.91951706299799,3.997,1.33,1125.125,23
5,24,1.812800333853042,3.845199364296249,-0.0017457198235974,37.08064018876853,0.0008,3.853,1135.359,23
5,24,1.812800333853042,3.231012138405995,-3.971194432349448,36.9815682343822,3.997,1.327,1145.547,23
5,24,1.812800333853042,3.8411253041334863,4.756678610795861e-05,37.161141079084736,0.0008,3.849,1155.703,23
5,24,1.812800333853042,3.226558170580707,-3.970017480437453,37.065345283905486,3.997,1.322,1165.906,23
5,24,1.812800333853042,3.805844108795056,0.000305807289834,37.75538192026346,0.0008,3.814,1339.765,23
5,24,1.812800333853042,3.191618016442387,-3.971174094890688,37.64699098130978,3.997,1.288,1349.984,23
5,24,1.812800333853042,3.83314262788374,0.0009049707517503,37.29211739916924,0.0008,3.84,1196.578,23
5,24,1.812800333853042,3.2185433554852905,-3.973796145085776,37.208894080298094,3.997,1.314,1206.812,23
5,24,1.812800333853042,3.8288125631463816,-0.0012534594942702,37.37828711543536,0.0008,3.836,1217.0,23
5,24,1.812800333853042,3.2147179549197635,-3.971841226184461,37.27112284892116,3.997,1.309,1227.187,23
5,24,1.812800333853042,3.825269795875924,0.0011478058416379,37.434203812107256,0.0008,3.833,1237.39,23
5,24,1.812800333853042,3.2103274402285717,-3.9721386722424215,37.33842677794684,3.997,1.306,1247.687,23
5,24,1.812800333853042,3.790964721229766,8.263212107505342e-05,37.984690763572864,0.0008,3.798,1421.64,23
5,24,1.812800333853042,3.179508409016158,-3.973521421648027,37.882465803656096,3.997,1.277,1431.843,23
5,24,1.812800333853042,3.817331204677056,-0.0016251782878181,37.553461382838805,0.0006,3.824,1278.531,23
5,24,1.812800333853042,3.2027410180145357,-3.9705579894310663,37.471568912880606,3.997,1.298,1288.734,23
5,24,1.812800333853042,3.81346330962643,-0.0009491281810997,37.63714716601972,0.0006,3.82,1298.953,23
5,24,1.812800333853042,3.1989616428115903,-3.9704428634204905,37.53902736313013,3.997,1.294,1309.156,23
5,24,1.812800333853042,3.809335512510062,-0.002597863242693,37.6968382347897,0.0006,3.817,1319.328,23
5,24,1.812800333853042,3.195234727517899,-3.969769641727625,37.57631302838923,3.997,1.292,1329.531,23
5,24,1.812800333853042,3.776449829708724,-0.0026529609721766,38.17439292488779,0.0008,3.784,1503.562,23
5,24,1.812800333853042,3.1673615950437592,-3.9724514306824834,38.077474729659,3.997,1.264,1513.75,23
5,24,1.812800333853042,3.802017385466884,7.949343186050658e-06,37.80631552337388,0.0008,3.81,1360.187,23
5,24,1.812800333853042,3.1881417703103683,-3.9702477774796354,37.69779650177083,3.997,1.284,1370.468,23
5,24,1.812800333853042,3.79812693806237,-0.0016218145424059,37.86753151511765,0.0006,3.806,1380.672,23
5,24,1.812800333853042,3.1856068033204137,-3.9713081958384864,37.78287257114853,3.997,1.282,1390.953,23
5,24,1.812800333853042,3.7945491538660754,-0.0025838945911397,37.92394001589272,0.0006,3.802,1401.218,23
5,24,1.812800333853042,3.182356572953858,-3.970012985017839,37.83032544206328,3.997,1.28,1411.437,23
5,24,1.812800333853042,3.8879596349485865,-0.0013292463269218,36.35585349706145,0.0008,3.895,930.64,23
5,24,1.812800333853042,3.2731737473754903,-3.9718983488195465,36.28479173614897,3.997,1.366,940.906,23
5,24,1.812800333853042,3.787572054893409,0.0009699462956641,38.02759772685225,0.0006,3.795,1442.047,23
5,24,1.812800333853042,3.1766258026916607,-3.969797681285815,37.91282126991094,3.997,1.274,1452.328,23
5,24,1.812800333853042,3.783814534593191,0.0007940669732812,38.05515273064069,0.0006,3.791,1462.593,23
5,24,1.812800333853042,3.1740685361029075,-3.9681534101100646,37.96239193635197,3.997,1.27,1472.781,23
5,24,1.812800333853042,3.7800551148922414,-0.0039514079738703,38.11688753487103,0.0008,3.788,1482.984,23
5,24,1.812800333853042,3.1701044076662277,-3.970084749740358,38.02584377557714,3.997,1.267,1493.265,23
5,24,1.812800333853042,3.749780553415498,0.0001836739510145,38.54114619363897,0.0008,3.757,1667.203,23
5,24,1.812800333853042,3.140360653930262,-3.971078733417698,38.41567938499095,3.997,1.237,1677.39,23
5,24,1.812800333853042,3.77291474172484,-0.0010460731134269,38.21619626883118,0.0008,3.781,1523.953,23
5,24,1.812800333853042,3.1635768156979127,-3.973082524250984,38.10479090036293,3.997,1.261,1534.187,23
5,24,1.812800333853042,3.769381327579001,0.0004561018470185,38.27695398893317,0.0008,3.776,1544.375,23
5,24,1.812800333853042,3.1598657349804435,-3.972572408774917,38.182670071890016,3.997,1.256,1554.672,23
5,24,1.812800333853042,3.766106253739078,-0.0003142974425324,38.32369110135956,0.0008,3.774,1564.937,23
5,24,1.812800333853042,3.157101648634057,-3.971994179100668,38.2202215478474,3.997,1.254,1575.109,23
5,24,1.812800333853042,3.7368848710014575,0.0003280872163343,38.73921246737216,0.0008,3.744,1749.078,23
5,24,1.812800333853042,3.124904315021505,-3.970726494843098,38.60832459844181,3.997,1.222,1759.281,23
5,24,1.812800333853042,3.759293785067604,0.000478118670911,38.39629982058546,0.0008,3.766,1605.703,23
5,24,1.812800333853042,3.1506779221174326,-3.969035378792544,38.30313251350791,3.997,1.248,1615.968,23
5,24,1.812800333853042,3.75651123545609,0.0015421437442869,38.44217684821337,0.0006,3.763,1626.281,23
5,24,1.812800333853042,3.1475939446793664,-3.9730485162709552,38.33608888354957,3.997,1.244,1636.531,23
5,24,1.812800333853042,3.752880771236321,0.0013381043506038,38.49727963721698,0.0008,3.76,1646.703,23
5,24,1.812800333853042,3.1438760860134813,-3.9721083518661695,38.38374162485854,3.997,1.24,1656.968,23
5,24,1.812800333853042,3.725032581886925,-0.0003042489733447,38.90113273174151,0.0008,3.732,1830.89,23
5,24,1.812800333853042,3.1113785137999086,-3.971648028611667,38.78793089153681,3.997,1.208,1841.109,23
5,24,1.812800333853042,3.746333468315513,0.0004125072606543,38.5790115381108,0.0008,3.754,1687.609,23
5,24,1.812800333853042,3.135626502446877,-3.9709803800151073,38.46360366567029,3.997,1.232,1697.828,23
5,24,1.812800333853042,3.7432686906697743,0.0011729110405716,38.60306385715267,0.0008,3.75,1708.047,23
5,24,1.812800333853042,3.1317768516684774,-3.9705292175750064,38.48642453301122,3.997,1.23,1718.312,23
5,24,1.812800333853042,3.7403051452261113,-0.0004836907602489,38.66547721319556,0.0008,3.747,1728.593,23
5,24,1.812800333853042,3.1280932877936496,-3.97119762974081,38.56244948326135,3.997,1.226,1738.89,23
5,24,1.812800333853042,3.821153293910542,0.0026358337984817,37.4932471799166,0.0008,3.828,1257.968,23
5,24,1.812800333853042,3.206443915357408,-3.971307157011305,37.39487589403493,3.997,1.302,1268.25,23
5,24,1.812800333853042,3.733778224490565,0.0003281988198042,38.76220542914034,0.0008,3.741,1769.531,23
5,24,1.812800333853042,3.1214281973103155,-3.971036345001724,38.63031041448102,3.997,1.219,1779.781,23
5,24,1.812800333853042,3.730879344119297,-0.0012520326566735,38.811273341766096,0.0008,3.738,1789.937,23
5,24,1.812800333853042,3.1178467933671814,-3.972686293861766,38.70975743550354,3.997,1.214,1800.187,23
5,24,1.812800333853042,3.727837306251856,-0.0013006823145988,38.88192521186197,0.0008,3.735,1810.406,23
5,24,1.812800333853042,3.114688664355693,-3.9734074143498574,38.72645047714267,3.997,1.211,1820.64,23
5,24,1.812800333853042,3.7032487922654176,-0.0016725073457904,39.2271848802799,0.0006,3.71,1994.328,23
5,24,1.812800333853042,3.085021445294108,-3.970523290897425,39.10098904054742,3.997,1.184,2004.515,23
5,24,1.812800333853042,3.7221256240022615,-0.0024040565949739,38.94406891768629,0.0008,3.729,1851.359,23
5,24,1.812800333853042,3.107988180191643,-3.9720413971208246,38.81735032931304,3.997,1.205,1861.609,23
5,24,1.812800333853042,3.719222770473501,0.0008963314690381,38.98645669020952,0.0008,3.726,1871.843,23
5,24,1.812800333853042,3.104698306726579,-3.972644174066809,38.86826334695914,3.997,1.203,1882.031,23
5,24,1.812800333853042,3.71643409668229,-0.0017709102794778,39.04814728868323,0.0008,3.724,1892.265,23
5,24,1.812800333853042,3.101158392262147,-3.971826901093495,38.92664413783374,3.997,1.198,1902.5,23
5,24,1.812800333853042,3.693672474972467,-0.0002683097706536,39.42410667880005,0.0008,3.7,2076.375,23
5,24,1.812800333853042,3.074133689791183,-3.9707823288687423,39.286529012296576,3.997,1.172,2086.609,23
5,24,1.812800333853042,3.7109799492554,0.0010398878078703,39.132604705169,0.0008,3.718,1933.078,23
5,24,1.812800333853042,3.094542075748498,-3.9722215377240926,39.00253239821767,3.997,1.192,1943.328,23
5,24,1.812800333853042,3.7082094020937246,0.0007236022922385,39.16217799777316,0.0008,3.716,1953.515,23
5,24,1.812800333853042,3.091655930759353,-3.970368206549705,39.04806305098714,3.997,1.188,1963.687,23
5,24,1.812800333853042,3.705748224199763,-0.0007235679073019,39.20761720356443,0.0008,3.713,1973.922,23
5,24,1.812800333853042,3.088033553649189,-3.9703358053818216,39.06788551064834,3.997,1.185,1984.125,23
5,24,1.812800333853042,3.684687224348972,-0.0005576915265739,39.58064554768679,0.0008,3.692,2158.656,23
5,24,1.812800333853042,3.063616477637864,-3.969955755706711,39.44875586687426,3.997,1.162,2168.953,23
5,24,1.812800333853042,3.700908993165784,-0.0013190599360053,39.27599747201086,0.0006,3.708,2014.812,23
5,24,1.812800333853042,3.0818358007031104,-3.9723764193209607,39.157877103120605,3.997,1.179,2025.093,23
5,24,1.812800333853042,3.698466505497376,-0.0004595683841752,39.32343176615204,0.0006,3.706,2035.359,23
5,24,1.812800333853042,3.079028934959745,-3.971026441774981,39.21071533105316,3.997,1.176,2045.593,23
5,24,1.812800333853042,3.695897514185148,0.0007109077940765,39.36097665403918,0.0008,3.703,2055.797,23
5,24,1.812800333853042,3.076553154815184,-3.970870875228816,39.24557210080778,3.997,1.174,2066.062,23
5,24,1.812800333853042,3.7627593573197378,0.0008279901462982,38.36851697066608,0.0008,3.77,1585.312,23
5,24,1.812800333853042,3.153842155242281,-3.9731789987463264,38.22171701870269,3.997,1.25,1595.484,23
5,24,1.812800333853042,3.690979181570713,-0.0031649928195569,39.44894210243656,0.0006,3.698,2096.937,23
5,24,1.812800333853042,3.0712123074429867,-3.972441037953313,39.32776401883899,3.997,1.17,2107.156,23
5,24,1.812800333853042,3.689224891329452,-0.0018578872762917,39.4844269381957,0.0008,3.696,2117.484,23
5,24,1.812800333853042,3.0688869719775878,-3.969081100286487,39.36450892922305,3.997,1.167,2127.781,23
5,24,1.812800333853042,3.686905925853032,-0.0006328912586551,39.53175624954388,0.0008,3.694,2138.062,23
5,24,1.812800333853042,3.066210328112518,-3.973375913449693,39.38322463290133,3.997,1.164,2148.328,23
5,24,1.812800333853042,3.6688052437824754,0.0002340048309294,39.904926479820254,0.0008,3.676,2322.672,23
5,24,1.812800333853042,3.046452181141384,-3.97122044696055,39.7728658676752,3.997,1.145,2332.875,23
5,24,1.812800333853042,3.682588676620009,-0.0001665289183646,39.60975700312802,0.0006,3.69,2179.234,23
5,24,1.812800333853042,3.0615379143334747,-3.972212363900323,39.46825127623032,3.997,1.159,2189.484,23
5,24,1.812800333853042,3.6805960810658407,-0.0009603312222772,39.655916801028646,0.0008,3.687,2199.828,23
5,24,1.812800333853042,3.059366613132539,-3.97010099563412,39.52375071418883,3.997,1.158,2210.062,23
5,24,1.812800333853042,3.678436960730206,0.0009436857868418,39.70561210909866,0.0008,3.686,2220.328,23
5,24,1.812800333853042,3.05689090741021,-3.972525007481293,39.56182031503224,3.997,1.156,2230.578,23
5,24,1.812800333853042,3.6616231703664286,-0.0052130518557697,40.06241107480707,0.0008,3.668,2404.64,23
5,24,1.812800333853042,3.036265903701875,-3.9704010425616505,39.95348925662494,3.997,1.136,2414.812,23
5,24,1.812800333853042,3.674416994165924,-0.0012036954368267,39.78537462852788,0.0008,3.681,2261.484,23
5,24,1.812800333853042,3.052893841363152,-3.973394418635487,39.65317989102152,3.997,1.151,2271.656,23
5,24,1.812800333853042,3.672569273581854,-0.001647811234861,39.80345810193722,0.0008,3.68,2281.812,23
5,24,1.812800333853042,3.0504691457181665,-3.972328783269361,39.691417776787794,3.997,1.15,2292.047,23
5,24,1.812800333853042,3.670609183587694,-0.0016409314312984,39.86956651224591,0.0008,3.678,2302.265,23
5,24,1.812800333853042,3.048518391125396,-3.972392407821306,39.73591514198608,3.997,1.148,2312.484,23
5,24,1.812800333853042,3.654654821298888,-0.0024099857750646,40.27556075149317,0.0008,3.661,2486.547,23
5,24,1.812800333853042,3.024728022581995,-3.972271026326016,40.14510371512354,3.997,1.124,2496.781,23
5,24,1.812800333853042,3.6671085955212734,0.00021109111482,39.92957858943172,0.0008,3.674,2343.078,23
5,24,1.812800333853042,3.043656538207109,-3.9708168015810426,39.82794957129034,3.997,1.142,2353.359,23
5,24,1.812800333853042,3.6652815730308057,0.0008184954940879,39.98879861468203,0.0006,3.672,2363.609,23
5,24,1.812800333853042,3.0401144347718208,-3.971900315568482,39.83972837150435,3.997,1.14,2373.89,23
5,24,1.812800333853042,3.663772707039629,-0.0011432558144224,40.01205065552896,0.0008,3.67,2384.172,23
5,24,1.812800333853042,3.0379925589996453,-3.9698013183018666,39.925377124573686,3.997,1.137,2394.406,23
5,24,1.812800333853042,3.7137557866505095,-0.0009422289118348,39.09092727818148,0.0008,3.721,1912.672,23
5,24,1.812800333853042,3.097818416166981,-3.9710855982786737,38.959759290221896,3.997,1.196,1922.875,23
5,24,1.812800333853042,3.6600200503014833,-0.0031804278884763,40.13132485376665,0.0006,3.667,2425.015,23
5,24,1.812800333853042,3.0328033603754547,-3.972335044628821,40.00248639054257,3.997,1.132,2435.281,23
5,24,1.812800333853042,3.658226026232454,-0.0004949544626941,40.16547789511256,0.0006,3.665,2445.547,23
5,24,1.812800333853042,3.029707255479975,-3.971421541589913,40.06615764750922,3.997,1.129,2455.765,23
5,24,1.812800333853042,3.6563713690262585,-0.0002745407969429,40.232161351044994,0.0006,3.663,2465.937,23
5,24,1.812800333853042,3.027070384753047,-3.971091107049293,40.09700706011657,3.997,1.127,2476.25,23
5,24,1.812800333853042,3.6389354135320975,-0.000663450585314,40.715582184593,0.0008,3.645,2650.359,23
5,24,1.812800333853042,3.0042115195957884,-3.972631826433408,40.59718313373213,3.997,1.104,2660.547,23
5,24,1.812800333853042,3.6526109576336903,-0.001804386715333,40.321760002489455,0.0006,3.659,2506.906,23
5,24,1.812800333853042,3.02188483957851,-3.973395269098912,40.18850551077696,3.997,1.122,2517.203,23
5,24,1.812800333853042,3.650875214469912,0.0006880081391756,40.36977688539698,0.0006,3.657,2527.453,23
5,24,1.812800333853042,3.0192672156523344,-3.971786456610355,40.2613581385859,3.997,1.118,2537.734,23
5,24,1.812800333853042,3.64920290512121,-0.0022277001392523,40.44883624015814,0.0008,3.655,2548.047,23
5,24,1.812800333853042,3.0175005621990647,-3.97423270319059,40.31239789687376,3.997,1.117,2558.281,23
5,24,1.812800333853042,3.629782911309015,-0.0025481959573183,40.92499936940599,0.0008,3.635,2732.14,23
5,24,1.812800333853042,2.991760984516937,-3.9707081086228135,40.80848760850381,3.997,1.094,2742.39,23
5,24,1.812800333853042,3.645213275673141,-0.0010303362221111,40.562174839200814,0.0008,3.651,2588.953,23
5,24,1.812800333853042,3.011385563160411,-3.973524211348784,40.42864915916208,3.997,1.111,2599.156,23
5,24,1.812800333853042,3.64319379375524,-0.0009200080322924,40.59768140775484,0.0008,3.649,2609.406,23
5,24,1.812800333853042,3.007748359573576,-3.9718510787559302,40.48350699441168,3.997,1.108,2619.718,23
5,24,1.812800333853042,3.640607941296449,-0.0016597439816109,40.6444333014066,0.0008,3.647,2629.875,23
5,24,1.812800333853042,3.006638004864548,-3.970205517833045,40.55050943062791,3.997,1.106,2640.078,23
5,24,1.812800333853042,3.618882738792794,0.0010453725575603,41.1750883240326,0.0008,3.624,2813.984,23
5,24,1.812800333853042,2.977767589877192,-3.9706655054413615,41.02413413220933,3.997,1.08,2824.172,23
5,24,1.812800333853042,3.636867946035301,-0.0011648122545599,40.7535718064505,0.0008,3.643,2670.781,23
5,24,1.812800333853042,3.0004964643345176,-3.970631727924544,40.63153935704484,3.997,1.102,2680.984,23
5,24,1.812800333853042,3.63444393750616,-0.0018205388045801,40.81447128617016,0.0008,3.641,2691.187,23
5,24,1.812800333853042,2.997304341583296,-3.971344542647318,40.6966116278754,3.997,1.1,2701.453,23
5,24,1.812800333853042,3.632010516006728,0.0011194873883945,40.88309624305048,0.0006,3.638,2711.703,23
5,24,1.812800333853042,2.9945740356587893,-3.970292743954637,40.74326896951484,3.997,1.096,2721.875,23
5,24,1.812800333853042,3.676298736624201,-0.0002762957756116,39.72432062350058,0.0008,3.684,2240.922,23
5,24,1.812800333853042,3.055012356697309,-3.971217570793104,39.5910676801122,3.997,1.153,2251.218,23
5,24,1.812800333853042,3.627251908111625,-0.0006503945213111,40.98294981664604,0.0008,3.633,2752.593,23
5,24,1.812800333853042,2.988808464340861,-3.9713497136073137,40.86568577375852,3.997,1.091,2762.812,23
5,24,1.812800333853042,3.624594714390326,-0.0041330141861876,41.045874381209,0.0008,3.631,2773.0,23
5,24,1.812800333853042,2.984627478219624,-3.969715242368519,40.94177820411181,3.997,1.087,2783.25,23
5,24,1.812800333853042,3.621789539039911,0.0009599617855529,41.10022380994421,0.0008,3.627,2793.453,23
5,24,1.812800333853042,2.9810009175259875,-3.973290852754859,41.00241033624887,3.997,1.084,2803.765,23
5,24,1.812800333853042,3.590504256012633,-0.0009896632480772,41.59787184739771,0.0008,3.595,2977.734,23
5,24,1.812800333853042,2.9464238978484985,-3.972797923503789,41.449610128628855,3.997,1.05,2988.0,23
5,24,1.812800333853042,3.616162888620648,0.0007133891338777,41.23450413875725,0.0008,3.621,2834.437,23
5,24,1.812800333853042,2.974090177719111,-3.971405274252428,41.1282149545284,3.997,1.077,2844.75,23
5,24,1.812800333853042,3.612600653727499,-0.0010627363860726,41.28653957727606,0.0008,3.618,2854.906,23
5,24,1.812800333853042,2.971751070698123,-3.97138934551734,41.18693760484951,3.997,1.075,2865.125,23
5,24,1.812800333853042,3.609669109343731,-0.0010194171109194,41.36806729568355,0.0008,3.615,2875.375,23
5,24,1.812800333853042,2.968714394658094,-3.97300032087577,41.24743268243517,3.997,1.072,2885.547,23
5,24,1.812800333853042,3.568677965859146,-0.0028689983386081,41.837285316841545,0.0006,3.573,3059.578,23
5,24,1.812800333853042,2.9171861786194864,-3.97237295851194,41.67817217603992,3.997,1.023,3069.812,23
5,24,1.812800333853042,3.6027777232178653,-0.0036344742815111,41.44338851555014,0.0008,3.608,2916.297,23
5,24,1.812800333853042,2.9614107753981056,-3.9713439639096535,41.32498732184116,3.997,1.066,2926.515,23
5,24,1.812800333853042,3.598891034706237,-0.001775378530737,41.49224775693551,0.0006,3.604,2936.75,23
5,24,1.812800333853042,2.9571614232930945,-3.9702428258632096,41.38158271684146,3.997,1.062,2947.0,23
5,24,1.812800333853042,3.5949322970874005,-0.0018327013319678,41.52525298555637,0.0006,3.6,2957.234,23
5,24,1.812800333853042,2.9512616777188185,-3.971492968401527,41.390716211203,3.997,1.054,2967.468,23
5,24,1.812800333853042,3.532824128123543,-0.0001233826593044,42.075401161995245,0.0008,3.535,3141.328,23
5,24,1.812800333853042,2.866598908532008,-3.970708379971276,41.95317626838128,3.997,0.977,3151.547,23
5,24,1.812800333853042,3.5859009044792747,-0.00293028602493,41.63859139614997,0.0008,3.591,2998.25,23
5,24,1.812800333853042,2.940738238937149,-3.9713077389631257,41.51411193657372,3.997,1.044,3008.578,23
5,24,1.812800333853042,3.580515130649589,-0.0004562215877572,41.70781325671037,0.0006,3.585,3018.75,23
5,24,1.812800333853042,2.9340243768800724,-3.971970554650994,41.57898822161447,3.997,1.039,3028.984,23
5,24,1.812800333853042,3.575004221717116,-0.0013103929509363,41.76133149467629,0.0006,3.579,3039.203,23
5,24,1.812800333853042,2.9264683851794246,-3.970916213106164,41.62326477346707,3.997,1.032,3049.39,23
5,24,1.812800333853042,3.6470616668946167,-0.0006144261801283,40.48782758817797,0.0008,3.653,2568.484,23
5,24,1.812800333853042,3.0143410658913523,-3.971379840665858,40.38116481440437,3.997,1.114,2578.734,23
5,24,1.812800333853042,3.561545193519481,-0.0017576367092253,41.8433291457219,0.0006,3.565,3080.047,23
5,24,1.812800333853042,2.906645526087605,-3.9716542380997786,41.733497802958745,3.997,1.014,3090.343,23
5,24,1.812800333853042,3.5531495585217745,0.0006974613600305,41.93051853767152,0.0008,3.557,3100.547,23
5,24,1.812800333853042,2.8946180749528168,-3.972674341308342,41.81707000119721,3.997,1.002,3110.734,23
5,24,1.812800333853042,3.5440352845663634,0.0007482523586178,41.9986635650726,0.0006,3.547,3120.984,23
5,24,1.812800333853042,2.882353933992282,-3.9701046477240447,41.88421286574964,3.997,0.99,3131.14,23
5,24,1.812800333853042,3.337042096682773,-0.000457443189929,42.79400438017365,0.0006,3.337,3304.89,23
5,24,1.812800333853042,2.6073612862619937,-3.9720914561973455,42.71011738451569,3.997,0.73,3315.156,23
5,24,1.812800333853042,3.5196116590034223,-0.0019716767841705,42.14209562356185,0.0008,3.523,3161.781,23
5,24,1.812800333853042,2.84887182843239,-3.973530837195759,42.04121177513733,3.997,0.96,3171.968,23
5,24,1.812800333853042,3.5040952680365742,-5.250245088146686e-05,42.2196205222566,0.0008,3.507,3182.156,23
5,24,1.812800333853042,2.827388863042324,-3.971020592621178,42.11251007882168,3.997,0.939,3192.375,23
5,24,1.812800333853042,3.485662474121996,-0.0030367451455434,42.31738686213011,0.0008,3.488,3202.578,23
5,24,1.812800333853042,2.80181963481106,-3.972421690507345,42.20455942428619,3.997,0.915,3212.843,23
5,24,1.812800333853042,3.228415932841813,0.0002496062082627,42.229465335767394,0.0002,0.0,3388.297,23
5,24,1.812800333853042,3.2461045399315425,-0.0007065253432531,41.80809233377587,0.0002,0.001,3398.922,23
5,24,1.812800333853042,3.4389025174916017,3.863298190936991e-05,42.49223062997125,0.0008,3.441,3243.515,23
5,24,1.812800333853042,2.74111014218858,-3.970912043410331,42.39526682392931,3.997,0.857,3253.703,23
5,24,1.812800333853042,3.410205711014234,0.0001080242906014,42.5932066630357,0.0008,3.411,3263.953,23
5,24,1.812800333853042,2.7028576324654523,-3.972846512158658,42.48626525879269,3.997,0.82,3274.14,23
5,24,1.812800333853042,3.376649598480644,-0.0007947201152468,42.68593791047029,0.0008,3.377,3284.328,23
5,24,1.812800333853042,2.657934246044704,-3.972820462327568,42.589074394843664,3.997,0.777,3294.593,23
5,24,1.812800333853042,3.3028974784300043,-0.0003019593339199,39.86916086587175,0.0002,0.0,3473.39,23
5,24,1.812800333853042,3.3067775022814003,-0.0020349399077916,39.63829036149557,0.0002,0.001,3484.0,23
5,24,1.812800333853042,3.288824397270442,-0.001081276946337,42.92690305889215,0.0006,3.288,3325.5,23
5,24,1.812800333853042,2.544089763793295,-3.972324003002976,42.7911114046925,3.997,0.671,3335.937,23
5,24,1.812800333853042,3.230744397734059,0.001823695444611,43.027661576996,0.0006,3.23,3346.25,23
5,24,1.812800333853042,2.4669313816061296,-3.969322265221357,42.930166645057135,3.997,0.598,3356.625,23
5,24,1.812800333853042,3.1693090801122183,-0.0010557742567991,43.12836631992577,0.0002,0.0,3367.093,23
5,24,1.812800333853042,3.204753754778091,0.0024393257201988,42.7285748097276,0.0002,0.001,3377.64,23
5,24,1.812800333853042,3.6063855132149834,0.0009385954218931,41.39901423103616,0.0006,3.611,2895.812,23
5,24,1.812800333853042,2.9651969158192424,-3.972709128239172,41.2588040635587,3.997,1.068,2906.031,23
5,24,1.812800333853042,3.259598068948688,0.0006547447540818,41.418350961914655,0.0002,0.0,3409.562,23
5,24,1.812800333853042,3.270570848154268,-0.0002647266026305,41.10178318694265,0.0002,0.001,3420.25,23
5,24,1.812800333853042,3.2791528361127,-0.00048827682371,40.80908028161628,0.0002,0.0,3430.797,23
5,24,1.812800333853042,3.286689211549783,-0.0024459189552238,40.558555985938,0.0002,0.001,3441.437,23
5,24,1.812800333853042,3.2928433544806364,0.0004028971328026,40.31206849076848,0.0002,0.0,3452.109,23
5,24,1.812800333853042,3.298132172494915,0.0003610986713383,40.07169681747946,0.0002,0.001,3462.734,23
5,24,1.812800333853042,3.337878487677074,-0.0002668374813904,37.10209055026747,0.0002,0.0,3643.765,23
5,24,1.812800333853042,3.338943855712424,-0.0007842890968641,36.92823187768204,0.0002,0.001,3654.5,23
5,24,1.812800333853042,3.3106239316135158,-8.462030797966622e-05,39.44746129523788,0.0002,0.0,3494.64,23
5,24,1.812800333853042,3.313850601754229,-0.000515088036127,39.25512636229794,0.0002,0.001,3505.406,23
5,24,1.812800333853042,3.31671260229227,-0.0016024248803193,39.07033492165164,0.0002,0.0,3516.047,23
5,24,1.812800333853042,3.319434425985877,-0.0006329987693654,38.89872140320704,0.0002,0.001,3526.656,23
5,24,1.812800333853042,3.321957554896697,0.0011777426293322,38.71397205889689,0.0002,0.0,3537.328,23
5,24,1.812800333853042,3.32399463208929,-0.00221371124044,38.53071536802568,0.0002,0.001,3547.968,23
5,24,1.812800333853042,3.345523073252435,-0.0019249817815983,35.987774626094,0.0002,0.0,3729.078,23
5,24,1.812800333853042,3.346303338155733,0.0009366695269274,35.849696709508635,0.0002,0.001,3739.781,23
5,24,1.812800333853042,3.3295526100232413,-0.0001728049197215,38.026408339192,0.0002,0.0,3579.906,23
5,24,1.812800333853042,3.3312244275404157,-0.0001510971580419,37.86075046459527,0.0002,0.001,3590.578,23
5,24,1.812800333853042,3.3327717821343747,-0.0013572067975626,37.712252915310266,0.0002,0.0,3601.203,23
5,24,1.812800333853042,3.334043898764162,-0.0033114046933137,37.5568449569509,0.0002,0.001,3611.859,23
5,24,1.812800333853042,3.335392381129454,-0.0011270403633512,37.37853688410378,0.0002,0.0,3622.5,23
5,24,1.812800333853042,3.3367555892647283,0.001851297298752,37.25223266926629,0.0002,0.001,3633.172,23
5,24,1.812800333853042,3.3508703671688207,-0.0022088542049237,35.00712293064099,0.0002,0.0,3814.406,23
5,24,1.812800333853042,3.351685331629847,0.0002991323589688,34.888168410263035,0.0002,0.001,3825.14,23
5,24,1.812800333853042,3.340127226888708,-0.0008548801664003,36.78841181766598,0.0002,0.0,3665.109,23
5,24,1.812800333853042,3.3411062852988684,-0.0017649140833808,36.65748508179123,0.0002,0.001,3675.718,23
5,24,1.812800333853042,3.341969139661941,-0.0011449525522655,36.50883036240465,0.0002,0.0,3686.453,23
5,24,1.812800333853042,3.342915857018846,-0.0016842648076359,36.385021907994016,0.0002,0.001,3697.093,23
5,24,1.812800333853042,3.3437088900128216,-0.001978117873608,36.25750842900016,0.0002,0.0,3707.734,23
5,24,1.812800333853042,3.344747893055773,0.0018909024514251,36.1116778849193,0.0002,0.001,3718.39,23
5,24,1.812800333853042,3.463997127781844,-0.0008402599798467,42.39117274707981,0.0008,3.467,3223.062,23
5,24,1.812800333853042,2.7727759191266577,-3.974069268204041,42.30012226877532,3.997,0.888,3233.328,23
5,24,1.812800333853042,3.3468931797916466,0.0012073882081405,35.73648106791754,0.0002,0.0,3750.39,23
5,24,1.812800333853042,3.3477388009377824,0.0024530747695212,35.60066161643863,0.0002,0.001,3761.047,23
5,24,1.812800333853042,3.348292312789111,-2.113979187298367e-05,35.4848055939268,0.0002,0.0,3771.687,23
5,24,1.812800333853042,3.3490235407479143,-0.0018810147922869,35.371903538029706,0.0002,0.001,3782.328,23
5,24,1.812800333853042,3.3496302717188406,-0.0002383306171884,35.25618728596753,0.0002,0.0,3792.968,23
5,24,1.812800333853042,3.350345550334993,0.001068725650264,35.12508373341156,0.0002,0.001,3803.656,23
5,24,1.812800333853042,3.359047255186353,-0.0023757182090484,33.42993659794227,0.0002,0.0,3984.437,23
5,24,1.812800333853042,3.3593032721473195,-0.0037014348705607,33.34449883917954,0.0002,0.001,3995.062,23
5,24,1.812800333853042,3.35205075977748,-0.0019679336314326,34.795412575277155,0.0002,0.0,3835.765,23
5,24,1.812800333853042,3.3528033832915214,-0.0013706213712309,34.68914751289254,0.0002,0.001,3846.422,23
5,24,1.812800333853042,3.353097825844532,0.000586878937294,34.56353519467424,0.0002,0.0,3857.015,23
5,24,1.812800333853042,3.3537310083626304,-0.0014441781470511,34.45871584987146,0.0002,0.001,3867.593,23
5,24,1.812800333853042,3.3542814895401314,-0.000438836738556,34.3600595921735,0.0002,0.0,3878.203,23
5,24,1.812800333853042,3.354755737913509,-0.0021318124623983,34.258788669674594,0.0002,0.001,3888.859,23
5,24,1.812800333853042,3.3621403685688964,-0.0018700394145503,32.76444838067126,0.0002,0.0,4069.609,23
5,24,1.812800333853042,3.3624599024500696,-9.952531733437688e-05,32.70214873491954,0.0002,0.001,4080.234,23
5,24,1.812800333853042,3.3562395120985395,-8.419415473141885e-05,33.9829785496165,0.0002,0.0,3920.718,23
5,24,1.812800333853042,3.3567626474743237,0.0005248731931604,33.880915345732625,0.0002,0.001,3931.359,23
5,24,1.812800333853042,3.357137805659851,0.0009633349860189,33.78622254784563,0.0002,0.0,3942.0,23
5,24,1.812800333853042,3.3575107419055024,-0.0006697536628145,33.67829755417654,0.0002,0.001,3952.609,23
5,24,1.812800333853042,3.357907041923923,-0.002796702891309,33.60210856716771,0.0002,0.0,3963.187,23
5,24,1.812800333853042,3.358432143585328,-0.0021180292532219,33.51870334251821,0.0004,0.001,3973.828,23
5,24,1.812800333853042,3.3646989981450552,-0.0005698129751814,32.191870435957625,0.0002,0.0,4155.062,23
5,24,1.812800333853042,3.3650146740686067,-0.0017030199442537,32.113809806495695,0.0002,0.001,4165.765,23
5,24,1.812800333853042,3.359603221324428,-0.0031501832724984,33.27799709958063,0.0002,0.0,4005.718,23
5,24,1.812800333853042,3.360192590736561,-2.0350972220238367e-05,33.179337652656294,0.0002,0.001,4016.343,23
5,24,1.812800333853042,3.360559841587029,0.0011935596366051,33.08752694863813,0.0002,0.0,4026.953,23
5,24,1.812800333853042,3.360840139299776,-0.0011829476847429,33.00642890912896,0.0002,0.001,4037.593,23
5,24,1.812800333853042,3.3610872786542587,0.0008787956213982,32.927201704630846,0.0002,0.0,4048.312,23
5,24,1.812800333853042,3.3614992683682954,-0.0005276288561229,32.83624618358296,0.0002,0.001,4058.968,23
5,24,1.812800333853042,3.326068535352707,-0.0025676398866653,38.3575919907528,0.0004,0.0,3558.578,23
5,24,1.812800333853042,3.3278294784602056,0.0005426072780587,38.19303679315864,0.0002,0.001,3569.218,23
5,24,1.812800333853042,3.3625892291669723,-0.0009585060489842,32.61795471759341,0.0002,0.0,4090.906,23
5,24,1.812800333853042,3.363146225057835,0.0006435273436958,32.54292042935787,0.0002,0.001,4101.578,23
5,24,1.812800333853042,3.363421397140959,-0.001266339932422,32.46777605869361,0.0002,0.0,4112.312,23
5,24,1.812800333853042,3.363822638811145,-0.0012200752422114,32.38563770614996,0.0002,0.001,4123.031,23
5,24,1.812800333853042,3.3640934945286105,-0.0011254587810553,32.32710404680528,0.0002,0.0,4133.718,23
5,24,1.812800333853042,3.3643710807825897,1.6858752721663373e-06,32.25177601683819,0.0002,0.001,4144.406,23
5,24,1.812800333853042,3.3692011384991005,-0.0011014802165642,31.196003644803085,0.0002,0.0,4325.64,23
5,24,1.812800333853042,3.369400393177398,-0.0009057646209342,31.136664208669924,0.0002,0.001,4336.343,23
5,24,1.812800333853042,3.3652695052108417,-0.0018633010160849,32.05263386899268,0.0002,0.0,4176.422,23
5,24,1.812800333853042,3.365620612978288,0.0001444865190277,31.975217835189493,0.0002,0.001,4187.062,23
5,24,1.812800333853042,3.365867905177955,2.713775161025693e-05,31.914029270474817,0.0002,0.0,4197.703,23
5,24,1.812800333853042,3.3663006733711875,-0.0008965841075229,31.843540740776955,0.0002,0.001,4208.297,23
5,24,1.812800333853042,3.366466203878273,-0.0003203310999015,31.78636836114268,0.0002,0.0,4218.984,23
5,24,1.812800333853042,3.36704536236531,-0.0003999691952488,31.73024200254825,0.0002,0.001,4229.609,23
5,24,1.812800333853042,3.3711092135347136,-0.001941787056366,30.78345690747064,0.0002,0.0,4410.718,23
5,24,1.812800333853042,3.3713226978380293,0.0003746552329698,30.7349889462789,0.0002,0.001,4421.437,23
5,24,1.812800333853042,3.367622227336429,-0.0020873479817477,31.5531733081492,0.0002,0.001,4261.609,23
5,24,1.812800333853042,3.367835574395337,-0.0009257066509046,31.46786922072263,0.0002,0.001,4272.375,23
5,24,1.812800333853042,3.3681163608686187,-0.001616044417053,31.409368111788247,0.0002,0.0,4283.047,23
5,24,1.812800333853042,3.368451593265902,-0.0005230304634492,31.34649147996091,0.0002,0.001,4293.718,23
5,24,1.812800333853042,3.3685810852513187,-0.0019717431813353,31.300553039400363,0.0002,0.0,4304.359,23
5,24,1.812800333853042,3.368862797547595,-0.0023212912224953,31.247629304334044,0.0002,0.001,4315.015,23
5,24,1.812800333853042,3.372859896834725,0.0010424027829091,30.413972592434646,0.0002,0.0,4495.953,23
5,24,1.812800333853042,3.373074650018018,0.0008408929580559,30.36727174424991,0.0002,0.001,4506.625,23
5,24,1.812800333853042,3.3696262860721653,-0.0003583073854714,31.097025029669123,0.0002,0.0,4346.953,23
5,24,1.812800333853042,3.3697937168235987,-0.0020162253287311,31.03100394360853,0.0002,0.001,4357.578,23
5,24,1.812800333853042,3.37016269345369,-0.0015528664430093,30.97961989512841,0.0002,0.0,4368.172,23
5,24,1.812800333853042,3.37045243462942,-0.0011450355413661,30.935979998826653,0.0002,0.001,4378.812,23
5,24,1.812800333853042,3.370528355743491,-0.0016941530483179,30.88440710687988,0.0002,0.0,4389.437,23
5,24,1.812800333853042,3.370766875193582,-0.0025520093967185,30.821060535005262,0.0002,0.001,4400.047,23
5,24,1.812800333853042,3.3551843963032746,-0.0011261480260742,34.16429574873001,0.0002,0.0,3899.453,23
5,24,1.812800333853042,3.355786843428676,-0.000826504614479,34.06910298118269,0.0002,0.001,3910.078,23
5,24,1.812800333853042,3.3715965837410677,0.0006325489488665,30.673110431834736,0.0002,0.0,4432.078,23
5,24,1.812800333853042,3.371698997031781,-0.0019295711822399,30.60881721125279,0.0002,0.001,4442.718,23
5,24,1.812800333853042,3.371994647563949,-0.0006239890991693,30.571290098177872,0.0002,0.0,4453.375,23
5,24,1.812800333853042,3.372126710275593,-0.002684538993172,30.52576848850664,0.0002,0.001,4464.015,23
5,24,1.812800333853042,3.372498081077945,-0.0009314647073442,30.485169006565812,0.0002,0.0,4474.687,23
5,24,1.812800333853042,3.372685487810136,-0.0008398658824874,30.44199299809023,0.0002,0.001,4485.328,23
5,24,1.812800333853042,3.3758571279209906,-0.0038542148504734,29.79625977497464,0.0002,0.0,4666.453,23
5,24,1.812800333853042,3.3759505159950587,0.0001362075700629,29.753177455697795,0.0002,0.001,4677.109,23
5,24,1.812800333853042,3.373271890162129,-0.0016848580810089,30.32768307197769,0.0002,0.0,4517.281,23
5,24,1.812800333853042,3.373487956941536,-0.0019081464738388,30.274655926932937,0.0002,0.001,4527.922,23
5,24,1.812800333853042,3.373755745032751,-0.0006703208226098,30.258915975415345,0.0002,0.0,4538.547,23
5,24,1.812800333853042,3.373797173532907,0.0002622809622319,30.20560706861017,0.0002,0.001,4549.281,23
5,24,1.812800333853042,3.373882771333868,0.0011487781205934,30.16333811593634,0.0002,0.0,4559.922,23
5,24,1.812800333853042,3.374283965298492,-0.0015882244462509,30.121319973191767,0.0002,0.001,4570.609,23
5,24,1.812800333853042,3.377064489460854,-0.0011445900033788,29.525367340538956,0.0002,0.0,4751.672,23
5,24,1.812800333853042,3.377314961918133,-0.001406384725324,29.479932803942717,0.0002,0.001,4762.343,23
5,24,1.812800333853042,3.3749000195645973,-0.0003457187689155,30.023466751214656,0.0002,0.0,4602.5,23
5,24,1.812800333853042,3.375021940171945,-0.0008884980626197,29.97867506997614,0.0002,0.001,4613.14,23
5,24,1.812800333853042,3.3751287769126472,-0.0020874728277191,29.93883899925904,0.0002,0.0,4623.812,23
5,24,1.812800333853042,3.3751782399135086,-0.0022749020400624,29.900618831703746,0.0002,0.001,4634.468,23
5,24,1.812800333853042,3.37561466575611,-0.0025242020906133,29.86188922124055,0.0002,0.0,4645.172,23
5,24,1.812800333853042,3.3757084943409232,0.0006556134362045,29.8245622005202,0.0002,0.001,4655.797,23
5,24,1.812800333853042,3.378422140167957,3.224315956698649e-05,29.28852331287378,0.0002,0.0,4836.906,23
5,24,1.812800333853042,3.378613893140676,-0.0006404288867013,29.25951140968057,0.0002,0.001,4847.562,23
5,24,1.812800333853042,3.3761618533916176,-0.002772959149902,29.73322414869685,0.0002,0.0,4687.75,23
5,24,1.812800333853042,3.376262034613517,-0.0033008176177565,29.690867150291595,0.0002,0.001,4698.406,23
5,24,1.812800333853042,3.376555175664867,-0.0015099240468724,29.651875492084127,0.0002,0.0,4709.015,23
5,24,1.812800333853042,3.376619942880695,-0.0017009619241217,29.62647482931334,0.0002,0.001,4719.718,23
5,24,1.812800333853042,3.3768678356526696,-0.0022998064202746,29.59222185479596,0.0002,0.0,4730.359,23
5,24,1.812800333853042,3.377059696190222,-0.0007066368295596,29.561533728686367,0.0002,0.001,4741.031,23
5,24,1.812800333853042,3.367070142739514,-0.0011519911644256,31.66984669155643,0.0002,0.0,4240.25,23
5,24,1.812800333853042,3.3672371034353064,-0.0025147550120832,31.61562923076801,0.0002,0.001,4250.953,23
5,24,1.812800333853042,3.377562388815184,-0.0024610215402753,29.45082546605147,0.0002,0.0,4772.984,23
5,24,1.812800333853042,3.3776252208359216,-0.0006545814015774,29.43127153048891,0.0002,0.001,4783.625,23
5,24,1.812800333853042,3.37774882310603,-0.0012674200735875,29.393370498420964,0.0002,0.0,4794.265,23
5,24,1.812800333853042,3.3778792720595714,-0.0019319906357246,29.374890512444946,0.0002,0.001,4804.937,23
5,24,1.812800333853042,3.377971102971889,-0.003440953676827,29.34302820619388,0.0002,0.0,4815.578,23
5,24,1.812800333853042,3.3782510688539182,0.000918788291828,29.304609972282226,0.0002,0.001,4826.265,23
5,24,1.812800333853042,3.380743169596031,0.0019232189976753,28.842019711426907,0.0002,0.0,5007.375,23
5,24,1.812800333853042,3.380646335871446,-0.0024595053050549,28.808219812151176,0.0002,0.001,5018.047,23
5,24,1.812800333853042,3.378635485259816,-0.0007176386885599,29.23555511182152,0.0002,0.0,4858.203,23
5,24,1.812800333853042,3.3788751024478336,-0.0021854104737557,29.21641739209779,0.0002,0.001,4868.859,23
5,24,1.812800333853042,3.378876723097768,-0.0009502277651584,29.174266230213604,0.0002,0.0,4879.484,23
5,24,1.812800333853042,3.379258655576066,-0.0013886918641079,29.13160708949125,0.0002,0.001,4890.218,23
5,24,1.812800333853042,3.3791188216094183,-0.0019803839639334,29.10452760515589,0.0002,0.0,4900.843,23
5,24,1.812800333853042,3.379385566314712,-0.0006167075404276,29.089276786722863,0.0002,0.001,4911.453,23
5,24,1.812800333853042,3.381662048578761,-0.0017976763371418,28.665788222318355,0.0002,0.0,5092.64,23
5,24,1.812800333853042,3.3817567844583536,-0.0011236755919179,28.653451886415688,0.0002,0.001,5103.297,23
5,24,1.812800333853042,3.379742654364771,0.0001812492273621,28.990897952668067,0.0002,0.0,4943.39,23
5,24,1.812800333853042,3.379867629468182,-0.001195461614579,28.96355720944401,0.0002,0.001,4954.109,23
5,24,1.812800333853042,3.380118863889832,5.219553536926042e-07,28.952259431168592,0.0002,0.0,4964.797,23
5,24,1.812800333853042,3.3801452153237705,-0.0008904477404186,28.923053979403942,0.0002,0.001,4975.453,23
5,24,1.812800333853042,3.380212340193601,0.0004204861824864,28.892464573269244,0.0002,0.0,4986.078,23
5,24,1.812800333853042,3.3806103893605663,-0.000628534132655,28.87466413742349,0.0002,0.001,4996.75,23
5,24,1.812800333853042,3.382469622745819,-0.0004427356096728,28.5218193267982,0.0002,0.0,5177.843,23
5,24,1.812800333853042,3.382788130985983,-0.0023485544240551,28.49834126182493,0.0002,0.001,5188.578,23
5,24,1.812800333853042,3.3807695530712367,0.0001342153950048,28.803971670037097,0.0002,0.0,5028.718,23
5,24,1.812800333853042,3.381016888507658,0.0005627034668523,28.78941626974712,0.0002,0.001,5039.375,23
5,24,1.812800333853042,3.38112913985052,-0.0001736099820656,28.76002748405454,0.0002,0.0,5050.015,23
5,24,1.812800333853042,3.3813628984271795,-0.0009897632828842,28.73870401549225,0.0002,0.001,5060.656,23
5,24,1.812800333853042,3.3812154006094675,0.0003654699556635,28.71345807767897,0.0002,0.0,5071.312,23
5,24,1.812800333853042,3.381514968865649,-0.0006658822854979,28.694663474409783,0.0002,0.001,5081.937,23
5,24,1.812800333853042,3.3742478400490903,-0.0036853424583234,30.082150588388487,0.0002,0.0,4581.234,23
5,24,1.812800333853042,3.3746287903183823,-0.0001106638844267,30.05215419020955,0.0002,0.001,4591.89,23
5,24,1.812800333853042,3.38185964155916,-0.0030895579764243,28.627417953132607,0.0002,0.0,5113.984,23
5,24,1.812800333853042,3.381957235036163,-0.0016996576592902,28.602922385916592,0.0002,0.001,5124.656,23
5,24,1.812800333853042,3.3819423140626435,-0.003489037492708,28.593969322136136,0.0002,0.0,5135.297,23
5,24,1.812800333853042,3.382175289108521,-0.0048783665367477,28.554107629555972,0.0002,0.001,5145.922,23
5,24,1.812800333853042,3.382461315782883,-0.0033236844591828,28.53801110977131,0.0002,0.0,5156.578,23
5,24,1.812800333853042,3.38221267651638,0.0003156405672788,28.52241244351029,0.0002,0.001,5167.187,23
5,24,1.812800333853042,3.38418383907406,-0.003166339833843,28.24859382209267,0.0002,0.0,5348.39,23
5,24,1.812800333853042,3.384304106475169,-0.0013894875489525,28.235324444814378,0.0002,0.001,5359.047,23
5,24,1.812800333853042,3.3828138197399458,-0.0012951901506328,28.47649467352625,0.0002,0.0,5199.25,23
5,24,1.812800333853042,3.3829780700741385,-0.0019831665479645,28.45432867207203,0.0002,0.001,5209.843,23
5,24,1.812800333853042,3.3828298606016425,-0.0002394976724697,28.448468018407635,0.0002,0.0,5220.515,23
5,24,1.812800333853042,3.383129551096156,-0.0009376240896901,28.417616147373835,0.0002,0.001,5231.172,23
5,24,1.812800333853042,3.383101791810477,-0.0015814187342422,28.40430269067091,0.0002,0.0,5241.828,23
5,24,1.812800333853042,3.383414616429945,-0.002154669301928,28.390557047433514,0.0002,0.001,5252.453,23
5,24,1.812800333853042,3.385075405300169,-0.0015781583733667,28.13407224468146,0.0002,0.0,5433.547,23
5,24,1.812800333853042,3.3850905269873377,-0.0008829760068262,28.115057152418498,0.0002,0.001,5444.187,23
5,24,1.812800333853042,3.3835297785956304,0.0001213565762857,28.33257531915102,0.0002,0.0,5284.437,23
5,24,1.812800333853042,3.383702013197435,-0.0004001764038562,28.33044561556202,0.0002,0.001,5295.078,23
5,24,1.812800333853042,3.383753612599186,-0.0021865170983269,28.30652675044787,0.0002,0.0,5305.718,23
5,24,1.812800333853042,3.3839831676999017,0.0005541790085816,28.29791438179224,0.0002,0.001,5316.359,23
5,24,1.812800333853042,3.3841554995511816,-0.0012478915550873,28.281466613610903,0.0002,0.0,5327.0,23
5,24,1.812800333853042,3.384178926872316,-0.0029084298072422,28.25651022919028,0.0002,0.001,5337.687,23
5,24,1.812800333853042,3.385838909355255,-0.0007557704964373,28.01135605604943,0.0002,0.0,5518.562,23
5,24,1.812800333853042,3.38582917783999,4.81551062341391e-05,28.003294050115297,0.0002,0.001,5529.281,23
5,24,1.812800333853042,3.3847015151099544,-0.0016242290647679,28.20918863649313,0.0002,0.0,5369.687,23
5,24,1.812800333853042,3.3845547008904804,-0.0045730905797975,28.201779211765327,0.0002,0.001,5380.312,23
5,24,1.812800333853042,3.384571008902188,-4.902247493017069e-05,28.18637811317958,0.0002,0.0,5390.984,23
5,24,1.812800333853042,3.384948247774256,-0.0020909798815271,28.17095547171728,0.0002,0.001,5401.625,23
5,24,1.812800333853042,3.3846977409334493,0.0007279349221545,28.16094257919677,0.0002,0.0,5412.281,23
5,24,1.812800333853042,3.385022568809216,-0.0035883171474715,28.14358591508137,0.0002,0.001,5422.922,23
5,24,1.812800333853042,3.3796502421697032,0.0001027322311979,29.06625075353081,0.0004,0.0,4922.125,23
5,24,1.812800333853042,3.379542833467747,-0.0020197529584968,29.01701409274489,0.0002,0.001,4932.718,23
5,24,1.812800333853042,3.385409743325968,-0.0025352521034879,28.10387329389184,0.0002,0.0,5454.797,23
5,24,1.812800333853042,3.385267153765933,-0.0031849367052825,28.085339483494725,0.0002,0.001,5465.422,23
5,24,1.812800333853042,3.385493990848452,-0.0003758350684021,28.0701585625312,0.0002,0.0,5476.047,23
5,24,1.812800333853042,3.3856037997013835,0.0001112589040786,28.054851469001047,0.0002,0.001,5486.656,23
5,24,1.812800333853042,3.3855954547921594,-0.0021956629708857,28.035071236650342,0.0002,0.0,5497.343,23
5,24,1.812800333853042,3.385757127933315,-0.003843839307671,28.02363287238172,0.0002,0.001,5507.937,23
5,24,1.812800333853042,3.3871837474665507,-0.0025095631934227,27.841338533544317,0.0002,0.0,5688.906,23
5,24,1.812800333853042,3.387352246671497,-0.0007348332404177,27.835243787879385,0.0002,0.001,5699.531,23
5,24,1.812800333853042,3.386186502742921,-0.0033600797431404,27.985934747859503,0.0002,0.0,5539.906,23
5,24,1.812800333853042,3.3861069128508605,-0.0042244660049958,27.98483565571844,0.0002,0.001,5550.578,23
5,24,1.812800333853042,3.3862296421708447,-0.0053439856425519,27.967182466794878,0.0002,0.0,5561.234,23
5,24,1.812800333853042,3.386128646346408,-0.0051191531068276,27.95415610019779,0.0002,0.001,5571.875,23
5,24,1.812800333853042,3.386320328039263,-0.0003603273880531,27.93767593499261,0.0002,0.0,5582.515,23
5,24,1.812800333853042,3.3863818737687508,-0.0019091611824411,27.928530956189896,0.0002,0.001,5593.156,23
5,24,1.812800333853042,3.3878799952503327,-0.0033992902746038,27.747418259928008,0.0002,0.0,5774.14,23
5,24,1.812800333853042,3.388032490977394,-0.0006902693541954,27.743232169395487,0.0002,0.001,5784.89,23
5,24,1.812800333853042,3.386851562098945,-0.003895978035434,27.89294667486234,0.0002,0.0,5625.156,23
5,24,1.812800333853042,3.386797624420455,-0.0037656917209382,27.88900164473518,0.0002,0.001,5635.812,23
5,24,1.812800333853042,3.386930281996722,-0.0016716879631184,27.876169337750163,0.0002,0.0,5646.468,23
5,24,1.812800333853042,3.386923851161486,-0.00093243638253,27.865232883370005,0.0002,0.001,5657.078,23
5,24,1.812800333853042,3.3871191346339016,-0.002805464889573,27.860066155583656,0.0002,0.0,5667.672,23
5,24,1.812800333853042,3.387089869667292,-0.002839266805029,27.858896712157232,0.0002,0.001,5678.265,23
5,24,1.812800333853042,3.388604135971081,-0.0013510562678747,27.667299803837388,0.0002,0.0,5859.562,23
5,24,1.812800333853042,3.388686308120557,-0.0038398362773361,27.6743182044944,0.0002,0.001,5870.218,23
5,24,1.812800333853042,3.3874843588340497,-0.0021755104662812,27.822092763390128,0.0002,0.0,5710.203,23
5,24,1.812800333853042,3.387547342344823,-0.0031463350801513,27.805525531923223,0.0002,0.001,5720.89,23
5,24,1.812800333853042,3.387721678807529,-0.0007692683305605,27.804276955453982,0.0002,0.0,5731.515,23
5,24,1.812800333853042,3.3877117177448093,-0.001824540715314,27.79075111201845,0.0002,0.001,5742.156,23
5,24,1.812800333853042,3.387760850063046,0.0008585914714891,27.773070276851,0.0002,0.0,5752.797,23
5,24,1.812800333853042,3.3878073964726507,-0.0021655372599973,27.76776229950035,0.0002,0.001,5763.437,23
5,24,1.812800333853042,3.383535108067109,-0.0002147444005906,28.379336956441783,0.0002,0.0,5263.14,23
5,24,1.812800333853042,3.383627656645692,-0.0003623350376567,28.361596466722,0.0002,0.001,5273.797,23
5,24,1.812800333853042,3.3880828453489165,0.0007416805388653,27.724723776964023,0.0002,0.0,5795.593,23
5,24,1.812800333853042,3.388035549567291,-0.0025364302401062,27.727996041773476,0.0002,0.001,5806.265,23
5,24,1.812800333853042,3.388260216316457,-0.0017997479643595,27.717198043827597,0.0002,0.0,5816.906,23
5,24,1.812800333853042,3.3884564101903543,0.000136517279511,27.704635694458712,0.0002,0.001,5827.609,23
5,24,1.812800333853042,3.388298280001395,-0.0024418009540418,27.709618746781395,0.0002,0.0,5838.218,23
5,24,1.812800333853042,3.388554156573309,-0.0022969086148816,27.69833508342978,0.0002,0.001,5848.859,23
5,24,1.812800333853042,3.3896919492128097,3.935549430814007e-05,27.54521139216625,0.0002,0.0,6030.0,23
5,24,1.812800333853042,3.389878047437715,-0.0019373218562716,27.54662684600276,0.0002,0.001,6040.672,23
5,24,1.812800333853042,3.388766764850985,0.002441309564146,27.65621910217933,0.0002,0.0,5880.89,23
5,24,1.812800333853042,3.38880585337051,-0.0016509488871574,27.645281818626245,0.0002,0.001,5891.531,23
5,24,1.812800333853042,3.3890291944811923,0.0005320322340238,27.643897192959287,0.0002,0.0,5902.218,23
5,24,1.812800333853042,3.389016503419907,0.0001049829857328,27.63922519206933,0.0002,0.001,5912.89,23
5,24,1.812800333853042,3.3890651209014524,-0.0030233410731611,27.61454180233795,0.0002,0.0,5923.562,23
5,24,1.812800333853042,3.389177197641562,-0.0012254449187532,27.62478084959311,0.0002,0.001,5934.187,23
5,24,1.812800333853042,3.390278375408852,-0.0029572615653857,27.49876890820668,0.0002,0.0,6115.25,23
5,24,1.812800333853042,3.3903438496533767,-0.0023120493240067,27.501836867995078,0.0002,0.001,6125.922,23
5,24,1.812800333853042,3.3892011299229643,-0.0021177118741755,27.597473708298164,0.0002,0.0,5966.047,23
5,24,1.812800333853042,3.389466058349988,-0.0013747204634561,27.594068421177024,0.0002,0.001,5976.672,23
5,24,1.812800333853042,3.3894997678243484,0.0016772308866626,27.58326693542355,0.0002,0.001,5987.297,23
5,24,1.812800333853042,3.3894704589053246,0.0009205481798042,27.56698155705583,0.0002,0.001,5998.0,23
5,24,1.812800333853042,3.389498262236696,-0.0039925496569474,27.570166249471853,0.0002,0.0,6008.718,23
5,24,1.812800333853042,3.389674012052548,-0.0021993446901553,27.55719935401144,0.0002,0.001,6019.328,23
5,24,1.812800333853042,3.390943918491656,-0.0014926364371929,27.45227510054569,0.0002,0.0,6200.515,23
5,24,1.812800333853042,3.390956177473681,0.0024557345448765,27.45782084137513,0.0002,0.001,6211.156,23
5,24,1.812800333853042,3.390062049993427,-0.0019026148143771,27.541426798582165,0.0002,0.0,6051.39,23
5,24,1.812800333853042,3.389926445695612,-0.0001963822039523,27.544165579179555,0.0002,0.001,6062.078,23
5,24,1.812800333853042,3.3900087222834814,-0.0023944876784071,27.52055019951538,0.0002,0.0,6072.734,23
5,24,1.812800333853042,3.3900818891138256,-0.0015307026120412,27.518562843348025,0.0002,0.001,6083.328,23
5,24,1.812800333853042,3.390100132851522,0.0008631575257264,27.513069678177743,0.0002,0.0,6093.922,23
5,24,1.812800333853042,3.390259613510946,0.000226401727687,27.50199328439724,0.0002,0.001,6104.578,23
5,24,1.812800333853042,3.3865868996510367,-0.0025307977617351,27.923601354651,0.0002,0.0,5603.875,23
5,24,1.812800333853042,3.3867768665160005,-0.0019271980103471,27.903144138950488,0.0002,0.001,5614.515,23
5,24,1.812800333853042,3.390444003360695,0.0002345126755979,27.50548812536393,0.0002,0.0,6136.578,23
5,24,1.812800333853042,3.390320963408869,0.0008750273696081,27.486757616359878,0.0002,0.001,6147.25,23
5,24,1.812800333853042,3.390495122205313,-0.0007896864129428,27.486997182608388,0.0002,0.0,6157.859,23
5,24,1.812800333853042,3.3907329952189578,0.000896000183911,27.476558741900927,0.0002,0.001,6168.453,23
5,24,1.812800333853042,3.3906155511502174,-0.0002697600267168,27.467351063748996,0.0002,0.0,6179.109,23
5,24,1.812800333853042,3.390754216523801,-0.0028657975115891,27.45638073232705,0.0002,0.001,6189.828,23
5,24,1.812800333853042,3.3912053097564425,-0.0025939725043126,27.43971792545021,0.0002,0.0,6221.781,23
5,24,1.812800333853042,3.3911603707458737,-0.001373389380864,27.44359369242217,0.0002,0.001,6232.453,23
5,24,1.812800333853042,3.39120471465324,-0.0009398782134678,27.4387985295442,0.0002,0.0,6243.093,23
5,24,1.812800333853042,3.3911722394681374,-0.0017203274317993,27.43669330755213,0.0002,0.001,6253.734,23
5,24,1.812800333853042,3.3912095337400463,-0.0007972100167082,27.431687602479016,0.0002,0.0,6264.343,23
5,24,1.812800333853042,3.391343085954877,-0.0016788923077649,27.41615577446484,0.0002,0.001,6274.922,23
5,24,1.812800333853042,3.3912239937845845,-0.0017329027711841,27.41080140801392,0.0002,0.0,6285.531,23
5,24,1.812800333853042,3.39142962641462,-0.0030628110421233,27.41357462168446,0.0002,0.001,6296.203,23
5,24,1.812800333853042,3.391394559338126,-0.0013847792460047,27.407804967233677,0.0002,0.0,6306.875,23
5,24,1.812800333853042,3.391617231956494,-0.001379432800508,27.40125641104175,0.0002,0.001,6317.5,23
5,24,1.812800333853042,3.391579665772879,-0.002155170296752,27.403614802667157,0.0002,0.0,6328.109,23
5,24,1.812800333853042,3.391522590960868,-0.0025064072060673,27.398997511616635,0.0002,0.001,6338.75,23
5,24,1.812800333853042,3.3918810898826965,-0.0011514668351251,27.3933382904675,0.0002,0.0,6349.437,23
5,24,1.812800333853042,3.391772028042592,-0.0032794882930484,27.39302264670706,0.0004,0.001,6360.047,23
5,24,1.812800333853042,3.391872717828948,-0.0042063847353222,27.390014643517787,0.0002,0.0,6370.765,23
5,24,1.812800333853042,3.391792460405181,-0.0043094343640813,27.36916525136185,0.0002,0.001,6381.437,23
5,24,1.812800333853042,3.3919996540414696,0.000715366441725,27.370491990226316,0.0002,0.0,6392.078,23
5,24,1.812800333853042,3.391928878263782,-0.0009363844666374,27.36523515453572,0.0002,0.001,6402.687,23
5,24,1.812800333853042,3.3921676277788406,-0.0024184065760458,27.357396659643303,0.0002,0.0,6413.359,23
5,24,1.812800333853042,3.392141441299228,0.0003322221066038,27.35392516253724,0.0002,0.001,6423.984,23
5,24,1.812800333853042,3.392450060239596,-0.0067174800631353,27.345686777871904,0.0002,0.0,6434.656,23
5,24,1.812800333853042,3.392317543318581,-0.0011864590683475,27.34648362612215,0.0002,0.001,6445.343,23
5,24,1.812800333853042,3.392421096562092,-0.0021035597252746,27.34771239856913,0.0002,0.0,6456.0,23
5,24,1.812800333853042,3.392360675020466,0.0001196826344662,27.34355499336338,0.0002,0.001,6466.672,23
5,24,1.812800333853042,3.389323131968741,-0.0032908261820799,27.61735729949342,0.0002,0.0,5944.875,23
5,24,1.812800333853042,3.38923990142045,0.0007880297003744,27.61367688851269,0.0002,0.001,5955.453,23
5,24,1.812800333853042,4.029904632957601,-0.0009491192931979,32.72648839450577,0.0008,4.037,357.531,23
5,24,1.812800333853042,3.387640363268798,-3.973282966928065,32.67175500301061,3.997,1.474,367.781,23
5,24,1.812800333853042,4.075881316389757,-0.0001422770826105,30.98597629004047,0.0006,4.083,214.172,23
5,24,1.812800333853042,3.4179993391632526,-3.974163953155999,31.00067900614048,3.997,1.499,224.359,23
5,24,1.812800333853042,4.0686567198384935,-0.001315897336307,31.253980314736957,0.0008,4.076,234.609,23
5,24,1.812800333853042,3.412918460651742,-3.973549086032997,31.280611822962346,3.997,1.495,244.906,23
5,24,1.812800333853042,4.06153885267888,-0.0019178666144126,31.52249970603677,0.0008,4.069,255.093,23
5,24,1.812800333853042,3.408941568599607,-3.972289092970789,31.55371698505057,3.997,1.492,265.297,23
5,24,1.812800333853042,4.007227768339547,-0.0014752646245899,33.484738340228034,0.0008,4.013,439.265,23
5,24,1.812800333853042,3.371945038939185,-3.9733715605396234,33.44961033103894,3.997,1.459,449.453,23
5,24,1.812800333853042,4.048629849141231,-0.003463164753409,32.03323691349754,0.0008,4.055,296.125,23
5,24,1.812800333853042,3.400395557897398,-3.971918564931793,32.085553459834955,3.997,1.486,306.422,23
5,24,1.812800333853042,4.042270058041932,0.0004861584506637,32.273702089811465,0.0008,4.049,316.625,23
5,24,1.812800333853042,3.396179106351276,-3.972194018765946,32.32784700618412,3.997,1.482,326.859,23
5,24,1.812800333853042,4.036111881106539,8.433789090682812e-06,32.54307195368639,0.0006,4.043,337.093,23
5,24,1.812800333853042,3.391918937961185,-3.97350321248001,32.5061214777542,3.997,1.477,347.359,23
5,24,1.812800333853042,3.98550439011416,-0.0013600601065868,34.19421866258779,0.0008,3.993,520.984,23
5,24,1.812800333853042,3.35646843499729,-3.9746393784235385,34.17864636145339,3.997,1.446,531.25,23
5,24,1.812800333853042,4.024282311115901,-0.0001332585608529,32.904407133341614,0.0008,4.031,378.078,23
5,24,1.812800333853042,3.3838327115188696,-3.973526137712102,32.926001380067895,3.997,1.471,388.265,23
5,24,1.812800333853042,4.018431487183394,7.872297793989424e-05,33.15698701869862,0.0006,4.025,398.437,23
5,24,1.812800333853042,3.37974451235332,-3.972288238729272,33.0719287693195,3.997,1.467,408.64,23
5,24,1.812800333853042,4.012577827501637,-0.0016819446754257,33.26943370013924,0.0008,4.019,418.828,23
5,24,1.812800333853042,3.3755696779297257,-3.9757179800770426,33.280837325831826,3.997,1.463,429.031,23
5,24,1.812800333853042,4.001848985040339,-0.0012750841236405,33.68412705089234,0.0008,4.008,459.672,23
5,24,1.812800333853042,3.3678026485353767,-3.975155137808755,33.6377028148946,3.997,1.455,469.906,23
5,24,1.812800333853042,3.9963150071332576,-0.0015819986631403,33.83538307084618,0.0008,4.003,480.125,23
5,24,1.812800333853042,3.3639073804803075,-3.973661088871974,33.80388190673002,3.997,1.453,490.39,23
5,24,1.812800333853042,3.990595467292221,-0.0003280720195609,33.98950283734752,0.0008,3.997,500.547,23
5,24,1.812800333853042,3.36027085674789,-3.974108680674579,34.00371560883808,3.997,1.45,510.75,23
5,24,1.812800333853042,4.173875822751241,-0.0016006987748446,27.280515061547835,0.0008,4.185,30.015,23
5,24,1.812800333853042,3.504135408881896,-3.9720326540368633,27.57438563422774,3.997,1.573,40.234,23
5,24,1.812800333853042,4.117016926570553,-0.0023866667738925,29.47827066872539,0.0008,4.125,111.797,23
5,24,1.812800333853042,3.448200208731661,-3.9740269744859695,29.53581607667288,3.997,1.524,122.0,23
5,24,1.812800333853042,4.206708529635488,0.0010532903080986,26.34701719437006,0.0002,0.0,0.0,23
5,24,1.812800333853042,4.206536602421323,-0.0019763891824192,26.342034597511443,0.0002,4.223,9.359,23
5,24,1.812800333853042,3.532121935818412,-3.9746632379684255,26.62801710552484,3.997,1.583,19.828,23
5,24,1.812800333853042,4.08309439969133,-0.0022917358431185,30.72980097669916,0.0008,4.091,193.703,23
5,24,1.812800333853042,3.422693923655578,-3.973467902095548,30.721256835639448,3.997,1.503,203.922,23
5,24,1.812800333853042,4.154791610934641,-0.0013584933850572,28.06899142127081,0.0008,4.165,50.531,23
5,24,1.812800333853042,3.484637239979464,-3.973400824803834,28.244800631008232,3.997,1.555,60.812,23
5,24,1.812800333853042,4.13968733029239,-0.0017807689106748,28.679607288243822,0.0008,4.149,71.0,23
5,24,1.812800333853042,3.4694232487173164,-3.975861081535826,28.771461748618336,3.997,1.54,81.23400000000001,23
5,24,1.812800333853042,4.127569321360725,-0.0006000886549467,29.120563783352715,0.0006,4.136,91.437,23
5,24,1.812800333853042,3.457997393228553,-3.9733993868766784,29.18366442485015,3.997,1.531,101.625,23
5,24,1.812800333853042,4.107715870607168,0.0005243054938501,29.821587474092595,0.0008,4.116,132.281,23
5,24,1.812800333853042,3.440127649647923,-3.97241066134772,29.858675652819738,3.997,1.518,142.578,23
5,24,1.812800333853042,4.098823185173455,-0.0018608271538752,30.120246729917888,0.0008,4.107,152.797,23
5,24,1.812800333853042,3.433606737698257,-3.974704794407685,30.14139054895315,3.997,1.512,162.98399999999998,23
5,24,1.812800333853042,4.090608844452468,-0.0017880103020885,30.42247291407809,0.0006,4.098,173.187,23
5,24,1.812800333853042,3.427583960652225,-3.97181327046225,30.463962285721376,3.997,1.507,183.437,23
6,24,1.7946038703195293,3.851446442224958,-0.0018576541893696,36.149742040034425,0.0006,3.86,997.219,22
6,24,1.7946038703195293,3.2271366508949377,-3.9736595822418495,36.05652954934844,3.997,1.324,1007.469,22
6,24,1.7946038703195293,3.847383787077096,-0.000559001536804,36.23227119657076,0.0008,3.855,1017.75,22
6,24,1.7946038703195293,3.223527696601359,-3.9737853616974994,36.137341253436304,3.997,1.32,1028.047,22
6,24,1.7946038703195293,3.843165606458776,-0.0003808528946339,36.277985294627086,0.0008,3.85,1038.312,22
6,24,1.7946038703195293,4.182675464297748,0.0037413884177499,26.170511913028506,0.0004,0.0,0.0,22
6,24,1.7946038703195293,4.182453729518932,-0.0003352786999552,26.163341707715524,0.0004,4.199,9.328,22
6,24,1.7946038703195293,3.501553492484553,-3.971393651043298,26.44398894416468,3.997,1.572,19.844,22
6,24,1.7946038703195293,4.039179018332167,-9.434465044770682e-05,31.625677478100968,0.0008,4.047,256.406,22
6,24,1.7946038703195293,3.3781249992792417,-3.974438397914237,31.609994204192237,3.997,1.469,266.687,22
6,24,1.7946038703195293,4.033190366410366,-0.0013042856542129,31.833945012694883,0.0008,4.04,276.984,22
6,24,1.7946038703195293,3.3739439339613826,-3.9747222721833264,31.86363858593515,3.997,1.465,287.312,22
6,24,1.7946038703195293,4.027173389226768,-0.0010198419721879,32.1517549960934,0.0008,4.035,297.609,22
6,24,1.7946038703195293,3.337391798293188,-3.972972320223553,33.98428396651817,3.997,1.433,472.547,22
6,24,1.7946038703195293,3.976884694291678,-0.0001793411122203,34.17896659495119,0.0008,3.984,482.797,22
6,24,1.7946038703195293,3.230583578342764,-3.973100414656912,36.00929854544782,3.997,1.328,986.922,22
6,24,1.7946038703195293,4.067683953063933,-0.0010212030817326,30.432334782966542,0.0008,4.074,174.078,22
6,24,1.7946038703195293,3.397258585408894,-3.973186815242572,30.45860354029372,3.997,1.49,184.328,22
6,24,1.7946038703195293,4.0599807039632685,-0.0006517243472515,30.7122299837884,0.0008,4.067,194.594,22
6,24,1.7946038703195293,3.3916822910723567,-3.974385345271505,30.75462108342348,3.997,1.485,204.906,22
6,24,1.7946038703195293,4.052559056885344,-0.0003102944945693,31.05811528922535,0.0008,4.059,215.25,22
6,24,1.7946038703195293,3.3545078395125163,-3.973206971223513,33.156122809685364,3.997,1.448,390.203,22
6,24,1.7946038703195293,4.000178526580745,-0.0014113560214562,33.35975963031577,0.0006,4.006,400.437,22
6,24,1.7946038703195293,3.382597327445908,-3.973642456438269,31.36040884932132,3.997,1.475,246.125,22
6,24,1.7946038703195293,4.104725994662314,-0.0005457856394856,29.035586382712847,0.0008,4.113,91.922,22
6,24,1.7946038703195293,3.426491851058583,-3.9726957386448585,29.104710595719773,3.997,1.515,102.203,22
6,24,1.7946038703195293,4.094042399201034,0.0008362346207869,29.4491336100142,0.0008,4.102,112.469,22
6,24,1.7946038703195293,3.416673978115861,-3.9723587806191367,29.474735351347626,3.997,1.505,122.75,22
6,24,1.7946038703195293,4.084378672436789,-0.0008231698593495,29.78096017522806,0.0008,4.092,132.969,22
6,24,1.7946038703195293,3.3701278108723582,-3.974077007999243,32.128894899770174,3.997,1.462,307.922,22
6,24,1.7946038703195293,4.02154196313153,-0.0001850833086741,32.37980587955131,0.0008,4.028,318.187,22
6,24,1.7946038703195293,3.403023148857065,-3.9716805087046514,30.13577038413901,3.997,1.495,163.781,22
6,24,1.7946038703195293,3.2841284452800306,-3.972396875250263,35.62231593145937,3.997,1.379,719.422,22
6,24,1.7946038703195293,3.908139807545118,-0.0031273471222822,35.753187596919325,0.0008,3.916,729.703,22
6,24,1.7946038703195293,3.3147144856545068,-3.97370316590296,34.94902523074476,3.997,1.409,575.406,22
6,24,1.7946038703195293,3.945858736115276,-0.0019833021245027,35.13098100475415,0.0006,3.952,585.672,22
6,24,1.7946038703195293,3.309927789422231,-3.973306914937032,35.08761533114082,3.997,1.406,596.016,22
6,24,1.7946038703195293,3.939423376175773,-0.0020072854317793,35.281704556542955,0.0008,3.946,606.297,22
6,24,1.7946038703195293,3.306268087611528,-3.9729824634964,35.21568442548866,3.997,1.401,616.562,22
6,24,1.7946038703195293,3.933471300997239,-6.438592955365134e-05,35.34085177142584,0.0008,3.94,626.859,22
6,24,1.7946038703195293,3.301412911330189,-3.9747699464748663,35.29252323424937,3.997,1.396,637.172,22
6,24,1.7946038703195293,3.927807839453931,-0.0016680134682482,35.50654018421278,0.0008,3.936,647.5,22
6,24,1.7946038703195293,3.333603352106317,-3.974546340761952,34.14309909740715,3.997,1.43,493.125,22
6,24,1.7946038703195293,3.971141399014331,-0.0017950842471312,34.38711815348107,0.0006,3.977,503.406,22
6,24,1.7946038703195293,3.328852726704295,-3.972232146004097,34.41149498472203,3.997,1.424,513.687,22
6,24,1.7946038703195293,3.964893239714209,-0.001731753170602,34.58407380611313,0.0006,3.971,523.984,22
6,24,1.7946038703195293,3.3241882437236825,-3.973614283057551,34.56459107005016,3.997,1.42,534.281,22
6,24,1.7946038703195293,3.958429735921701,0.0011811049390231,34.77802005804006,0.0008,3.965,544.531,22
6,24,1.7946038703195293,3.3192956862383074,-3.973571933221862,34.72920452792077,3.997,1.415,554.844,22
6,24,1.7946038703195293,3.952068010703483,-0.0006504437808771,34.91810116497466,0.0008,3.958,565.125,22
6,24,1.7946038703195293,3.3503139900572663,-3.971800479005632,33.362409859135475,3.997,1.445,410.781,22
6,24,1.7946038703195293,3.994550784549116,-0.002662001370091,33.60078787750998,0.0008,4.001,421.109,22
6,24,1.7946038703195293,3.3464564950926348,-3.973266058949693,33.552230152160426,3.997,1.442,431.359,22
6,24,1.7946038703195293,3.9888230162136176,-0.002575224127019,33.78375610707111,0.0008,3.995,441.609,22
6,24,1.7946038703195293,3.341766229725075,-3.973063050867716,33.79551748800189,3.997,1.437,451.937,22
6,24,1.7946038703195293,3.983156432083239,-0.0034688465775817,33.98904848999088,0.0008,3.989,462.219,22
6,24,1.7946038703195293,4.150965941876545,-0.0020617703019451,27.09393089452608,0.0008,4.162,30.125,22
6,24,1.7946038703195293,4.075722937952211,-0.0020687494825447,30.105015608507845,0.0008,4.083,153.484,22
6,24,1.7946038703195293,3.297116302430163,-3.9729871861028334,35.41219538360101,3.997,1.393,657.781,22
6,24,1.7946038703195293,3.92242363873896,-0.0026738088519522,35.605979690035255,0.0008,3.93,668.016,22
6,24,1.7946038703195293,3.292355650119818,-3.972893637619176,35.48143370511093,3.997,1.388,678.281,22
6,24,1.7946038703195293,3.917442599370887,-0.0005440119044234,35.659468824969686,0.0006,3.925,688.562,22
6,24,1.7946038703195293,3.2880182457914,-3.974098362083085,35.55103564213693,3.997,1.383,698.844,22
6,24,1.7946038703195293,3.912610312137694,-0.0013034810982797,35.73042537417759,0.0008,3.92,709.172,22
6,24,1.7946038703195293,3.158379464221732,-3.973443786780342,37.4017354653104,3.997,1.257,1378.0,22
6,24,1.7946038703195293,3.777353121490548,-0.0010563649194144,37.57941848794034,0.0008,3.786,1388.266,22
6,24,1.7946038703195293,3.182913570250176,-3.973722297870301,36.89495901398105,3.997,1.282,1233.844,22
6,24,1.7946038703195293,3.803613133248681,0.0001195267437087,37.06742796849107,0.0008,3.811,1244.266,22
6,24,1.7946038703195293,3.179451386838843,-3.974536738062208,36.96710924475949,3.997,1.278,1254.547,22
6,24,1.7946038703195293,3.7996456276380814,-0.0006320770345603,37.14844452542588,0.0008,3.808,1264.781,22
6,24,1.7946038703195293,3.1754854955023784,-3.9744832371383954,37.01339612444153,3.997,1.274,1275.094,22
6,24,1.7946038703195293,3.795938397519804,-0.0021598575870075,37.20560288132619,0.0008,3.804,1285.406,22
6,24,1.7946038703195293,3.1716535493636733,-3.972384758533432,37.11453801854137,3.997,1.27,1295.687,22
6,24,1.7946038703195293,3.792033320206858,-0.0013781292541693,37.282210854183774,0.0006,3.799,1305.937,22
6,24,1.7946038703195293,3.198298609888482,-3.976047513456661,36.5965549839912,3.997,1.296,1151.484,22
6,24,1.7946038703195293,3.8187263787297714,0.0002096852994476,36.76393866425924,0.0006,3.827,1161.781,22
6,24,1.7946038703195293,3.1941089954631128,-3.973130107549361,36.67584738352665,3.997,1.293,1172.078,22
6,24,1.7946038703195293,3.814846924500782,-0.000729089413714,36.828504180217415,0.0006,3.823,1182.375,22
6,24,1.7946038703195293,3.190096228462211,-3.973481397805754,36.740481622774695,3.997,1.288,1192.672,22
6,24,1.7946038703195293,3.811052251549536,4.881575230499127e-06,36.887809977026166,0.0008,3.818,1202.984,22
6,24,1.7946038703195293,3.186391738364122,-3.974517208327117,36.81336540746852,3.997,1.286,1213.281,22
6,24,1.7946038703195293,3.807151450155572,-0.0025932784084167,36.972582769067365,0.0008,3.815,1223.578,22
6,24,1.7946038703195293,3.214306851135324,-3.973703383871126,36.26705913362235,3.997,1.313,1069.141,22
6,24,1.7946038703195293,3.8347507491195247,-0.001631868972525,36.44803682622087,0.0008,3.842,1079.359,22
6,24,1.7946038703195293,3.2099813290734547,-3.975333285737937,36.34672237992525,3.997,1.307,1089.734,22
6,24,1.7946038703195293,3.8307977982997152,-0.0004530596036685,36.520805067293296,0.0006,3.838,1100.0,22
6,24,1.7946038703195293,3.206151691966169,-3.972320992815691,36.43556304008906,3.997,1.304,1110.297,22
6,24,1.7946038703195293,3.826552516257769,-0.0019002085355133,36.60419203287317,0.0008,3.834,1120.641,22
6,24,1.7946038703195293,3.2022852576159404,-3.974450735991568,36.49800540964514,3.997,1.298,1130.922,22
6,24,1.7946038703195293,3.8226377408569823,-0.000257983308314,36.66646478240519,0.0006,3.83,1141.172,22
6,24,1.7946038703195293,3.115867255791802,-3.972977893699394,38.18961330872872,3.997,1.213,1645.609,22
6,24,1.7946038703195293,3.734598380375812,-0.0007779433850302,38.35220815689918,0.0008,3.742,1655.891,22
6,24,1.7946038703195293,3.1130900228992817,-3.970562800069394,38.23401089138843,3.997,1.211,1666.172,22
6,24,1.7946038703195293,3.731515030522515,-0.0021544717975901,38.38683486772224,0.0008,3.739,1676.484,22
6,24,1.7946038703195293,3.1101744641497047,-3.9749813810828982,38.290065872747846,3.997,1.209,1686.719,22
6,24,1.7946038703195293,3.72884419940018,-0.0008851149844005,38.44737124524151,0.0008,3.736,1696.984,22
6,24,1.7946038703195293,3.107128302916999,-3.97046571023597,38.334839542431446,3.997,1.205,1707.266,22
6,24,1.7946038703195293,3.726089044411296,-0.0007697071142587,38.49880458250325,0.0008,3.733,1717.547,22
6,24,1.7946038703195293,3.127670307996412,-3.9740024925608464,37.983466633501735,3.997,1.226,1563.266,22
6,24,1.7946038703195293,3.747146226438577,-0.0013454653308986,38.127249365631336,0.0008,3.754,1573.609,22
6,24,1.7946038703195293,3.1247356513149165,-3.9716995682398073,38.0074950170252,3.997,1.221,1583.906,22
6,24,1.7946038703195293,3.743896085300187,-0.0008957616584343,38.19343930860352,0.0008,3.752,1594.203,22
6,24,1.7946038703195293,3.121779922633714,-3.974423156980476,38.07707279552788,3.997,1.22,1604.453,22
6,24,1.7946038703195293,3.740731199270445,-6.125296753086629e-05,38.2414064809659,0.0008,3.748,1614.75,22
6,24,1.7946038703195293,3.118449997922341,-3.9753973994204985,38.14630479306112,3.997,1.216,1625.062,22
6,24,1.7946038703195293,3.737510653345754,-0.0008042548538574,38.30604770218935,0.0008,3.745,1635.297,22
6,24,1.7946038703195293,3.141186095348634,-3.9739783692331,37.70439932530087,3.997,1.24,1480.844,22
6,24,1.7946038703195293,3.760006974833023,-0.0024771814682222,37.86578661110954,0.0008,3.768,1491.094,22
6,24,1.7946038703195293,3.1378015180650003,-3.974640007236034,37.76438746003192,3.997,1.236,1501.406,22
6,24,1.7946038703195293,3.7569583137209617,-0.0008469226954919,37.94701513375212,0.0006,3.765,1511.766,22
6,24,1.7946038703195293,3.1340791340235894,-3.9726838308212686,37.832216729244415,3.997,1.232,1522.109,22
6,24,1.7946038703195293,3.753412425830162,-0.0011554137683491,38.009830862964776,0.0008,3.761,1532.375,22
6,24,1.7946038703195293,3.130853007857895,-3.97288939318142,37.91416009509437,3.997,1.228,1542.672,22
6,24,1.7946038703195293,3.750277926623546,-0.0019926204802798,38.05916047433864,0.0008,3.758,1552.969,22
6,24,1.7946038703195293,3.1553332228659845,-3.9751060913083904,37.465246796978825,3.997,1.254,1398.516,22
6,24,1.7946038703195293,3.773888804237132,0.0001223745670084,37.65622506989597,0.0008,3.782,1408.812,22
6,24,1.7946038703195293,3.151647462695411,-3.973059070831604,37.53209316981955,3.997,1.25,1419.125,22
6,24,1.7946038703195293,3.770316187928242,-0.0014815078814405,37.698533113975486,0.0006,3.778,1429.375,22
6,24,1.7946038703195293,3.1481212439519592,-3.972585934995154,37.58832748059666,3.997,1.246,1439.703,22
6,24,1.7946038703195293,3.76694232756386,-0.0008151424571753,37.75415974816433,0.0008,3.775,1449.969,22
6,24,1.7946038703195293,3.144583975301843,-3.973634358645373,37.65828466219951,3.997,1.244,1460.281,22
6,24,1.7946038703195293,3.7634157483620903,-0.0011612822763304,37.83671556294319,0.0006,3.771,1470.547,22
6,24,1.7946038703195293,3.0749584371914294,-3.9720301987904416,38.95316071415329,3.997,1.173,1974.734,22
6,24,1.7946038703195293,3.692939568627108,-0.0013054647576976,39.10043707124493,0.0008,3.701,1985.016,22
6,24,1.7946038703195293,3.073173720164448,-3.9728001545951774,38.9799383407089,3.997,1.172,1995.281,22
6,24,1.7946038703195293,3.6908832743998503,-0.0012070410537757,39.134055004547655,0.0008,3.698,2005.547,22
6,24,1.7946038703195293,3.071203040346931,-3.9741764020140753,39.00974900015543,3.997,1.17,2015.828,22
6,24,1.7946038703195293,3.688677642839784,-0.0029695954363602,39.18848295069874,0.0008,3.696,2026.094,22
6,24,1.7946038703195293,3.069425573091039,-3.9721536069456738,39.0799348091214,3.997,1.166,2036.328,22
6,24,1.7946038703195293,3.686916674002743,-0.0016066136084975,39.24121699683453,0.0008,3.694,2046.609,22
6,24,1.7946038703195293,3.0836049316380607,-3.972164641495793,38.76282914391145,3.997,1.182,1892.359,22
6,24,1.7946038703195293,3.7021027849553407,-0.0007688168928303,38.92686771693231,0.0008,3.71,1902.609,22
6,24,1.7946038703195293,3.081129843338166,-3.9736068198657537,38.81690836951557,3.997,1.179,1912.922,22
6,24,1.7946038703195293,3.699512982480527,0.0005539689708194,38.97352211090018,0.0008,3.707,1923.156,22
6,24,1.7946038703195293,3.0789064096555188,-3.972288343164545,38.85080353818128,3.997,1.176,1933.484,22
6,24,1.7946038703195293,3.697307830424928,-0.0006298430072583,38.98638047745157,0.0006,3.705,1943.75,22
6,24,1.7946038703195293,3.0768202290661306,-3.973129574371305,38.89519438110346,3.997,1.176,1954.078,22
6,24,1.7946038703195293,3.69517112661228,-0.0003139356796589,39.068457099753466,0.0008,3.702,1964.391,22
6,24,1.7946038703195293,3.094530345259143,-3.972800743593984,38.557818825824825,3.997,1.192,1810.219,22
6,24,1.7946038703195293,3.7121553473989377,-0.0017960221629763,38.744107948112536,0.0008,3.72,1820.453,22
6,24,1.7946038703195293,3.091656186926414,-3.974204493421724,38.62533565451872,3.997,1.19,1830.734,22
6,24,1.7946038703195293,3.70957074313742,-0.0010989762282263,38.78106426604023,0.0008,3.716,1840.984,22
6,24,1.7946038703195293,3.089094391265076,-3.972684493356294,38.65894519916792,3.997,1.188,1851.266,22
6,24,1.7946038703195293,3.7069934827912094,-0.0018112939604566,38.83273016891458,0.0008,3.715,1861.5,22
6,24,1.7946038703195293,3.0862167259891176,-3.973854177521108,38.6992794632312,3.997,1.184,1871.781,22
6,24,1.7946038703195293,3.704567233112859,-0.0017696811626928,38.8590153963452,0.0006,3.712,1882.047,22
6,24,1.7946038703195293,3.1039826756195086,-3.9725024607246326,38.38597452222678,3.997,1.203,1727.906,22
6,24,1.7946038703195293,3.722965606407555,-0.0007929293680154,38.52452560246277,0.0008,3.73,1738.203,22
6,24,1.7946038703195293,3.1015489437672867,-3.970975180983367,38.41039145380464,3.997,1.199,1748.453,22
6,24,1.7946038703195293,3.72042205929564,-0.0028470703768246,38.57245361007872,0.0006,3.728,1758.781,22
6,24,1.7946038703195293,3.099180461442372,-3.9742566697831294,38.48861972500933,3.997,1.197,1769.047,22
6,24,1.7946038703195293,3.717569755203741,5.8528073236719206e-05,38.63498817817247,0.0008,3.726,1779.359,22
6,24,1.7946038703195293,3.096567961435192,-3.974921168683064,38.53744150187962,3.997,1.196,1789.609,22
6,24,1.7946038703195293,3.7150505613070015,-0.0004141855073802,38.67875751682672,0.0008,3.722,1799.953,22
6,24,1.7946038703195293,3.045833096926829,-3.9744104935096014,39.59786018705369,3.997,1.146,2303.781,22
6,24,1.7946038703195293,3.665216537787696,-0.0020052380245519,39.78627819454638,0.0008,3.672,2314.078,22
6,24,1.7946038703195293,3.0430955271057503,-3.972903711563708,39.66701764880849,3.997,1.143,2324.375,22
6,24,1.7946038703195293,3.663508905982185,-0.0019021253901856,39.8299307150024,0.0008,3.67,2334.656,22
6,24,1.7946038703195293,3.0408298746659432,-3.9753872335119698,39.73948578529572,3.997,1.14,2344.922,22
6,24,1.7946038703195293,3.661986083068268,1.4851413161010096e-05,39.9087334641258,0.0006,3.669,2355.219,22
6,24,1.7946038703195293,3.038878357397475,-3.973908199798296,39.77747684227257,3.997,1.139,2365.469,22
6,24,1.7946038703195293,3.660672928875292,-0.0003353663454411,39.952523518313406,0.0008,3.668,2375.859,22
6,24,1.7946038703195293,3.054162500986736,-3.9735214783114183,39.44669646095016,3.997,1.152,2221.547,22
6,24,1.7946038703195293,3.671175592303511,-0.0007793876236663,39.62026876344176,0.0006,3.679,2231.781,22
6,24,1.7946038703195293,3.052238332741457,-3.973065348473973,39.49715471915916,3.997,1.151,2242.078,22
6,24,1.7946038703195293,3.6698029916936346,-0.0014343529145886,39.65448358948737,0.0006,3.677,2252.406,22
6,24,1.7946038703195293,3.050481038680986,-3.9728907486587888,39.548605652222456,3.997,1.149,2262.641,22
6,24,1.7946038703195293,3.668214363814376,0.0005804679856799,39.69663563679556,0.0008,3.675,2272.937,22
6,24,1.7946038703195293,3.048062392045215,-3.9742894668206,39.56501658197924,3.997,1.147,2283.234,22
6,24,1.7946038703195293,3.666556266893409,-1.993670122594894e-05,39.73870670425479,0.0008,3.673,2293.484,22
6,24,1.7946038703195293,3.0606872108652072,-3.9754122539560126,39.26493954982975,3.997,1.16,2139.203,22
6,24,1.7946038703195293,3.677882959322843,0.0002482094539496,39.41585010197253,0.0006,3.685,2149.484,22
6,24,1.7946038703195293,3.058966186927318,-3.9733528483135054,39.30783792391917,3.997,1.157,2159.781,22
6,24,1.7946038703195293,3.676044111980381,0.0001610279715121,39.47295600464348,0.0008,3.683,2170.047,22
6,24,1.7946038703195293,3.057579957575188,-3.97320667920231,39.3728650617888,3.997,1.156,2180.375,22
6,24,1.7946038703195293,3.674527918604504,-0.0017092524039841,39.51952790917616,0.0008,3.682,2190.672,22
6,24,1.7946038703195293,3.05613971745413,-3.973662352118956,39.41215808566442,3.997,1.154,2200.937,22
6,24,1.7946038703195293,3.672858891351389,0.0005196283347235,39.55220411387443,0.0008,3.68,2211.187,22
6,24,1.7946038703195293,3.067618374911468,-3.974746399489378,39.11651355797005,3.997,1.166,2056.937,22
6,24,1.7946038703195293,3.685019165459756,0.000196100600337,39.26436114626567,0.0008,3.693,2067.234,22
6,24,1.7946038703195293,3.066285894260103,-3.972751850090651,39.14411737028294,3.997,1.164,2077.5,22
6,24,1.7946038703195293,3.6830521788097617,-0.0013650274641091,39.3034425833413,0.0008,3.69,2087.75,22
6,24,1.7946038703195293,3.064373168431279,-3.9731526206818746,39.188699438787154,3.997,1.162,2098.062,22
6,24,1.7946038703195293,3.681322743839237,0.0011210675487964,39.35655386506645,0.0008,3.688,2108.344,22
6,24,1.7946038703195293,3.0628058816427424,-3.974905776264154,39.22194807633414,3.997,1.16,2118.625,22
6,24,1.7946038703195293,3.6796932906836255,-0.0004653208731764,39.36329366403461,0.0008,3.687,2128.937,22
6,24,1.7946038703195293,3.009332670480588,-3.974173212346423,40.5042470755512,3.997,1.109,2634.062,22
6,24,1.7946038703195293,3.637777678362782,0.0009306640408697,40.684998711483296,0.0008,3.645,2644.531,22
6,24,1.7946038703195293,3.0064300714924275,-3.974012903076882,40.60324767007938,3.997,1.106,2655.031,22
6,24,1.7946038703195293,3.635513357647923,-0.0012660253591138,40.7778524947941,0.0008,3.642,2665.5,22
6,24,1.7946038703195293,3.003370262572296,-3.9719633268372734,40.621609150089576,3.997,1.105,2675.969,22
6,24,1.7946038703195293,3.633310369973751,-0.0013246344123095,40.81395084069521,0.0008,3.639,2686.437,22
6,24,1.7946038703195293,3.0005164012916263,-3.974232459506107,40.6838475591029,3.997,1.102,2696.922,22
6,24,1.7946038703195293,3.630774110572186,-0.0024230828199887,40.89464534304589,0.0008,3.637,2707.359,22
6,24,1.7946038703195293,3.0169327065394413,-3.9748428291110622,40.25519498763028,3.997,1.118,2550.687,22
6,24,1.7946038703195293,3.6456341665162046,-0.0003204297476988,40.42546228814142,0.0008,3.653,2561.141,22
6,24,1.7946038703195293,3.014479200973963,-3.973554172810022,40.3056486724108,3.997,1.115,2571.531,22
6,24,1.7946038703195293,3.6436316041873846,0.0012119564596293,40.49911538128404,0.0008,3.65,2581.953,22
6,24,1.7946038703195293,3.0122677877200923,-3.974021862944909,40.381712815207855,3.997,1.113,2592.391,22
6,24,1.7946038703195293,3.6415696066352,-0.00173629415136,40.56838350640509,0.0008,3.648,2602.781,22
6,24,1.7946038703195293,3.0099375858545856,-3.97217422739539,40.46829980397383,3.997,1.111,2613.219,22
6,24,1.7946038703195293,3.639626701450367,-0.0015646649798879,40.64594074538802,0.0008,3.646,2623.672,22
6,24,1.7946038703195293,3.02602924583954,-3.974455187509869,40.04657762208184,3.997,1.126,2468.422,22
6,24,1.7946038703195293,3.652600332531214,-0.0007188283429817,40.20327074652423,0.0008,3.66,2478.687,22
6,24,1.7946038703195293,3.0235078718355,-3.973910625319976,40.078292720207,3.997,1.124,2488.969,22
6,24,1.7946038703195293,3.6508810105080873,-0.000900407448217,40.28511357723246,0.0008,3.658,2499.219,22
6,24,1.7946038703195293,3.021163342966108,-3.974061253997777,40.14764767109512,3.997,1.121,2509.531,22
6,24,1.7946038703195293,3.64913430240672,-0.0005356886997156,40.32672578509285,0.0006,3.655,2519.781,22
6,24,1.7946038703195293,3.0186967457389686,-3.9733801428035393,40.21818896698089,3.997,1.119,2530.141,22
6,24,1.7946038703195293,3.6473823584648017,0.0007185435392871,40.36715952963612,0.0008,3.654,2540.406,22
6,24,1.7946038703195293,3.0362535375068638,-3.9754849293130814,39.82500654311199,3.997,1.136,2386.109,22
6,24,1.7946038703195293,3.659101647094428,-0.0009107781989608,39.97717893945707,0.0008,3.666,2396.406,22
6,24,1.7946038703195293,3.0338830151908347,-3.973878770661951,39.86585000804331,3.997,1.134,2406.672,22
6,24,1.7946038703195293,3.657393342297637,-0.0009070202642013,40.03981123078668,0.0008,3.664,2416.953,22
6,24,1.7946038703195293,3.031383336262905,-3.973260684844248,39.92836129761292,3.997,1.13,2427.203,22
6,24,1.7946038703195293,3.655758365221122,-0.001194798448636,40.09752239620776,0.0006,3.663,2437.484,22
6,24,1.7946038703195293,3.028571046292778,-3.975088839799868,39.96788765533128,3.997,1.128,2447.828,22
6,24,1.7946038703195293,3.654218772468457,0.0004919256069783,40.15732084661763,0.0008,3.661,2458.078,22
6,24,1.7946038703195293,2.94440204049306,-3.9721599592336254,41.43781095961782,3.997,1.052,2968.016,22
6,24,1.7946038703195293,3.586652440292313,-0.0004865571675847,41.6267566426397,0.0008,3.591,2978.391,22
6,24,1.7946038703195293,2.937909841212156,-3.974307610321188,41.46736649053985,3.997,1.044,2988.984,22
6,24,1.7946038703195293,3.581335841302895,-0.0024384877162071,41.74706092904241,0.0008,3.585,2999.437,22
6,24,1.7946038703195293,2.9311680984233504,-3.974467525169661,41.68854511000096,3.997,1.039,3009.844,22
6,24,1.7946038703195293,3.5756159237269287,-1.993879710775164e-05,41.730793551111,0.0008,3.579,3020.297,22
6,24,1.7946038703195293,2.923318336273162,-3.973201445164969,41.59117621580587,3.997,1.032,3030.703,22
6,24,1.7946038703195293,3.5685642461148874,-0.0023487697981136,41.764686381386426,0.0008,3.572,3041.125,22
6,24,1.7946038703195293,2.964958115800711,-3.971051252058311,41.20768003064978,3.997,1.07,2884.641,22
6,24,1.7946038703195293,3.604203780233172,-0.0007283264630999,41.38057450338805,0.0008,3.609,2895.078,22
6,24,1.7946038703195293,2.9602500169191317,-3.9717790113936497,41.282091642948885,3.997,1.065,2905.484,22
6,24,1.7946038703195293,3.6005525481841247,0.0005273732297176,41.46215933279744,0.0008,3.605,2915.937,22
6,24,1.7946038703195293,2.9555365856375726,-3.975127995352025,41.29254055202866,3.997,1.061,2926.344,22
6,24,1.7946038703195293,3.5962722026398297,-2.6011808988581496e-05,41.54738487489086,0.0008,3.601,2936.719,22
6,24,1.7946038703195293,2.951256614656114,-3.973736293097613,41.39293558003647,3.997,1.058,2947.141,22
6,24,1.7946038703195293,3.591729596571444,-0.0016842942997382,41.59239414441394,0.0008,3.596,2957.531,22
6,24,1.7946038703195293,2.982893100014718,-3.972881134026236,40.97463873693016,3.997,1.087,2801.187,22
6,24,1.7946038703195293,3.617558272181005,0.0004961418956538,41.16921064681063,0.0008,3.623,2811.609,22
6,24,1.7946038703195293,2.978359841416936,-3.974696245929476,41.03649127502773,3.997,1.083,2822.031,22
6,24,1.7946038703195293,3.614607113713855,-0.0010486595520399,41.20125697509974,0.0008,3.621,2832.484,22
6,24,1.7946038703195293,2.973928731628332,-3.972555134746074,41.107543986926,3.997,1.078,2842.969,22
6,24,1.7946038703195293,3.6112267164179017,-0.0006729396381632,41.272553095788574,0.0008,3.617,2853.375,22
6,24,1.7946038703195293,2.9695313901209026,-3.974003606672456,41.17094469784546,3.997,1.074,2863.766,22
6,24,1.7946038703195293,3.607881119151717,-0.001898367963511,41.33816914947222,0.0008,3.613,2874.187,22
6,24,1.7946038703195293,2.997339623085096,-3.9743193781563417,40.74725458452137,3.997,1.1,2717.844,22
6,24,1.7946038703195293,3.628477397828921,-0.0020337725128348,40.92137974927581,0.0008,3.635,2728.281,22
6,24,1.7946038703195293,2.9942200567843944,-3.973372754600872,40.81972256486944,3.997,1.096,2738.672,22
6,24,1.7946038703195293,3.625965833113024,0.0015037229097697,41.00519944468856,0.0008,3.632,2749.062,22
6,24,1.7946038703195293,2.9903347212694675,-3.975310633526528,40.846172565988766,3.997,1.092,2759.516,22
6,24,1.7946038703195293,3.623461472353185,-0.0006318700396352,41.06254510192452,0.0006,3.629,2770.016,22
6,24,1.7946038703195293,2.9870919481743177,-3.972843669305104,40.93117537334555,3.997,1.09,2780.422,22
6,24,1.7946038703195293,3.620466363855451,7.270170330692494e-05,41.13513523739911,0.0008,3.625,2790.781,22
6,24,1.7946038703195293,2.570495367767977,-3.9735073429505863,42.650430997384056,3.997,0.697,3302.344,22
6,24,1.7946038703195293,3.2359520463540514,0.0011250226643506,42.8047743729015,0.0008,3.238,3312.828,22
6,24,1.7946038703195293,2.492471012096456,-3.9703509070511145,42.76240115108642,3.997,0.624,3323.25,22
6,24,1.7946038703195293,3.17107389705131,0.0008979623780816,42.9279467397339,0.0004,0.0,3333.953,22
6,24,1.7946038703195293,3.198079320511693,-0.0007222323464108,42.54262142873513,0.0004,0.001,3344.609,22
6,24,1.7946038703195293,3.215831411538135,0.0004171584409016,41.9797262836963,0.0004,0.0,3355.312,22
6,24,1.7946038703195293,3.228832744616542,-0.0008788848843269,41.46921186024915,0.0004,0.001,3366.016,22
6,24,1.7946038703195293,3.2390448644733665,-0.0006587212417607,41.07651128121005,0.0004,0.0,3376.719,22
6,24,1.7946038703195293,2.7591697183371764,-3.973286160676535,42.31114891858367,3.997,0.877,3218.594,22
6,24,1.7946038703195293,3.41926331244224,0.0012488204869092,42.57291088751556,0.0008,3.421,3229.062,22
6,24,1.7946038703195293,2.723281257948123,-3.9718991755869126,42.3372711882041,3.997,0.842,3239.594,22
6,24,1.7946038703195293,3.3847041769255832,-0.0006654141043322,42.54590195239394,0.0008,3.387,3249.969,22
6,24,1.7946038703195293,2.680883417147061,-3.9720025682483793,42.52324475102673,3.997,0.801,3260.391,22
6,24,1.7946038703195293,3.3437976662249342,-0.0013773307635273,42.80165514397184,0.0008,3.346,3270.937,22
6,24,1.7946038703195293,2.629579329785691,-3.9717001550972686,42.5558677448655,3.997,0.751,3281.437,22
6,24,1.7946038703195293,3.2948731210582083,-0.0018882355578516,42.80783662413255,0.0006,3.296,3291.922,22
6,24,1.7946038703195293,2.860330934141069,-3.9733256680711775,41.94562121055499,3.997,0.972,3135.016,22
6,24,1.7946038703195293,3.512737197368694,-0.0020154711082809,42.14651400598596,0.0008,3.516,3145.391,22
6,24,1.7946038703195293,2.841390815055222,-3.972577541004515,42.03962151403651,3.997,0.953,3155.781,22
6,24,1.7946038703195293,3.494633405648908,-0.0004239877411347,42.22989158191426,0.0008,3.498,3166.25,22
6,24,1.7946038703195293,2.818692290846111,-3.9723989552451697,42.103550935245806,3.997,0.933,3176.734,22
6,24,1.7946038703195293,3.4738029542576587,-0.001989525418495,42.34018612078627,0.0008,3.477,3187.203,22
6,24,1.7946038703195293,2.7907089487717567,-3.972549265377967,42.19464934355215,3.997,0.905,3197.656,22
6,24,1.7946038703195293,3.4487283573908787,0.0001501742415048,42.41282512529956,0.0006,3.452,3208.141,22
6,24,1.7946038703195293,2.9134344582838656,-3.973702151013487,41.67658231981436,3.997,1.022,3051.625,22
6,24,1.7946038703195293,3.560573763401892,0.000143573284246,41.889280217489606,0.0008,3.564,3062.016,22
6,24,1.7946038703195293,2.902427959522866,-3.973558222099369,41.66797861045641,3.997,1.012,3072.453,22
6,24,1.7946038703195293,3.5514976680377224,-0.0002372995992897,42.025384610203226,0.0008,3.555,3082.859,22
6,24,1.7946038703195293,2.8907023034759263,-3.973281377300139,41.78538415873603,3.997,1.002,3093.344,22
6,24,1.7946038703195293,3.5407544096644865,-0.0005675915973464,41.96886337981872,0.0008,3.545,3103.781,22
6,24,1.7946038703195293,2.877400407399108,-3.9723191182187,41.824444631791614,3.997,0.987,3114.172,22
6,24,1.7946038703195293,3.5281046614007234,-1.335062192528696e-05,42.06027002795414,0.0008,3.532,3124.547,22
6,24,1.7946038703195293,3.3052716318895548,-0.0015269000264381,36.22861029294123,0.0004,0.001,3644.422,22
6,24,1.7946038703195293,3.3065305364809303,0.0032688591946048,36.09856279626317,0.0004,0.0,3655.172,22
6,24,1.7946038703195293,3.3073574466021247,0.0014288088452061,35.948920675994,0.0004,0.001,3665.953,22
6,24,1.7946038703195293,3.3083701025473977,-0.0033686177953375,35.83226211549575,0.0004,0.0,3676.672,22
6,24,1.7946038703195293,3.3092781031442167,-0.0007720765753591,35.66894878014935,0.0004,0.001,3687.391,22
6,24,1.7946038703195293,3.3100643710946867,0.0001186220647465,35.54550292882278,0.0004,0.0,3698.078,22
6,24,1.7946038703195293,3.311047523571896,-0.0019825790217255,35.430871636548765,0.0004,0.001,3708.781,22
6,24,1.7946038703195293,3.311894959186888,-0.0008528899867597,35.286365381167684,0.0004,0.0,3719.5,22
6,24,1.7946038703195293,3.2957601885117107,0.0007569832781571,37.4918418564775,0.0004,0.001,3558.719,22
6,24,1.7946038703195293,3.297169980784763,-0.0023312407171117,37.28368674509762,0.0004,0.0,3569.469,22
6,24,1.7946038703195293,3.2984974924959154,-0.0014421548228988,37.15327223129296,0.0004,0.001,3580.172,22
6,24,1.7946038703195293,3.2998146350013697,-0.0011044690881777,37.004240592199366,0.0004,0.0,3590.922,22
6,24,1.7946038703195293,3.3010252721658806,-0.0018654314744583,36.812749050596814,0.0004,0.001,3601.641,22
6,24,1.7946038703195293,3.302167844283769,-0.0001109090283185,36.68192057680295,0.0004,0.0,3612.406,22
6,24,1.7946038703195293,3.3033785219062755,-0.0009065088897444,36.52508930380431,0.0004,0.001,3623.078,22
6,24,1.7946038703195293,3.3043314964224493,-0.0015891569330355,36.36522062086768,0.0004,0.0,3633.734,22
6,24,1.7946038703195293,3.2807236939466726,-0.0013711809821331,38.84871643664082,0.0004,0.001,3473.062,22
6,24,1.7946038703195293,3.283156327834289,-0.0015475387245856,38.668643491600726,0.0004,0.0,3483.766,22
6,24,1.7946038703195293,3.2853363740730583,0.0013296346285019,38.48818312531617,0.0004,0.001,3494.5,22
6,24,1.7946038703195293,3.287273752355841,0.001019739105724,38.28844378218666,0.0004,0.0,3505.172,22
6,24,1.7946038703195293,3.289279085223997,-0.0011571686867648,38.12311959383524,0.0004,0.001,3515.891,22
6,24,1.7946038703195293,3.291070568874452,0.0007810732889476,37.94317572166657,0.0004,0.0,3526.641,22
6,24,1.7946038703195293,3.292656372329636,-0.0013332121639314,37.84569960323822,0.0004,0.001,3537.328,22
6,24,1.7946038703195293,3.29420859392026,7.986013465395428e-05,37.650095518595855,0.0004,0.0,3548.047,22
6,24,1.7946038703195293,3.2469947195311475,-0.0014584776517489,40.73326042943161,0.0004,0.001,3387.437,22
6,24,1.7946038703195293,3.253590516535668,-0.0018485238051855,40.42035990654453,0.0004,0.0,3398.109,22
6,24,1.7946038703195293,3.259202556679901,-0.0008337320798652,40.15567553504251,0.0004,0.001,3408.875,22
6,24,1.7946038703195293,3.263939548552823,-0.0005656073764422,39.88205086156461,0.0004,0.0,3419.562,22
6,24,1.7946038703195293,3.26823943220641,-0.0015485305847914,39.68411270204346,0.0004,0.001,3430.344,22
6,24,1.7946038703195293,3.271878400786352,-0.0007273942661938,39.46036864700289,0.0004,0.0,3441.031,22
6,24,1.7946038703195293,3.2750145080176294,-0.0014954156678934,39.23714577897444,0.0004,0.001,3451.687,22
6,24,1.7946038703195293,3.278090817730991,2.446166512801019e-05,39.04384497095486,0.0004,0.0,3462.359,22
6,24,1.7946038703195293,3.3273013397615587,0.0012160266045995,32.67971466166688,0.0004,0.001,3987.641,22
6,24,1.7946038703195293,3.327991982001252,-0.0007159696115804,32.589124586105456,0.0004,0.0,3998.266,22
6,24,1.7946038703195293,3.328293090089592,-0.0015719555935627,32.52404849607225,0.0004,0.001,4009.016,22
6,24,1.7946038703195293,3.328883235382616,-0.0001986435215848,32.458682866712735,0.0004,0.0,4019.859,22
6,24,1.7946038703195293,3.329122252856574,-0.0025816731232065,32.37994429776007,0.0004,0.001,4030.562,22
6,24,1.7946038703195293,3.3293764469993072,-0.0003102400640061,32.29106161250733,0.0004,0.0,4041.391,22
6,24,1.7946038703195293,3.3302335506205014,-0.002688163935606,32.19416867505179,0.0004,0.001,4052.109,22
6,24,1.7946038703195293,3.330575326246816,-0.0032648255148417,32.11544939864839,0.0004,0.0,4062.812,22
6,24,1.7946038703195293,3.323348724813341,-0.0004412589775626,33.414603663527515,0.0004,0.001,3901.844,22
6,24,1.7946038703195293,3.3238944709372578,0.0008454045432794,33.328790696491644,0.0004,0.0,3912.547,22
6,24,1.7946038703195293,3.3243205350104827,0.0001593426884952,33.21291648618268,0.0004,0.001,3923.297,22
6,24,1.7946038703195293,3.3249171572744824,-0.0015147568696699,33.1306738245596,0.0004,0.0,3934.031,22
6,24,1.7946038703195293,3.325438492046155,0.0005221552542977,33.046703964159526,0.0004,0.001,3944.75,22
6,24,1.7946038703195293,3.32588603711664,0.0017371013947607,32.951479552589184,0.0004,0.0,3955.453,22
6,24,1.7946038703195293,3.326399727309794,-0.0004863836545345,32.853543843467634,0.0004,0.001,3966.172,22
6,24,1.7946038703195293,3.326965539446905,-0.0019637786062464,32.765333068925734,0.0004,0.0,3976.937,22
6,24,1.7946038703195293,3.318340137648837,0.00236911007786,34.20432273714748,0.0004,0.001,3815.953,22
6,24,1.7946038703195293,3.3191355409944285,-0.0020275460035039,34.11077848434184,0.0004,0.0,3826.625,22
6,24,1.7946038703195293,3.3198316043400182,0.0012958273022332,33.99783822528739,0.0004,0.001,3837.406,22
6,24,1.7946038703195293,3.320480957016127,-0.0022035774818261,33.90794216152697,0.0004,0.0,3848.172,22
6,24,1.7946038703195293,3.3209731160032723,-0.0012786099902105,33.79738757288163,0.0004,0.001,3858.937,22
6,24,1.7946038703195293,3.3215502839340982,0.0006234283125946,33.67511737407355,0.0004,0.0,3869.687,22
6,24,1.7946038703195293,3.322218964920568,-0.0006272449739196,33.57904415869786,0.0004,0.001,3880.453,22
6,24,1.7946038703195293,3.3227962003120406,-0.0005249944692922,33.509611150567025,0.0004,0.0,3891.109,22
6,24,1.7946038703195293,3.312687346353412,0.000722510094476,35.170879828051724,0.0004,0.001,3730.219,22
6,24,1.7946038703195293,3.313600818101641,-0.0017863663797318,35.03888607192922,0.0004,0.0,3740.875,22
6,24,1.7946038703195293,3.314198024717202,-0.0018747093295625,34.91934143242782,0.0004,0.001,3751.547,22
6,24,1.7946038703195293,3.3149157229319006,-0.000501232110431,34.79294418677159,0.0004,0.0,3762.219,22
6,24,1.7946038703195293,3.315716272278021,1.7056849737498715e-05,34.66700162546175,0.0004,0.001,3772.984,22
6,24,1.7946038703195293,3.316422732851018,-0.0007385391788921,34.55612499116622,0.0004,0.0,3783.672,22
6,24,1.7946038703195293,3.3171251611920898,-0.002571813516255,34.44491221556237,0.0004,0.001,3794.375,22
6,24,1.7946038703195293,3.317805928885861,-0.0028264513133037,34.330665341541376,0.0004,0.0,3805.125,22
6,24,1.7946038703195293,3.339469351293343,-0.0025626184856395,30.55672337756097,0.0004,0.001,4330.578,22
6,24,1.7946038703195293,3.339806649820161,-0.001115916425257,30.491978506932963,0.0004,0.0,4341.328,22
6,24,1.7946038703195293,3.340011696682423,-0.0014681562058546,30.438068312683228,0.0004,0.001,4352.141,22
6,24,1.7946038703195293,3.340234348427866,-0.0011030313577521,30.394022825109296,0.0004,0.0,4362.844,22
6,24,1.7946038703195293,3.3405509177805373,-0.0011054908683001,30.361705126283734,0.0004,0.001,4373.562,22
6,24,1.7946038703195293,3.3408663501235565,0.0012152170182657,30.316138832415763,0.0004,0.0,4384.281,22
6,24,1.7946038703195293,3.3412576181899025,-0.0014206838321033,30.26399209089277,0.0004,0.001,4395.0,22
6,24,1.7946038703195293,3.341458800014332,-0.001504723136598,30.22534106988213,0.0004,0.0,4405.687,22
6,24,1.7946038703195293,3.33709078500255,0.0009930945293987,30.994681085116333,0.0004,0.001,4244.969,22
6,24,1.7946038703195293,3.337375137832193,-0.0016907660277782,30.93731549882481,0.0004,0.0,4255.734,22
6,24,1.7946038703195293,3.3374210372836424,0.0015232178140984,30.88148940585672,0.0004,0.001,4266.437,22
6,24,1.7946038703195293,3.337917146337261,0.0002732600747155,30.840469070631563,0.0004,0.0,4277.156,22
6,24,1.7946038703195293,3.3382587616669923,0.0014139847523556,30.762860715998,0.0004,0.001,4287.844,22
6,24,1.7946038703195293,3.3384084698006946,0.0006887035220259,30.73378120620266,0.0004,0.0,4298.531,22
6,24,1.7946038703195293,3.338786174332133,-0.0008559201108599,30.655319786587462,0.0004,0.001,4309.203,22
6,24,1.7946038703195293,3.3391742742728137,-0.0005845962430701,30.60638827330569,0.0004,0.0,4319.891,22
6,24,1.7946038703195293,3.334033939212077,-0.0001354733263742,31.48578883969593,0.0004,0.001,4159.266,22
6,24,1.7946038703195293,3.3344591747857866,0.0013194140887264,31.424443299692616,0.0004,0.0,4169.984,22
6,24,1.7946038703195293,3.334895706233308,-0.0002006340843531,31.382271586598566,0.0004,0.001,4180.687,22
6,24,1.7946038703195293,3.33524303773736,-0.00479453647489,31.316007988306293,0.0004,0.0,4191.406,22
6,24,1.7946038703195293,3.335645951026645,-0.0003639970731515,31.2406746969927,0.0004,0.001,4202.156,22
6,24,1.7946038703195293,3.3358762976483405,-0.0009166747370074,31.174673215126067,0.0004,0.0,4212.859,22
6,24,1.7946038703195293,3.336229304571128,-0.0011442190484272,31.130867533324952,0.0004,0.001,4223.562,22
6,24,1.7946038703195293,3.336478683411145,-0.0002692338169733,31.073971992971256,0.0004,0.0,4234.281,22
6,24,1.7946038703195293,3.3310744613986154,-0.0011345933484148,32.06713192666087,0.0004,0.001,4073.578,22
6,24,1.7946038703195293,3.3314125992866064,-0.0009298623797757,31.980882534606163,0.0004,0.0,4084.297,22
6,24,1.7946038703195293,3.3317579171016094,0.0010978890349771,31.91221699704152,0.0004,0.001,4095.031,22
6,24,1.7946038703195293,3.3321505464811065,-0.0006137008115408,31.845605005236838,0.0004,0.0,4105.687,22
6,24,1.7946038703195293,3.3326874297893507,-3.488761470326924e-05,31.772887405166134,0.0004,0.001,4116.375,22
6,24,1.7946038703195293,3.3328995223841678,-0.0017757566162522,31.684837189133816,0.0004,0.0,4127.125,22
6,24,1.7946038703195293,3.333281016922665,-5.182091837239603e-05,31.639981614711203,0.0004,0.001,4137.859,22
6,24,1.7946038703195293,3.3338130104863946,-0.0013225010906316,31.570465875240632,0.0004,0.0,4148.562,22
6,24,1.7946038703195293,3.3474578089384424,-0.0003029507419881,29.248664668644302,0.0004,0.001,4673.734,22
6,24,1.7946038703195293,3.3477640352517746,-0.0005688553021378,29.21009142931983,0.0004,0.0,4684.453,22
6,24,1.7946038703195293,3.347926910007795,-0.0026628618460554,29.18678313134466,0.0004,0.001,4695.141,22
6,24,1.7946038703195293,3.348084655126923,-0.0004019086986487,29.146956643265614,0.0004,0.0,4705.844,22
6,24,1.7946038703195293,3.3483704747706264,-0.0010448145421017,29.118959922330585,0.0004,0.001,4716.578,22
6,24,1.7946038703195293,3.348727858479751,-0.0017495993069549,29.087041904668748,0.0004,0.0,4727.281,22
6,24,1.7946038703195293,3.34866373708234,-0.0047522887954827,29.05856476501221,0.0006,0.001,4737.984,22
6,24,1.7946038703195293,3.3489871263412563,-0.0001872508787235,29.02541702540288,0.0004,0.0,4748.75,22
6,24,1.7946038703195293,3.3456648581164745,-0.0007553275516316,29.516541333441573,0.0004,0.001,4587.891,22
6,24,1.7946038703195293,3.3460281005398302,0.0015120277052674,29.47703591602681,0.0004,0.0,4598.672,22
6,24,1.7946038703195293,3.346295108968939,0.0001782630769509,29.44061529928088,0.0004,0.001,4609.391,22
6,24,1.7946038703195293,3.3462959613390253,-0.0024924178997806,29.39972995961539,0.0004,0.0,4620.156,22
6,24,1.7946038703195293,3.3466180475391605,-0.0019495994168204,29.37051529440752,0.0004,0.001,4630.828,22
6,24,1.7946038703195293,3.346816315302798,-0.0017300413818515,29.338009078904456,0.0004,0.0,4641.531,22
6,24,1.7946038703195293,3.347105881746368,-0.0010552271037434,29.31846278995835,0.0004,0.001,4652.312,22
6,24,1.7946038703195293,3.347122973713647,-0.0005205834568895,29.283073143873004,0.0004,0.0,4663.016,22
6,24,1.7946038703195293,3.343721721991642,-0.0017745091020989,29.82452864774997,0.0004,0.001,4502.25,22
6,24,1.7946038703195293,3.344138751668474,0.0009096913720481,29.786510894099106,0.0004,0.0,4512.937,22
6,24,1.7946038703195293,3.344289283592582,-0.0011223448483631,29.739240390518983,0.0004,0.001,4523.609,22
6,24,1.7946038703195293,3.344663570193362,-0.0003081067260191,29.716467112634323,0.0004,0.0,4534.344,22
6,24,1.7946038703195293,3.3448315150452124,0.0004373136953174,29.672496137283403,0.0004,0.001,4545.094,22
6,24,1.7946038703195293,3.345022454101221,-0.0028663499782696,29.624582292963822,0.0004,0.0,4555.766,22
6,24,1.7946038703195293,3.3452218445227406,0.0004239826787196,29.589434341160167,0.0004,0.001,4566.437,22
6,24,1.7946038703195293,3.345477750213516,-0.0009576060075785,29.559105124505987,0.0004,0.0,4577.156,22
6,24,1.7946038703195293,3.34166587262834,-0.0005754875710515,30.178224831895477,0.0004,0.001,4416.453,22
6,24,1.7946038703195293,3.34210153528412,-0.0005387159341774,30.133094108771843,0.0004,0.0,4427.156,22
6,24,1.7946038703195293,3.342305924952753,-0.0008502430038907,30.080601417269285,0.0004,0.001,4437.875,22
6,24,1.7946038703195293,3.342431184299855,-0.0005269495337917,30.04162415756043,0.0004,0.0,4448.609,22
6,24,1.7946038703195293,3.3428082741038025,-0.0019012266252095,30.01021282309101,0.0004,0.001,4459.359,22
6,24,1.7946038703195293,3.342953899631105,-0.0031820456195195,29.94327305140697,0.0004,0.0,4470.078,22
6,24,1.7946038703195293,3.343202857295227,-0.00143432523209,29.91109176497521,0.0004,0.001,4480.828,22
6,24,1.7946038703195293,3.3433938331097024,0.0003140554178936,29.864748904728412,0.0004,0.0,4491.531,22
6,24,1.7946038703195293,3.35349755755634,0.0005515672345195,28.420152628517943,0.0004,0.001,5016.812,22
6,24,1.7946038703195293,3.353547669154904,-0.0040003727840483,28.39125412174757,0.0004,0.0,5027.453,22
6,24,1.7946038703195293,3.353666449653013,-0.0024988620538191,28.38145010338781,0.0004,0.001,5038.266,22
6,24,1.7946038703195293,3.353931136742972,-0.0022062985408975,28.36350142268873,0.0004,0.0,5049.094,22
6,24,1.7946038703195293,3.35410919619831,-0.0011320170044018,28.34076963095138,0.0004,0.001,5059.766,22
6,24,1.7946038703195293,3.3542154018048302,-0.0008632640918215,28.318975805027875,0.0004,0.0,5070.469,22
6,24,1.7946038703195293,3.3543572718660752,8.500696711973639e-05,28.301220849449688,0.0004,0.001,5081.25,22
6,24,1.7946038703195293,3.3546706491669607,0.0003808094111192,28.284364721885307,0.0004,0.0,5091.922,22
6,24,1.7946038703195293,3.351949849832072,-0.0023465826255464,28.59439224182145,0.0004,0.001,4931.031,22
6,24,1.7946038703195293,3.352302472403792,-0.0032116745565422,28.585112988627507,0.0004,0.0,4941.812,22
6,24,1.7946038703195293,3.3524889403195424,-0.0020441915158762,28.573851889285358,0.0004,0.001,4952.5,22
6,24,1.7946038703195293,3.3525532830442875,-0.0021176786463917,28.540547538672925,0.0004,0.0,4963.172,22
6,24,1.7946038703195293,3.352690277654157,8.927890570558342e-05,28.50413179503797,0.0004,0.001,4973.953,22
6,24,1.7946038703195293,3.352899851637661,0.0003952638171382,28.488001463318437,0.0004,0.0,4984.703,22
6,24,1.7946038703195293,3.353052082880947,0.0001452375936832,28.45860590661036,0.0004,0.001,4995.406,22
6,24,1.7946038703195293,3.353191349528651,-0.0025140864120224,28.432070019010084,0.0004,0.0,5006.109,22
6,24,1.7946038703195293,3.3506858057578883,-0.0022434847421358,28.78530072730828,0.0004,0.001,4845.172,22
6,24,1.7946038703195293,3.350864585712603,0.0001617124820303,28.745228203807592,0.0004,0.0,4855.875,22
6,24,1.7946038703195293,3.351042848707466,-0.0009284600531645,28.73292151935458,0.0006,0.001,4866.578,22
6,24,1.7946038703195293,3.3512925489649783,-0.0021730474413716,28.703301025547475,0.0004,0.0,4877.297,22
6,24,1.7946038703195293,3.3512515861568835,-0.0014972383562601,28.678331083051315,0.0004,0.001,4888.156,22
6,24,1.7946038703195293,3.3516116336219657,-0.0029310607166291,28.65649952705756,0.0004,0.0,4898.844,22
6,24,1.7946038703195293,3.3518166621913865,0.0010992271207408,28.627361935219724,0.0004,0.001,4909.531,22
6,24,1.7946038703195293,3.3519723316313312,0.0008800356850063,28.61345730307941,0.0004,0.0,4920.281,22
6,24,1.7946038703195293,3.3490224742250163,-0.0023682253297165,29.0022328397945,0.0004,0.001,4759.453,22
6,24,1.7946038703195293,3.349244514215883,-0.0028417860605027,28.986533171171114,0.0004,0.0,4770.125,22
6,24,1.7946038703195293,3.3493535407919173,-0.0016414276543586,28.93963785304923,0.0004,0.001,4780.906,22
6,24,1.7946038703195293,3.349872419429804,-0.0004533715007824,28.9178293773783,0.0004,0.0,4791.594,22
6,24,1.7946038703195293,3.349972929829307,-0.0028836649722163,28.884007559505392,0.0004,0.001,4802.312,22
6,24,1.7946038703195293,3.350068494658718,-0.0026633176245231,28.85092388328895,0.0004,0.0,4813.031,22
6,24,1.7946038703195293,3.350380900518847,-0.0003488733516141,28.83268478497264,0.0004,0.001,4823.734,22
6,24,1.7946038703195293,3.350527095247088,-0.0019445531302387,28.814889716105604,0.0004,0.0,4834.453,22
6,24,1.7946038703195293,3.358057872084245,-0.0037454159186851,27.880097865145263,0.0004,0.001,5360.094,22
6,24,1.7946038703195293,3.3583111507531287,0.0001182658375138,27.868488164298643,0.0004,0.0,5370.844,22
6,24,1.7946038703195293,3.358357993617872,-0.0008394315380415,27.865930217609275,0.0004,0.001,5381.594,22
6,24,1.7946038703195293,3.358332374993331,0.0006530981956736,27.85840226684421,0.0004,0.0,5392.312,22
6,24,1.7946038703195293,3.3587468496066584,0.0022621554217306,27.834663772110627,0.0004,0.001,5403.031,22
6,24,1.7946038703195293,3.358717172437113,0.001948287116923,27.81652520047414,0.0004,0.0,5413.719,22
6,24,1.7946038703195293,3.35885559796298,0.0009104442461322,27.796469201919265,0.0004,0.001,5424.453,22
6,24,1.7946038703195293,3.359014169155261,0.0004356207467888,27.78943389745215,0.0004,0.0,5435.141,22
6,24,1.7946038703195293,3.357019365865614,-0.0023443376152291,27.9929447793794,0.0004,0.001,5274.422,22
6,24,1.7946038703195293,3.3571674990100626,0.0001867602344381,27.97994683987365,0.0004,0.0,5285.156,22
6,24,1.7946038703195293,3.357256986309808,0.0032249462807521,27.96522622150229,0.0004,0.001,5295.859,22
6,24,1.7946038703195293,3.3574468905259702,-0.00064007847,27.947574542672957,0.0004,0.0,5306.516,22
6,24,1.7946038703195293,3.357497660374357,0.0045396292043965,27.93871863039486,0.0004,0.001,5317.203,22
6,24,1.7946038703195293,3.357796950999308,-0.0020832725265181,27.92991467065009,0.0004,0.0,5327.906,22
6,24,1.7946038703195293,3.357767254335503,-0.0018782916220562,27.90747128925696,0.0004,0.001,5338.609,22
6,24,1.7946038703195293,3.357954799137844,-0.0074034374227151,27.906359758873656,0.0004,0.0,5349.297,22
6,24,1.7946038703195293,3.3559215071298154,-0.0008202428615728,28.12026040296876,0.0004,0.001,5188.531,22
6,24,1.7946038703195293,3.356059598227323,-0.0004366908987589,28.107364737005785,0.0004,0.0,5199.25,22
6,24,1.7946038703195293,3.356183158427782,-0.0009452878997179,28.1022398444568,0.0004,0.001,5210.0,22
6,24,1.7946038703195293,3.356232151959956,-0.0013295431254799,28.0838439039961,0.0004,0.0,5220.75,22
6,24,1.7946038703195293,3.3563303132450444,-0.0035968052784203,28.06830073081405,0.0004,0.001,5231.547,22
6,24,1.7946038703195293,3.356515341243335,-2.3634184409929677e-05,28.05027967963717,0.0004,0.0,5242.25,22
6,24,1.7946038703195293,3.356660062452112,-0.0012609178353948,28.02576105527804,0.0004,0.001,5253.0,22
6,24,1.7946038703195293,3.35687095905505,-0.0001036276406692,28.020344129190537,0.0004,0.0,5263.687,22
6,24,1.7946038703195293,3.354700983968519,-0.0002477435268596,28.266450053604128,0.0004,0.001,5102.625,22
6,24,1.7946038703195293,3.355021461996098,-0.0016125900871446,28.240430442714324,0.0004,0.0,5113.375,22
6,24,1.7946038703195293,3.35507802152945,-0.0023426761323497,28.23098524258236,0.0004,0.001,5124.078,22
6,24,1.7946038703195293,3.3550706351181017,-0.0001025151377169,28.22076404334672,0.0004,0.0,5134.828,22
6,24,1.7946038703195293,3.355141760375977,-0.0018804311561182,28.19498435642365,0.0004,0.001,5145.578,22
6,24,1.7946038703195293,3.355533233011164,-0.0003983203386521,28.16886344990967,0.0004,0.0,5156.312,22
6,24,1.7946038703195293,3.355521374140368,-0.002135930146215,28.159724759728235,0.0004,0.001,5167.047,22
6,24,1.7946038703195293,3.3559413033599346,-0.0006231131618934,28.13576468103332,0.0004,0.0,5177.812,22
6,24,1.7946038703195293,3.3619761549942004,-0.0017905039526112,27.534146284207463,0.0004,0.001,5703.25,22
6,24,1.7946038703195293,3.362196082363992,-0.0024992606927275,27.54554931464221,0.0004,0.0,5713.922,22
6,24,1.7946038703195293,3.3621793627827734,-0.0008720923570471,27.5281058585078,0.0004,0.001,5724.703,22
6,24,1.7946038703195293,3.3623778148726364,0.0008716014784597,27.534805514372277,0.0004,0.0,5735.406,22
6,24,1.7946038703195293,3.362393182708678,-0.0022628489665906,27.51464119952946,0.0004,0.001,5746.125,22
6,24,1.7946038703195293,3.3626731871410684,0.0023292670563847,27.500804533743224,0.0004,0.0,5756.828,22
6,24,1.7946038703195293,3.362543446940748,0.0007632789907172,27.488866332047053,0.0004,0.001,5767.531,22
6,24,1.7946038703195293,3.362793793692071,-0.0009292539750004,27.489201095353767,0.0004,0.0,5778.203,22
6,24,1.7946038703195293,3.3610877608485046,-0.0009167919058815,27.619407495213743,0.0004,0.001,5617.406,22
6,24,1.7946038703195293,3.3612286864920677,-0.0010728454048173,27.607382829241804,0.0004,0.0,5628.125,22
6,24,1.7946038703195293,3.361366784214358,-0.001331196643516,27.59318550565017,0.0004,0.001,5638.906,22
6,24,1.7946038703195293,3.361422776855267,0.0003495007786325,27.58699979681699,0.0004,0.0,5649.609,22
6,24,1.7946038703195293,3.36162288084827,0.0015478989634419,27.56986008539141,0.0004,0.001,5660.391,22
6,24,1.7946038703195293,3.3616205306536857,6.53028758461192e-05,27.559947547468703,0.0004,0.0,5671.094,22
6,24,1.7946038703195293,3.361697171082685,-0.0027815601018902,27.556905790993454,0.0004,0.001,5681.781,22
6,24,1.7946038703195293,3.361902225207132,0.0012354195158378,27.538001176493676,0.0004,0.0,5692.547,22
6,24,1.7946038703195293,3.360096638122177,-0.00443492669398,27.70587191410007,0.0004,0.001,5531.719,22
6,24,1.7946038703195293,3.360215038393918,-0.0038255850455926,27.69213897334075,0.0004,0.0,5542.437,22
6,24,1.7946038703195293,3.3603735861468693,-0.0003391309437544,27.67735002886539,0.0004,0.001,5553.109,22
6,24,1.7946038703195293,3.360555715575793,-0.0015625566948802,27.65476914828543,0.0004,0.0,5563.828,22
6,24,1.7946038703195293,3.360781034648541,0.0003779990256119,27.63982420800491,0.0004,0.001,5574.484,22
6,24,1.7946038703195293,3.360897167435048,-0.0013888921069745,27.6250416180508,0.0004,0.0,5585.203,22
6,24,1.7946038703195293,3.360769678732487,-0.0004025997686327,27.634178775336625,0.0004,0.001,5595.969,22
6,24,1.7946038703195293,3.361056146144401,-0.0009780323471169,27.62667117641567,0.0004,0.0,5606.687,22
6,24,1.7946038703195293,3.35908241580113,-0.0018794285041285,27.785385861689463,0.0004,0.001,5445.859,22
6,24,1.7946038703195293,3.3592580075760616,0.0012854038363593,27.76454353051733,0.0004,0.0,5456.687,22
6,24,1.7946038703195293,3.3595109444092466,-0.0017126325264452,27.75948407632058,0.0004,0.001,5467.359,22
6,24,1.7946038703195293,3.3593995386006528,-0.0018306147639456,27.74024120319409,0.0004,0.0,5478.141,22
6,24,1.7946038703195293,3.359533327396232,-0.0032142162576513,27.742349891223164,0.0004,0.001,5488.891,22
6,24,1.7946038703195293,3.3596830662707835,-0.0016265792135199,27.74419170130364,0.0004,0.0,5499.547,22
6,24,1.7946038703195293,3.360010812303236,-0.0012823683936251,27.72296225036752,0.0004,0.001,5510.266,22
6,24,1.7946038703195293,3.3602049811078034,-0.0025092821853117,27.71927549926648,0.0004,0.0,5520.953,22
6,24,1.7946038703195293,3.365073640836816,-0.0007411121968767,27.325718350338544,0.0004,0.001,6046.172,22
6,24,1.7946038703195293,3.365248049557858,-0.000535871202675,27.32087445542893,0.0004,0.0,6056.875,22
6,24,1.7946038703195293,3.3653647429160447,-0.0019941024777686,27.30814292471187,0.0004,0.001,6067.578,22
6,24,1.7946038703195293,3.3655702111982664,-0.0010888278348053,27.301605452083667,0.0004,0.0,6078.266,22
6,24,1.7946038703195293,3.365765352902013,-0.0006108499567975,27.28744986791521,0.0004,0.001,6089.016,22
6,24,1.7946038703195293,3.365622780926691,-0.0042056707017012,27.28458222638802,0.0004,0.0,6099.703,22
6,24,1.7946038703195293,3.363748410718418,-0.0019362891744402,27.420322308591917,0.0004,0.0,5885.297,22
6,24,1.7946038703195293,3.363752253266579,-0.0008570235798513,27.40662421170956,0.0004,0.001,5896.0,22
6,24,1.7946038703195293,3.363913051947279,0.0002933423289852,27.405661183787814,0.0004,0.0,5906.75,22
6,24,1.7946038703195293,3.3641374061000366,-0.0009716844987566,27.390914257784218,0.0004,0.001,5917.469,22
6,24,1.7946038703195293,3.364065759664965,0.000354459021338,27.39321010112126,0.0004,0.0,5928.156,22
6,24,1.7946038703195293,3.3657726704899398,0.0008832073603896,27.28935633342184,0.0004,0.001,6110.453,22
6,24,1.7946038703195293,3.365692873679085,-0.0037569862399822,27.300016323041625,0.0004,0.0,6121.156,22
6,24,1.7946038703195293,3.364492811956012,-0.0005579593121109,27.379126299174363,0.0004,0.001,5960.328,22
6,24,1.7946038703195293,3.3629155349004054,-0.0009078763036378,27.473221160476324,0.0004,0.0,5799.609,22
6,24,1.7946038703195293,3.362961361295501,-0.0020016881715139,27.47019615944537,0.0004,0.001,5810.297,22
6,24,1.7946038703195293,3.363280340553105,-0.0043080276878535,27.464824994582514,0.0004,0.0,5821.031,22
6,24,1.7946038703195293,3.363353976320092,-0.0009870393394595,27.46585354925465,0.0004,0.001,5831.734,22
6,24,1.7946038703195293,3.363230507904657,-0.0019752633655001,27.460465823561083,0.0004,0.0,5842.484,22
6,24,1.7946038703195293,3.3649960190950594,-0.0019720189957689,27.340307806010934,0.0004,0.001,6024.703,22
6,24,1.7946038703195293,3.365138817889822,-0.0007456951319911,27.34191263801132,0.0004,0.0,6035.391,22
6,24,1.7946038703195293,3.363557177762456,0.0008047093781227,27.42870205023588,0.0004,0.001,5874.609,22
6,24,1.7946038703195293,4.010847475887281,-0.0005559473565812,32.87041455269252,0.0008,4.018,359.328,22
6,24,1.7946038703195293,3.3586450142518958,-3.9736510495767545,32.878479181065074,3.997,1.453,369.625,22
6,24,1.7946038703195293,4.0056562312793496,-0.0004671278786181,33.125232005456894,0.0008,4.012,379.875,22
6,24,1.7946038703195293,3.453140054564714,-3.9726630392479487,28.13596528837784,3.997,1.54,61.062,22
6,24,1.7946038703195293,4.116803428514385,-0.0011280352636828,28.550029618130395,0.0008,4.126,71.328,22
6,24,1.7946038703195293,3.3644501451047204,-0.00119796596818,27.378260763776517,0.0004,0.001,5938.906,22
6,24,1.7946038703195293,3.3643891945014683,0.0001082595601196,27.395501591295883,0.0004,0.0,5949.578,22
6,24,1.7946038703195293,3.3628774352656694,0.001325789613168,27.48609642281774,0.0004,0.001,5788.891,22
6,24,1.7946038703195293,3.363424144023913,0.000594515605681,27.43860821851484,0.0004,0.001,5853.219,22
6,24,1.7946038703195293,3.3635907967019567,-0.0031301259027128,27.435522804246983,0.0004,0.0,5863.891,22
6,24,1.7946038703195293,3.3680700823636447,-0.0022691473570694,27.190813544565028,0.0004,0.001,6389.187,22
6,24,1.7946038703195293,3.368195628062517,-0.0008508948334867,27.185993487554065,0.0004,0.0,6399.969,22
6,24,1.7946038703195293,3.3680669644764567,-0.003662635003424,27.18102799797021,0.0004,0.001,6410.672,22
6,24,1.7946038703195293,3.3662900269987337,-3.972670899426103,32.40144717106724,3.997,1.458,328.484,22
6,24,1.7946038703195293,4.0160077503724105,-0.0027308066958863,32.65366326311684,0.0006,4.023,338.781,22
6,24,1.7946038703195293,3.362431846136615,-3.973744125335805,32.63359921893402,3.997,1.455,349.047,22
6,24,1.7946038703195293,3.367369717493599,-0.0039263286235935,27.22117116870438,0.0004,0.0,6314.172,22
6,24,1.7946038703195293,3.367432810578082,-0.0020380825698368,27.21481675442683,0.0004,0.001,6324.844,22
6,24,1.7946038703195293,3.367521949183531,-0.0013588969413673,27.20346204634296,0.0004,0.0,6335.516,22
6,24,1.7946038703195293,3.367832109124952,-0.00149758394265,27.210858340515344,0.0004,0.001,6346.328,22
6,24,1.7946038703195293,3.3677195722168043,0.0006866137475972,27.20692322950465,0.0004,0.0,6357.078,22
6,24,1.7946038703195293,3.386949381149304,-3.973445022570599,31.08377407105224,3.997,1.479,225.5,22
6,24,1.7946038703195293,4.045708397577463,-0.0013868860073979,31.327154669399803,0.0008,4.052,235.766,22
6,24,1.7946038703195293,3.437983617991367,-3.971196928229512,28.666907518095226,3.997,1.525,81.625,22
6,24,1.7946038703195293,3.3680388373106283,-0.0011178909865166,27.19040345036625,0.0004,0.0,6378.516,22
6,24,1.7946038703195293,3.366645199235092,-0.0012304645626953,27.265878781432715,0.0004,0.001,6217.578,22
6,24,1.7946038703195293,3.3666970621950374,-0.0017981162501094,27.249237187320915,0.0004,0.0,6228.375,22
6,24,1.7946038703195293,3.3668762271416437,-0.0012814266697979,27.25117885641749,0.0004,0.001,6239.125,22
6,24,1.7946038703195293,3.3670073886268588,-0.0051172686490973,27.24261469615215,0.0004,0.001,6249.828,22
6,24,1.7946038703195293,3.3670717166991584,0.0005131687966015,27.24255231580897,0.0004,0.001,6260.594,22
6,24,1.7946038703195293,3.36700272682089,-0.0056117276006939,27.23573443360844,0.0004,0.0,6271.266,22
6,24,1.7946038703195293,3.367470125433728,-0.0029303359342124,27.235817609701563,0.0004,0.001,6303.453,22
6,24,1.7946038703195293,3.367280300112966,-0.0010795007456316,27.237434119547185,0.0004,0.0,6292.719,22
6,24,1.7946038703195293,3.3659415363114027,-0.0017225919043771,27.289049919194955,0.0004,0.001,6131.828,22
6,24,1.7946038703195293,3.366074080417056,-0.0016680452406791,27.277276114369805,0.0004,0.0,6142.516,22
6,24,1.7946038703195293,3.3662157335953324,-0.001664188525102,27.27891197466148,0.0004,0.001,6153.234,22
6,24,1.7946038703195293,3.3661017362955823,-0.001897545711046,27.276401047204,0.0004,0.0,6163.969,22
6,24,1.7946038703195293,3.3660545684896133,0.0002510322761324,27.27306001405655,0.0004,0.001,6174.734,22
6,24,1.7946038703195293,3.3662778977167487,0.0004079179989927,27.270342470962667,0.0004,0.0,6185.422,22
6,24,1.7946038703195293,3.3678669320657724,-0.0010360441609544,27.207877081280024,0.0004,0.001,6367.844,22
6,24,1.7946038703195293,3.3644294991494714,-0.0012597712614059,27.370531362913933,0.0004,0.0,5971.031,22
6,24,1.7946038703195293,3.3646916591090297,-0.0006339062522874,27.362184748509694,0.0004,0.001,5981.75,22
6,24,1.7946038703195293,3.364702415745505,-0.000670497302109,27.36667097211082,0.0004,0.0,5992.422,22
6,24,1.7946038703195293,3.364797214393098,0.0024636151819679,27.361101752573283,0.0004,0.001,6003.187,22
6,24,1.7946038703195293,3.364993138006155,-0.0009853011196188,27.34265853743909,0.0004,0.0,6013.922,22
6,24,1.7946038703195293,3.3665915138432285,0.0009689185129232,27.27329747650913,0.0004,0.001,6196.125,22
6,24,1.7946038703195293,3.3665555987970968,-0.0011653794945762,27.264317867753253,0.0004,0.0,6206.891,22
6,24,1.7946038703195293,3.3671890694331217,-0.0004415225765194,27.23120654366322,0.0004,0.001,6282.0,22
6,24,1.7946038703195293,3.218393670372785,-3.975791440478401,36.20008981026999,3.997,1.316,1048.594,22
6,24,1.7946038703195293,3.839027702382122,-0.002738507083449,36.35364440421722,0.0008,3.847,1058.828,22
6,24,1.7946038703195293,3.2465605506778936,-3.973041678658129,35.82934612858554,3.997,1.342,904.578,22
6,24,1.7946038703195293,3.868238802249201,-0.0009624902938059,35.94880283477501,0.0008,3.876,914.812,22
6,24,1.7946038703195293,3.2423772639628377,-3.9748520496414743,35.84386839393374,3.997,1.34,925.172,22
6,24,1.7946038703195293,3.863877547263965,-0.0025426818241243,35.98427944454072,0.0008,3.872,935.406,22
6,24,1.7946038703195293,3.238656333850755,-3.974553736209962,35.89099385893225,3.997,1.336,945.672,22
6,24,1.7946038703195293,3.8599159066897033,-0.0007380090093479,36.02667361068572,0.0008,3.868,955.969,22
6,24,1.7946038703195293,3.235445808528602,-3.9734128365653927,35.94940647538433,3.997,1.332,966.281,22
6,24,1.7946038703195293,3.855528150531789,-0.0021205414697689,36.08716621794804,0.0008,3.863,976.562,22
6,24,1.7946038703195293,3.2628924613738644,-3.973780300897604,35.664370442885804,3.997,1.359,822.359,22
6,24,1.7946038703195293,3.885579893656413,-0.0015774269120554,35.80923310373508,0.0008,3.893,832.609,22
6,24,1.7946038703195293,3.258055800393426,-3.9749559652840345,35.73497347993832,3.997,1.355,842.906,22
6,24,1.7946038703195293,3.881283168385825,-0.0009980050281866,35.84772700984797,0.0008,3.889,853.172,22
6,24,1.7946038703195293,3.254032599595311,-3.974130955217857,35.762969058043296,3.997,1.351,863.453,22
6,24,1.7946038703195293,3.876832076676011,0.0009803234267717,35.90532403375965,0.0008,3.884,873.687,22
6,24,1.7946038703195293,3.250048386635684,-3.974778989288726,35.82484940231576,3.997,1.348,883.969,22
6,24,1.7946038703195293,3.872641712743029,0.0010040357226169,35.936578884343064,0.0008,3.88,894.266,22
6,24,1.7946038703195293,3.28017704436424,-3.973726203221181,35.62133351358816,3.997,1.375,739.984,22
6,24,1.7946038703195293,3.903635397837932,-0.0025971112180095,35.72268200166773,0.0008,3.911,750.266,22
6,24,1.7946038703195293,3.275911580770722,-3.9724783032125415,35.64614432351135,3.997,1.372,760.5,22
6,24,1.7946038703195293,3.8993196244041055,-0.0030242788938961,35.79621895105862,0.0008,3.906,770.828,22
6,24,1.7946038703195293,3.271770333791281,-3.974061563712956,35.64438868240038,3.997,1.368,781.187,22
6,24,1.7946038703195293,3.894603425518744,-0.0018809440213233,35.7544255398717,0.0008,3.902,791.453,22
6,24,1.7946038703195293,3.267514902494012,-3.9726177626796826,35.66193480254889,3.997,1.364,801.687,22
6,24,1.7946038703195293,3.8900749823495215,-0.0017607271846062,35.78628364235201,0.0006,3.898,812.031,22
6,24,1.7946038703195293,3.1679835894427764,-3.9732409304019423,37.19691145090199,3.997,1.267,1316.234,22
6,24,1.7946038703195293,3.788427035450384,-0.0020197330695448,37.35818092976475,0.0008,3.796,1326.547,22
6,24,1.7946038703195293,3.164325322472082,-3.9728925983559313,37.27443338113504,3.997,1.264,1336.828,22
6,24,1.7946038703195293,3.784669264240924,-0.000749690677988,37.42730120741197,0.0006,3.792,1347.094,22
6,24,1.7946038703195293,3.161429399187014,-3.974859853557849,37.34738657722699,3.997,1.258,1357.391,22
6,24,1.7946038703195293,3.7811022075010654,-0.0021678813668884,37.50630163129688,0.0008,3.788,1367.672,22
6,24,1.7946038703195293,3.472854848441964,-3.971549963750285,27.42397977258593,3.997,1.561,40.422,22
6,24,1.7946038703195293,4.131744038023045,0.000663919628757,27.950503785025926,0.0008,4.142,50.75,22
6,24,1.7946038703195293,3.4095201220776907,-3.9736399107884615,29.819846800586507,3.997,1.5,143.234,22
7,24,1.816519171293833,3.3419860792551246,-0.001532687195706,27.29672348583774,0.0004,0.0,6355.328,21
7,24,1.816519171293833,3.342174498125001,-0.0009095749436362,27.281513425685382,0.0004,0.001,6366.172,21
7,24,1.816519171293833,3.341444820476689,-0.000408239826249,27.314641583213067,0.0004,0.0,6268.985,21
7,24,1.816519171293833,3.3414748731658537,-0.0035683140918246,27.315302837293043,0.0004,0.001,6279.766,21
7,24,1.816519171293833,3.343021237393604,0.0028576030662788,27.24493533155609,0.0004,0.0,6463.328,21
7,24,1.816519171293833,3.3428159145508807,-0.0001885748467241,27.23189044521617,0.0004,0.001,6474.156,21
7,24,1.816519171293833,3.341726406102824,0.0003084507732492,27.304998693123757,0.0004,0.0,6312.094,21
7,24,1.816519171293833,3.34174278508602,-0.0037097449214789,27.301766573286887,0.0004,0.001,6322.86,21
7,24,1.816519171293833,3.3417604305107886,-0.0007204955162978,27.298620412005096,0.0004,0.0,6333.703,21
7,24,1.816519171293833,3.3420628027683383,-0.0001712161554408,27.292308189306237,0.0004,0.001,6344.516,21
7,24,1.816519171293833,3.340736881844733,-0.0013949751749979,27.365545509074117,0.0004,0.0,6182.547,21
7,24,1.816519171293833,3.340883135564259,-0.0007507204126832,27.345054947149453,0.0004,0.001,6193.375,21
7,24,1.816519171293833,3.3422161410427016,-0.0004271294863447,27.27919424754985,0.0004,0.0,6376.953,21
7,24,1.816519171293833,3.3421937876153964,-0.0017788521617154,27.264340791091826,0.0004,0.001,6387.703,21
7,24,1.816519171293833,3.341028043477248,-0.0026505401805915,27.33119148271145,0.0004,0.0,6225.719,21
7,24,1.816519171293833,3.3412799613793003,-0.0014232767235367,27.327780548990443,0.0004,0.001,6236.5,21
7,24,1.816519171293833,3.3412589021815746,-0.0006147355816927,27.317696471758477,0.0004,0.0,6247.297,21
7,24,1.816519171293833,3.3414934923811623,0.0004009389209266,27.324224264923327,0.0004,0.001,6258.172,21
7,24,1.816519171293833,3.340787340630121,0.0011232776938349,27.34840134348783,0.0004,0.0,6204.156,21
7,24,1.816519171293833,3.341108195154392,-0.001214192232712,27.35296242664392,0.0004,0.001,6214.953,21
7,24,1.816519171293833,3.3415568894374803,-0.0034800903205605,27.317484100667414,0.0004,0.0,6290.547,21
7,24,1.816519171293833,3.34165749334574,-0.0011211841523559,27.318525084132418,0.0004,0.001,6301.344,21
7,24,1.816519171293833,3.340355033460825,-0.0021611974955069,27.37340185575069,0.0004,0.0,6139.297,21
7,24,1.816519171293833,3.3406867109899703,-0.0016884852956834,27.377912546067225,0.0004,0.001,6150.125,21
7,24,1.816519171293833,3.340621885641002,-0.0015736825335728,27.36287043259636,0.0004,0.0,6160.938,21
7,24,1.816519171293833,3.3406459842111085,-0.0039689928364969,27.356598154003017,0.0004,0.001,6171.766,21
7,24,1.816519171293833,4.112703747287143,-0.0005957985160826,28.766314298298948,0.0008,4.121,113.422,21
7,24,1.816519171293833,3.486829274396977,-3.97416273375193,28.793739555461016,3.997,1.575,123.781,21
7,24,1.816519171293833,3.946727579948092,-0.0005369494506735,34.14121579788205,0.0008,3.953,632.75,21
7,24,1.816519171293833,3.3706830491258413,-3.9743397192215792,34.09730877394464,3.997,1.468,643.11,21
7,24,1.816519171293833,3.941017362938603,-0.0008867605875254,34.264097496070455,0.0008,3.948,653.469,21
7,24,1.816519171293833,3.3658267263650816,-3.9754883804324046,34.210691240480415,3.997,1.463,663.813,21
7,24,1.816519171293833,3.934744647444449,-0.0010062730164925,34.38230200885004,0.0008,3.942,674.141,21
7,24,1.816519171293833,3.360851998727968,-3.9758937897906232,34.363286012542986,3.997,1.458,684.516,21
7,24,1.816519171293833,4.169991517982085,-0.0003398822289972,26.79208000354477,0.0008,4.181,30.469,21
7,24,1.816519171293833,3.533441126299757,-3.974390453265831,27.06107518722768,3.997,1.616,40.875,21
7,24,1.816519171293833,4.00331212870756,-0.000540751969207,32.55372206281412,0.0008,4.009,445.781,21
7,24,1.816519171293833,3.4151892562516024,-3.973565313380573,32.54187640888212,3.997,1.512,456.156,21
7,24,1.816519171293833,3.8689795165808745,-0.0017950863318407,35.03817408382076,0.0006,3.877,964.766,21
7,24,1.816519171293833,3.296859508681986,-3.974625713600788,34.94529831849341,3.997,1.395,975.156,21
7,24,1.816519171293833,3.864596810035028,-0.0037575829556521,35.0700611085719,0.0008,3.873,985.516,21
7,24,1.816519171293833,3.2928605290983453,-3.973439885284607,34.98669694777793,3.997,1.392,995.828,21
7,24,1.816519171293833,3.860610222104057,-0.0003038352054443,35.112089850420105,0.0008,3.868,1006.172,21
7,24,1.816519171293833,3.2880897939686258,-3.975151561135288,35.030302578083884,3.997,1.388,1016.656,21
7,24,1.816519171293833,4.024693581360594,-0.0010791132269028,31.775493841840632,0.0006,4.031,362.688,21
7,24,1.816519171293833,3.431454008770151,-3.9747512995019383,31.77154622524439,3.997,1.525,373.094,21
7,24,1.816519171293833,4.070153159824749,-0.0032283824390998,30.17022419742373,0.0008,4.077,217.172,21
7,24,1.816519171293833,3.45966314567693,-3.975293609818031,30.18850575936936,3.997,1.553,227.563,21
7,24,1.816519171293833,4.062793496480886,-0.0015739941534702,30.42933875106281,0.0008,4.069,237.953,21
7,24,1.816519171293833,3.455546808829267,-3.97435273549128,30.42040969320421,3.997,1.549,248.313,21
7,24,1.816519171293833,4.0560106365177,-0.0019271710342711,30.658156425663467,0.0008,4.063,258.719,21
7,24,1.816519171293833,3.4512025020568253,-3.974323528525985,30.66019514851493,3.997,1.545,269.156,21
7,24,1.816519171293833,4.049011819029294,-4.178253006618112e-06,30.90004877556029,0.0008,4.055,279.485,21
7,24,1.816519171293833,3.447248063011288,-3.9731340740794256,30.89736907463155,3.997,1.541,289.86,21
7,24,1.816519171293833,4.1031726790039205,-0.0006304832097739,29.073704702258286,0.0006,4.111,134.172,21
7,24,1.816519171293833,3.480110131863303,-3.9752004675538206,29.108607345750105,3.997,1.569,144.531,21
7,24,1.816519171293833,4.094056580501787,-0.0013848453980051,29.36193752062305,0.0008,4.102,154.875,21
7,24,1.816519171293833,3.474273899759439,-3.973634313972716,29.38206442823776,3.997,1.565,165.25,21
7,24,1.816519171293833,4.085641579846475,-0.0010265383112269,29.66098972262083,0.0008,4.093,175.625,21
7,24,1.816519171293833,3.469093612534444,-3.972301435262074,29.67421082309151,3.997,1.561,186.0,21
7,24,1.816519171293833,4.077842385330436,-0.0013690329009638,29.907551228556912,0.0006,4.085,196.375,21
7,24,1.816519171293833,3.4644214565065004,-3.973241473086222,29.924277148185805,3.997,1.557,206.75,21
7,24,1.816519171293833,4.150685584278094,-0.0032161324508543,27.51983143145698,0.0006,4.161,51.266,21
7,24,1.816519171293833,3.5182605009022714,-3.972766204425022,27.658093269975275,3.997,1.603,61.61,21
7,24,1.816519171293833,4.13595135479499,-0.0014754482293394,28.01472326307056,0.0008,4.145,71.985,21
7,24,1.816519171293833,3.505643866569562,-3.972983614057071,28.101134624578027,3.997,1.591,82.344,21
7,24,1.816519171293833,4.123418937971107,8.586878216494316e-05,28.41671916421179,0.0008,4.132,92.672,21
7,24,1.816519171293833,3.4947961206625826,-3.973332348467852,28.453403478709973,3.997,1.582,103.11,21
7,24,1.816519171293833,3.9094552394081306,-0.0009256798376341,34.78336634162864,0.0008,3.916,777.891,21
7,24,1.816519171293833,3.3374641424552856,-3.9762379235140113,34.70979650543599,3.997,1.435,788.297,21
7,24,1.816519171293833,3.803394211198976,-0.0014537521562489,36.03038188959796,0.0008,3.811,1296.766,21
7,24,1.816519171293833,3.231853176185609,-3.974476483678816,35.92288383241215,3.997,1.332,1307.11,21
7,24,1.816519171293833,3.7999146642491226,0.0001536759761797,36.08316510278806,0.0008,3.807,1317.531,21
7,24,1.816519171293833,3.2281177918124824,-3.974008615245365,35.994650059260856,3.997,1.328,1327.844,21
7,24,1.816519171293833,3.796014557906577,-0.0010270631322941,36.146079628337056,0.0008,3.803,1338.172,21
7,24,1.816519171293833,3.2240682325716263,-3.974011412506016,36.04715371199319,3.997,1.325,1348.5,21
7,24,1.816519171293833,3.929112257956771,-0.0003755033540651,34.49986862070146,0.0008,3.936,694.844,21
7,24,1.816519171293833,3.356107171302444,-3.972262285617546,34.441486521183585,3.997,1.453,705.235,21
7,24,1.816519171293833,3.973107481170681,0.0017548630462178,33.47651910746719,0.0008,3.98,549.735,21
7,24,1.816519171293833,3.3912203319773626,-3.976109536044816,33.45956486921679,3.997,1.489,560.172,21
7,24,1.816519171293833,3.966510610366037,0.0004773839750369,33.643439880011606,0.0008,3.973,570.485,21
7,24,1.816519171293833,3.3858519198556736,-3.974140362338853,33.61932112966041,3.997,1.483,580.938,21
7,24,1.816519171293833,3.9596076002463234,-0.0001725867190357,33.81794062413538,0.0008,3.966,591.328,21
7,24,1.816519171293833,3.381072982747446,-3.976257369697629,33.7822608518084,3.997,1.479,601.641,21
7,24,1.816519171293833,3.9534324396598026,0.0009242288805545,33.97576893408507,0.0008,3.96,611.953,21
7,24,1.816519171293833,3.375564835405456,-3.9743927506539993,33.975231938284104,3.997,1.473,622.438,21
7,24,1.816519171293833,3.997663862014493,7.158633500274226e-05,32.7313685226492,0.0008,4.003,466.516,21
7,24,1.816519171293833,3.410561522846288,-3.972516110547122,32.72309594936565,3.997,1.508,476.922,21
7,24,1.816519171293833,3.991662717180022,-0.0005339600649861,32.92893113174126,0.0008,3.997,487.391,21
7,24,1.816519171293833,3.4057193601507523,-3.974492690013512,32.912849587643805,3.997,1.504,497.75,21
7,24,1.816519171293833,3.9859750863339394,-0.0011357423255363,33.106432792553264,0.0006,3.992,508.156,21
7,24,1.816519171293833,3.401239975568707,-3.9728302552043937,33.09887795333519,3.997,1.499,518.531,21
7,24,1.816519171293833,3.979772139010153,-0.0004725498308024,33.29922603154223,0.0008,3.985,528.953,21
7,24,1.816519171293833,3.3963366335526337,-3.9736691013254406,33.28291860688837,3.997,1.493,539.391,21
7,24,1.816519171293833,4.019269974020092,-0.0002266281756265,31.97783325219113,0.0008,4.027,383.453,21
7,24,1.816519171293833,3.427605027736006,-3.971489667524852,31.9731435707175,3.997,1.522,393.813,21
7,24,1.816519171293833,4.014243312681991,-0.000840542221379,32.18309735819853,0.0008,4.02,404.219,21
7,24,1.816519171293833,3.423921438028473,-3.973426887206136,32.15700937944869,3.997,1.519,414.578,21
7,24,1.816519171293833,4.008959796115137,-0.0003256766988036,32.36780787779281,0.0008,4.015,424.953,21
7,24,1.816519171293833,3.419439456700529,-3.973325481389399,32.344354650127535,3.997,1.515,435.36,21
7,24,1.816519171293833,3.839372125505164,-0.0006325053278498,35.39906454860865,0.0008,3.847,1110.016,21
7,24,1.816519171293833,3.267632664473844,-3.9737362995350822,35.30535325178534,3.997,1.367,1120.344,21
7,24,1.816519171293833,3.747355755996272,-0.0002120479993901,36.99828272509529,0.0008,3.754,1628.735,21
7,24,1.816519171293833,3.1720453190267266,-3.974303745354838,36.88118466724646,3.997,1.273,1639.094,21
7,24,1.816519171293833,3.7441179109527,-0.0009256042611116,37.042190979861054,0.0008,3.752,1649.485,21
7,24,1.816519171293833,3.168984285154133,-3.973733594261812,36.94014922431371,3.997,1.27,1659.875,21
7,24,1.816519171293833,3.741143650688165,0.0006832280903137,37.09063618376211,0.0008,3.748,1670.25,21
7,24,1.816519171293833,3.1661421682402904,-3.9731894935719594,37.00469970428588,3.997,1.267,1680.672,21
7,24,1.816519171293833,3.856084800598579,-0.0008243880438261,35.1536766115768,0.0006,3.864,1026.985,21
7,24,1.816519171293833,3.2838329035304463,-3.975033070330172,35.079105614264286,3.997,1.383,1037.391,21
7,24,1.816519171293833,3.886733178959139,-0.0019031984252877,34.91693242833954,0.0008,3.894,881.656,21
7,24,1.816519171293833,3.314437132055659,-3.973458462342201,34.818465409278666,3.997,1.413,892.0,21
7,24,1.816519171293833,3.882423672837592,0.0006265941245691,34.93607818338799,0.0008,3.889,902.391,21
7,24,1.816519171293833,3.309860451631856,-3.974136342254052,34.82395779686882,3.997,1.407,912.844,21
7,24,1.816519171293833,3.8777088216174977,-0.0018428602415357,34.971012477166305,0.0008,3.885,923.203,21
7,24,1.816519171293833,3.3053522637268085,-3.972540760497955,34.87232695611562,3.997,1.403,933.672,21
7,24,1.816519171293833,3.873484490987389,-0.0010921151760988,35.016946106031654,0.0008,3.881,944.094,21
7,24,1.816519171293833,3.301374933694871,-3.973797078305149,34.90375201518725,3.997,1.4,954.453,21
7,24,1.816519171293833,3.904874634295051,-0.0010895321278131,34.820973011299735,0.0008,3.912,798.641,21
7,24,1.816519171293833,3.332565356359746,-3.97516098879806,34.74266076827921,3.997,1.431,809.0,21
7,24,1.816519171293833,3.900392171432725,-0.0007583217491003,34.86388113777187,0.0008,3.908,819.375,21
7,24,1.816519171293833,3.3281356135640383,-3.974919533173428,34.754339760783786,3.997,1.426,829.766,21
7,24,1.816519171293833,3.895693525301144,-0.0022824515734676,34.88447418040495,0.0008,3.903,840.172,21
7,24,1.816519171293833,3.323660547161396,-3.9740776305547074,34.77666296876673,3.997,1.421,850.563,21
7,24,1.816519171293833,3.891098443354225,0.0010239300632766,34.88903270291576,0.0008,3.898,860.875,21
7,24,1.816519171293833,3.318847685296606,-3.972710867733737,34.80063551753075,3.997,1.417,871.235,21
7,24,1.816519171293833,3.9238212105590304,0.0009360907639552,34.591069660717395,0.0008,3.931,715.594,21
7,24,1.816519171293833,3.3514882796942045,-3.9733498318428726,34.54754657157066,3.997,1.449,725.906,21
7,24,1.816519171293833,3.919075846607569,0.0001050092330878,34.690279860858936,0.0008,3.926,736.313,21
7,24,1.816519171293833,3.346744545382227,-3.9743994171268415,34.580323310369856,3.997,1.444,746.703,21
7,24,1.816519171293833,3.914153025981855,-0.0009453569939144,34.74338565262495,0.0008,3.922,757.094,21
7,24,1.816519171293833,3.3417224853093583,-3.972301479852918,34.65987720959057,3.997,1.439,767.531,21
7,24,1.816519171293833,3.777731615483757,-0.000597720220457,36.46284322054856,0.0008,3.785,1441.844,21
7,24,1.816519171293833,3.20461101217035,-3.9730190734298776,36.36254872005824,3.997,1.305,1452.235,21
7,24,1.816519171293833,3.702637997877279,0.0001853395215749,37.73503261344276,0.0008,3.71,1960.672,21
7,24,1.816519171293833,3.127128684339767,-3.972369903380953,37.61369054077108,3.997,1.226,1971.094,21
7,24,1.816519171293833,3.700220572013958,-0.0001152850398408,37.77908030746187,0.0008,3.708,1981.469,21
7,24,1.816519171293833,3.124756271891453,-3.972885421175651,37.66502936654786,3.997,1.224,1991.844,21
7,24,1.816519171293833,3.697900790949409,1.4261390327486496e-05,37.81305816201829,0.0008,3.705,2002.156,21
7,24,1.816519171293833,3.122215970597201,-3.973253354113304,37.71947760538492,3.997,1.223,2012.531,21
7,24,1.816519171293833,3.792340142135395,-0.0021554261946865,36.21294227679844,0.0008,3.8,1358.844,21
7,24,1.816519171293833,3.220027658828735,-3.974004501362862,36.125733471532286,3.997,1.32,1369.188,21
7,24,1.816519171293833,3.819137322329021,-0.0017198615106294,35.71140337790829,0.0008,3.827,1213.813,21
7,24,1.816519171293833,3.2476013272586663,-3.9743599722944447,35.63333157560234,3.997,1.349,1224.203,21
7,24,1.816519171293833,3.81493640751957,0.0003090082953406,35.79327271448255,0.0006,3.822,1234.547,21
7,24,1.816519171293833,3.24346914755502,-3.973440803576692,35.71957147196358,3.997,1.343,1244.969,21
7,24,1.816519171293833,3.8111815424163655,-0.0003437834464667,35.868237318429976,0.0008,3.818,1255.36,21
7,24,1.816519171293833,3.2396138620285853,-3.974708417607588,35.779407340836094,3.997,1.34,1265.735,21
7,24,1.816519171293833,3.8072071811827177,-0.0012512347168021,35.94599979034127,0.0008,3.814,1276.078,21
7,24,1.816519171293833,3.2357421267208424,-3.972025449684239,35.86658615748991,3.997,1.335,1286.422,21
7,24,1.816519171293833,3.835245809662779,-0.0012570721943107,35.45648030696673,0.0006,3.843,1130.719,21
7,24,1.816519171293833,3.263301759028637,-3.9737626557654417,35.37703503995191,3.997,1.363,1141.156,21
7,24,1.816519171293833,3.830964763734425,-0.0011404428117829,35.53410099624213,0.0006,3.839,1151.5,21
7,24,1.816519171293833,3.2590435875392103,-3.973141967269347,35.45595653174796,3.997,1.358,1161.938,21
7,24,1.816519171293833,3.82682647389748,0.0004355226035061,35.61424572083101,0.0008,3.835,1172.281,21
7,24,1.816519171293833,3.2555729647102747,-3.973417555339099,35.5207618476698,3.997,1.355,1182.703,21
7,24,1.816519171293833,3.823204460901899,-0.0022105471542064,35.65532154294477,0.0008,3.831,1193.125,21
7,24,1.816519171293833,3.2516958322074334,-3.9742467347286135,35.565821236382774,3.997,1.351,1203.469,21
7,24,1.816519171293833,3.8519002394105537,-0.0012807432383232,35.20072559851601,0.0008,3.859,1047.735,21
7,24,1.816519171293833,3.2798153120898137,-3.9719597348187983,35.10447510970785,3.997,1.379,1058.094,21
7,24,1.816519171293833,3.847672678822772,0.0012211227577598,35.27079394686362,0.0008,3.855,1068.485,21
7,24,1.816519171293833,3.275502601556996,-3.97366637703362,35.17321281379665,3.997,1.375,1078.922,21
7,24,1.816519171293833,3.8434790941666,-0.0015191375571583,35.34588267987841,0.0008,3.851,1089.313,21
7,24,1.816519171293833,3.2716655261288663,-3.9727327643039816,35.24222781021796,3.997,1.372,1099.688,21
7,24,1.816519171293833,3.726429284523372,-0.0018595024432513,37.376391564144825,0.0008,3.734,1773.906,21
7,24,1.816519171293833,3.1513534818730684,-3.974865314250741,37.25422744749774,3.997,1.253,1784.297,21
7,24,1.816519171293833,3.6718232863712728,-0.001742479220124,38.41810258803325,0.0008,3.679,2292.828,21
7,24,1.816519171293833,3.0863963068689366,-3.975161696947369,38.30623912767262,3.997,1.187,2303.219,21
7,24,1.816519171293833,3.670057303073228,-0.001344004673897,38.49506710005541,0.0008,3.678,2313.547,21
7,24,1.816519171293833,3.083547174811553,-3.9720662637875335,38.37812650616035,3.997,1.186,2323.938,21
7,24,1.816519171293833,3.668369976605287,-0.0005398005296294,38.5304802112444,0.0008,3.676,2334.297,21
7,24,1.816519171293833,3.080724684702878,-3.968796463732838,38.44053675208393,3.997,1.182,2344.641,21
7,24,1.816519171293833,3.737875989666616,-0.0005471040861133,37.155291039295406,0.0008,3.745,1691.031,21
7,24,1.816519171293833,3.162914281871545,-3.97349075050287,37.04552402021918,3.997,1.264,1701.391,21
7,24,1.816519171293833,3.76040105068634,-0.0015627128298678,36.75828566653377,0.0006,3.768,1545.75,21
7,24,1.816519171293833,3.185819650638767,-3.9733076311609454,36.670837937744025,3.997,1.287,1556.156,21
7,24,1.816519171293833,3.756860966437327,-0.0009780538760973,36.840697073228434,0.0008,3.764,1566.5,21
7,24,1.816519171293833,3.1819683017342024,-3.973330527831373,36.70614060274704,3.997,1.283,1576.906,21
7,24,1.816519171293833,3.7535183004120576,-0.0025545944102284,36.8872439773722,0.0008,3.762,1587.25,21
7,24,1.816519171293833,3.178814282088592,-3.973478209051373,36.810148495422375,3.997,1.279,1597.594,21
7,24,1.816519171293833,3.7505656904827753,-0.000210095793409,36.95489084168885,0.0008,3.758,1607.969,21
7,24,1.816519171293833,3.175440128543208,-3.9747217338522,36.84363876583182,3.997,1.277,1618.344,21
7,24,1.816519171293833,3.774482434920976,-0.0011698311087355,36.54300201385376,0.0008,3.782,1462.656,21
7,24,1.816519171293833,3.200780544944661,-3.972184090474789,36.43846200785372,3.997,1.302,1473.11,21
7,24,1.816519171293833,3.770656427485009,-0.0022025938340603,36.60282446881088,0.0008,3.778,1483.516,21
7,24,1.816519171293833,3.197015903560665,-3.9746082134716056,36.502731487127306,3.997,1.297,1493.875,21
7,24,1.816519171293833,3.7672714761913975,-0.0011204717465032,36.65263357337798,0.0008,3.775,1504.297,21
7,24,1.816519171293833,3.193333487302118,-3.973862310758167,36.539495102310525,3.997,1.294,1514.641,21
7,24,1.816519171293833,3.763812073837167,-0.000898394524085,36.70129034516983,0.0008,3.772,1524.969,21
7,24,1.816519171293833,3.1895227568066247,-3.974763383092745,36.61321888303134,3.997,1.29,1535.406,21
7,24,1.816519171293833,3.7885399129939534,-0.002377794542103,36.30129510270607,0.0006,3.796,1379.563,21
7,24,1.816519171293833,3.2165400290983905,-3.973511248906473,36.20270481562556,3.997,1.316,1389.875,21
7,24,1.816519171293833,3.785068249507531,-0.0003504147741929,36.3562398119274,0.0008,3.793,1400.36,21
7,24,1.816519171293833,3.2126290475354726,-3.973686558203247,36.250230901255776,3.997,1.313,1410.735,21
7,24,1.816519171293833,3.781237082619469,-0.0006764518169534,36.3812461279064,0.0006,3.789,1421.078,21
7,24,1.816519171293833,3.208337754846751,-3.972904842780023,36.30434209050991,3.997,1.308,1431.422,21
7,24,1.816519171293833,3.687494600155437,-0.0006325456093584,38.03071922298496,0.0008,3.695,2105.938,21
7,24,1.816519171293833,3.11051447044631,-3.9740212316599215,37.91437815749397,3.997,1.212,2116.25,21
7,24,1.816519171293833,3.644987562720575,0.0003352156407284,39.36412574032928,0.0006,3.651,2625.0,21
7,24,1.816519171293833,3.031922777389023,-3.971304806265492,39.267882815174005,3.997,1.135,2635.375,21
7,24,1.816519171293833,3.643021074804137,-0.0010882086354853,39.43165882845335,0.0008,3.649,2645.735,21
7,24,1.816519171293833,3.0275558530758504,-3.974315830526301,39.30251230678794,3.997,1.131,2656.11,21
7,24,1.816519171293833,3.640929911643664,0.0002356197581033,39.51326397333358,0.0008,3.647,2666.453,21
7,24,1.816519171293833,3.0230930753580147,-3.9730566328147856,39.39891090496028,3.997,1.126,2676.797,21
7,24,1.816519171293833,3.695753468714307,0.000507380913498,37.84419352463173,0.0006,3.703,2022.922,21
7,24,1.816519171293833,3.1198768756049957,-3.9752589466668007,37.72862975280659,3.997,1.221,2033.297,21
7,24,1.816519171293833,3.7124449399333153,-0.0002469783736773,37.56856880505712,0.0008,3.72,1877.61,21
7,24,1.816519171293833,3.1371218207777614,-3.973738477817157,37.45261145020596,3.997,1.238,1888.0,21
7,24,1.816519171293833,3.709890489624951,-0.0005669821269605,37.616034780384304,0.0008,3.718,1898.375,21
7,24,1.816519171293833,3.1345674623871846,-3.97494504443028,37.53297864312515,3.997,1.236,1908.781,21
7,24,1.816519171293833,3.707293900432673,-0.0009243134364668,37.65921638341068,0.0008,3.715,1919.125,21
7,24,1.816519171293833,3.1319984195241704,-3.972568695680172,37.55741145905414,3.997,1.233,1929.453,21
7,24,1.816519171293833,3.705156395698141,-0.0009004574305327,37.70798467405837,0.0008,3.712,1939.875,21
7,24,1.816519171293833,3.129653878132941,-3.974191893737185,37.59339755955715,3.997,1.23,1950.235,21
7,24,1.816519171293833,3.723269087582375,-0.0019486524178252,37.40178562735796,0.0008,3.73,1794.625,21
7,24,1.816519171293833,3.1484312836237183,-3.974518095490688,37.29102520655204,3.997,1.25,1805.047,21
7,24,1.816519171293833,3.7205887277548255,0.0006213318071333,37.423511628525134,0.0008,3.728,1815.375,21
7,24,1.816519171293833,3.145590065002983,-3.972505403269305,37.3146015803813,3.997,1.246,1825.75,21
7,24,1.816519171293833,3.7177999089038583,0.0002045504546213,37.47790392884045,0.0008,3.725,1836.11,21
7,24,1.816519171293833,3.1426364000363827,-3.973562503939603,37.389659948826015,3.997,1.244,1846.516,21
7,24,1.816519171293833,3.715113425357981,-0.0003244525157379,37.53425438048747,0.0008,3.722,1856.875,21
7,24,1.816519171293833,3.140043628807588,-3.9729064528006304,37.41404904959308,3.997,1.241,1867.235,21
7,24,1.816519171293833,3.735133392123879,-0.0006468098045052,37.21155246343029,0.0008,3.742,1711.75,21
7,24,1.816519171293833,3.159900759870555,-3.973910212382557,37.1175291545996,3.997,1.261,1722.125,21
7,24,1.816519171293833,3.732123095914554,-0.0006966175403221,37.25809666545988,0.0008,3.74,1732.5,21
7,24,1.816519171293833,3.1572253277748303,-3.9735702223351033,37.1551539542462,3.997,1.258,1742.844,21
7,24,1.816519171293833,3.7292281757816927,-0.0017050173900851,37.31320601530716,0.0008,3.737,1753.203,21
7,24,1.816519171293833,3.154270501450089,-3.975141717607335,37.20290282145221,3.997,1.255,1763.563,21
7,24,1.816519171293833,3.660506023271872,-0.0002222608408171,38.799371067575805,0.0008,3.668,2437.906,21
7,24,1.816519171293833,3.0656967454855018,-3.9716095811173218,38.67599976266786,3.997,1.168,2448.344,21
7,24,1.816519171293833,3.60211531981111,-0.0003609823628865,40.56095930041594,0.0008,3.607,2957.61,21
7,24,1.816519171293833,2.9621602870840635,-3.973055992436993,40.45494215529026,3.997,1.068,2968.047,21
7,24,1.816519171293833,3.597851110567057,0.0014166396944385,40.623606055572026,0.0008,3.603,2978.406,21
7,24,1.816519171293833,2.9560944171485537,-3.974886694655524,40.49525784424716,3.997,1.062,2988.828,21
7,24,1.816519171293833,3.5934336122120887,-0.0007276135257117,40.71174353861535,0.0006,3.598,2999.172,21
7,24,1.816519171293833,2.9499930716231786,-3.972621900799565,40.58532102202112,3.997,1.058,3009.531,21
7,24,1.816519171293833,3.666907579887941,-0.0013407298663433,38.60025241457825,0.0008,3.674,2355.016,21
7,24,1.816519171293833,3.0775776902896896,-3.973226316166804,38.47712160730304,3.997,1.18,2365.422,21
7,24,1.816519171293833,3.678433668690204,-0.0013188071470413,38.25518009996862,0.0008,3.686,2209.844,21
7,24,1.816519171293833,3.09674223187734,-3.974321637831181,38.1284563455408,3.997,1.198,2220.36,21
7,24,1.816519171293833,3.6762863994213375,0.0018001343436727,38.30289132877352,0.0008,3.684,2230.625,21
7,24,1.816519171293833,3.0940739468421987,-3.973796464645792,38.20775348274807,3.997,1.196,2240.985,21
7,24,1.816519171293833,3.6750577846801584,0.0002624829847856,38.33833812187462,0.0008,3.682,2251.391,21
7,24,1.816519171293833,3.091597050047337,-3.973326515265671,38.24678318848523,3.997,1.192,2261.735,21
7,24,1.816519171293833,3.673576048312769,0.0006366498066521,38.41361298981507,0.0008,3.68,2272.156,21
7,24,1.816519171293833,3.0892415695625317,-3.974383351446596,38.27974025487274,3.997,1.19,2282.469,21
7,24,1.816519171293833,3.68560910478799,-5.309724064835367e-05,38.069528893015175,0.0008,3.693,2126.703,21
7,24,1.816519171293833,3.1079598906464168,-3.973576429161335,37.9747010800604,3.997,1.209,2137.031,21
7,24,1.816519171293833,3.683625258822093,-0.0012823137204511,38.10456141466758,0.0008,3.691,2147.422,21
7,24,1.816519171293833,3.105078675465474,-3.975881501910481,38.00498750226424,3.997,1.206,2157.797,21
7,24,1.816519171293833,3.681902362684913,-0.0011725871784587,38.149665007097454,0.0008,3.69,2168.203,21
7,24,1.816519171293833,3.1020754066171423,-3.973891361040777,38.05098428416117,3.997,1.204,2178.672,21
7,24,1.816519171293833,3.6800659816778887,-0.0003159815860293,38.19767468032714,0.0008,3.687,2189.047,21
7,24,1.816519171293833,3.099600501341313,-3.974756184342616,38.09008518386686,3.997,1.201,2199.453,21
7,24,1.816519171293833,3.6936363878517593,-0.0007408252544306,37.89912646911282,0.0008,3.7,2043.688,21
7,24,1.816519171293833,3.117369181266864,-3.9725700917793776,37.78962480843451,3.997,1.218,2054.125,21
7,24,1.816519171293833,3.691447737025516,-0.0008803038509746,37.9605271245321,0.0008,3.698,2064.485,21
7,24,1.816519171293833,3.115232805994837,-3.975862050812249,37.8561640608139,3.997,1.216,2074.828,21
7,24,1.816519171293833,3.689490883862479,-0.0013042165252749,38.00222954887184,0.0008,3.697,2085.172,21
7,24,1.816519171293833,3.1127206465490995,-3.9737564215255454,37.86791414163292,3.997,1.214,2095.547,21
7,24,1.816519171293833,3.629839974231529,-0.0011357335300813,39.92293653121097,0.0008,3.635,2770.469,21
7,24,1.816519171293833,2.998428803078456,-3.972965862221233,39.81068549176369,3.997,1.102,2780.828,21
7,24,1.816519171293833,3.39602421507608,-0.0007904485060552,41.81302254718623,0.0008,3.398,3289.922,21
7,24,1.816519171293833,2.697990443567428,-3.973420175768505,41.708647444729415,3.997,0.82,3300.344,21
7,24,1.816519171293833,3.357471980074044,0.000850963041689,41.92724609452055,0.0008,3.358,3310.735,21
7,24,1.816519171293833,2.650978012794146,-3.973850320171208,41.80785058235562,3.997,0.775,3321.094,21
7,24,1.816519171293833,3.311113822661107,-0.0001318801909372,42.00557181924314,0.0006,3.311,3331.594,21
7,24,1.816519171293833,2.592763042125906,-3.972445451175517,41.89236588356802,3.997,0.721,3342.219,21
7,24,1.816519171293833,3.638886579736285,-0.0005136854950491,39.57468878473708,0.0008,3.645,2687.156,21
7,24,1.816519171293833,3.017794128035445,-3.9762185456058634,39.49252957534393,3.997,1.121,2697.61,21
7,24,1.816519171293833,3.6522379036838633,-0.0011187577211606,39.08697379191834,0.0008,3.659,2541.875,21
7,24,1.816519171293833,3.047400161418235,-3.969640034628329,38.98251815843015,3.997,1.15,2552.313,21
7,24,1.816519171293833,3.650318564058977,-4.738170166718071e-05,39.158861683097705,0.0008,3.657,2562.672,21
7,24,1.816519171293833,3.0438754725772443,-3.9715314810734816,39.048428514154274,3.997,1.146,2573.094,21
7,24,1.816519171293833,3.6485621479726658,-0.0026450756052735,39.21705946983738,0.0008,3.655,2583.453,21
7,24,1.816519171293833,3.040049393759092,-3.971490303950768,39.11762519978341,3.997,1.142,2593.813,21
7,24,1.816519171293833,3.646806573272448,0.0011004830009633,39.30494453430589,0.0008,3.653,2604.235,21
7,24,1.816519171293833,3.0359669030852734,-3.972332768157608,39.19023940222052,3.997,1.139,2614.625,21
7,24,1.816519171293833,3.6589913477127514,-0.0017698430254754,38.85593088649092,0.0008,3.666,2458.75,21
7,24,1.816519171293833,3.062682635183871,-3.973867347802128,38.75051821696618,3.997,1.164,2469.11,21
7,24,1.816519171293833,3.657342724834131,-0.0005170900271596,38.89920431104418,0.0008,3.664,2479.516,21
7,24,1.816519171293833,3.0592687717139766,-3.971481038891746,38.79073956208217,3.997,1.162,2489.891,21
7,24,1.816519171293833,3.6557046140298888,-0.0001038320903961,38.96309596702524,0.0008,3.663,2500.313,21
7,24,1.816519171293833,3.0556422897264484,-3.9714449666537406,38.86499791256892,3.997,1.158,2510.703,21
7,24,1.816519171293833,3.653956131448655,-0.0010569743299918,39.035598039106176,0.0008,3.661,2521.094,21
7,24,1.816519171293833,3.051683168499394,-3.97004855256791,38.92618648758011,3.997,1.154,2531.5,21
7,24,1.816519171293833,3.665231517195667,-0.0006076613305798,38.65359741035053,0.0006,3.672,2375.766,21
7,24,1.816519171293833,3.074760736913428,-3.970529479181302,38.52657646553267,3.997,1.176,2386.11,21
7,24,1.816519171293833,3.663723799349335,-0.0001931324191841,38.70939959813821,0.0008,3.67,2396.469,21
7,24,1.816519171293833,3.071986620911465,-3.972227998437608,38.59581068473838,3.997,1.174,2406.828,21
7,24,1.816519171293833,3.661986320173492,-0.000937017646125,38.74218747062231,0.0008,3.669,2417.203,21
7,24,1.816519171293833,3.0689956283038744,-3.971512248787222,38.62230835999049,3.997,1.171,2427.547,21
7,24,1.816519171293833,3.564127925196753,0.0006813918741538,41.04370914993984,0.0008,3.567,3102.969,21
7,24,1.816519171293833,2.911129348649651,-3.974769375311848,40.95002385950156,3.997,1.022,3113.36,21
7,24,1.816519171293833,3.271426047239017,-0.0017607341318826,37.05560338121411,0.0004,0.0,3632.594,21
7,24,1.816519171293833,3.2731461917014024,0.0017755315914535,36.86801822587566,0.0004,0.001,3643.375,21
7,24,1.816519171293833,3.2743591450709784,-0.0020229537763884,36.72627638517064,0.0004,0.0,3654.156,21
7,24,1.816519171293833,3.275772668056581,-0.0034659701494322,36.579955814629415,0.0004,0.001,3664.969,21
7,24,1.816519171293833,3.2770699076069008,0.0009260031368454,36.433323548145,0.0004,0.0,3675.828,21
7,24,1.816519171293833,3.27828038745216,-0.0028850814464154,36.29820632998539,0.0004,0.001,3686.625,21
7,24,1.816519171293833,3.5886834443551936,-0.0026951825616429,40.77151391320854,0.0008,3.593,3019.844,21
7,24,1.816519171293833,2.9438402209695997,-3.9731081280538274,40.662492349566925,3.997,1.052,3030.188,21
7,24,1.816519171293833,3.61582071636332,-0.0001698714906689,40.30670945754064,0.0008,3.621,2874.469,21
7,24,1.816519171293833,2.9793389593365087,-3.970717740153623,40.18080551405768,3.997,1.085,2884.844,21
7,24,1.816519171293833,3.613053454114304,0.0012817336474326,40.37291715125146,0.0008,3.617,2895.297,21
7,24,1.816519171293833,2.97615217697735,-3.976869439992001,40.25637690661613,3.997,1.083,2905.656,21
7,24,1.816519171293833,3.60971698293417,0.0011497940307836,40.42674426266586,0.0008,3.615,2916.063,21
7,24,1.816519171293833,2.9716825325638294,-3.974386330233127,40.32631254077958,3.997,1.077,2926.5,21
7,24,1.816519171293833,3.605920404069429,-0.002523972666402,40.49913924929741,0.0008,3.611,2936.891,21
7,24,1.816519171293833,2.967973761638283,-3.973739676374088,40.3787415056349,3.997,1.074,2947.281,21
7,24,1.816519171293833,3.627246626996683,0.0019084552327444,40.001527468116336,0.0008,3.633,2791.203,21
7,24,1.816519171293833,2.993731487527324,-3.970931253104984,39.8825049910886,3.997,1.098,2801.625,21
7,24,1.816519171293833,3.6245859007327206,-0.0002478272680802,40.093388867777456,0.0008,3.63,2812.016,21
7,24,1.816519171293833,2.989908447961835,-3.975608524220284,39.96113829890203,3.997,1.094,2822.391,21
7,24,1.816519171293833,3.6217283257728834,-0.0013291167244449,40.151820759068535,0.0008,3.627,2832.813,21
7,24,1.816519171293833,2.9848598190152504,-3.97375174600751,40.04600143527942,3.997,1.09,2843.297,21
7,24,1.816519171293833,3.618964508643299,-0.0002081017789135,40.21938943314734,0.0008,3.623,2853.719,21
7,24,1.816519171293833,2.982135422988606,-3.974856951934683,40.12037488516261,3.997,1.088,2864.078,21
7,24,1.816519171293833,3.636908069678194,-0.0009384418818982,39.665818701973954,0.0008,3.643,2708.11,21
7,24,1.816519171293833,3.012427975193388,-3.975081048155625,39.54919765867385,3.997,1.116,2718.469,21
7,24,1.816519171293833,3.634609233946543,0.0038870252283919,39.747962733871134,0.0008,3.641,2728.844,21
7,24,1.816519171293833,3.006337193658186,-3.9714020268355927,39.634155747905936,3.997,1.11,2739.219,21
7,24,1.816519171293833,3.632355014195913,0.0009291700786837,39.82784023118078,0.0008,3.638,2749.656,21
7,24,1.816519171293833,3.002440293591445,-3.970024380397337,39.73086103177241,3.997,1.106,2760.078,21
7,24,1.816519171293833,3.1995225257246664,0.0001922593998676,40.65574276751461,0.0004,0.0,3438.172,21
7,24,1.816519171293833,3.20989270034782,-0.0050678546208703,40.32623145518858,0.0004,0.001,3448.953,21
7,24,1.816519171293833,3.299852799358023,0.0006043040712591,33.23613416895589,0.0004,0.0,3978.25,21
7,24,1.816519171293833,3.300407458790319,-0.0008595898807923,33.133054595637724,0.0004,0.001,3989.031,21
7,24,1.816519171293833,3.3007848884226547,0.0020034916163154,33.06062474277487,0.0002,0.0,3999.828,21
7,24,1.816519171293833,3.301442121182601,-0.0005107216327123,32.96587764398706,0.0004,0.001,4010.641,21
7,24,1.816519171293833,3.302151509873938,0.0005766742669929,32.87866999447033,0.0004,0.0,4021.438,21
7,24,1.816519171293833,3.3024540876301938,0.0008969892170738,32.797875535630574,0.0004,0.001,4032.219,21
7,24,1.816519171293833,3.255398798735615,0.0008663288446489,42.15244049576376,0.0008,3.256,3352.703,21
7,24,1.816519171293833,2.5210625885992712,-3.972699409768616,42.03950250050915,3.997,0.652,3363.156,21
7,24,1.816519171293833,3.501422216436797,-0.0002266302406391,41.42903191481734,0.0008,3.504,3206.844,21
7,24,1.816519171293833,2.828513399742527,-3.9732337830392286,41.3361059925667,3.997,0.945,3217.313,21
7,24,1.816519171293833,3.4806468603984397,-0.0018703960333151,41.50909887723728,0.0008,3.483,3227.672,21
7,24,1.816519171293833,2.8034729546485573,-3.973866579215124,41.4148041403947,3.997,0.921,3238.031,21
7,24,1.816519171293833,3.456911415615394,-0.0013134085170275,41.62400644175382,0.0008,3.459,3248.406,21
7,24,1.816519171293833,2.773646239624431,-3.973210424879996,41.52812522824541,3.997,0.892,3258.766,21
7,24,1.816519171293833,3.4289474616289883,-0.0009438078363121,41.72401322286368,0.0008,3.431,3269.125,21
7,24,1.816519171293833,2.738283659224728,-3.9738779698999394,41.625454730735726,3.997,0.858,3279.578,21
7,24,1.816519171293833,3.555435661633286,-0.0011592509207543,41.13135255980952,0.0008,3.559,3123.735,21
7,24,1.816519171293833,2.899553374739881,-3.9736686965146295,41.01201739152338,3.997,1.011,3134.141,21
7,24,1.816519171293833,3.545284852028473,-0.0003942721364169,41.19552668952926,0.0008,3.548,3144.5,21
7,24,1.816519171293833,2.886172038218412,-3.9733915121612338,41.04307180446454,3.997,0.998,3154.875,21
7,24,1.816519171293833,3.533276817781919,-0.0015479387563426,41.25563727437996,0.0008,3.536,3165.313,21
7,24,1.816519171293833,2.8705868299769675,-3.9737918757234634,41.151400007641975,3.997,0.984,3175.735,21
7,24,1.816519171293833,3.518685732773793,-0.0001041004215887,41.34689493949894,0.0008,3.521,3186.078,21
7,24,1.816519171293833,2.8512562003065343,-3.9744573006528094,41.23829994618977,3.997,0.966,3196.516,21
7,24,1.816519171293833,3.583795358027821,-0.0008307363335716,40.84002001575161,0.0008,3.587,3040.594,21
7,24,1.816519171293833,2.93651939908438,-3.9748550312387168,40.71987887075579,3.997,1.045,3050.969,21
7,24,1.816519171293833,3.578051515432147,-0.0013540792204767,40.89771344353955,0.0008,3.582,3061.344,21
7,24,1.816519171293833,2.928555785305474,-3.974534410621103,40.78387921558585,3.997,1.038,3071.781,21
7,24,1.816519171293833,3.5716029056719205,0.00044656482618,40.973286518307525,0.0008,3.575,3082.172,21
7,24,1.816519171293833,2.92078535300368,-3.975974889193617,40.84804919635483,3.997,1.03,3092.594,21
7,24,1.816519171293833,3.2876205211847185,0.0022004133503716,35.10808403828527,0.0004,0.0,3783.906,21
7,24,1.816519171293833,3.288403517478564,-0.0006132824781509,34.993367153672544,0.0004,0.001,3794.656,21
7,24,1.816519171293833,3.313310473862958,-0.0014191258729033,30.93879938178727,0.0004,0.0,4323.953,21
7,24,1.816519171293833,3.3136648160739166,0.0014223611758478,30.886639710019885,0.0004,0.001,4334.75,21
7,24,1.816519171293833,3.314003941765044,-0.0004891433658466,30.830904610870583,0.0004,0.0,4345.547,21
7,24,1.816519171293833,3.3143785122402405,-0.0023146445165356,30.771044886784576,0.0004,0.001,4356.36,21
7,24,1.816519171293833,3.314686604832373,0.0012359548741493,30.725420623897453,0.0004,0.0,4367.156,21
7,24,1.816519171293833,3.3148576998016783,-0.0011660647034066,30.6764799634503,0.0004,0.001,4377.969,21
7,24,1.816519171293833,3.279311215929213,-0.0013372968595599,36.18162091836762,0.0004,0.0,3697.453,21
7,24,1.816519171293833,3.28064711875117,0.002562609334604,36.05673110344857,0.0004,0.001,3708.313,21
7,24,1.816519171293833,3.255292512895879,-0.0056699585381815,38.31096311019242,0.0004,0.0,3546.266,21
7,24,1.816519171293833,3.257976750728047,0.0004755443512679,38.14729899788554,0.0004,0.001,3557.016,21
7,24,1.816519171293833,3.260343475672861,0.0002247435527714,37.99283164657147,0.0004,0.0,3567.813,21
7,24,1.816519171293833,3.2626784926790378,-0.0006854885901825,37.81999843984794,0.0004,0.001,3578.641,21
7,24,1.816519171293833,3.2643960244761483,-0.0010579342701213,37.64340535292645,0.0004,0.0,3589.453,21
7,24,1.816519171293833,3.2664975124160867,0.0012710195831488,37.49652972529942,0.0004,0.001,3600.266,21
7,24,1.816519171293833,3.268239406481193,0.0004849387881194,37.34728930180843,0.0004,0.0,3611.047,21
7,24,1.816519171293833,3.2703408903333315,-0.002211508772674,37.19188118959986,0.0004,0.001,3621.828,21
7,24,1.816519171293833,3.2184300687638694,-0.002421803405474,40.050273466762,0.0002,0.0,3459.703,21
7,24,1.816519171293833,3.225573226845646,0.0005882291240987,39.80976809311112,0.0004,0.001,3470.5,21
7,24,1.816519171293833,3.2315913891588184,-0.0015795946654516,39.56453507685072,0.0004,0.0,3481.297,21
7,24,1.816519171293833,3.236982948256799,-0.0001278048084214,39.37730324969226,0.0004,0.001,3492.141,21
7,24,1.816519171293833,3.2415739164784165,-7.8913502794039e-05,39.11754552062871,0.0004,0.001,3502.969,21
7,24,1.816519171293833,3.245560505989405,0.0015511682105554,38.90960071412672,0.0004,0.001,3513.797,21
7,24,1.816519171293833,3.2492870395393028,0.0006910275737923,38.709889226695175,0.0004,0.0,3524.641,21
7,24,1.816519171293833,3.252400722033791,0.0002323226054834,38.53767957341567,0.0004,0.001,3535.453,21
7,24,1.816519171293833,3.187664004643844,0.0010189726734119,42.2324784660328,0.0008,3.186,3373.641,21
7,24,1.816519171293833,2.4232193266263646,-3.972878934093489,42.128501820468045,3.997,0.568,3384.125,21
7,24,1.816519171293833,3.1112991009009776,0.0020336256651313,42.34490965860999,0.0004,0.0,3394.969,21
7,24,1.816519171293833,3.146560556721907,-0.0008588162711338,41.922131144032754,0.0004,0.001,3405.766,21
7,24,1.816519171293833,3.1697491820848938,-0.0020830379515173,41.43078062072582,0.0004,0.0,3416.61,21
7,24,1.816519171293833,3.1865146576318595,-0.0013795365066923,41.00814840100318,0.0004,0.001,3427.406,21
7,24,1.816519171293833,3.306694381701901,-0.0009047791948326,32.09954288498059,0.0004,0.0,4129.5,21
7,24,1.816519171293833,3.307044834679629,-0.002646539566557,32.0199798221925,0.0004,0.001,4140.328,21
7,24,1.816519171293833,3.3219516113737773,-0.0006497246255574,29.50426998841221,0.0004,0.0,4669.578,21
7,24,1.816519171293833,3.32234572844662,-0.0013568678489178,29.47080823694117,0.0004,0.001,4680.422,21
7,24,1.816519171293833,3.322346715084449,-0.0014734098223358,29.438320603288687,0.0004,0.0,4691.203,21
7,24,1.816519171293833,3.322812540843194,-0.0016417145932703,29.41193028868386,0.0004,0.001,4702.0,21
7,24,1.816519171293833,3.3229291661371128,-0.0016393904988722,29.377632537733195,0.0004,0.0,4712.781,21
7,24,1.816519171293833,3.3230252274878667,-0.0017769811069174,29.33582417856974,0.0004,0.001,4723.594,21
7,24,1.816519171293833,3.302932863782764,-0.0001514748273774,32.70642697424158,0.0004,0.0,4043.016,21
7,24,1.816519171293833,3.303494034717077,-0.0014329926091681,32.63571874213897,0.0004,0.001,4053.86,21
7,24,1.816519171293833,3.2950298231826496,-0.0030036975630846,34.00636665870895,0.0004,0.0,3891.953,21
7,24,1.816519171293833,3.295776519144172,-0.0016657616953104,33.89686507980695,0.0004,0.001,3902.781,21
7,24,1.816519171293833,3.296466039137794,-0.0016022733814783,33.80287910218961,0.0004,0.0,3913.547,21
7,24,1.816519171293833,3.296888732817235,-0.0017934271319921,33.70162973637464,0.0004,0.001,3924.328,21
7,24,1.816519171293833,3.2975242146147474,-0.0006243002553974,33.60490751214336,0.0004,0.0,3935.063,21
7,24,1.816519171293833,3.298042973893234,-0.0034856224434994,33.50392837480794,0.0004,0.001,3945.891,21
7,24,1.816519171293833,3.298815697227385,-0.0023983301666882,33.41819408704702,0.0004,0.0,3956.672,21
7,24,1.816519171293833,3.2993117488212014,0.0003893521012219,33.3232772552838,0.0004,0.001,3967.516,21
7,24,1.816519171293833,3.2891587849058017,-0.0016936997381401,34.84224420187353,0.0004,0.0,3805.469,21
7,24,1.816519171293833,3.28991729749244,-0.0016451832266088,34.75987493461333,0.0004,0.001,3816.313,21
7,24,1.816519171293833,3.290924689234571,-0.0007760131183414,34.651835747857895,0.0004,0.0,3827.094,21
7,24,1.816519171293833,3.2917364879867392,6.52979878593037e-05,34.53300594621161,0.0004,0.001,3837.875,21
7,24,1.816519171293833,3.292333618637634,0.0024897435045147,34.42566995419871,0.0004,0.0,3848.688,21
7,24,1.816519171293833,3.2929994810697005,-0.0014428083990398,34.31040631201007,0.0004,0.001,3859.5,21
7,24,1.816519171293833,3.2937080415865294,-0.0005267132000332,34.209457005504895,0.0004,0.0,3870.281,21
7,24,1.816519171293833,3.294353482540309,-0.0004445161741903,34.113988563094054,0.0004,0.001,3881.141,21
7,24,1.816519171293833,3.281793224978436,-0.0021030464866105,35.88242894600915,0.0004,0.0,3719.11,21
7,24,1.816519171293833,3.282772566318344,-0.0001612984041528,35.75541841758712,0.0004,0.001,3729.891,21
7,24,1.816519171293833,3.283915971979312,-0.0044818478107514,35.635470785461834,0.0004,0.0,3740.688,21
7,24,1.816519171293833,3.284819052458453,-0.000564704403765,35.49886589041586,0.0004,0.001,3751.516,21
7,24,1.816519171293833,3.285825306032612,-0.001348413808328,35.37415981636305,0.0004,0.0,3762.297,21
7,24,1.816519171293833,3.2865241011589585,-0.0021288129449538,35.22274007743498,0.0004,0.001,3773.11,21
7,24,1.816519171293833,3.31758167756498,-0.0035044478571962,30.220070557660488,0.0004,0.0,4475.063,21
7,24,1.816519171293833,3.317752671610364,-3.3676984577646e-05,30.184368674582977,0.0004,0.001,4485.906,21
7,24,1.816519171293833,3.328081690081408,-0.000681765534639,28.606425438532774,0.0004,0.0,5015.203,21
7,24,1.816519171293833,3.3283558394079944,-0.0045434961281725,28.585969759681824,0.0004,0.001,5025.969,21
7,24,1.816519171293833,3.3284617037418105,-9.04391846730228e-05,28.56872203909585,0.0004,0.0,5036.781,21
7,24,1.816519171293833,3.328672586177551,-0.0006550878503548,28.53838551817708,0.0004,0.001,5047.61,21
7,24,1.816519171293833,3.329052251299105,0.0005319225505389,28.517968239241146,0.0004,0.0,5058.453,21
7,24,1.816519171293833,3.3290572760881068,-0.0033869731384699,28.506426775833987,0.0004,0.001,5069.25,21
7,24,1.816519171293833,3.315297152112984,-0.0017764479045333,30.61749733090556,0.0004,0.0,4388.719,21
7,24,1.816519171293833,3.3156684310598097,-0.0034641843417505,30.567324931042872,0.0004,0.001,4399.5,21
7,24,1.816519171293833,3.3106028790894326,0.0004553116053977,31.42449911247088,0.0004,0.0,4237.641,21
7,24,1.816519171293833,3.310881929772985,-0.0023528699684074,31.35998043166566,0.0004,0.001,4248.36,21
7,24,1.816519171293833,3.3114003052444416,-0.0018389850577319,31.31249323921437,0.0004,0.001,4259.11,21
7,24,1.816519171293833,3.3116799696623542,-0.0001949144704292,31.235725862858708,0.0004,0.001,4269.891,21
7,24,1.816519171293833,3.3119295791365864,-0.000739869967786,31.17856219498613,0.0004,0.0,4280.703,21
7,24,1.816519171293833,3.312307522039596,-0.0012967549262309,31.111714211086728,0.0004,0.001,4291.516,21
7,24,1.816519171293833,3.312682601889641,-0.0029351720664669,31.0590492880902,0.0004,0.0,4302.344,21
7,24,1.816519171293833,3.313082579914977,-0.0010815540355695,30.99333288325266,0.0004,0.001,4313.156,21
7,24,1.816519171293833,3.307574308788509,0.0008397645226793,31.96799730339494,0.0004,0.0,4151.125,21
7,24,1.816519171293833,3.307853052827323,-0.0005430448364214,31.87725562965051,0.0004,0.001,4162.047,21
7,24,1.816519171293833,3.3084715428303,-0.0022937824743411,31.814912802297847,0.0004,0.0,4172.844,21
7,24,1.816519171293833,3.3086376192715106,-0.0002224889072573,31.75727396824052,0.0004,0.001,4183.61,21
7,24,1.816519171293833,3.309114035802133,-0.0009712044933669,31.681829964566703,0.0004,0.0,4194.406,21
7,24,1.816519171293833,3.3095973805959544,-0.0004840857007499,31.617204944872988,0.0004,0.001,4205.219,21
7,24,1.816519171293833,3.309992948238265,-0.0014570562193558,31.56535748101329,0.0004,0.001,4216.078,21
7,24,1.816519171293833,3.310323224947348,-0.0028210462272168,31.486607193531444,0.0004,0.001,4226.875,21
7,24,1.816519171293833,3.3039364011836354,-0.0019992926514768,32.55189348868642,0.0004,0.0,4064.688,21
7,24,1.816519171293833,3.3044422046008752,-0.0009318657367063,32.48552902077274,0.0004,0.001,4075.516,21
7,24,1.816519171293833,3.304975952102009,-0.0008438458353394,32.393565774381145,0.0004,0.0,4086.328,21
7,24,1.816519171293833,3.305323506897765,1.0660116872096794e-06,32.30872186953615,0.0004,0.001,4097.094,21
7,24,1.816519171293833,3.305807148070298,0.000447859303737,32.24220990144054,0.0004,0.0,4107.891,21
7,24,1.816519171293833,3.3062840990227738,0.0004214542450149,32.16459501631563,0.0004,0.001,4118.672,21
7,24,1.816519171293833,3.325032139482797,-0.0005209144841678,29.071927966953563,0.0004,0.0,4820.766,21
7,24,1.816519171293833,3.325482769736244,-6.718755422725283e-05,29.044983080743755,0.0004,0.001,4831.531,21
7,24,1.816519171293833,3.332868554695061,-0.0035506582730063,28.037557262162277,0.0004,0.0,5361.188,21
7,24,1.816519171293833,3.333094922904991,-0.0006488561769578,28.03234568331684,0.0004,0.001,5371.969,21
7,24,1.816519171293833,3.333143441685076,-0.0023656231638549,28.01976508404236,0.0004,0.0,5382.891,21
7,24,1.816519171293833,3.333215863253621,0.0008863380028262,28.00099741532217,0.0004,0.001,5393.719,21
7,24,1.816519171293833,3.3332509120650187,-0.0031254343638794,27.98974181154092,0.0004,0.0,5404.516,21
7,24,1.816519171293833,3.3336187144128133,-0.000653240530865,27.972321858666422,0.0004,0.001,5415.281,21
7,24,1.816519171293833,3.323376502830314,-0.0018047005172729,29.31180411228348,0.0004,0.0,4734.375,21
7,24,1.816519171293833,3.323609758457713,0.001768141323971,29.283668229570598,0.0004,0.001,4745.125,21
7,24,1.816519171293833,3.3201958369467883,-0.0047475421269502,29.82470804652406,0.0004,0.0,4583.156,21
7,24,1.816519171293833,3.3202914185934023,-0.0029267774009995,29.77427603222097,0.0004,0.001,4593.922,21
7,24,1.816519171293833,3.320759121012557,0.0001109563623332,29.727887197016187,0.0004,0.0,4604.75,21
7,24,1.816519171293833,3.3208373224041066,-0.0003489907474191,29.691074199933947,0.0004,0.001,4615.531,21
7,24,1.816519171293833,3.32117380711994,0.0004834328970583,29.653422747345303,0.0004,0.0,4626.313,21
7,24,1.816519171293833,3.321277159884924,-0.0003921886510404,29.612968605531066,0.0004,0.001,4637.141,21
7,24,1.816519171293833,3.321633138148105,-0.0024480048957035,29.57319030022221,0.0004,0.0,4647.985,21
7,24,1.816519171293833,3.32180263799752,-0.0020560709051952,29.536288538512608,0.0004,0.001,4658.766,21
7,24,1.816519171293833,3.3180632102902745,0.0006182997455697,30.141240681570714,0.0004,0.0,4496.719,21
7,24,1.816519171293833,3.318431460620784,-0.0031832598580803,30.10831267018041,0.0004,0.001,4507.547,21
7,24,1.816519171293833,3.3188790085387416,-0.0028766956652536,30.057030212717347,0.0004,0.0,4518.375,21
7,24,1.816519171293833,3.31902749517495,-0.0039854337619274,30.0150613427795,0.0004,0.001,4529.172,21
7,24,1.816519171293833,3.319240328758912,-0.0007211879571206,29.97761341226879,0.0004,0.0,4539.953,21
7,24,1.816519171293833,3.3194426956345,-0.0014786298037759,29.93307362705022,0.0004,0.001,4550.75,21
7,24,1.816519171293833,3.3197514770057355,-0.0032833353189629,29.884519134392,0.0004,0.0,4561.563,21
7,24,1.816519171293833,3.319925281214367,-0.002022859812604,29.84806127276287,0.0004,0.001,4572.391,21
7,24,1.816519171293833,3.3158803004426107,0.0003736138937403,30.521783843630477,0.0004,0.0,4410.297,21
7,24,1.816519171293833,3.31624129975522,-0.0029370171628349,30.45657646984393,0.0004,0.001,4421.063,21
7,24,1.816519171293833,3.3164773414071567,0.0006453454532873,30.40699865055229,0.0004,0.0,4431.828,21
7,24,1.816519171293833,3.316711053646159,-0.002554994548457,30.36662593401461,0.0004,0.001,4442.656,21
7,24,1.816519171293833,3.316996809037544,-0.0026484905055613,30.31369253439882,0.0004,0.001,4453.438,21
7,24,1.816519171293833,3.317424025853656,-0.0002802283116607,30.270318074757768,0.0004,0.001,4464.219,21
7,24,1.816519171293833,3.3304278825627414,-0.0030645776194406,28.338915925224107,0.0004,0.0,5166.578,21
7,24,1.816519171293833,3.330730028202397,-0.000156142381895,28.32140116001405,0.0004,0.001,5177.406,21
7,24,1.816519171293833,3.336638880011789,-0.001393147353765,27.67021702479562,0.0004,0.0,5706.985,21
7,24,1.816519171293833,3.33677494404366,-0.0024627887261501,27.661912170676715,0.0004,0.001,5717.828,21
7,24,1.816519171293833,3.3370596203732017,-0.0026943598889509,27.65993280887607,0.0004,0.0,5728.61,21
7,24,1.816519171293833,3.3369716984728544,-0.0004839168372102,27.64679631250645,0.0004,0.001,5739.406,21
7,24,1.816519171293833,3.337179599163379,-0.0043868040845181,27.637704975209576,0.0004,0.0,5750.219,21
7,24,1.816519171293833,3.3372938788799065,-0.0022436480841932,27.63432437010903,0.0004,0.001,5760.985,21
7,24,1.816519171293833,3.3291323375691224,0.0005594854776123,28.473218040673142,0.0004,0.0,5080.047,21
7,24,1.816519171293833,3.329240814654104,-0.0011343666861283,28.462430825350825,0.0004,0.001,5090.86,21
7,24,1.816519171293833,3.326634079681249,0.0004989257209947,28.793939825286717,0.0004,0.0,4928.781,21
7,24,1.816519171293833,3.3270535263545957,-0.0016368607896218,28.780939804646398,0.0004,0.001,4939.594,21
7,24,1.816519171293833,3.327251730075526,-0.0028001362092812,28.76094997194848,0.0004,0.0,4950.422,21
7,24,1.816519171293833,3.327458225865811,0.0011518237167678,28.72386369641076,0.0004,0.001,4961.188,21
7,24,1.816519171293833,3.327633225155808,-0.0041260222551995,28.699431862884666,0.0004,0.0,4971.969,21
7,24,1.816519171293833,3.3277932008132005,-0.0007979095160215,28.673246615663448,0.0004,0.001,4982.781,21
7,24,1.816519171293833,3.3278606917581057,0.0025788757126974,28.653603741418262,0.0004,0.0,4993.61,21
7,24,1.816519171293833,3.328172185121515,0.0008536878268059,28.62313186002542,0.0004,0.001,5004.453,21
7,24,1.816519171293833,3.325421730437338,-0.0019439799990088,29.014051381699048,0.0004,0.0,4842.281,21
7,24,1.816519171293833,3.325383215381461,0.0010157301106097,28.98805954729111,0.0004,0.001,4853.078,21
7,24,1.816519171293833,3.325724790699891,-0.0008955229481257,28.95622911991772,0.0004,0.0,4863.953,21
7,24,1.816519171293833,3.3260149984655296,-0.0025177006192633,28.933224431424144,0.0004,0.001,4874.766,21
7,24,1.816519171293833,3.326037767828877,-0.0025382069064135,28.915264734237475,0.0004,0.0,4885.547,21
7,24,1.816519171293833,3.326454946408476,-0.0014302227260757,28.88506338327978,0.0004,0.001,4896.313,21
7,24,1.816519171293833,3.3264149996527426,0.0036228652735928,28.85362092478137,0.0004,0.0,4907.094,21
7,24,1.816519171293833,3.326761289744252,0.0038493032117538,28.823993145650537,0.0004,0.001,4917.969,21
7,24,1.816519171293833,3.323661553498312,-0.0004543480272474,29.255623511908848,0.0004,0.0,4755.938,21
7,24,1.816519171293833,3.32396489378173,0.0004275711713349,29.22344974624811,0.0004,0.001,4766.766,21
7,24,1.816519171293833,3.3241708724808845,-0.0012947362943931,29.18843440389275,0.0004,0.0,4777.578,21
7,24,1.816519171293833,3.3243374621345096,-0.0009077670737949,29.15911441773027,0.0004,0.001,4788.391,21
7,24,1.816519171293833,3.324568673865484,-0.0014453244502367,29.138130881872584,0.0004,0.0,4799.141,21
7,24,1.816519171293833,3.3249948791980484,0.0006748919024662,29.10340986565756,0.0004,0.001,4809.938,21
7,24,1.816519171293833,3.3346806522963424,0.0001727988934519,27.86813630162311,0.0004,0.0,5512.578,21
7,24,1.816519171293833,3.334835534893008,-0.0025988015115721,27.86449668584376,0.0004,0.001,5523.375,21
7,24,1.816519171293833,3.339714838113897,-0.0002650671264468,27.426309601044967,0.0004,0.0,6052.906,21
7,24,1.816519171293833,3.339798601870956,-0.0018772449841461,27.426466810388856,0.0004,0.001,6063.641,21
7,24,1.816519171293833,3.3399490299100507,-0.0019246059651401,27.410049290432536,0.0004,0.0,6074.453,21
7,24,1.816519171293833,3.3398305706121865,-0.0025315709022239,27.407682060327545,0.0004,0.001,6085.281,21
7,24,1.816519171293833,3.340064119916687,-0.0023703436477587,27.399479499686617,0.0004,0.0,6096.094,21
7,24,1.816519171293833,3.3401260359069265,9.40173774515582e-05,27.39311643140876,0.0004,0.001,6106.86,21
7,24,1.816519171293833,3.33365218798686,0.001742569301605,27.959181392661257,0.0004,0.0,5426.063,21
7,24,1.816519171293833,3.333917774847167,-0.001787722507257,27.95533760315361,0.0004,0.001,5436.828,21
7,24,1.816519171293833,3.331726058996705,-0.0027122992710872,28.166164009659376,0.0004,0.0,5274.672,21
7,24,1.816519171293833,3.33198932410974,-0.0033878639520873,28.14664980562229,0.0004,0.001,5285.5,21
7,24,1.816519171293833,3.3321526723555577,-0.0034067611730163,28.132988632867036,0.0004,0.0,5296.313,21
7,24,1.816519171293833,3.3324302559410124,0.000415332450751,28.11159211138543,0.0004,0.001,5307.11,21
7,24,1.816519171293833,3.332538440290905,-0.0011162830737822,28.103922772772705,0.0004,0.0,5317.922,21
7,24,1.816519171293833,3.332543910781525,-0.003107998499496,28.088603630871816,0.0004,0.001,5328.703,21
7,24,1.816519171293833,3.332743283649731,-1.2610168760654482e-06,28.07986005414542,0.0004,0.0,5339.485,21
7,24,1.816519171293833,3.3328006246510458,-0.0026182652611688,28.05730483167881,0.0004,0.001,5350.328,21
7,24,1.816519171293833,3.3308755479213805,-0.0008398574928366,28.297328413822783,0.0004,0.0,5188.188,21
7,24,1.816519171293833,3.330771662143423,-0.0046143522511055,28.27607705721163,0.0004,0.001,5199.0,21
7,24,1.816519171293833,3.3308992034944924,-0.0017229786888008,28.25463989445557,0.0004,0.0,5209.844,21
7,24,1.816519171293833,3.3312630435891086,-0.0001800088434605,28.252369620793583,0.0004,0.001,5220.672,21
7,24,1.816519171293833,3.331342151896384,-0.0010148992920503,28.23674819844164,0.0004,0.0,5231.469,21
7,24,1.816519171293833,3.3315404844918035,-0.0046354536852845,28.214706016992142,0.0004,0.001,5242.328,21
7,24,1.816519171293833,3.3316049784200064,-0.0030962220944125,28.19500762629668,0.0004,0.0,5253.141,21
7,24,1.816519171293833,3.3316901667629075,-0.0005072362882337,28.177395425889003,0.0004,0.001,5263.906,21
7,24,1.816519171293833,3.3295547844338684,-0.0018036312295544,28.43574563225917,0.0004,0.0,5101.656,21
7,24,1.816519171293833,3.3297537996502604,-0.0020433481535023,28.412931326804767,0.0004,0.001,5112.516,21
7,24,1.816519171293833,3.3298290644883664,-0.0019139748833004,28.410642194840936,0.0004,0.0,5123.344,21
7,24,1.816519171293833,3.3298842538310915,-0.0017863505569899,28.388823345389454,0.0004,0.001,5134.11,21
7,24,1.816519171293833,3.3301015014116464,-0.0022336332594575,28.37419886575394,0.0004,0.0,5144.922,21
7,24,1.816519171293833,3.3304277351613085,-0.0026298498465445,28.36501581281907,0.0004,0.001,5155.766,21
7,24,1.816519171293833,3.33810441372445,0.0009722089456961,27.552753649416143,0.0004,0.0,5858.453,21
7,24,1.816519171293833,3.338158883056341,-0.0019206574027716,27.547359397576464,0.0004,0.001,5869.25,21
7,24,1.816519171293833,3.3422074741667216,-0.0010170644650961,27.264209582104765,0.0004,0.0,6398.516,21
7,24,1.816519171293833,3.342419230083621,-0.0031162929275456,27.266745601568672,0.0004,0.001,6409.344,21
7,24,1.816519171293833,3.34261387703888,-0.0004405198155158,27.25209005581129,0.0004,0.0,6420.156,21
7,24,1.816519171293833,3.3426329898493923,-0.0010896130848914,27.262813376028102,0.0004,0.001,6430.891,21
7,24,1.816519171293833,3.3426780961353684,-0.0013302317821813,27.252310777819854,0.0004,0.0,6441.688,21
7,24,1.816519171293833,3.342770716480861,-0.001812875912613,27.244283907687592,0.0004,0.001,6452.547,21
7,24,1.816519171293833,3.3372845884621416,-0.0005954415347302,27.612503988912515,0.0004,0.0,5771.781,21
7,24,1.816519171293833,3.3374183306565905,-0.0019453180652912,27.609957099838223,0.0004,0.001,5782.594,21
7,24,1.816519171293833,3.3359683129008717,-0.0021364240093864,27.75152242939612,0.0004,0.0,5620.563,21
7,24,1.816519171293833,3.335738537767004,-0.0025210393074673,27.74751572483999,0.0004,0.001,5631.406,21
7,24,1.816519171293833,3.336079932672868,-0.0001208580676557,27.73741117815664,0.0004,0.0,5642.203,21
7,24,1.816519171293833,3.3361572438307334,-0.0007190357517423,27.73026446217511,0.0004,0.001,5653.016,21
7,24,1.816519171293833,3.336243055874456,-0.0007041713476304,27.71305110925156,0.0004,0.0,5663.797,21
7,24,1.816519171293833,3.336281277938329,0.0007318713711974,27.7043575244754,0.0004,0.001,5674.594,21
7,24,1.816519171293833,3.3364932889386862,-0.0026286768921835,27.69501854107302,0.0004,0.0,5685.438,21
7,24,1.816519171293833,3.33661897111882,-0.0018828616217875,27.68809248766321,0.0004,0.001,5696.203,21
7,24,1.816519171293833,3.3349882032364992,-0.002100002464485,27.848127182501752,0.0004,0.0,5534.203,21
7,24,1.816519171293833,3.33499032212061,-0.0033366325365728,27.83609092849229,0.0004,0.001,5545.0,21
7,24,1.816519171293833,3.33518863806537,-0.0008409963898355,27.81373878193004,0.0004,0.0,5555.813,21
7,24,1.816519171293833,3.3351963776191123,-0.0016556491607304,27.808586640105062,0.0004,0.001,5566.61,21
7,24,1.816519171293833,3.3353973548300697,-0.0012247262091501,27.80289348762634,0.0004,0.0,5577.391,21
7,24,1.816519171293833,3.335424406272129,-0.0005886140596069,27.796232236147112,0.0004,0.001,5588.188,21
7,24,1.816519171293833,3.3355439267071785,-0.0013055870703148,27.77598312978232,0.0004,0.0,5598.969,21
7,24,1.816519171293833,3.3356329328102485,0.000103719129423,27.762329691963743,0.0004,0.001,5609.781,21
7,24,1.816519171293833,3.333899149703395,-0.001924030462569,27.94508348958239,0.0004,0.0,5447.61,21
7,24,1.816519171293833,3.3340970813659085,0.0014167092390278,27.92533517371284,0.0004,0.001,5458.422,21
7,24,1.816519171293833,3.334170146025682,-0.0013485733966735,27.918365665587984,0.0004,0.0,5469.235,21
7,24,1.816519171293833,3.334383622504534,-0.0024760035422786,27.913490457252216,0.0004,0.001,5480.078,21
7,24,1.816519171293833,3.3343934145385754,-0.000325212228516,27.895873324400405,0.0004,0.0,5490.906,21
7,24,1.816519171293833,3.3345827689373526,0.0020665362604658,27.88389239600177,0.0004,0.001,5501.735,21
7,24,1.816519171293833,4.042676858881086,0.001282648144179,31.142284639302705,0.0008,4.049,300.281,21
7,24,1.816519171293833,3.443171846445481,-3.973508223588865,31.12873974424426,3.997,1.537,310.719,21
7,24,1.816519171293833,4.036410014309783,0.0004968370032421,31.34150240054991,0.0008,4.043,321.078,21
7,24,1.816519171293833,3.4392308779424514,-3.970472413755209,31.338891895839215,3.997,1.533,331.485,21
7,24,1.816519171293833,4.030555127813015,-0.0008708162391365,31.574286816292226,0.0008,4.038,341.891,21
7,24,1.816519171293833,3.435459440663964,-3.975482869342146,31.559017704725903,3.997,1.529,352.281,21
7,24,1.816519171293833,3.3402819701562585,-0.0021663262945582,27.389031303616047,0.0004,0.0,6117.656,21
7,24,1.816519171293833,3.3404352171757394,-0.0008510009372266,27.377844799411683,0.0004,0.001,6128.469,21
7,24,1.816519171293833,3.3390013680089106,0.0001346400904761,27.48319130912828,0.0004,0.0,5966.641,21
7,24,1.816519171293833,3.339141678312799,-0.0005645291676451,27.46710844300288,0.0004,0.001,5977.375,21
7,24,1.816519171293833,3.339183789311551,-0.0023999048789716,27.47076152836499,0.0004,0.0,5988.172,21
7,24,1.816519171293833,3.339425514452157,-0.0019981523955335,27.46141977112004,0.0004,0.001,5998.906,21
7,24,1.816519171293833,3.3393461186227675,0.0001593054452463,27.448157979540465,0.0004,0.0,6009.703,21
7,24,1.816519171293833,3.3395361911781416,-0.0001324427559584,27.444830498991603,0.0004,0.001,6020.469,21
7,24,1.816519171293833,3.3395407726984017,-0.0010878167563285,27.441770314950503,0.0004,0.0,6031.281,21
7,24,1.816519171293833,3.339672008360456,0.0022424435378352,27.438029138172112,0.0004,0.001,6042.125,21
7,24,1.816519171293833,3.3383639919549077,-0.0015470364478783,27.53742989721116,0.0004,0.0,5880.125,21
7,24,1.816519171293833,3.338305753946412,-0.0007172045100497,27.53382461485283,0.0004,0.001,5890.922,21
7,24,1.816519171293833,3.3386403180446718,-0.0017350265029305,27.526782809093127,0.0004,0.0,5901.75,21
7,24,1.816519171293833,3.338431406164266,7.854839110015006e-05,27.523102353799555,0.0004,0.001,5912.516,21
7,24,1.816519171293833,3.3385844436662744,-0.0005436194575006,27.520330290042136,0.0004,0.0,5923.266,21
7,24,1.816519171293833,3.3388545986044478,0.0009260730815089,27.497889979322075,0.0004,0.001,5934.11,21
7,24,1.816519171293833,3.338847158413825,-0.0003829337221673,27.500912768145074,0.0004,0.0,5945.0,21
7,24,1.816519171293833,3.3389752482720807,-0.0016901352664234,27.48750387101769,0.0004,0.001,5955.797,21
7,24,1.816519171293833,3.337612296607199,-0.0010901628803451,27.600510039984183,0.0004,0.0,5793.406,21
7,24,1.816519171293833,3.3376140888680594,-0.0020263544469087,27.579159559583427,0.0004,0.001,5804.297,21
7,24,1.816519171293833,3.3376910990329858,-0.002637241731698,27.567215923405985,0.0004,0.001,5815.172,21
7,24,1.816519171293833,3.3377587721710604,0.001167480869422,27.567006028649413,0.0004,0.001,5825.953,21
7,24,1.816519171293833,3.337822729468196,-0.0012200532183634,27.56311855964737,0.0004,0.0,5836.781,21
7,24,1.816519171293833,3.337945570164051,-0.0018391675227189,27.54608524617028,0.0004,0.001,5847.61,21
7,24,1.816519171293833,4.202193645397168,-0.0009807308884524,25.914640942736757,0.0004,0.0,0.0,21
7,24,1.816519171293833,4.202445131277022,3.83410664057741e-05,25.91326636815152,0.0004,4.218,9.421999999999995,21
7,24,1.816519171293833,3.5540360488645137,-3.9749145905012178,26.17116218992641,3.997,1.615,20.11,21
8,24,1.819833556519024,3.2111494078959404,-3.972614687384561,36.66429652906942,3.997,1.307,1296.562,20
8,24,1.819833556519024,3.8046064441112857,-0.0011667206177236,36.82450344535697,0.0006,3.812,1307.015,20
8,24,1.819833556519024,3.207236887486097,-3.9728746466623215,36.7181504098476,3.997,1.304,1317.484,20
8,24,1.819833556519024,3.800795940998413,-0.0013253328706618,36.90115145536594,0.0008,3.808,1327.937,20
8,24,1.819833556519024,3.203466915677029,-3.9741084981297887,36.80474926745926,3.997,1.301,1338.375,20
8,24,1.819833556519024,3.8283500477044425,0.0013093523269667,36.40876060722401,0.0008,3.836,1181.64,20
8,24,1.819833556519024,3.229690191768776,-3.9716405305371234,36.31887882971429,3.997,1.325,1192.062,20
8,24,1.819833556519024,3.91164867356906,-0.0025164986619492,35.57621247078983,0.0008,3.92,783.812,20
8,24,1.819833556519024,3.194892495850294,-3.973340116703701,36.9397383338989,3.997,1.292,1380.25,20
8,24,1.819833556519024,3.7895534226708,-0.0018414804496877,37.09186310925732,0.0008,3.798,1390.672,20
8,24,1.819833556519024,3.190880816302835,-3.9709239599691792,37.01174801205374,3.997,1.288,1401.125,20
8,24,1.819833556519024,3.7859670196432496,-4.955007188339996e-06,37.17833877559157,0.0008,3.794,1411.625,20
8,24,1.819833556519024,3.1872164995411243,-3.973350756957176,37.07577901802456,3.997,1.284,1422.14,20
8,24,1.819833556519024,3.812375499395341,-0.0033194631661927,36.69238376783655,0.0006,3.82,1265.265,20
8,24,1.819833556519024,3.214895484805611,-3.9734542327898232,36.58782774046139,3.997,1.312,1275.718,20
8,24,1.819833556519024,3.808531485529018,-0.000994090813398,36.75589029250866,0.0008,3.816,1286.14,20
8,24,1.819833556519024,3.1797546540602504,-3.974106069416724,37.203414958031296,3.997,1.277,1464.078,20
8,24,1.819833556519024,3.775090501692642,-0.0021982754111619,37.35934636528298,0.0006,3.782,1474.547,20
8,24,1.819833556519024,3.176889460834321,-3.968838200881471,37.2301720812636,3.997,1.274,1484.984,20
8,24,1.819833556519024,3.77136349241362,-0.0006818738635282,37.40687361660576,0.0006,3.779,1495.39,20
8,24,1.819833556519024,3.1730024774458347,-3.971974008967114,37.306415892566754,3.997,1.27,1505.922,20
8,24,1.819833556519024,3.797238722166681,-0.0009135600520975,36.9478404193473,0.0008,3.805,1348.828,20
8,24,1.819833556519024,3.1984205482331527,-3.973657179735194,36.85459912872332,3.997,1.295,1359.312,20
8,24,1.819833556519024,3.793284121236364,-0.0012590497380119,37.007268885272566,0.0006,3.801,1369.812,20
8,24,1.819833556519024,3.292487611730471,-3.973184934213364,35.5377932738211,3.997,1.386,878.062,20
8,24,1.819833556519024,3.889018874965347,-0.0028800544411471,35.67744954062481,0.0008,3.896,888.5,20
8,24,1.819833556519024,3.28795403337301,-3.973052536746816,35.56582652285579,3.997,1.382,898.984,20
8,24,1.819833556519024,3.884646637097591,-0.0001282211706105,35.72721839435986,0.0006,3.892,909.484,20
8,24,1.819833556519024,3.283677262501054,-3.9725480608423913,35.62045257999212,3.997,1.377,919.906,20
8,24,1.819833556519024,3.7823924382143015,-0.0013065657166766,37.23655519217228,0.0008,3.79,1432.64,20
8,24,1.819833556519024,3.183436106203294,-3.9753139356263807,37.12024668262803,3.997,1.28,1443.125,20
8,24,1.819833556519024,3.778716893843397,-0.0040689979998571,37.28345027561548,0.0008,3.787,1453.578,20
8,24,1.819833556519024,3.898137325858215,-0.000457550851692,35.67139649132326,0.0008,3.905,846.672,20
8,24,1.819833556519024,3.296827138402333,-3.9737670919651378,35.57852762976778,3.997,1.389,857.109,20
8,24,1.819833556519024,3.8241725257480903,-0.0034945707565375,36.472271260140346,0.0006,3.832,1202.515,20
8,24,1.819833556519024,3.2261531671491785,-3.97326819888445,36.389106126590654,3.997,1.322,1213.015,20
8,24,1.819833556519024,3.820280609733705,-0.0027874367509154,36.55864196915242,0.0008,3.828,1223.484,20
8,24,1.819833556519024,3.2226142024975903,-3.970472566566665,36.44492456899874,3.997,1.318,1233.922,20
8,24,1.819833556519024,3.816539146747846,-8.285130416578685e-05,36.606231070913616,0.0008,3.824,1244.39,20
8,24,1.819833556519024,3.2188900751849325,-3.976346285574553,36.54672295200246,3.997,1.314,1254.812,20
8,24,1.819833556519024,3.8800078904090505,-0.0030259421846449,35.740149058691195,0.0008,3.887,930.406,20
8,24,1.819833556519024,3.27919370750274,-3.973912567317201,35.63174828959218,3.997,1.373,940.89,20
8,24,1.819833556519024,3.8754708703029297,-0.0033115425894473,35.77327391849357,0.0008,3.884,951.343,20
8,24,1.819833556519024,3.2751372653857183,-3.9718043506658542,35.64814748109912,3.997,1.369,961.797,20
8,24,1.819833556519024,3.871127982156095,-0.0009826710045901,35.80703028556914,0.0008,3.879,972.265,20
8,24,1.819833556519024,3.270448198676418,-3.9747575328723848,35.70364658720183,3.997,1.364,982.781,20
8,24,1.819833556519024,3.866542805300066,-0.0033050716857113,35.83645700172202,0.0008,3.874,993.203,20
8,24,1.819833556519024,3.2662612358333467,-3.975294735185699,35.74569401574396,3.997,1.361,1003.703,20
8,24,1.819833556519024,3.8621214133946,-0.0016158785393679,35.89934787522398,0.0008,3.87,1014.156,20
8,24,1.819833556519024,3.2620100792393614,-3.9728542424890634,35.80654903766613,3.997,1.356,1024.625,20
8,24,1.819833556519024,3.857922697113256,-0.0036249396007229,35.96151732254116,0.0008,3.866,1035.078,20
8,24,1.819833556519024,3.2576590013705533,-3.9727332196188856,35.87136340824682,3.997,1.353,1045.625,20
8,24,1.819833556519024,3.853136682073496,-0.001027336327385,36.03746981022009,0.0008,3.862,1056.078,20
8,24,1.819833556519024,3.253409118187573,-3.9731955740651066,35.943040587542306,3.997,1.348,1066.562,20
8,24,1.819833556519024,3.849092970317616,-0.0009578444714205,36.08055940628923,0.0008,3.857,1077.0,20
8,24,1.819833556519024,3.249411103117813,-3.976568158782472,35.97291963981135,3.997,1.345,1087.453,20
8,24,1.819833556519024,3.309785860269613,-3.971152375211493,35.472956046723425,3.997,1.403,794.25,20
8,24,1.819833556519024,3.3939708745473847,-3.971638570397108,33.09202397340918,3.997,1.481,438.718,20
8,24,1.819833556519024,4.00553871628618,0.0013069130353953,33.307568168871185,0.0008,4.012,449.218,20
8,24,1.819833556519024,3.3893095099748844,-3.975097760793158,33.308815549662235,3.997,1.476,459.687,20
8,24,1.819833556519024,3.836686764345547,-0.0015069375049682,36.27231774519243,0.0006,3.844,1139.812,20
8,24,1.819833556519024,3.2374094633693216,-3.9771945719805046,36.18217493849705,3.997,1.333,1150.297,20
8,24,1.819833556519024,3.832368255611682,-0.0002333515049036,36.32821773233351,0.0008,3.84,1160.781,20
8,24,1.819833556519024,3.233886282862151,-3.970968166887838,36.23583214204387,3.997,1.33,1171.234,20
8,24,1.819833556519024,3.718373821251209,0.0022763982993443,38.27915474736033,0.0008,3.726,1851.422,20
8,24,1.819833556519024,3.115786314779406,-3.970792002716369,38.17861040984282,3.997,1.214,1861.953,20
8,24,1.819833556519024,3.715408238522933,-0.0014817115488395,38.32419268102496,0.0008,3.723,1872.422,20
8,24,1.819833556519024,3.112698960057585,-3.972205955249956,38.20786057660814,3.997,1.212,1882.89,20
8,24,1.819833556519024,3.7131320188136647,-0.0024639495991534,38.4009792276514,0.0008,3.72,1893.39,20
8,24,1.819833556519024,3.1097038808846555,-3.9750993419437983,38.279213947190335,3.997,1.208,1903.812,20
8,24,1.819833556519024,3.7106030366692377,-0.0016052456110235,38.420149861831085,0.0008,3.718,1914.281,20
8,24,1.819833556519024,3.107328534669719,-3.974150411712441,38.27838044414749,3.997,1.206,1924.687,20
8,24,1.819833556519024,3.7076482319447033,-0.0016539500311896,38.46732790957381,0.0006,3.716,1935.172,20
8,24,1.819833556519024,3.1040272780212854,-3.9712010122862336,38.35574272487166,3.997,1.202,1945.703,20
8,24,1.819833556519024,3.705130278289943,4.752642392194158e-05,38.49945005804897,0.0008,3.712,1956.187,20
8,24,1.819833556519024,3.101123636051144,-3.972372766213708,38.37354617224642,3.997,1.198,1966.609,20
8,24,1.819833556519024,3.702996976673481,-0.0021578858706793,38.531376193378655,0.0008,3.711,1977.093,20
8,24,1.819833556519024,3.098554342763776,-3.974930558741979,38.41093737086072,3.997,1.196,1987.593,20
8,24,1.819833556519024,3.700496190668488,-0.0009940798260216,38.6010019604798,0.0008,3.708,1998.015,20
8,24,1.819833556519024,3.095693510704965,-3.9722100228606143,38.48424652939965,3.997,1.193,2008.547,20
8,24,1.819833556519024,3.697982537275168,0.0008859060771037,38.6445726565064,0.0008,3.706,2018.984,20
8,24,1.819833556519024,3.092759374292778,-3.972511712492111,38.52232275204529,3.997,1.192,2029.468,20
8,24,1.819833556519024,3.695843877914361,-0.001289832402683,38.698084181653215,0.0008,3.704,2039.937,20
8,24,1.819833556519024,3.0901495938439907,-3.974535612659316,38.560442497741136,3.997,1.188,2050.406,20
8,24,1.819833556519024,3.693800946143061,-0.001710062306383,38.7466639402647,0.0006,3.701,2060.89,20
8,24,1.819833556519024,3.0874920324239907,-3.9740042716759487,38.62836618002821,3.997,1.186,2071.328,20
8,24,1.819833556519024,3.691562276763912,-0.0027762711187785,38.76881577696639,0.0008,3.699,2081.797,20
8,24,1.819833556519024,3.0851364114256787,-3.9735568476877674,38.663462443206,3.997,1.184,2092.265,20
8,24,1.819833556519024,3.689694632803336,-0.0018547190970558,38.81076021921978,0.0008,3.697,2102.765,20
8,24,1.819833556519024,3.08282722131772,-3.973504512375121,38.705866339174406,3.997,1.182,2113.25,20
8,24,1.819833556519024,3.687531107777192,-0.001807549111024,38.85237104267601,0.0008,3.695,2123.672,20
8,24,1.819833556519024,3.080035212208598,-3.973331664526418,38.75678506392789,3.997,1.179,2134.172,20
8,24,1.819833556519024,3.685562792095661,-0.0008116827581671,38.9150948334465,0.0008,3.693,2144.609,20
8,24,1.819833556519024,3.077551346261696,-3.973610147201416,38.809014796464425,3.997,1.178,2155.078,20
8,24,1.819833556519024,3.683462633432472,-0.0001921239741352,38.94599049104083,0.0008,3.692,2165.547,20
8,24,1.819833556519024,3.075345783656684,-3.973881264728776,38.82419191044409,3.997,1.173,2176.062,20
8,24,1.819833556519024,3.681820507476602,-0.0013349391250567,38.99253041808656,0.0008,3.689,2186.515,20
8,24,1.819833556519024,3.073201477600528,-3.972222761048788,38.88946071951693,3.997,1.17,2196.984,20
8,24,1.819833556519024,3.680094874381466,0.0026805169614771,39.05253332282773,0.0008,3.688,2207.484,20
8,24,1.819833556519024,3.071194930912432,-3.9748669695128,38.907452256245726,3.997,1.17,2217.906,20
8,24,1.819833556519024,3.678110124129415,-0.0003609948623291,39.06756034568065,0.0008,3.685,2228.406,20
8,24,1.819833556519024,3.068536510791832,-3.971813885570846,38.92944305019536,3.997,1.167,2238.875,20
8,24,1.819833556519024,3.676802081310795,-0.0039273287645716,39.12586828519984,0.0006,3.684,2249.359,20
8,24,1.819833556519024,3.0660683896460093,-3.973421981459321,38.98108999776977,3.997,1.165,2259.875,20
8,24,1.819833556519024,3.6747656329881857,-0.0031571728699729,39.16907098077952,0.0008,3.682,2270.297,20
8,24,1.819833556519024,3.0635928526726417,-3.9722944976115926,39.02550772119663,3.997,1.162,2280.781,20
8,24,1.819833556519024,3.672680079382186,-0.0024929872038695,39.22366168141657,0.0008,3.68,2291.234,20
8,24,1.819833556519024,3.0607415669317395,-3.970950499937867,39.077174695414,3.997,1.16,2301.672,20
8,24,1.819833556519024,3.6712937814880577,0.0003085487745633,39.26359521452043,0.0008,3.678,2312.14,20
8,24,1.819833556519024,3.057997933813496,-3.972942526936152,39.117277316542726,3.997,1.157,2322.64,20
8,24,1.819833556519024,3.669960070853015,-0.0012179651171924,39.31336657294232,0.0008,3.676,2333.093,20
8,24,1.819833556519024,3.055572111764966,-3.972387556453693,39.18122518107848,3.997,1.156,2343.578,20
8,24,1.819833556519024,3.668050723034992,-0.0007289925260585,39.36799221758581,0.0008,3.676,2354.078,20
8,24,1.819833556519024,3.053455521533519,-3.973924954187577,39.222500804809535,3.997,1.153,2364.531,20
8,24,1.819833556519024,3.666364481247855,-0.0009183425616772,39.41111054764464,0.0008,3.674,2374.984,20
8,24,1.819833556519024,3.050946265623266,-3.973266209345669,39.27327332883296,3.997,1.151,2385.437,20
8,24,1.819833556519024,3.6648211043698296,0.0018055888499323,39.46082186382715,0.0008,3.672,2395.937,20
8,24,1.819833556519024,3.048362339740894,-3.9731820721090343,39.29822465094438,3.997,1.148,2406.406,20
8,24,1.819833556519024,3.663208394549253,-0.0012863637467006,39.50452695869152,0.0008,3.67,2416.875,20
8,24,1.819833556519024,3.0457619679538084,-3.970524882724421,39.36972572028444,3.997,1.145,2427.359,20
8,24,1.819833556519024,3.661120525470511,-0.0001547460630415,39.55323488547599,0.0008,3.668,2437.765,20
8,24,1.819833556519024,3.0427616844387746,-3.971963006816481,39.43981640959061,3.997,1.143,2448.281,20
8,24,1.819833556519024,3.6597813913706094,6.958448692072995e-05,39.61147987237257,0.0008,3.666,2458.718,20
8,24,1.819833556519024,3.038757886259152,-3.972209293331255,39.5060517753218,3.997,1.14,2469.234,20
8,24,1.819833556519024,3.657903637390492,-0.0019522918074738,39.67902578867442,0.0006,3.665,2479.687,20
8,24,1.819833556519024,3.036315420735173,-3.971690128814851,39.555586342972006,3.997,1.137,2490.156,20
8,24,1.819833556519024,3.6564001099342103,-0.0039818571645011,39.746976161199264,0.0006,3.663,2500.64,20
8,24,1.819833556519024,3.0340404387932387,-3.9723303882749863,39.59312575654649,3.997,1.134,2511.062,20
8,24,1.819833556519024,3.654452208404227,-0.0025117514376532,39.77485708187288,0.0008,3.662,2521.547,20
8,24,1.819833556519024,3.030911552684611,-3.9734533415124833,39.65020893043973,3.997,1.132,2532.062,20
8,24,1.819833556519024,3.6526757930004687,-0.0014280409234725,39.84371541263953,0.0008,3.66,2542.484,20
8,24,1.819833556519024,3.0292417962217693,-3.972440826192521,39.73158870405048,3.997,1.13,2552.922,20
8,24,1.819833556519024,3.6508629358919062,-0.0020233032054012,39.89714573961427,0.0008,3.658,2563.312,20
8,24,1.819833556519024,3.026974078656223,-3.9705681688789705,39.7685280376795,3.997,1.128,2573.765,20
8,24,1.819833556519024,3.64899496016052,-0.0042582778083404,39.95214337668751,0.0008,3.655,2584.234,20
8,24,1.819833556519024,3.024009716866867,-3.9733774965158486,39.83647668732074,3.997,1.126,2594.687,20
8,24,1.819833556519024,3.6471633183648575,-0.0008274794271704,40.01176098626317,0.0008,3.653,2605.109,20
8,24,1.819833556519024,3.021603800255336,-3.971792541293557,39.90409202794315,3.997,1.123,2615.625,20
8,24,1.819833556519024,3.64512759014087,-0.0025437086841109,40.07746962190829,0.0008,3.651,2626.078,20
8,24,1.819833556519024,3.018976613311417,-3.973252978758933,39.966674719361485,3.997,1.121,2636.547,20
8,24,1.819833556519024,3.643139087812361,-0.0027339984204104,40.14492038364,0.0008,3.649,2647.015,20
8,24,1.819833556519024,3.016481517985723,-3.970985437911787,39.99315371406727,3.997,1.118,2657.5,20
8,24,1.819833556519024,3.641507063921678,-0.0002280052271515,40.17315774733493,0.0008,3.648,2667.937,20
8,24,1.819833556519024,3.0138909796398567,-3.974127486422884,40.06549396089251,3.997,1.116,2678.453,20
8,24,1.819833556519024,3.63923233593707,-0.000648930282968,40.23274539933543,0.0008,3.645,2688.89,20
8,24,1.819833556519024,3.0104241947165398,-3.972147208179909,40.11008628160829,3.997,1.113,2699.422,20
8,24,1.819833556519024,3.6367923283378314,-0.0009446685986727,40.28193768340738,0.0006,3.643,2709.843,20
8,24,1.819833556519024,3.006172342479336,-3.971330121810928,40.16970247754919,3.997,1.11,2720.328,20
8,24,1.819833556519024,3.634638631769831,0.0005407162341729,40.36072081707361,0.0008,3.641,2730.765,20
8,24,1.819833556519024,3.003022702800875,-3.9716448243221953,40.26787927754619,3.997,1.106,2741.187,20
8,24,1.819833556519024,3.632039338298326,-0.0021526633481221,40.45300630183586,0.0008,3.638,2751.625,20
8,24,1.819833556519024,3.0020946055300883,-3.9735560822226983,40.32907287386506,3.997,1.105,2762.078,20
8,24,1.819833556519024,3.629778946697882,-0.0007173805867919,40.52063869284766,0.0008,3.635,2772.578,20
8,24,1.819833556519024,2.9988151744728,-3.973886134101529,40.407747955793376,3.997,1.102,2783.031,20
8,24,1.819833556519024,3.627073364881684,-0.0003261654017041,40.5725275283479,0.0006,3.633,2793.453,20
8,24,1.819833556519024,2.9950485302123147,-3.9732655255734177,40.44786220932648,3.997,1.099,2803.922,20
8,24,1.819833556519024,3.624200484946472,-0.0016355342216442,40.61399374206261,0.0008,3.629,2814.343,20
8,24,1.819833556519024,2.9910767485266487,-3.9717825948638414,40.49331982741211,3.997,1.095,2824.812,20
8,24,1.819833556519024,3.621289578249927,-0.0022512531615762,40.6892127934578,0.0008,3.627,2835.297,20
8,24,1.819833556519024,2.9865898834237496,-3.9726570954799696,40.560549153880736,3.997,1.089,2845.797,20
8,24,1.819833556519024,3.618428295192984,-0.0012844331677479,40.752872313919966,0.0008,3.623,2856.281,20
8,24,1.819833556519024,2.9839139010096933,-3.973407287741749,40.62185733091598,3.997,1.088,2866.687,20
8,24,1.819833556519024,3.615626728634054,-0.001646629079747,40.810130401492735,0.0008,3.621,2877.203,20
8,24,1.819833556519024,2.9794452216308254,-3.973279380170931,40.68735690704847,3.997,1.084,2887.703,20
8,24,1.819833556519024,3.6118082326566183,0.0018446945284225,40.86301481039374,0.0008,3.617,2898.093,20
8,24,1.819833556519024,2.975836212447569,-3.973332553852416,40.763797959564414,3.997,1.079,2908.609,20
8,24,1.819833556519024,3.608677952703456,-0.0057039703098268,40.94170130459326,0.0008,3.613,2919.078,20
8,24,1.819833556519024,2.9728449482213275,-3.973110247969184,40.80286448974575,3.997,1.077,2929.578,20
8,24,1.819833556519024,3.604917557833709,-0.0044468323932244,40.9880653085725,0.0008,3.609,2940.015,20
8,24,1.819833556519024,2.96808239889729,-3.976039682277963,40.85925875957866,3.997,1.073,2950.5,20
8,24,1.819833556519024,3.6008664585410317,-0.000993931630975,41.05236925487726,0.0008,3.605,2960.968,20
8,24,1.819833556519024,2.962467926234806,-3.9725239100187286,40.90123461396571,3.997,1.068,2971.422,20
8,24,1.819833556519024,3.5966947633600634,-0.0047345876984779,41.099957163036514,0.0008,3.601,2981.922,20
8,24,1.819833556519024,2.9562135207143427,-3.9732558004748144,40.97928862176565,3.997,1.062,2992.422,20
8,24,1.819833556519024,3.59185973291633,0.0003949490353354,41.16357303421108,0.0008,3.596,3002.89,20
8,24,1.819833556519024,2.9503320405910367,-3.971261597673846,41.03618278295572,3.997,1.056,3013.343,20
8,24,1.819833556519024,3.586826737710315,-0.0024994878642786,41.20568835098575,0.0008,3.591,3023.828,20
8,24,1.819833556519024,2.9440480739699324,-3.973206657651808,41.06954967086767,3.997,1.05,3034.25,20
8,24,1.819833556519024,3.5815117205889675,-0.0020711216703302,41.23222997332898,0.0008,3.585,3044.718,20
8,24,1.819833556519024,2.937394237626812,-3.972998518714375,41.10984174492703,3.997,1.045,3055.218,20
8,24,1.819833556519024,3.5751700827242163,-0.0009619244082217,41.318708847231,0.0008,3.579,3065.656,20
8,24,1.819833556519024,2.930313164924298,-3.974190384606128,41.2061020943409,3.997,1.037,3076.156,20
8,24,1.819833556519024,3.567976103560212,0.0003982839097661,41.389538924119066,0.0006,3.571,3086.593,20
8,24,1.819833556519024,2.920473811093647,-3.974185427020918,41.27635710275913,3.997,1.03,3097.078,20
8,24,1.819833556519024,3.559685594636762,0.0004379289015477,41.44461930657942,0.0008,3.563,3107.531,20
8,24,1.819833556519024,2.910791530916748,-3.974562908420336,41.31679013257119,3.997,1.019,3117.953,20
8,24,1.819833556519024,3.5500964954338268,-0.0009948757018134,41.51211487013917,0.0008,3.553,3128.406,20
8,24,1.819833556519024,2.898704175294013,-3.973594404396133,41.369783484848256,3.997,1.008,3138.828,20
8,24,1.819833556519024,3.5388947099207178,-0.0008927612905535,41.5707755262796,0.0008,3.541,3149.265,20
8,24,1.819833556519024,2.883762693355683,-3.972075373292406,41.43373840082898,3.997,0.993,3159.765,20
8,24,1.819833556519024,3.5250373623744657,-0.0026906391800332,41.61552756185048,0.0006,3.528,3170.156,20
8,24,1.819833556519024,2.865825621400071,-3.972266592329616,41.52556717912385,3.997,0.977,3180.562,20
8,24,1.819833556519024,3.509527617610237,-0.0007168577369284,41.69748121216732,0.0006,3.513,3191.015,20
8,24,1.819833556519024,2.8447382805875305,-3.973960647356572,41.5717605982473,3.997,0.959,3201.484,20
8,24,1.819833556519024,3.49054936379622,-0.0017996183096137,41.78744012157871,0.0006,3.493,3211.906,20
8,24,1.819833556519024,2.820207033045238,-3.9744382815221777,41.65998635359215,3.997,0.933,3222.375,20
8,24,1.819833556519024,3.468221614492593,-0.0010169767909124,41.87394811207488,0.0008,3.471,3232.781,20
8,24,1.819833556519024,2.792450435059452,-3.973690821886708,41.73553048869165,3.997,0.907,3243.172,20
8,24,1.819833556519024,3.442368081884586,-0.0005078409845896,41.94597642209438,0.0008,3.445,3253.609,20
8,24,1.819833556519024,2.7597548631409685,-3.974256875257789,41.83996094114838,3.997,0.877,3264.062,20
8,24,1.819833556519024,3.4122446464157616,-0.0012830968534719,42.03615114905038,0.0008,3.414,3274.531,20
8,24,1.819833556519024,2.72206341640122,-3.972717697980865,41.92840233969714,3.997,0.84,3285.015,20
8,24,1.819833556519024,3.376716891504704,-0.001201426228747,42.1449870813099,0.0008,3.379,3295.468,20
8,24,1.819833556519024,2.678212992423424,-3.973829551582325,42.04349890553375,3.997,0.8,3305.937,20
8,24,1.819833556519024,3.334473310554309,-0.0013784885018051,42.20769443528368,0.0008,3.335,3316.625,20
8,24,1.819833556519024,2.626370192668066,-3.9729367393683135,42.108274973297945,3.997,0.749,3327.25,20
8,24,1.819833556519024,3.283740308487623,0.0003254858877082,42.33731624494256,0.0008,3.284,3337.906,20
8,24,1.819833556519024,2.561675738396255,-3.971984885028534,42.229180572821015,3.997,0.687,3348.547,20
8,24,1.819833556519024,3.222236012599087,-0.0009666740950091,42.44318633038782,0.0006,3.222,3359.234,20
8,24,1.819833556519024,2.4791120561344835,-3.971882610070838,42.32601561226255,3.997,0.617,3369.859,20
8,24,1.819833556519024,3.1556985079376414,0.0001995722088752,42.50145921854708,0.0004,0.0,3380.734,20
8,24,1.819833556519024,3.1899397691925704,0.0021860805260231,42.1245688208254,0.0004,0.001,3391.593,20
8,24,1.819833556519024,3.2124098472436,-0.0016922635878567,41.65564305131088,0.0004,0.0,3402.437,20
8,24,1.819833556519024,3.228916698922134,-0.0011479801210955,41.22952773675744,0.0004,0.001,3413.297,20
8,24,1.819833556519024,3.2417943671719884,0.0021038948013478,40.8674127998201,0.0006,0.0,3424.125,20
8,24,1.819833556519024,3.252094444039248,-0.0025886928859618,40.54081604876648,0.0004,0.001,3435.047,20
8,24,1.819833556519024,3.260356815206217,2.156006170035961e-05,40.26390544671632,0.0004,0.0,3445.906,20
8,24,1.819833556519024,3.267156551547407,0.0004186152406345,40.005039951984735,0.0004,0.001,3456.797,20
8,24,1.819833556519024,3.272886188703682,-0.0014160627259833,39.75009365240411,0.0004,0.0,3467.64,20
8,24,1.819833556519024,3.2778874011189,-0.0013071244418811,39.53050425431443,0.0004,0.001,3478.484,20
8,24,1.819833556519024,3.2822191352662085,-0.0011358319032018,39.31790880766575,0.0004,0.0,3489.39,20
8,24,1.819833556519024,3.285824444371288,-0.0013276622374069,39.09664500107441,0.0004,0.001,3500.265,20
8,24,1.819833556519024,3.2890538501448083,0.0010100306267907,38.89232961956579,0.0004,0.0,3511.14,20
8,24,1.819833556519024,3.292062166577233,-0.001825848502143,38.71030816321745,0.0004,0.001,3522.125,20
8,24,1.819833556519024,3.2945975659722926,-0.0011897532786073,38.52221867325989,0.0004,0.0,3532.984,20
8,24,1.819833556519024,3.2968749860762308,-0.0019324474445071,38.32956190632832,0.0004,0.001,3543.828,20
8,24,1.819833556519024,3.298817384756359,-0.0033167999298132,38.15780222238424,0.0004,0.0,3554.656,20
8,24,1.819833556519024,3.3007323367960706,-0.001961936723887,37.9868732580531,0.0004,0.001,3565.531,20
8,24,1.819833556519024,3.3025926069874814,-0.0019978271550816,37.80349584751031,0.0004,0.0,3576.39,20
8,24,1.819833556519024,3.304189914959221,-0.003950647673975,37.63757573923667,0.0004,0.001,3587.218,20
8,24,1.819833556519024,3.30600932512379,0.0023085512690247,37.47920766759808,0.0004,0.0,3598.109,20
8,24,1.819833556519024,3.3072712290602517,-0.0027354869085223,37.3152932874769,0.0004,0.001,3609.062,20
8,24,1.819833556519024,3.308633525520186,-0.0008901416309815,37.15475998741434,0.0004,0.0,3619.922,20
8,24,1.819833556519024,3.3099608456524727,-9.502719604039184e-05,36.99932825217116,0.0004,0.001,3630.812,20
8,24,1.819833556519024,3.3112537265408566,-0.0033277938554969,36.84495269181112,0.0004,0.0,3641.718,20
8,24,1.819833556519024,3.312542106063727,-0.001658042627919,36.69920658182285,0.0004,0.001,3652.593,20
8,24,1.819833556519024,3.3136104119836767,-0.0005521393671202,36.54864186209375,0.0004,0.0,3663.468,20
8,24,1.819833556519024,3.3146694020534118,-0.0012029412842642,36.389174828255655,0.0004,0.001,3674.422,20
8,24,1.819833556519024,3.315911405413759,-0.0007561212837629,36.25398967444674,0.0004,0.0,3685.265,20
8,24,1.819833556519024,3.3166309619989383,-0.0026125577274428,36.11805733309834,0.0004,0.001,3696.172,20
8,24,1.819833556519024,3.317589144068426,0.000512017341254,35.962732003364536,0.0004,0.0,3707.047,20
8,24,1.819833556519024,3.318637695972737,-0.0004996792447383,35.83793156515094,0.0004,0.001,3717.984,20
8,24,1.819833556519024,3.3194909770208,-0.000552661243504,35.69767273447552,0.0004,0.0,3728.968,20
8,24,1.819833556519024,3.320355487329904,-0.0007770095291739,35.57029372639613,0.0004,0.001,3739.89,20
8,24,1.819833556519024,3.321116793919616,-0.0011454903149558,35.462715926787595,0.0004,0.0,3750.718,20
8,24,1.819833556519024,3.321988536863472,-0.0030688971240668,35.324446996460274,0.0004,0.001,3761.562,20
8,24,1.819833556519024,3.32280038305775,-0.0005601333241812,35.19658921127089,0.0004,0.0,3772.468,20
8,24,1.819833556519024,3.3235147906058997,0.0002114069622185,35.0814308027287,0.0004,0.001,3783.39,20
8,24,1.819833556519024,3.324246387297303,-0.0069975890704815,34.96230287248334,0.0004,0.0,3794.218,20
8,24,1.819833556519024,3.3248873829072703,-0.0001334644210119,34.83605692163149,0.0004,0.001,3805.078,20
8,24,1.819833556519024,3.325620430023463,-0.0007622595639904,34.71898610701372,0.0004,0.0,3816.015,20
8,24,1.819833556519024,3.326364778111047,-0.0027998215430967,34.61690021365012,0.0004,0.001,3826.859,20
8,24,1.819833556519024,3.326970262822199,-0.0024748514567048,34.51009979310161,0.0004,0.0,3837.718,20
8,24,1.819833556519024,3.3276957113561982,-0.0013180640229267,34.40405879627514,0.0004,0.001,3848.593,20
8,24,1.819833556519024,3.328317427924413,-0.0008198967690348,34.29641689972212,0.0004,0.0,3859.453,20
8,24,1.819833556519024,3.3289792549477157,-0.0011214530215908,34.19240104367554,0.0004,0.001,3870.297,20
8,24,1.819833556519024,3.3297216157516334,0.0007857393173304,34.086261453282646,0.0004,0.0,3881.14,20
8,24,1.819833556519024,3.3302466623505227,-8.871974251169736e-06,33.97985988411407,0.0004,0.001,3892.062,20
8,24,1.819833556519024,3.33072767007363,0.001326332262695,33.87810266862452,0.0004,0.0,3903.015,20
8,24,1.819833556519024,3.3313439886016525,-0.0005779912778198,33.78092824514348,0.0004,0.001,3913.937,20
8,24,1.819833556519024,3.3318835015266086,-0.003031706866025,33.656775779415035,0.0004,0.0,3924.843,20
8,24,1.819833556519024,3.3324862045986547,-0.0033895447795292,33.56966260441146,0.0004,0.001,3935.703,20
8,24,1.819833556519024,3.33327502824931,-0.0028524296661127,33.487777489400074,0.0004,0.0,3946.5,20
8,24,1.819833556519024,3.33355224845462,-0.0016997569565736,33.383539834177846,0.0004,0.001,3957.422,20
8,24,1.819833556519024,3.334153708474549,-0.0016588403041908,33.29088824294232,0.0004,0.0,3968.39,20
8,24,1.819833556519024,3.3347063626971987,-0.0017104521293259,33.2044668487351,0.0004,0.001,3979.25,20
8,24,1.819833556519024,3.3350958693539408,0.0003833324383938,33.10763415131865,0.0004,0.0,3990.078,20
8,24,1.819833556519024,3.3355969039163966,-0.0009360957885988,33.01923119850247,0.0004,0.001,4001.047,20
8,24,1.819833556519024,3.335989861197884,-0.0016431526459046,32.929557225375795,0.0004,0.0,4011.922,20
8,24,1.819833556519024,3.336796262332979,-0.0033609611439848,32.85430533656864,0.0004,0.001,4022.781,20
8,24,1.819833556519024,3.337149158887295,0.0005544397446626,32.76066074479117,0.0004,0.0,4033.64,20
8,24,1.819833556519024,3.337612900358096,0.0009385332326518,32.68904650015331,0.0004,0.001,4044.515,20
8,24,1.819833556519024,3.3379722135958634,-0.0029718241685066,32.60937592418599,0.0004,0.0,4055.406,20
8,24,1.819833556519024,3.338441112984785,-0.0003728673529796,32.5254720059644,0.0004,0.001,4066.343,20
8,24,1.819833556519024,3.338779348663911,-0.0015712321454734,32.44122514444088,0.0004,0.0,4077.234,20
8,24,1.819833556519024,3.33929676693091,-0.0004592726507221,32.37002230342993,0.0004,0.001,4088.14,20
8,24,1.819833556519024,3.339710110591584,-0.002305081300044,32.293167126124715,0.0004,0.0,4099.031,20
8,24,1.819833556519024,3.3401834992213715,-0.0018035308608968,32.21166303995117,0.0004,0.001,4109.984,20
8,24,1.819833556519024,3.340484051413094,-0.0003742328832391,32.13861931662163,0.0004,0.0,4120.875,20
8,24,1.819833556519024,3.340844058723888,-0.0010515224751319,32.063022762502925,0.0004,0.001,4131.797,20
8,24,1.819833556519024,3.341284826737749,-8.838688200522915e-06,31.988595434230938,0.0004,0.0,4142.656,20
8,24,1.819833556519024,3.3417495422540493,-0.0014910108577835,31.922494527686403,0.0004,0.001,4153.5,20
8,24,1.819833556519024,3.3422660768118173,-0.0008047489600736,31.84519876741568,0.0004,0.0,4164.406,20
8,24,1.819833556519024,3.342385002142156,0.0009264050175495,31.78081853070716,0.0004,0.001,4175.281,20
8,24,1.819833556519024,3.3428313695506344,0.0014330515787153,31.711643045789305,0.0004,0.0,4186.187,20
8,24,1.819833556519024,3.343341764656305,-0.0008136318349951,31.656657715638485,0.0004,0.001,4197.047,20
8,24,1.819833556519024,3.343566046672734,-0.0017163492099271,31.58476035005812,0.0004,0.0,4207.906,20
8,24,1.819833556519024,3.3439663715209567,-0.0011182277033826,31.51540195251107,0.0004,0.001,4218.812,20
8,24,1.819833556519024,3.344379053151194,-0.001086650154901,31.45733300952668,0.0004,0.0,4229.687,20
8,24,1.819833556519024,3.344556653637557,-0.0002947002842246,31.40039857059353,0.0004,0.001,4240.547,20
8,24,1.819833556519024,3.345017292789936,-0.0029918726010074,31.33059146428641,0.0004,0.0,4251.468,20
8,24,1.819833556519024,3.3453577968614647,0.0010954396223878,31.263519612189477,0.0004,0.001,4262.422,20
8,24,1.819833556519024,3.345735983992757,0.0002339563084603,31.204184996003608,0.0004,0.0,4273.265,20
8,24,1.819833556519024,3.346108698946284,0.0004322227014969,31.15111425799186,0.0004,0.001,4284.172,20
8,24,1.819833556519024,3.3462419359162494,-0.0016966041114039,31.093935893682072,0.0004,0.0,4295.062,20
8,24,1.819833556519024,3.3466492590403325,-0.0003780664090861,31.00627811697055,0.0004,0.001,4306.0,20
8,24,1.819833556519024,3.3470575911245484,-0.0012970829611491,30.96524236079872,0.0004,0.0,4316.812,20
8,24,1.819833556519024,3.34742155818458,-0.0020106884041866,30.91629539558833,0.0004,0.001,4327.718,20
8,24,1.819833556519024,3.3476110751526496,-0.0003358506677549,30.85836797535965,0.0004,0.0,4338.578,20
8,24,1.819833556519024,3.3479810863154364,-0.0012639156930957,30.798982213267447,0.0004,0.001,4349.5,20
8,24,1.819833556519024,3.348308960753742,0.0007469593741738,30.76795565759824,0.0004,0.0,4360.359,20
8,24,1.819833556519024,3.3486699591476565,-0.0013809928352514,30.70294036889609,0.0004,0.001,4371.25,20
8,24,1.819833556519024,3.348644962129436,-0.0015306247218631,30.64154573099641,0.0004,0.0,4382.203,20
8,24,1.819833556519024,3.3491816836807757,-0.0005386909736647,30.60079921507132,0.0004,0.001,4393.062,20
8,24,1.819833556519024,3.3493826258230333,-0.0010934544084327,30.55001584674633,0.0004,0.0,4403.937,20
8,24,1.819833556519024,3.3496771445808733,-0.00247571542079,30.49384680193572,0.0004,0.001,4414.812,20
8,24,1.819833556519024,3.3500535044557016,0.0010772113264255,30.45207187551552,0.0004,0.0,4425.687,20
8,24,1.819833556519024,3.350208103912166,-0.0005478697382699,30.396257532062265,0.0004,0.001,4436.562,20
8,24,1.819833556519024,3.350500060037648,-0.0001195869361622,30.359087822840237,0.0004,0.0,4447.437,20
8,24,1.819833556519024,3.350970892173608,-0.0016729796933665,30.307975981379656,0.0004,0.001,4458.281,20
8,24,1.819833556519024,3.351154920981259,0.0017904843654562,30.265546208020517,0.0004,0.0,4469.14,20
8,24,1.819833556519024,3.35117903071812,-0.0006083465225356,30.20993216751928,0.0004,0.001,4480.0,20
8,24,1.819833556519024,3.351716323014875,0.0008346480089821,30.17163596342871,0.0004,0.0,4490.875,20
8,24,1.819833556519024,3.3519614339281154,0.00155766784889,30.131288014463607,0.0004,0.001,4501.765,20
8,24,1.819833556519024,3.3522856629103863,-0.0006499883790549,30.090384089186124,0.0004,0.0,4512.593,20
8,24,1.819833556519024,3.352537641590738,-0.0015230036930491,30.04507863328425,0.0004,0.001,4523.468,20
8,24,1.819833556519024,3.3527210935621232,-0.0015918534584978,29.99779847441842,0.0004,0.0,4534.375,20
8,24,1.819833556519024,3.352899443327586,-0.0032334850449968,29.9526097981556,0.0004,0.001,4545.265,20
8,24,1.819833556519024,3.353073870494528,-0.0014843504879517,29.91326473771157,0.0004,0.0,4556.187,20
8,24,1.819833556519024,3.353481525058376,-0.0022751666237628,29.877282035990767,0.0004,0.001,4567.031,20
8,24,1.819833556519024,3.3536537276904723,-0.0003780254297621,29.830846433699723,0.0004,0.0,4577.89,20
8,24,1.819833556519024,3.3539548495143308,0.0032034727049239,29.801155975840597,0.0004,0.001,4588.734,20
8,24,1.819833556519024,3.3541476924224254,-0.0001978328054527,29.76142239696309,0.0004,0.0,4599.609,20
8,24,1.819833556519024,3.354409595548125,-0.0011324926475118,29.723837844327527,0.0004,0.001,4610.531,20
8,24,1.819833556519024,3.354624978993655,-0.0013924146746466,29.684828428229917,0.0004,0.0,4621.375,20
8,24,1.819833556519024,3.3548406912181337,0.0011159530168582,29.6684207614256,0.0004,0.001,4632.203,20
8,24,1.819833556519024,3.355139737821069,-0.000644658125443,29.618426090311903,0.0004,0.0,4643.047,20
8,24,1.819833556519024,3.3552113067053124,-0.0026465493296265,29.583648199200017,0.0004,0.001,4653.906,20
8,24,1.819833556519024,3.355516152588798,-0.0020927238778104,29.544415427633467,0.0004,0.0,4664.781,20
8,24,1.819833556519024,3.3559021040768737,-0.0043157446823413,29.499480616182133,0.0004,0.001,4675.64,20
8,24,1.819833556519024,3.356009140344945,-0.0020355253316601,29.468743006628703,0.0004,0.0,4686.562,20
8,24,1.819833556519024,3.3562208815409065,0.0013387384478845,29.444160954810744,0.0004,0.001,4697.453,20
8,24,1.819833556519024,3.3564390674495934,-0.0005814708541103,29.407338943935216,0.0004,0.0,4708.328,20
8,24,1.819833556519024,3.3567026290904263,-0.0018703563157366,29.36341547904737,0.0004,0.001,4719.172,20
8,24,1.819833556519024,3.356793143900457,0.000111764983763,29.33171852474585,0.0004,0.0,4730.015,20
8,24,1.819833556519024,3.357086158580852,0.0013638023508493,29.29943945434985,0.0004,0.001,4740.875,20
8,24,1.819833556519024,3.357165705524434,-0.0019244530864043,29.27131686722002,0.0006,0.0,4751.797,20
8,24,1.819833556519024,3.3575033686657414,0.0012977420927489,29.22421342661229,0.0004,0.001,4762.64,20
8,24,1.819833556519024,3.357707513117252,-0.002604291102649,29.196063423531417,0.0004,0.0,4773.531,20
8,24,1.819833556519024,3.3577603517493144,-0.003651365836507,29.169251321106405,0.0004,0.001,4784.453,20
8,24,1.819833556519024,3.3579162382635213,-0.0007370373565777,29.13878640069166,0.0004,0.0,4795.359,20
8,24,1.819833556519024,3.3580611277801222,0.0003047573237648,29.116079917765298,0.0004,0.001,4806.234,20
8,24,1.819833556519024,3.3584472738017435,-0.0009177352809364,29.08198428586938,0.0004,0.0,4817.109,20
8,24,1.819833556519024,3.358639255418869,-0.0009527372335095,29.058750926583947,0.0004,0.001,4827.937,20
8,24,1.819833556519024,3.359066919125557,-0.0040470684104899,29.03357859737074,0.0004,0.0,4838.797,20
8,24,1.819833556519024,3.358977074759859,-0.0036017310406777,29.00098600513435,0.0004,0.001,4849.687,20
8,24,1.819833556519024,3.3593467877302725,-0.0001573760595611,28.967810445269592,0.0004,0.0,4860.578,20
8,24,1.819833556519024,3.3593451068453573,0.0007216956273393,28.93969309787756,0.0004,0.001,4871.468,20
8,24,1.819833556519024,3.359678689525865,-0.0021650988501763,28.91157171023874,0.0004,0.0,4882.375,20
8,24,1.819833556519024,3.3599055800221955,0.0005048333720837,28.8815083011022,0.0004,0.001,4893.25,20
8,24,1.819833556519024,3.360110716901772,-0.0036626033029661,28.859070389076688,0.0004,0.0,4904.14,20
8,24,1.819833556519024,3.3601330735634183,-0.0002080890219013,28.83585937315019,0.0004,0.001,4915.078,20
8,24,1.819833556519024,3.360467429820737,4.2375847220272114e-05,28.79341422095358,0.0004,0.0,4925.937,20
8,24,1.819833556519024,3.360534798708411,-0.0041793921138498,28.76385405785325,0.0004,0.001,4936.812,20
8,24,1.819833556519024,3.360560136638745,-0.0040838902476499,28.736762678488805,0.0004,0.0,4947.718,20
8,24,1.819833556519024,3.361041587845188,-0.0012179965073881,28.72959045989855,0.0004,0.001,4958.64,20
8,24,1.819833556519024,3.3609249456455186,-0.0048505869349049,28.712552828589857,0.0004,0.0,4969.468,20
8,24,1.819833556519024,3.3614191979287624,-0.001559180544551,28.69316571573916,0.0004,0.001,4980.359,20
8,24,1.819833556519024,3.361185385274001,-0.0011828671059616,28.65106505341892,0.0004,0.0,4991.203,20
8,24,1.819833556519024,3.361619039929579,-0.0028290797127361,28.624765190552043,0.0004,0.001,5002.078,20
8,24,1.819833556519024,3.361680833235843,-0.0025820143651801,28.59662659698173,0.0004,0.0,5013.0,20
8,24,1.819833556519024,3.36176073688003,-0.0005233885192878,28.5739033118794,0.0004,0.001,5023.875,20
8,24,1.819833556519024,3.3619228871027493,0.0005580350851479,28.55248612601053,0.0004,0.0,5034.687,20
8,24,1.819833556519024,3.3622516606270145,-0.0008349953618194,28.53936458869568,0.0004,0.001,5045.562,20
8,24,1.819833556519024,3.362273313336998,-0.005320221306896,28.510170116946448,0.0004,0.0,5056.422,20
8,24,1.819833556519024,3.362434455474505,0.0006126766429746,28.484395735823885,0.0004,0.001,5067.39,20
8,24,1.819833556519024,3.3627895109173265,-0.0038347903505016,28.480855357910684,0.0004,0.0,5078.218,20
8,24,1.819833556519024,3.362932957643842,-0.0015248582719502,28.451204528312573,0.0004,0.001,5089.078,20
8,24,1.819833556519024,3.36301840600558,-0.0019747916541532,28.43687894844901,0.0004,0.0,5099.984,20
8,24,1.819833556519024,3.3631062975757384,0.0001682488911391,28.419279734275488,0.0004,0.001,5110.781,20
8,24,1.819833556519024,3.363272232586965,-0.0022254566653525,28.40037227428796,0.0004,0.0,5121.625,20
8,24,1.819833556519024,3.3634621493768524,0.0005466157053851,28.3670837453503,0.0004,0.001,5132.593,20
8,24,1.819833556519024,3.3637658518259417,-0.0021407483606413,28.362347594891144,0.0004,0.0,5143.484,20
8,24,1.819833556519024,3.363739241999459,-0.0030712830218227,28.33331335047813,0.0004,0.001,5154.468,20
8,24,1.819833556519024,3.363890128441945,-0.0011822828830246,28.31057204752224,0.0004,0.0,5165.312,20
8,24,1.819833556519024,3.364076456745408,-0.0011096241872426,28.29232321212325,0.0004,0.001,5176.203,20
8,24,1.819833556519024,3.364199164868835,-0.0014551196983241,28.26495385548277,0.0004,0.0,5187.015,20
8,24,1.819833556519024,3.3643611491450343,-0.0003283656631138,28.25122344132944,0.0004,0.001,5197.875,20
8,24,1.819833556519024,3.364505127145085,2.656889155502542e-05,28.227687166822108,0.0004,0.0,5208.75,20
8,24,1.819833556519024,3.3645851102980484,-0.0010411304738444,28.208506059808933,0.0004,0.001,5219.687,20
8,24,1.819833556519024,3.364802388964929,-0.0021156915110308,28.208081751144874,0.0004,0.0,5230.578,20
8,24,1.819833556519024,3.365057084526207,9.460700127332756e-05,28.178871632816964,0.0004,0.001,5241.531,20
8,24,1.819833556519024,3.3651781715156384,-0.002674618941385,28.159023796593004,0.0004,0.0,5252.422,20
8,24,1.819833556519024,3.36514287231927,0.0017104784463133,28.14812540263652,0.0004,0.001,5263.312,20
8,24,1.819833556519024,3.365178844004909,0.0002234378719414,28.12512294641993,0.0004,0.0,5274.203,20
8,24,1.819833556519024,3.365539538372514,0.0004807529464894,28.112306386873968,0.0004,0.001,5285.047,20
8,24,1.819833556519024,3.3657557177389896,-0.0006755612344405,28.098046745358666,0.0004,0.0,5295.922,20
8,24,1.819833556519024,3.3656780292136848,0.0001790945608201,28.08635050027112,0.0004,0.001,5306.797,20
8,24,1.819833556519024,3.3658827151881128,-0.0012658852554234,28.055673856223425,0.0004,0.0,5317.625,20
8,24,1.819833556519024,3.366130540548869,-0.0006269610596869,28.033578645752204,0.0004,0.001,5328.609,20
8,24,1.819833556519024,3.366082555999313,0.0002141823028521,28.02988256069065,0.0004,0.0,5339.468,20
8,24,1.819833556519024,3.3665201647578997,-0.00038375544045,28.01509283558877,0.0004,0.001,5350.422,20
8,24,1.819833556519024,3.3665347641809378,0.0001207432410569,27.992256600163586,0.0004,0.0,5361.25,20
8,24,1.819833556519024,3.366643758549203,-0.0008760782819071,27.97234320268651,0.0004,0.001,5372.109,20
8,24,1.819833556519024,3.366783828808502,-0.0016631291580739,27.956573675264416,0.0004,0.0,5382.968,20
8,24,1.819833556519024,3.366678692408188,-0.0023579200119898,27.951222051277995,0.0004,0.001,5393.828,20
8,24,1.819833556519024,3.3669057295880225,-0.0012001661541806,27.928980157375317,0.0004,0.0,5404.656,20
8,24,1.819833556519024,3.3670335705131644,0.0020443572082905,27.91460609793613,0.0004,0.001,5415.547,20
8,24,1.819833556519024,3.367210525030355,0.0004835502403097,27.898484846711973,0.0004,0.0,5426.359,20
8,24,1.819833556519024,3.3674826640720537,-0.0020318097097897,27.887147293606297,0.0004,0.001,5437.234,20
8,24,1.819833556519024,3.3675506564992954,-0.0003323473370552,27.87170757606598,0.0004,0.0,5448.062,20
8,24,1.819833556519024,3.3674865157928955,-0.0009298312683097,27.85644387866052,0.0004,0.001,5458.984,20
8,24,1.819833556519024,3.367654844391468,-0.0004000436921036,27.84384794479084,0.0004,0.0,5469.828,20
8,24,1.819833556519024,3.3679807909604844,-0.0030784293866219,27.83713100227148,0.0004,0.001,5480.75,20
8,24,1.819833556519024,3.3681042524358062,-0.0029606203386655,27.812901301693792,0.0004,0.0,5491.672,20
8,24,1.819833556519024,3.36795300850371,-0.0035958970061859,27.812297413868148,0.0004,0.001,5502.562,20
8,24,1.819833556519024,3.368211966419903,-0.0012662791302563,27.797141689097742,0.0004,0.0,5513.484,20
8,24,1.819833556519024,3.368421335079874,-0.0014733745912869,27.789730216186964,0.0004,0.001,5524.437,20
8,24,1.819833556519024,3.368460207821581,-0.0016023498852259,27.76472563343724,0.0004,0.0,5535.312,20
8,24,1.819833556519024,3.3686447503400765,-0.0017831065098889,27.758304431233803,0.0004,0.001,5546.203,20
8,24,1.819833556519024,3.368672653906075,-6.930956867326544e-07,27.740028963490342,0.0004,0.0,5557.109,20
8,24,1.819833556519024,3.3689417434376643,-0.0031517303415337,27.731378808519032,0.0004,0.001,5567.968,20
8,24,1.819833556519024,3.3689364701529314,-0.0019031911351321,27.7051256478265,0.0004,0.0,5578.875,20
8,24,1.819833556519024,3.3690306307904456,-0.0026250050939955,27.697239308939416,0.0004,0.001,5589.828,20
8,24,1.819833556519024,3.369224283638645,-0.0036979834751938,27.69372957261172,0.0004,0.0,5600.687,20
8,24,1.819833556519024,3.369427203496155,-0.0044771166468315,27.68347220351348,0.0004,0.001,5611.609,20
8,24,1.819833556519024,3.369302340446217,-0.0040560049765634,27.667013583422985,0.0004,0.0,5622.5,20
8,24,1.819833556519024,3.369488379090564,-0.002442990150224,27.637370089315624,0.0004,0.001,5633.312,20
8,24,1.819833556519024,3.3694103910525746,-0.0010364634919215,27.63706684688416,0.0004,0.0,5644.187,20
8,24,1.819833556519024,3.369680970516306,0.0003408029319245,27.62906928918332,0.0004,0.001,5655.047,20
8,24,1.819833556519024,3.3699341927108604,-0.0024424164247284,27.616509178602914,0.0004,0.0,5665.953,20
8,24,1.819833556519024,3.3699930183961797,-0.0021985176388336,27.617698988988483,0.0004,0.001,5676.843,20
8,24,1.819833556519024,3.3700667013321794,9.59193934523162e-05,27.603434047863946,0.0004,0.0,5687.765,20
8,24,1.819833556519024,3.3701398050726987,-0.0031912923331788,27.59499043804615,0.0004,0.001,5698.703,20
8,24,1.819833556519024,3.370118835948618,-0.0039416657349523,27.587415817656563,0.0004,0.0,5709.578,20
8,24,1.819833556519024,3.3703849084066078,-0.0002740537515272,27.560358305830764,0.0004,0.001,5720.437,20
8,24,1.819833556519024,3.370685127804429,0.0002670512392535,27.54667612191749,0.0004,0.0,5731.343,20
8,24,1.819833556519024,3.370671846856296,-0.0024620589578468,27.53871300811744,0.0004,0.001,5742.172,20
8,24,1.819833556519024,3.370796791152119,-0.0045781039330217,27.52232846732692,0.0004,0.0,5753.109,20
8,24,1.819833556519024,3.370884473268625,0.0012416170131425,27.51228312614868,0.0004,0.001,5763.968,20
8,24,1.819833556519024,3.3709870944709,-0.0051128123846489,27.497791523638558,0.0004,0.0,5774.859,20
8,24,1.819833556519024,3.37096519147022,-0.0030037723310112,27.486409457921138,0.0004,0.001,5785.672,20
8,24,1.819833556519024,3.371405430350352,-0.0054210258525932,27.4908271297942,0.0004,0.0,5796.562,20
8,24,1.819833556519024,3.371175864809997,-0.0008153895274987,27.486921624136773,0.0004,0.001,5807.5,20
8,24,1.819833556519024,3.3714253177848583,-0.0031153839002025,27.47752349339341,0.0004,0.0,5818.39,20
8,24,1.819833556519024,3.3715469287900413,-0.0025839357381927,27.466552039836667,0.0004,0.001,5829.25,20
8,24,1.819833556519024,3.37157672928277,0.0008586785505992,27.44504980345273,0.0004,0.0,5840.156,20
8,24,1.819833556519024,3.3717367714384485,3.734985583019403e-05,27.45105611819633,0.0004,0.001,5851.062,20
8,24,1.819833556519024,3.3719572508475477,-0.0009214926304121,27.436667350186408,0.0004,0.0,5861.906,20
8,24,1.819833556519024,3.3718804107481164,-0.003017597982815,27.42547597867799,0.0004,0.001,5872.75,20
8,24,1.819833556519024,3.372150566066758,-0.0019789010466856,27.4064189391168,0.0004,0.0,5883.609,20
8,24,1.819833556519024,3.372058435198704,-0.0040762761328979,27.413047596544224,0.0004,0.001,5894.468,20
8,24,1.819833556519024,3.372186879729313,-0.0039185097480306,27.40599250518809,0.0004,0.0,5905.375,20
8,24,1.819833556519024,3.3722688778589,-0.0009811352743361,27.396953160615094,0.0004,0.001,5916.281,20
8,24,1.819833556519024,3.372375285603324,-0.0012872982012321,27.38837663663919,0.0004,0.0,5927.109,20
8,24,1.819833556519024,3.3724365447577296,-0.0020249540969566,27.38965724789828,0.0004,0.001,5938.078,20
8,24,1.819833556519024,3.3726202652670723,-0.0014224783912195,27.37741761822221,0.0004,0.0,5948.984,20
8,24,1.819833556519024,3.372705860427215,-0.003051493000744,27.376992096616668,0.0004,0.001,5959.859,20
8,24,1.819833556519024,3.372739676447233,0.0007608732224656,27.36156297089394,0.0004,0.0,5970.75,20
8,24,1.819833556519024,3.3728214878103357,-0.0035763573655028,27.349550827943798,0.0004,0.001,5981.625,20
8,24,1.819833556519024,3.3729151784789733,-0.0033153269773792,27.34223335000924,0.0004,0.0,5992.5,20
8,24,1.819833556519024,3.3729545545513373,-0.0019921026623336,27.34243987136845,0.0004,0.001,6003.468,20
8,24,1.819833556519024,3.3730571545987647,-0.0009588658856769,27.33136190990805,0.0004,0.0,6014.343,20
8,24,1.819833556519024,3.373230880865911,0.0001815164018256,27.33324557732783,0.0004,0.001,6025.234,20
8,24,1.819833556519024,3.3733833688494728,-0.0004385704118238,27.336193149838103,0.0004,0.0,6036.109,20
8,24,1.819833556519024,3.373619916473372,-0.0015302004548223,27.30375426492257,0.0004,0.001,6047.031,20
8,24,1.819833556519024,3.373487270995875,-0.0013286870559077,27.30192180928553,0.0004,0.0,6057.89,20
8,24,1.819833556519024,3.373594575666863,0.0002058962863692,27.281732156558352,0.0004,0.001,6068.812,20
8,24,1.819833556519024,3.373725154272642,-0.0029781780847959,27.284155201322108,0.0004,0.0,6079.672,20
8,24,1.819833556519024,3.37379421539771,-0.000486316915646,27.289056391422232,0.0004,0.001,6090.593,20
8,24,1.819833556519024,3.3739033427620844,-0.0035771859521843,27.28416182124133,0.0004,0.0,6101.453,20
8,24,1.819833556519024,3.3740066202122785,-0.0011766374751785,27.266742469427548,0.0004,0.001,6112.297,20
8,24,1.819833556519024,3.374096322127561,0.0007683788133039,27.256417202748807,0.0004,0.0,6123.125,20
8,24,1.819833556519024,3.37422949804789,-8.11488142342879e-05,27.252882952637727,0.0004,0.001,6133.984,20
8,24,1.819833556519024,3.374392669163329,-0.0006366651976871,27.256597745963035,0.0004,0.0,6144.89,20
8,24,1.819833556519024,3.374310177990695,-0.0008819247092987,27.23941422925448,0.0004,0.001,6155.812,20
8,24,1.819833556519024,3.374255694616364,0.00216517578955,27.23960304723776,0.0004,0.0,6166.64,20
8,24,1.819833556519024,3.374609346091481,0.0011700226590941,27.223985994655973,0.0004,0.001,6177.5,20
8,24,1.819833556519024,3.374614537336379,-0.001520708688377,27.229924536674023,0.0004,0.0,6188.468,20
8,24,1.819833556519024,3.374790061279705,-0.0008368138366918,27.217380860849158,0.0004,0.001,6199.359,20
8,24,1.819833556519024,3.374643467868049,-0.0035603716212999,27.22024321704289,0.0004,0.0,6210.218,20
8,24,1.819833556519024,3.3748829957270896,-0.001706067241978,27.205582010261683,0.0004,0.001,6221.156,20
8,24,1.819833556519024,3.3749090257836483,-0.0023782945212425,27.200759548556693,0.0004,0.0,6231.984,20
8,24,1.819833556519024,3.375027165874181,-0.0024428277715423,27.20374510459896,0.0004,0.001,6242.859,20
8,24,1.819833556519024,3.3751934516623736,5.282103666770734e-05,27.200962925974423,0.0004,0.0,6253.672,20
8,24,1.819833556519024,3.375308561924812,-0.0008393040981254,27.18415295252384,0.0004,0.001,6264.547,20
8,24,1.819833556519024,3.3753833830887645,0.0013195127648502,27.17279486267953,0.0004,0.0,6275.422,20
8,24,1.819833556519024,3.3754665336074203,-0.0019486339455021,27.170333711484485,0.0004,0.001,6286.328,20
8,24,1.819833556519024,3.375371359118247,-0.004253331829736,27.17325979124339,0.0004,0.0,6297.25,20
8,24,1.819833556519024,3.3755041174908684,-0.0020812117104893,27.16504920401301,0.0004,0.001,6308.14,20
8,24,1.819833556519024,3.949592452986243,-0.0018480801974786,34.97418011766375,0.0008,3.956,637.422,20
8,24,1.819833556519024,3.3434854245582524,-3.972914185022974,34.91236231628467,3.997,1.435,647.875,20
8,24,1.819833556519024,3.943339811638895,-0.0018141993333428,35.08596520540532,0.0008,3.95,658.343,20
8,24,1.819833556519024,3.338044122234388,-3.971841884006726,35.03127852540873,3.997,1.431,668.828,20
8,24,1.819833556519024,3.987940645742201,-0.00300706340898,33.91820557920783,0.0008,3.994,511.906,20
8,24,1.819833556519024,3.374942556713261,-3.970261254636723,33.8718258527204,3.997,1.465,522.343,20
8,24,1.819833556519024,3.9819411464953673,-0.0022754629851303,34.07505659573052,0.0008,3.988,532.859,20
8,24,1.819833556519024,3.3698765912922246,-3.973201634086129,34.07023707379337,3.997,1.459,543.281,20
8,24,1.819833556519024,4.021930608724617,-0.0008797450541658,32.698686114131924,0.0008,4.028,386.484,20
8,24,1.819833556519024,3.402938015994689,-3.975748866690239,32.67225013836212,3.997,1.488,396.968,20
8,24,1.819833556519024,4.0161312769065525,-0.003695606450339,32.90385463941128,0.0008,4.023,407.375,20
8,24,1.819833556519024,3.398580336858605,-3.972701299286919,32.93761966717361,3.997,1.485,417.89,20
8,24,1.819833556519024,4.058881127154491,-0.0011109053938421,31.307989121246628,0.0008,4.065,260.828,20
8,24,1.819833556519024,3.3542407650137385,-3.971697564574895,34.55845522122363,3.997,1.445,606.031,20
8,24,1.819833556519024,3.956085720661064,-0.000539249142936,34.774570650410105,0.0008,3.962,616.437,20
8,24,1.819833556519024,3.348508349674423,-3.9721575643606992,34.768999921317885,3.997,1.44,626.953,20
8,24,1.819833556519024,3.999900020246293,-0.0024543256395741,33.52758587180794,0.0008,4.006,470.14,20
8,24,1.819833556519024,3.3848371796972683,-3.9730222986331194,33.49029756662351,3.997,1.473,480.578,20
8,24,1.819833556519024,3.99398384791902,-0.0030417734356513,33.71743359981529,0.0008,4.001,491.015,20
8,24,1.819833556519024,3.380191149092645,-3.971819326582189,33.70773226031983,3.997,1.468,501.484,20
8,24,1.819833556519024,4.033272481622778,0.0002482792449669,32.24292834442006,0.0006,4.041,344.609,20
8,24,1.819833556519024,3.4115595400304795,-3.974348782278193,32.23162840267516,3.997,1.495,355.047,20
8,24,1.819833556519024,4.027439378135905,-0.0023096411464173,32.47345600198436,0.0008,4.034,365.5,20
8,24,1.819833556519024,3.4071337734073905,-3.975108339278005,32.48165043832814,3.997,1.491,375.984,20
8,24,1.819833556519024,3.3760778017306783,-0.003125640766966,27.123114474583563,0.0004,0.0,6406.312,20
8,24,1.819833556519024,3.376255137307635,-0.002361807838927,27.121407517798666,0.0004,0.001,6417.187,20
8,24,1.819833556519024,3.3766332058231887,-0.0041211269208539,27.12346242948292,0.0004,0.0,6428.125,20
8,24,1.819833556519024,3.3763826939665997,-0.0051361312628981,27.110752374914124,0.0004,0.001,6439.015,20
8,24,1.819833556519024,3.376579544679539,-0.0049436554156113,27.12067740136885,0.0004,0.0,6449.89,20
8,24,1.819833556519024,3.3766206190803336,-0.002867549552083,27.10842125105918,0.0004,0.001,6460.75,20
8,24,1.819833556519024,3.3757280305978217,-0.003378479865927,27.15911648553981,0.0004,0.0,6319.0,20
8,24,1.819833556519024,3.3757863909271504,-0.0013094245511385,27.16509847538137,0.0004,0.001,6329.906,20
8,24,1.819833556519024,3.4471316549004127,-3.972369142286136,30.538229490115828,3.997,1.526,208.5,20
8,24,1.819833556519024,4.073360653327556,-0.0028856395288035,30.816215437242825,0.0006,4.08,218.984,20
8,24,1.819833556519024,3.4415437704017946,-3.9723160922524032,30.820603634999127,3.997,1.521,229.453,20
8,24,1.819833556519024,4.066103827311824,-0.0006174681995033,31.08339840668713,0.0008,4.073,239.937,20
8,24,1.819833556519024,3.436088791059568,-3.973376523355947,31.06052481119676,3.997,1.517,250.406,20
8,24,1.819833556519024,3.916451107037888,-0.004082031722795,35.49147897907977,0.0008,3.924,762.968,20
8,24,1.819833556519024,3.314660897345876,-3.9746916994717343,35.43745224142842,3.997,1.406,773.406,20
8,24,1.819833556519024,3.893491771488035,-0.0005165117387142,35.664887154824875,0.0006,3.901,867.562,20
8,24,1.819833556519024,3.4256790290001624,-3.975215183353394,31.557573365267757,3.997,1.507,292.187,20
8,24,1.819833556519024,4.045843166335763,-0.0016979666349268,31.784328640491196,0.0008,4.052,302.718,20
8,24,1.819833556519024,3.4208413195158203,-3.973504208753577,31.809982032080264,3.997,1.503,313.187,20
8,24,1.819833556519024,4.039399557435518,0.0006990452257978,32.017799847295926,0.0008,4.046,323.672,20
8,24,1.819833556519024,3.416138165913805,-3.9752759992038817,32.03554325662227,3.997,1.5,334.125,20
8,24,1.819833556519024,4.088952723352669,-0.0045410339823043,30.220251128369156,0.0008,4.096,177.109,20
8,24,1.819833556519024,3.453843501499622,-3.974119252945785,30.238436366025727,3.997,1.531,187.562,20
8,24,1.819833556519024,4.080851708505999,-0.0016727696673327,30.53080568870347,0.0006,4.089,198.0,20
8,24,1.819833556519024,3.3756177112504053,0.0001071257940989,27.15583814376183,0.0004,0.0,6340.781,20
8,24,1.819833556519024,3.375832790761004,0.0028025685811879,27.14997320732075,0.0004,0.001,6351.64,20
8,24,1.819833556519024,3.375808244045154,-0.0017329596404112,27.13908101856582,0.0004,0.0,6362.578,20
8,24,1.819833556519024,3.376057932471882,0.0011311386387305,27.14738069051384,0.0004,0.001,6373.468,20
8,24,1.819833556519024,3.376160780692716,-0.0013184842373718,27.142773437012806,0.0004,0.0,6384.359,20
8,24,1.819833556519024,3.376091985141874,-0.0005529939993822,27.12505391333262,0.0004,0.001,6395.312,20
8,24,1.819833556519024,3.430702498445685,-3.9727915661458666,31.312147590984196,3.997,1.512,271.312,20
8,24,1.819833556519024,4.052277134788374,-0.0010659104360564,31.559844290125945,0.0008,4.059,281.75,20
8,24,1.819833556519024,3.9754196715405152,-0.0036604431665007,34.26668446618233,0.0008,3.982,553.703,20
8,24,1.819833556519024,3.3646862106935824,-3.9724565134109873,34.23275903628119,3.997,1.455,564.156,20
8,24,1.819833556519024,3.9692736068418215,0.0005857379723788,34.448696478342946,0.0008,3.975,574.625,20
8,24,1.819833556519024,3.3594697838308627,-3.969989805673503,34.41898052137331,3.997,1.45,585.093,20
8,24,1.819833556519024,3.8448045669822206,-0.0017293364404012,36.14669500340263,0.0008,3.853,1097.937,20
8,24,1.819833556519024,3.24571634262974,-3.974230657552173,36.06229672620674,3.997,1.34,1108.375,20
8,24,1.819833556519024,3.8406868273335664,-0.0005396032750301,36.218519946386415,0.0008,3.849,1118.89,20
8,24,1.819833556519024,3.2414804896662948,-3.971787425540601,36.111306030792655,3.997,1.338,1129.359,20
8,24,1.819833556519024,3.768118905046825,-0.0036060757717461,37.46864755386866,0.0006,3.776,1516.406,20
8,24,1.819833556519024,3.1701427737236214,-3.973824792138326,37.367636998542416,3.997,1.268,1526.859,20
8,24,1.819833556519024,3.7645568143542394,-0.001733430424101,37.55221688242545,0.0006,3.772,1537.297,20
8,24,1.819833556519024,3.166380559161017,-3.9722614654607984,37.4235642256848,3.997,1.264,1547.828,20
8,24,1.819833556519024,3.761312510133049,0.0004966056872264,37.589874323557815,0.0008,3.769,1558.281,20
8,24,1.819833556519024,3.1631380206756794,-3.974103637660523,37.47297932606219,3.997,1.262,1568.718,20
8,24,1.819833556519024,3.7577355765737854,0.001049280594389,37.64109492460892,0.0008,3.766,1579.203,20
8,24,1.819833556519024,3.1597959402833977,-3.972491568758296,37.52396441820465,3.997,1.258,1589.64,20
8,24,1.819833556519024,3.754861172842936,0.0006319018866922,37.69262106766901,0.0008,3.762,1600.125,20
8,24,1.819833556519024,3.1563765402572472,-3.972229750646321,37.57711545222372,3.997,1.254,1610.625,20
8,24,1.819833556519024,3.751268519058736,-0.0017692695354934,37.72859814624835,0.0008,3.759,1621.093,20
8,24,1.819833556519024,3.152915307544613,-3.973254678244627,37.62183683797135,3.997,1.25,1631.531,20
8,24,1.819833556519024,3.74780750835346,-0.0039983840644212,37.782105819991926,0.0008,3.756,1641.984,20
8,24,1.819833556519024,3.1489839096951098,-3.970900387966564,37.68796776536424,3.997,1.246,1652.547,20
8,24,1.819833556519024,3.74452640012039,-0.0035724843610113,37.856947032275706,0.0008,3.752,1662.984,20
8,24,1.819833556519024,3.1455870586788683,-3.971130339935395,37.74236442490498,3.997,1.244,1673.437,20
8,24,1.819833556519024,3.741550322590688,0.001059052873392,37.91194259027631,0.0008,3.749,1683.89,20
8,24,1.819833556519024,3.141418728367221,-3.971792431029244,37.80123830272003,3.997,1.239,1694.406,20
8,24,1.819833556519024,3.738531207679584,-0.0023962833389518,37.95802105681864,0.0006,3.746,1704.843,20
8,24,1.819833556519024,3.1382579443288523,-3.973219015120828,37.84225254409008,3.997,1.236,1715.359,20
8,24,1.819833556519024,3.73549952072794,-0.0026124374682689,38.027958571882685,0.0006,3.743,1725.781,20
8,24,1.819833556519024,3.1349870485479503,-3.973199583025417,37.88975576049664,3.997,1.234,1736.218,20
8,24,1.819833556519024,3.732688858848463,-0.0020513725918771,38.04211536367541,0.0006,3.74,1746.703,20
8,24,1.819833556519024,3.131605654958931,-3.974400527527326,37.9443412037524,3.997,1.229,1757.203,20
8,24,1.819833556519024,3.729669696477852,-0.0025463252886549,38.10024397015042,0.0008,3.737,1767.64,20
8,24,1.819833556519024,3.128574077612271,-3.973625247949344,38.00631383008124,3.997,1.226,1778.109,20
8,24,1.819833556519024,3.72676353582987,-0.0018838703352695,38.19245823932559,0.0008,3.734,1788.609,20
8,24,1.819833556519024,3.125180883475047,-3.973026408477952,38.07117299062772,3.997,1.224,1799.078,20
8,24,1.819833556519024,3.723722019578002,-0.0007485389920354,38.22139353088803,0.0008,3.731,1809.578,20
8,24,1.819833556519024,3.122136246528695,-3.975284241461318,38.099655211375776,3.997,1.22,1820.062,20
8,24,1.819833556519024,3.720959308636184,-0.0024909826164361,38.26398204390006,0.0006,3.728,1830.515,20
8,24,1.819833556519024,3.1189377252139776,-3.972678354847461,38.1472354506157,3.997,1.218,1840.968,20
8,24,1.819833556519024,3.907234182621512,-0.0024599236571174,35.594729160318785,0.0006,3.914,804.734,20
8,24,1.819833556519024,3.306068172047368,-3.9704139995271217,35.49699505058709,3.997,1.399,815.203,20
8,24,1.819833556519024,3.902667239324168,-0.0014166797903731,35.64154265745626,0.0008,3.91,825.656,20
8,24,1.819833556519024,3.30112367659204,-3.971668846524627,35.5474775992054,3.997,1.394,836.125,20
8,24,1.819833556519024,3.936902275429115,-0.001796203079638,35.20772497359252,0.0008,3.944,679.234,20
8,24,1.819833556519024,3.3331219743549734,-3.973733896050736,35.13321216286272,3.997,1.424,689.75,20
8,24,1.819833556519024,3.931242881276258,-0.0006744009563961,35.27991228898337,0.0008,3.938,700.234,20
8,24,1.819833556519024,3.328662980661965,-3.973176271276273,35.22889988498774,3.997,1.421,710.703,20
8,24,1.819833556519024,3.925979523838943,-0.0025928590711372,35.38310210021415,0.0008,3.934,721.14,20
8,24,1.819833556519024,3.3238174446466044,-3.973804497403332,35.32684533943193,3.997,1.415,731.625,20
8,24,1.819833556519024,3.921291031358941,-0.0020807810548883,35.4509273831675,0.0008,3.929,742.093,20
8,24,1.819833556519024,3.319292213005001,-3.97391304043739,35.37857631158831,3.997,1.412,752.531,20
8,24,1.819833556519024,3.9625535086489383,-0.0028154618532338,34.621897131039326,0.0008,3.97,595.562,20
8,24,1.819833556519024,4.126915622849952,-0.002704359464393,28.89411200593408,0.0008,4.136,93.328,20
8,24,1.819833556519024,3.48707368467873,-3.9745720939942593,28.95819099772938,3.997,1.561,103.812,20
8,24,1.819833556519024,4.116094056439262,-0.0021139635051655,29.257563647369636,0.0006,4.125,114.25,20
8,24,1.819833556519024,3.4769248722567654,-3.9737485915881328,29.321576625011694,3.997,1.551,124.718,20
8,24,1.819833556519024,4.1065771969457225,-0.0026765718283905,29.626268751452805,0.0008,4.114,135.234,20
8,24,1.819833556519024,3.468291938355064,-3.974616583051284,29.654727129266323,3.997,1.543,145.687,20
8,24,1.819833556519024,4.09734244481021,-0.0017835166519783,29.91146649765759,0.0008,4.105,156.14,20
8,24,1.819833556519024,3.460585828661153,-3.9725785614693807,29.92678590418157,3.997,1.537,166.60899999999998,20
8,24,1.819833556519024,4.20695254908873,-0.0008318828717843,26.32052844790478,0.0004,4.223,9.359000000000002,20
8,24,1.819833556519024,3.563181423904578,-3.975221939947954,26.55813226364821,3.997,1.613,20.031,20
8,24,1.819833556519024,4.174120934477789,-0.0040941261157038,27.16845083370643,0.0008,4.186,30.515000000000004,20
8,24,1.819833556519024,3.535415858791555,-3.9727285626599578,27.42544244467499,3.997,1.601,40.968,20
8,24,1.819833556519024,4.154302661074279,-0.004130055899181,27.90778731324184,0.0008,4.165,51.406,20
8,24,1.819833556519024,3.514953707975327,-3.973281365032155,28.070009518470098,3.997,1.583,61.89,20
8,24,1.819833556519024,4.139201151464742,-0.0016842212702035,28.467238596123504,0.0008,4.148,72.375,20
8,24,1.819833556519024,3.4998090968955315,-3.97442002119537,28.574985176808053,3.997,1.57,82.812,20
8,24,1.819833556519024,4.207150334625055,0.0004155049718115,26.321229097655937,0.0004,0.0,0.0,20
8,24,1.819833556519024,4.010905907098429,-0.0065229086197126,33.11768200349674,0.0006,4.017,428.297,20
9,24,1.816980986440728,3.266540656162729,-3.972629307564804,35.768171818818935,3.997,1.361,965.875,19
9,24,1.816980986440728,3.869208736909001,-8.932390451694803e-05,35.90913401064737,0.0008,3.877,976.375,19
9,24,1.816980986440728,3.2618185995420097,-3.97527277901564,35.79530833484839,3.997,1.356,986.938,19
9,24,1.816980986440728,3.864947197873805,-0.0024107134490428,35.953087129089525,0.0008,3.872,997.407,19
9,24,1.816980986440728,3.257526641604979,-3.974099906776051,35.84861170850422,3.997,1.353,1007.875,19
9,24,1.816980986440728,3.86057369074699,-0.0014365505341531,35.995293206097884,0.0008,3.868,1018.391,19
9,24,1.816980986440728,3.288679029352676,-3.976031135743466,35.601143753680546,3.997,1.381,860.954,19
9,24,1.816980986440728,3.891342517514608,0.0006918816569885,35.75900962043811,0.0008,3.899,871.407,19
9,24,1.816980986440728,3.24891167138093,-3.97391267564167,35.95738996059761,3.997,1.343,1049.829,19
9,24,1.816980986440728,3.852008582940464,-0.0030458607039736,36.11983596428656,0.0008,3.86,1060.422,19
9,24,1.816980986440728,3.2451276278776766,-3.972724672968616,36.011218505357775,3.997,1.339,1070.907,19
9,24,1.816980986440728,3.847643715290852,-0.0017707669959449,36.16970505820961,0.0008,3.856,1081.454,19
9,24,1.816980986440728,3.240825657155433,-3.9743925034625502,36.069911189278606,3.997,1.335,1092.032,19
9,24,1.816980986440728,3.8432184031596655,-0.0027342909636052,36.226900438131736,0.0006,3.851,1102.485,19
9,24,1.816980986440728,3.27109994230092,-3.9725402099740528,35.72884874129252,3.997,1.365,944.875,19
9,24,1.816980986440728,3.8737647766456687,-7.182361824482966e-05,35.85706928164014,0.0008,3.882,955.375,19
9,24,1.816980986440728,3.232013468778223,-3.973538242600129,36.20957911083281,3.997,1.327,1134.032,19
9,24,1.816980986440728,3.834785511463034,-0.0015266731412976,36.38016956396406,0.0006,3.843,1144.547,19
9,24,1.816980986440728,3.228409194260879,-3.973593280798654,36.27523891314698,3.997,1.324,1155.079,19
9,24,1.816980986440728,3.83065425068864,0.0007498734364848,36.457129717646666,0.0008,3.839,1165.657,19
9,24,1.816980986440728,3.2251418437159614,-3.9710207267991975,36.364097551232206,3.997,1.321,1176.157,19
9,24,1.816980986440728,3.82660331585312,-0.0012208504519925,36.51042855700573,0.0008,3.834,1186.688,19
9,24,1.816980986440728,3.253406098079444,-3.97076562794376,35.875048099787435,3.997,1.349,1028.922,19
9,24,1.816980986440728,3.8559190110046777,-0.0027991172775888,36.05021836476354,0.0008,3.863,1039.375,19
9,24,1.816980986440728,3.359885335284525,-3.973390512919,34.18074002571164,3.997,1.449,545.641,19
9,24,1.816980986440728,3.973183705607824,-0.0026650060707726,34.3889457406754,0.0008,3.979,556.125,19
9,24,1.816980986440728,3.3549882116951277,-3.9746226021796978,34.35523286782436,3.997,1.445,566.641,19
9,24,1.816980986440728,3.9670719384871953,-0.0025240514412183,34.57708112164375,0.0008,3.973,577.157,19
9,24,1.816980986440728,3.350255190929486,-3.973023219210063,34.55043617195607,3.997,1.442,587.625,19
9,24,1.816980986440728,3.960339451951461,-0.0006531299003046,34.77064631332002,0.0008,3.967,598.125,19
9,24,1.816980986440728,3.236029210408045,-3.973640821132375,36.14108651622335,3.997,1.333,1113.0,19
9,24,1.816980986440728,3.838810538945276,-0.0014220411147292,36.31071394517896,0.0008,3.847,1123.485,19
9,24,1.816980986440728,3.202288452938272,-3.972250541818243,36.75712124345096,3.997,1.298,1302.219,19
9,24,1.816980986440728,3.802624448272699,-0.0002845789674071,36.932509841100085,0.0006,3.81,1312.813,19
9,24,1.816980986440728,3.198091934431017,-3.972243836137894,36.81614718193165,3.997,1.294,1323.329,19
9,24,1.816980986440728,3.798722266656019,-0.0024135525617599,37.00695952497104,0.0006,3.806,1333.86,19
9,24,1.816980986440728,3.194680363586095,-3.9750719561374863,36.89089148293166,3.997,1.292,1344.407,19
9,24,1.816980986440728,3.7948923134209087,0.0001042579306136,37.05544453607484,0.0008,3.802,1354.922,19
9,24,1.816980986440728,3.221360945002597,-3.9769324995805095,36.40461412653046,3.997,1.317,1197.235,19
9,24,1.816980986440728,3.8224023687139614,-0.0033050479950122,36.56350539745227,0.0008,3.83,1207.735,19
9,24,1.816980986440728,3.1876686213525667,-3.97460835551794,37.02420092263471,3.997,1.286,1386.532,19
9,24,1.816980986440728,3.7874251990167545,0.000841049548448,37.195719678930296,0.0008,3.795,1397.094,19
9,24,1.816980986440728,3.1842477654238786,-3.973811089873564,37.08552098993052,3.997,1.282,1407.594,19
9,24,1.816980986440728,3.783889083919469,-0.0016644138947751,37.2590789487468,0.0008,3.792,1418.11,19
9,24,1.816980986440728,3.1803656931087305,-3.9743143248438897,37.161576348880025,3.997,1.278,1428.61,19
9,24,1.816980986440728,3.78004044178376,-0.0031083874426605,37.32063438679733,0.0008,3.788,1439.079,19
9,24,1.816980986440728,3.2058619629803826,-3.972627106853154,36.68461122840964,3.997,1.302,1281.266,19
9,24,1.816980986440728,3.806529326308005,-0.0022545488774335,36.86409582508796,0.0006,3.814,1291.735,19
9,24,1.816980986440728,3.172841196611321,-3.9740931448050554,37.26955178101334,3.997,1.27,1470.704,19
9,24,1.816980986440728,3.772820523232079,0.0004899895939949,37.44545243143939,0.0008,3.78,1481.219,19
9,24,1.816980986440728,3.169469612375339,-3.97151596238463,37.33366688941976,3.997,1.266,1491.75,19
9,24,1.816980986440728,3.769293972232424,-0.0021959625186614,37.4924519096108,0.0008,3.777,1502.204,19
9,24,1.816980986440728,3.166082839589558,-3.97628163802978,37.3988627885762,3.997,1.264,1512.704,19
9,24,1.816980986440728,3.765981475827874,0.0015031227677856,37.55014531429806,0.0008,3.774,1523.172,19
9,24,1.816980986440728,3.1910636460716613,-3.972420022799589,36.95518046923282,3.997,1.287,1365.5,19
9,24,1.816980986440728,3.791229386795967,0.0012769066232359,37.14592539511566,0.0008,3.799,1376.016,19
9,24,1.816980986440728,3.284298756321083,-3.974681187541747,35.68045278565505,3.997,1.378,881.922,19
9,24,1.816980986440728,3.886955593253668,-0.0029883482838899,35.80513375894548,0.0006,3.894,892.391,19
9,24,1.816980986440728,3.2798060892390097,-3.9743492727606986,35.68817082320196,3.997,1.373,902.875,19
9,24,1.816980986440728,3.8824349065113584,-0.0014727971685518,35.79945415805449,0.0008,3.89,913.391,19
9,24,1.816980986440728,3.2755325092419647,-3.971581207089253,35.69403945324438,3.997,1.371,923.86,19
9,24,1.816980986440728,3.8781074399451794,-0.0024488401944639,35.826367835114624,0.0008,3.886,934.407,19
9,24,1.816980986440728,3.17652876187824,-3.9726499091412535,37.23369244295659,3.997,1.274,1449.641,19
9,24,1.816980986440728,3.776580903800468,-0.0010636136813911,37.38562664063055,0.0008,3.784,1460.11,19
9,24,1.816980986440728,3.1450505323657545,-3.9730822929710223,37.72510677921262,3.997,1.242,1638.844,19
9,24,1.816980986440728,3.745932303715257,-0.0011986327274959,37.88016850749411,0.0006,3.753,1649.344,19
9,24,1.816980986440728,3.141403671209737,-3.973603924451037,37.77247937668452,3.997,1.239,1659.891,19
9,24,1.816980986440728,3.742645681492992,-0.0012773420667496,37.930870269290175,0.0008,3.75,1670.438,19
9,24,1.816980986440728,3.137805515779033,-3.9730898003119073,37.83312831199999,3.997,1.236,1680.938,19
9,24,1.816980986440728,3.739596969707007,-0.0006847382361012,37.99263818031152,0.0006,3.747,1691.469,19
9,24,1.816980986440728,3.162872070478894,-3.973890060342552,37.45073043237737,3.997,1.26,1533.672,19
9,24,1.816980986440728,3.76227041166814,-0.0017140742396162,37.62555911785453,0.0008,3.77,1544.219,19
9,24,1.816980986440728,3.130790750603909,-3.9741245096557374,37.94410001610884,3.997,1.228,1723.063,19
9,24,1.816980986440728,3.733398615016836,-0.0017722041237945,38.07193548156836,0.0008,3.741,1733.563,19
9,24,1.816980986440728,3.1276172739169854,-3.9737001963158223,37.96481304519515,3.997,1.225,1744.094,19
9,24,1.816980986440728,3.730375840340446,-0.0005136249035485,38.12506020867488,0.0006,3.738,1754.579,19
9,24,1.816980986440728,3.1240379349110694,-3.9741244681356194,38.02539264556605,3.997,1.222,1765.094,19
9,24,1.816980986440728,3.7273790846694657,0.0011232309936297,38.18800699033618,0.0006,3.735,1775.594,19
9,24,1.816980986440728,3.1485129191520227,-3.974016332772862,37.664955410761,3.997,1.246,1617.813,19
9,24,1.816980986440728,3.749193689557675,-0.0008548224935154,37.833853107766615,0.0008,3.757,1628.313,19
9,24,1.816980986440728,3.1175343315049537,-3.9731637016705057,38.10967105399602,3.997,1.216,1807.172,19
9,24,1.816980986440728,3.721908578093474,-0.0027079996122163,38.29231185226877,0.0008,3.729,1817.672,19
9,24,1.816980986440728,3.1144080977070807,-3.974187464315275,38.17722271549053,3.997,1.212,1828.172,19
9,24,1.816980986440728,3.719107644415218,-0.0024805942174386,38.33369849250846,0.0008,3.726,1838.719,19
9,24,1.816980986440728,3.1114016678602927,-3.973122436650831,38.19068294490655,3.997,1.209,1849.25,19
9,24,1.816980986440728,3.716415733638279,-0.001239573759819,38.37395774661617,0.0008,3.724,1859.719,19
9,24,1.816980986440728,3.1341262217381964,-3.975271449043601,37.876924316280814,3.997,1.232,1702.079,19
9,24,1.816980986440728,3.736296873022074,-0.0020634583464818,38.039316931498114,0.0008,3.744,1712.547,19
9,24,1.816980986440728,3.217704685318605,-3.973813431724567,36.46621021241653,3.997,1.313,1218.235,19
9,24,1.816980986440728,3.818618230348739,-0.0040178942394328,36.65030028316663,0.0006,3.826,1228.75,19
9,24,1.816980986440728,3.2142179613095463,-3.9742386783518366,36.54366026795972,3.997,1.309,1239.25,19
9,24,1.816980986440728,3.8145755758328375,-0.0012339847787999,36.71889386563964,0.0008,3.822,1249.766,19
9,24,1.816980986440728,3.210130968860371,-3.973288277716202,36.6167106503482,3.997,1.306,1260.25,19
9,24,1.816980986440728,3.810522468890761,-0.0003418673126315,36.77551656227883,0.0006,3.819,1270.719,19
9,24,1.816980986440728,3.1207133865904013,-3.973296363795991,38.06153076626366,3.997,1.219,1786.094,19
9,24,1.816980986440728,3.7248577212446,-0.0022388742630158,38.24893786625358,0.0006,3.732,1796.657,19
9,24,1.816980986440728,3.092671888721429,-3.97377152485676,38.48493405989382,3.997,1.19,1975.391,19
9,24,1.816980986440728,3.7010985437970274,-0.0013952536624144,38.65361938535859,0.0006,3.708,1985.891,19
9,24,1.816980986440728,3.0899300951609288,-3.9741807036018586,38.52396090988892,3.997,1.188,1996.375,19
9,24,1.816980986440728,3.6987828765933615,-0.0022381101317922,38.66780555569492,0.0008,3.706,2006.891,19
9,24,1.816980986440728,3.0868289697416618,-3.9718263983206414,38.55795314953893,3.997,1.186,2017.454,19
9,24,1.816980986440728,3.6963846480070974,-0.0001782279772693,38.74217070747872,0.0008,3.704,2027.985,19
9,24,1.816980986440728,3.107759111441328,-3.9726115026383466,38.23994623163283,3.997,1.206,1870.329,19
9,24,1.816980986440728,3.713613173377325,-0.0004300922386789,38.42439864301596,0.0008,3.721,1880.829,19
9,24,1.816980986440728,3.08109266855526,-3.9745283695490463,38.65848453098442,3.997,1.18,2059.547,19
9,24,1.816980986440728,3.692026364764478,0.0006263748704844,38.82917701193843,0.0008,3.699,2070.047,19
9,24,1.816980986440728,3.0786914511074164,-3.974178304795141,38.71625909814541,3.997,1.176,2080.516,19
9,24,1.816980986440728,3.6898079644617794,-0.0004450132981811,38.86965629736612,0.0008,3.698,2091.0,19
9,24,1.816980986440728,3.0753138964079016,-3.97342882233812,38.74072998960831,3.997,1.175,2101.5,19
9,24,1.816980986440728,3.68795635457482,-0.0018246354277852,38.92867084482447,0.0008,3.696,2112.0,19
9,24,1.816980986440728,3.0957426907439967,-3.9746615143728143,38.42583000838721,3.997,1.193,1954.313,19
9,24,1.816980986440728,3.7035230795018648,-0.0024845264494741,38.5924266030048,0.0008,3.711,1964.844,19
9,24,1.816980986440728,3.0698825596936143,-3.9738269041104353,38.83581842829588,3.997,1.168,2143.516,19
9,24,1.816980986440728,3.684256112012772,-0.0029588696129157,38.99252966528388,0.0008,3.692,2154.016,19
9,24,1.816980986440728,3.0670282009154395,-3.972327784861825,38.87775346825353,3.997,1.164,2164.516,19
9,24,1.816980986440728,3.682339323739448,-0.0021463019566702,39.06237692094528,0.0008,3.69,2175.047,19
9,24,1.816980986440728,3.064175181974639,-3.974597546910039,38.93766788832499,3.997,1.162,2185.61,19
9,24,1.816980986440728,3.680442275474544,-0.0003182613315688,39.11810951390484,0.0008,3.688,2196.172,19
9,24,1.816980986440728,3.08406991164628,-3.972304882253896,38.60723782339457,3.997,1.183,2038.579,19
9,24,1.816980986440728,3.694193795003769,-0.0004047094991521,38.78396344368591,0.0008,3.702,2049.063,19
9,24,1.816980986440728,3.159207264887186,-3.973453060959498,37.50852816089599,3.997,1.256,1554.735,19
9,24,1.816980986440728,3.759104520491601,-0.0014635755596288,37.67561731670718,0.0008,3.766,1565.25,19
9,24,1.816980986440728,3.155676395014817,-3.974313331384903,37.53180952376666,3.997,1.252,1575.735,19
9,24,1.816980986440728,3.755706022249759,-0.0011172501090393,37.7233233972142,0.0008,3.763,1586.25,19
9,24,1.816980986440728,3.1517986133584204,-3.973024997532991,37.600637774693055,3.997,1.249,1596.797,19
9,24,1.816980986440728,3.7525779851791095,-0.0005065892130478,37.775874211516886,0.0008,3.76,1607.297,19
9,24,1.816980986440728,3.072339810570016,-3.9741046727554856,38.78949399219206,3.997,1.171,2122.454,19
9,24,1.816980986440728,3.686141897647706,-0.0020797337375668,38.96833709209264,0.0008,3.694,2133.016,19
9,24,1.816980986440728,3.048506326289713,-3.9728409786071146,39.20543767864598,3.997,1.147,2311.735,19
9,24,1.816980986440728,3.669909065725714,8.029644936377761e-05,39.40673475954381,0.0008,3.678,2322.219,19
9,24,1.816980986440728,3.046306214655492,-3.972208048696239,39.28439059949843,3.997,1.146,2332.704,19
9,24,1.816980986440728,3.668403135097408,0.000560466803013,39.44978288546704,0.0008,3.676,2343.172,19
9,24,1.816980986440728,3.043808800902984,-3.973529333647664,39.33529214787793,3.997,1.143,2353.641,19
9,24,1.816980986440728,3.6667706224470153,-0.0014695252076819,39.50863233883508,0.0006,3.674,2364.11,19
9,24,1.816980986440728,3.0617403688624165,-3.9739035101302114,38.99161024651582,3.997,1.16,2206.672,19
9,24,1.816980986440728,3.678754544136344,-0.0022813725790535,39.16930090330671,0.0008,3.686,2217.172,19
9,24,1.816980986440728,3.0381530901106206,-3.973863839705833,39.42419350150025,3.997,1.138,2395.594,19
9,24,1.816980986440728,3.6635602514384855,-4.319976408700649e-05,39.637325772260496,0.0008,3.671,2406.188,19
9,24,1.816980986440728,3.035506176891221,-3.974276456502517,39.47431186697534,3.997,1.136,2416.688,19
9,24,1.816980986440728,3.6617522970024905,-0.00414522053342,39.68426124516437,0.0008,3.669,2427.172,19
9,24,1.816980986440728,3.032600584882437,-3.972858365339437,39.54263015383613,3.997,1.132,2437.704,19
9,24,1.816980986440728,3.660025653877348,-0.0017458081613031,39.73878736656011,0.0006,3.667,2448.188,19
9,24,1.816980986440728,3.0515138128466472,-3.9744215171061,39.16646035374247,3.997,1.152,2290.641,19
9,24,1.816980986440728,3.6717555515623688,-0.0003538095999644,39.346995426692175,0.0006,3.679,2301.188,19
9,24,1.816980986440728,3.027704414003339,-3.971586368028186,39.67525100675076,3.997,1.128,2479.813,19
9,24,1.816980986440728,3.656756860979184,-0.0016163390324371,39.84393370125131,0.0008,3.663,2490.313,19
9,24,1.816980986440728,3.0251023756453623,-3.9740036982449993,39.7244317286967,3.997,1.127,2500.797,19
9,24,1.816980986440728,3.655022451343681,-0.0015584748528288,39.88014665831613,0.0008,3.662,2511.297,19
9,24,1.816980986440728,3.022204216112943,-3.974523426290888,39.75037958651639,3.997,1.122,2521.782,19
9,24,1.816980986440728,3.653033949466328,-0.0009734234986783,39.97150912503648,0.0006,3.66,2532.266,19
9,24,1.816980986440728,3.041048713460246,-3.9730473751385618,39.391867711457245,3.997,1.142,2374.61,19
9,24,1.816980986440728,3.6651925880536216,-0.00127233938111,39.58279638590463,0.0008,3.672,2385.094,19
9,24,1.816980986440728,3.104708999552858,-3.97357675227304,38.31359711088732,3.997,1.204,1891.313,19
9,24,1.816980986440728,3.710928059665224,-0.0008724236618866,38.4648056258369,0.0006,3.718,1901.797,19
9,24,1.816980986440728,3.101524100500617,-3.9729823154436383,38.34539128726663,3.997,1.2,1912.297,19
9,24,1.816980986440728,3.7084914818914334,-0.0019820762314748,38.51192403093619,0.0008,3.716,1922.782,19
9,24,1.816980986440728,3.098394690224485,-3.974184003009319,38.38401919030482,3.997,1.196,1933.297,19
9,24,1.816980986440728,3.705894241017017,-0.0017627861843759,38.55357636856012,0.0008,3.713,1943.813,19
9,24,1.816980986440728,3.0303622040882265,-3.973618768893493,39.62101125033045,3.997,1.13,2458.719,19
9,24,1.816980986440728,3.6584251680386206,-0.0004753276412841,39.770314097174925,0.0008,3.665,2469.25,19
9,24,1.816980986440728,3.005338566362168,-3.9745080166771927,40.12094673446619,3.997,1.106,2647.922,19
9,24,1.816980986440728,3.641792634839453,-0.002401046145411,40.32013355428854,0.0008,3.647,2658.469,19
9,24,1.816980986440728,3.0020410312348,-3.9724274752081263,40.20526745624181,3.997,1.103,2668.954,19
9,24,1.816980986440728,3.6395100686196074,-0.0005795815982777,40.39310050637017,0.0008,3.645,2679.407,19
9,24,1.816980986440728,2.998173064742001,-3.9747856643771753,40.26133447633572,3.997,1.099,2689.954,19
9,24,1.816980986440728,3.637243110139323,-0.0030782233946514,40.44983422680751,0.0008,3.643,2700.485,19
9,24,1.816980986440728,3.018421021575957,-3.973525485850188,39.83311489692946,3.997,1.118,2542.797,19
9,24,1.816980986440728,3.6513422073051935,-0.000170660944319,40.04917481470319,0.0008,3.658,2553.313,19
9,24,1.816980986440728,2.990992229883896,-3.9737782169318954,40.40674837004385,3.997,1.094,2732.079,19
9,24,1.816980986440728,3.6327033719093538,-0.0021784768752596,40.60794880165705,0.0008,3.639,2742.641,19
9,24,1.816980986440728,2.988915839113921,-3.972916315208396,40.4719362114192,3.997,1.092,2753.172,19
9,24,1.816980986440728,3.6302127555105,-0.0006907169973057,40.67718698798777,0.0008,3.636,2763.688,19
9,24,1.816980986440728,2.985043813770004,-3.9738351213509904,40.55793905580966,3.997,1.088,2774.25,19
9,24,1.816980986440728,3.627455119467725,-0.0023965262642191,40.72083585518227,0.0008,3.633,2784.75,19
9,24,1.816980986440728,3.0088334542986206,-3.973448488935289,40.03991715182903,3.997,1.11,2626.844,19
9,24,1.816980986440728,3.6440326503794105,-9.583299607725348e-05,40.2242421662491,0.0008,3.65,2637.344,19
9,24,1.816980986440728,2.9780645607212515,-3.974044863486746,40.66212137776406,3.997,1.081,2816.266,19
9,24,1.816980986440728,3.621916624211489,-0.00093192540037,40.873804623794896,0.0008,3.627,2826.735,19
9,24,1.816980986440728,2.9742781672985323,-3.968380288429665,40.72223735605111,3.997,1.077,2837.25,19
9,24,1.816980986440728,3.6187257460940594,-0.0026887548665813,40.890172995262326,0.0008,3.624,2847.766,19
9,24,1.816980986440728,2.9705879356333056,-3.9729831467361714,40.772419374899485,3.997,1.075,2858.282,19
9,24,1.816980986440728,3.615833200729461,-0.0015001499274275,40.98438400699707,0.0008,3.621,2868.813,19
9,24,1.816980986440728,2.993646115675688,-3.9745673693974215,40.30897149299361,3.997,1.096,2711.032,19
9,24,1.816980986440728,3.6351424220436255,-0.0031079667970954,40.509610377986206,0.0006,3.641,2721.579,19
9,24,1.816980986440728,3.0593588560642933,-3.9733089868700855,39.02952060883684,3.997,1.158,2227.657,19
9,24,1.816980986440728,3.676741418525942,-0.0016446341946097,39.23243123217124,0.0008,3.684,2238.094,19
9,24,1.816980986440728,3.056999034864715,-3.972886501275017,39.0561091413337,3.997,1.155,2248.579,19
9,24,1.816980986440728,3.675188721707088,-0.0019986367352366,39.265017204075846,0.0008,3.682,2259.079,19
9,24,1.816980986440728,3.0544471761685617,-3.9738245479746745,39.12516126460183,3.997,1.153,2269.594,19
9,24,1.816980986440728,3.6734910007697343,0.0003823577952303,39.287679643346905,0.0008,3.68,2280.141,19
9,24,1.816980986440728,2.981795101486176,-3.973142106441602,40.58239071775241,3.997,1.085,2795.25,19
9,24,1.816980986440728,3.6247994158583583,-0.0021349574361594,40.79441799656342,0.0008,3.631,2805.766,19
9,24,1.816980986440728,2.945470645001956,-3.972688234448389,41.14804107894774,3.997,1.05,2984.469,19
9,24,1.816980986440728,3.5925581847513395,-0.0020119127936826,41.32699589489441,0.0008,3.597,2995.063,19
9,24,1.816980986440728,2.9391470259925323,-3.9706529034830833,41.20191938570501,3.997,1.044,3005.579,19
9,24,1.816980986440728,3.587223393295078,-0.0015232261404774,41.37210554713879,0.0008,3.591,3016.157,19
9,24,1.816980986440728,2.932081145730312,-3.970647347768605,41.24551831076314,3.997,1.038,3026.688,19
9,24,1.816980986440728,3.5813856615605,-0.0011385079571029,41.43132566142215,0.0008,3.585,3037.172,19
9,24,1.816980986440728,2.966167841854768,-3.972954182299647,40.8462608286589,3.997,1.069,2879.375,19
9,24,1.816980986440728,3.612327459115898,-0.001664436558664,41.03407080376781,0.0008,3.617,2889.891,19
9,24,1.816980986440728,2.915288572437108,-3.97358830448301,41.37544051147503,3.997,1.024,3068.75,19
9,24,1.816980986440728,3.56721820408975,-0.0020977340638812,41.5823950686918,0.0008,3.571,3079.235,19
9,24,1.816980986440728,2.9055597803950404,-3.972793790338121,41.45524933542185,3.997,1.014,3089.75,19
9,24,1.816980986440728,3.5588675535629264,-0.0002421842281566,41.65381438301161,0.0008,3.562,3100.25,19
9,24,1.816980986440728,2.8941238499970323,-3.973762749180743,41.5200923342347,3.997,1.003,3110.829,19
9,24,1.816980986440728,3.548632334027889,-0.0020279884485373,41.68934202820864,0.0008,3.551,3121.297,19
9,24,1.816980986440728,2.949497275950008,-3.973360025153765,41.08451387648005,3.997,1.054,2963.516,19
9,24,1.816980986440728,3.5966769510936425,-0.0011527901867315,41.278930307312926,0.0008,3.601,2973.985,19
9,24,1.816980986440728,2.865608893547349,-3.974423896233563,41.66297615721856,3.997,0.975,3152.938,19
9,24,1.816980986440728,3.5226963011428496,-0.0012700697457626,41.84534221567671,0.0008,3.525,3163.532,19
9,24,1.816980986440728,2.8508796074758656,-3.9741593800133455,41.72842783769891,3.997,0.962,3174.047,19
9,24,1.816980986440728,3.5059843034202824,-0.0026166836598494,41.91118153614126,0.0008,3.509,3184.672,19
9,24,1.816980986440728,2.829180507432611,-3.9742953357957234,41.7792381036866,3.997,0.943,3195.204,19
9,24,1.816980986440728,3.4856791102903903,1.6623995216388568e-05,41.977225115958646,0.0006,3.488,3205.672,19
9,24,1.816980986440728,2.923920153669969,-3.974796503003319,41.30462104255929,3.997,1.032,3047.719,19
9,24,1.816980986440728,3.5747803730602,-0.0023083911069542,41.5045685010376,0.0008,3.579,3058.188,19
9,24,1.816980986440728,3.015739965878251,-3.972960381441204,39.88136389781057,3.997,1.115,2563.766,19
9,24,1.816980986440728,3.649781002002111,-0.0036196008235164,40.07218745253964,0.0008,3.657,2574.282,19
9,24,1.816980986440728,3.0131393458184594,-3.972842325247748,39.944516552105135,3.997,1.114,2584.75,19
9,24,1.816980986440728,3.647699869017982,-9.701678162668622e-06,40.134184085373775,0.0008,3.655,2595.25,19
9,24,1.816980986440728,3.0108777174185253,-3.973954445891073,40.02834616071869,3.997,1.112,2605.735,19
9,24,1.816980986440728,3.646051914183275,-0.0024553330934008,40.1988951137839,0.0008,3.652,2616.329,19
9,24,1.816980986440728,2.880686260400437,-3.97310195637034,41.57342871892272,3.997,0.991,3131.954,19
9,24,1.816980986440728,3.536109597743609,-0.0034015521231544,41.80937405129244,0.0008,3.539,3142.454,19
9,24,1.816980986440728,2.597182694496159,-3.9710926185622153,42.30985199804548,3.997,0.723,3321.688,19
9,24,1.816980986440728,3.2651074337750017,0.0006766756831558,42.53516944266941,0.0008,3.264,3332.329,19
9,24,1.816980986440728,2.5260666108505485,-3.972156794017181,42.43971351413172,3.997,0.656,3343.032,19
9,24,1.816980986440728,3.1963171184614985,0.0031975407879711,42.6800198343342,0.0008,3.193,3353.875,19
9,24,1.816980986440728,2.428102703648056,-3.969843698238344,42.56758219516941,3.997,0.568,3364.704,19
9,24,1.816980986440728,3.121858509870826,-0.0002806743865968,42.75456095698592,0.0004,0.0,3375.563,19
9,24,1.816980986440728,2.8036818929253204,-3.97499188154537,41.827000477898096,3.997,0.918,3216.188,19
9,24,1.816980986440728,3.4620163963409314,0.0009986826715069,42.05959680152479,0.0008,3.465,3226.672,19
9,24,1.816980986440728,3.2064597178204046,-0.0042489291981033,41.44263386822412,0.0004,0.001,3408.344,19
9,24,1.816980986440728,3.221011958104738,-0.0005618046296689,41.06655831931372,0.0004,0.0,3419.266,19
9,24,1.816980986440728,3.232907127075412,-0.003816936600833,40.72323845636795,0.0004,0.001,3430.282,19
9,24,1.816980986440728,3.2429336960636364,-0.0002837899548847,40.47089810292272,0.0004,0.0,3441.172,19
9,24,1.816980986440728,3.2507382861280822,-0.0005752784430669,40.19232122705135,0.0004,0.001,3452.125,19
9,24,1.816980986440728,3.2579967103181784,-0.0023064020724255,39.96869747564583,0.0004,0.0,3463.063,19
9,24,1.816980986440728,2.654124365653564,-3.972647502993785,42.20445286378954,3.997,0.777,3300.407,19
9,24,1.816980986440728,3.3192881134929326,-0.0032899032189249,42.43037985758143,0.0008,3.319,3311.047,19
9,24,1.816980986440728,3.2744960621742334,-0.0001767758191114,39.30393280639079,0.0004,0.001,3495.969,19
9,24,1.816980986440728,3.278785847469253,0.00107144568278,39.12556524392419,0.0004,0.0,3506.875,19
9,24,1.816980986440728,3.2827558215520862,0.0001228700554263,38.91313521496606,0.0004,0.001,3517.829,19
9,24,1.816980986440728,3.285928755483741,-0.0019115312856564,38.7222713890053,0.0004,0.0,3528.735,19
9,24,1.816980986440728,3.2891325761555623,-0.0020894589475946,38.54650253109539,0.0004,0.001,3539.641,19
9,24,1.816980986440728,3.2921625931886864,-0.0031595778857478,38.36066374225753,0.0004,0.0,3550.563,19
9,24,1.816980986440728,3.161866318415758,-0.000846788940955,42.36130475678489,0.0004,0.001,3386.563,19
9,24,1.816980986440728,3.18733708918947,0.0016669613879486,41.8804412372612,0.0004,0.0,3397.469,19
9,24,1.816980986440728,2.963138026947462,-3.97347604300484,40.920773066268566,3.997,1.068,2900.375,19
9,24,1.816980986440728,3.6088536148264088,-0.0032216766191963,41.110698681991394,0.0008,3.614,2910.86,19
9,24,1.816980986440728,2.958383934309009,-3.974623700156822,40.96804201774204,3.997,1.063,2921.422,19
9,24,1.816980986440728,3.605127779589016,-0.0011271747413682,41.145591914655874,0.0008,3.61,2931.938,19
9,24,1.816980986440728,2.953267408508342,-3.969737771431797,41.02153329081112,3.997,1.058,2942.454,19
9,24,1.816980986440728,3.601027681831884,-0.0010151790195951,41.22248424629216,0.0008,3.605,2952.985,19
9,24,1.816980986440728,3.263930230935648,-0.0018522703447495,39.74324731474792,0.0004,0.001,3474.016,19
9,24,1.816980986440728,3.2696732323409354,-0.0007608811245813,39.5061356405058,0.0004,0.0,3485.016,19
9,24,1.816980986440728,3.314383563679528,0.0009796699616761,36.60917724029379,0.0004,0.001,3670.75,19
9,24,1.816980986440728,3.315687832780612,-0.0019305095325676,36.43975405460307,0.0004,0.0,3681.766,19
9,24,1.816980986440728,3.316763853440924,0.0008562764454046,36.31253747951208,0.0004,0.001,3692.688,19
9,24,1.816980986440728,3.318320370107568,-9.689075511662304e-05,36.174782398399046,0.0004,0.0,3703.579,19
9,24,1.816980986440728,3.3193855934118943,-0.0019689393399032,36.06299361109201,0.0004,0.001,3714.516,19
9,24,1.816980986440728,3.320637028655685,-0.0003823189933616,35.911811016861776,0.0004,0.0,3725.422,19
9,24,1.816980986440728,3.2948885428926635,-0.0029215483706518,38.1969274130812,0.0004,0.001,3561.5,19
9,24,1.816980986440728,3.2974935289736846,-0.0016827244527315,38.03617781862604,0.0004,0.0,3572.407,19
9,24,1.816980986440728,3.323625060136943,-0.001283808229946,35.51121056278194,0.0004,0.001,3758.235,19
9,24,1.816980986440728,3.3245418729478398,0.0002948010941454,35.38492852568708,0.0004,0.0,3769.157,19
9,24,1.816980986440728,3.3255007707555158,0.0014512330920748,35.25352612969621,0.0004,0.001,3780.172,19
9,24,1.816980986440728,3.326458065330037,-0.0015053687366091,35.13721031587575,0.0004,0.0,3791.079,19
9,24,1.816980986440728,3.3272676052919405,-0.0008864990835233,35.010095549799544,0.0004,0.001,3802.063,19
9,24,1.816980986440728,3.328037843290359,-0.0012836167262831,34.912389125432455,0.0004,0.0,3813.0,19
9,24,1.816980986440728,3.311178758584298,-0.0006006967410853,36.91042263076519,0.0004,0.001,3648.86,19
9,24,1.816980986440728,3.312744911179737,-0.0009745523112809,36.75508704381137,0.0004,0.0,3659.813,19
9,24,1.816980986440728,3.330264384827398,-0.0022075067095898,34.5632809686414,0.0004,0.001,3845.782,19
9,24,1.816980986440728,3.331055398991303,0.000281273928516,34.429925818867275,0.0004,0.0,3856.782,19
9,24,1.816980986440728,3.331620878334765,0.0003558827604777,34.34113994739865,0.0004,0.001,3867.782,19
9,24,1.816980986440728,3.332271942244301,-0.0009372200571424,34.225224901710014,0.0004,0.0,3878.719,19
9,24,1.816980986440728,3.332931032351322,0.0014792414190158,34.129935977617414,0.0004,0.001,3889.735,19
9,24,1.816980986440728,3.333603842425884,-0.0003781068339748,34.02201844861022,0.0004,0.0,3900.657,19
9,24,1.816980986440728,3.321606084132135,-0.0021831114670901,35.76672226336458,0.0004,0.001,3736.375,19
9,24,1.816980986440728,3.322551252218595,-0.0039195588133886,35.63680714222246,0.0006,0.0,3747.329,19
9,24,1.816980986440728,2.774273829202261,-3.975398787242962,41.95820480754677,3.997,0.892,3237.172,19
9,24,1.816980986440728,3.4348593500299955,-0.000315523143478,42.15520989150407,0.0008,3.437,3247.719,19
9,24,1.816980986440728,2.7398198486002627,-3.9738265636863663,42.03892850113883,3.997,0.856,3258.266,19
9,24,1.816980986440728,3.402298340631183,-0.0007374327464706,42.25086738579538,0.0006,3.404,3268.75,19
9,24,1.816980986440728,2.7004744818602457,-3.9728654102105994,42.13556505826237,3.997,0.821,3279.313,19
9,24,1.816980986440728,3.3648737129735435,-0.0019444265685623,42.31768816757632,0.0008,3.366,3289.875,19
9,24,1.816980986440728,3.328658337116453,-0.003441636973084,34.77327040590981,0.0004,0.001,3823.922,19
9,24,1.816980986440728,3.329508618714261,-0.001611119951503,34.67050087977359,0.0004,0.0,3834.829,19
9,24,1.816980986440728,3.339342232399886,-0.0027200610585407,32.97795728221649,0.0004,0.001,4021.0,19
9,24,1.816980986440728,3.3398021477670925,-0.0004295316769482,32.90305840047544,0.0004,0.0,4031.891,19
9,24,1.816980986440728,3.340234344748608,-0.000720900190625,32.81384647169213,0.0004,0.001,4042.875,19
9,24,1.816980986440728,3.340633302972769,-0.0004480658858086,32.743743078848695,0.0004,0.0,4053.782,19
9,24,1.816980986440728,3.3412632342927617,0.0002195698553311,32.64585867315797,0.0004,0.001,4064.735,19
9,24,1.816980986440728,3.341557408059979,0.0003909460321005,32.57746677650147,0.0004,0.0,4075.672,19
9,24,1.816980986440728,3.3342184707093248,-0.0027463615226269,33.92663418525428,0.0004,0.001,3911.563,19
9,24,1.816980986440728,3.334844236255168,-0.0015289874296195,33.83142374321917,0.0004,0.0,3922.547,19
9,24,1.816980986440728,3.342650647692472,-0.0009116362525645,32.3441910173161,0.0004,0.001,4108.438,19
9,24,1.816980986440728,3.3431867841271554,-0.0024608853014022,32.26844299372068,0.0004,0.0,4119.329,19
9,24,1.816980986440728,3.343613936603952,-0.0010866018708677,32.21448947036375,0.0004,0.001,4130.313,19
9,24,1.816980986440728,3.3439309573155014,-0.0001964584761683,32.10529335427167,0.0004,0.0,4141.282,19
9,24,1.816980986440728,3.3443289481655314,-0.00074007823627,32.06621063526858,0.0004,0.001,4152.204,19
9,24,1.816980986440728,3.34468369622442,-0.0020473979994004,31.981869810529464,0.0004,0.0,4163.11,19
9,24,1.816980986440728,3.33844278558474,-0.0025515039665269,33.152768224924394,0.0004,0.001,3999.172,19
9,24,1.816980986440728,3.338994004180793,0.0009900563600343,33.06938180567233,0.0004,0.0,4010.094,19
9,24,1.816980986440728,3.3456518948046488,-0.0015897930033976,31.773777297359025,0.0004,0.001,4195.938,19
9,24,1.816980986440728,3.345945283170096,-0.003801342239585,31.70241572234039,0.0004,0.0,4206.829,19
9,24,1.816980986440728,3.346316178264099,-0.0031737364629483,31.64781543889948,0.0004,0.001,4217.735,19
9,24,1.816980986440728,3.3466683017642818,-0.0005323260417554,31.59436948014181,0.0004,0.0,4228.61,19
9,24,1.816980986440728,3.3470891929371684,-0.0036133153629865,31.536602544402093,0.0004,0.001,4239.61,19
9,24,1.816980986440728,3.347468016332348,-0.0024866866810974,31.46573133644041,0.0004,0.0,4250.547,19
9,24,1.816980986440728,3.3420300922997863,-0.0001881275782457,32.49855194474198,0.0004,0.001,4086.61,19
9,24,1.816980986440728,3.3424050565486176,-0.0034087766008455,32.43206358072557,0.0006,0.0,4097.532,19
9,24,1.816980986440728,3.299969819846369,-0.0017882188267166,37.86902780204822,0.0004,0.001,3583.297,19
9,24,1.816980986440728,3.302066445989463,-0.0041289904364112,37.691607218309336,0.0004,0.0,3594.219,19
9,24,1.816980986440728,3.304157391307253,-0.0014965246807998,37.53277426206527,0.0004,0.001,3605.141,19
9,24,1.816980986440728,3.3061282149443323,-0.0031533892971856,37.36067429601009,0.0004,0.0,3616.079,19
9,24,1.816980986440728,3.3077998363385666,-0.0002311388667145,37.20494550659039,0.0004,0.001,3627.0,19
9,24,1.816980986440728,3.3096883292891444,-0.0014328818474147,37.064413105075936,0.0004,0.0,3637.922,19
9,24,1.816980986440728,3.3451251249530705,-0.0011471977219468,31.91471826579327,0.0004,0.001,4174.063,19
9,24,1.816980986440728,3.3453315631494127,-0.0021434273168954,31.839502995035776,0.0004,0.0,4184.954,19
9,24,1.816980986440728,3.3506351753295305,-0.0002920740858417,30.820526525254976,0.0004,0.001,4370.75,19
9,24,1.816980986440728,3.3506766549156755,-0.0017650251964086,30.772422629377992,0.0004,0.0,4381.641,19
9,24,1.816980986440728,3.350964999437704,-0.0011937467806097,30.7322101551495,0.0004,0.001,4392.625,19
9,24,1.816980986440728,3.3512797819271776,-0.0011807946987844,30.68062575254356,0.0004,0.0,4403.532,19
9,24,1.816980986440728,3.351630764800236,-0.0020883944794928,30.625567817684168,0.0004,0.001,4414.469,19
9,24,1.816980986440728,3.3517980062958403,-0.0011269101355655,30.57504367630962,0.0004,0.0,4425.36,19
9,24,1.816980986440728,3.347649619886373,-0.0017660799820131,31.389531925528548,0.0004,0.001,4261.485,19
9,24,1.816980986440728,3.348038756932889,-0.0013977050037637,31.31809215988985,0.0004,0.0,4272.407,19
9,24,1.816980986440728,3.3525525638324405,0.0002389751137935,30.42818648037716,0.0004,0.001,4458.219,19
9,24,1.816980986440728,3.352624724133304,-0.0013784650790115,30.37858452399068,0.0004,0.0,4469.235,19
9,24,1.816980986440728,3.3529655399495,-0.0012604227806912,30.33856109118041,0.0004,0.001,4480.188,19
9,24,1.816980986440728,3.353158532480405,-0.0026744461525512,30.309956645616477,0.0004,0.0,4491.094,19
9,24,1.816980986440728,3.353608505471222,-0.0002794856842066,30.251911150514104,0.0004,0.001,4501.985,19
9,24,1.816980986440728,3.3538163229030378,-0.0017564150815806,30.21526187258953,0.0004,0.0,4512.938,19
9,24,1.816980986440728,3.3499530674400906,-0.0007161891990846,30.95376540614,0.0004,0.001,4348.907,19
9,24,1.816980986440728,3.3501144188843868,-0.0007294953281568,30.88163019231549,0.0004,0.0,4359.844,19
9,24,1.816980986440728,3.3543148933306988,-0.0004398782384801,30.0758943706712,0.0004,0.001,4545.75,19
9,24,1.816980986440728,3.354486790128478,-0.0003597335006791,30.05590211993957,0.0004,0.0,4556.672,19
9,24,1.816980986440728,3.3549790315713355,4.795077282548967e-05,29.99906501589323,0.0004,0.001,4567.594,19
9,24,1.816980986440728,3.3551015714084755,-0.0019837061125245,29.95821164129172,0.0004,0.0,4578.516,19
9,24,1.816980986440728,3.3552383948688678,-0.0004855439211632,29.93142557362238,0.0004,0.001,4589.422,19
9,24,1.816980986440728,3.355498525180838,-0.0011204502701382,29.88701162370653,0.0004,0.0,4600.391,19
9,24,1.816980986440728,3.352131362743352,-0.0014320204508668,30.5171091307492,0.0004,0.001,4436.344,19
9,24,1.816980986440728,3.352304010207128,-0.0005505434979042,30.480375887120967,0.0004,0.0,4447.266,19
9,24,1.816980986440728,3.3351685814686185,0.0009189297364772,33.72761577828544,0.0004,0.001,3933.438,19
9,24,1.816980986440728,3.3358825470009124,-0.0024834616125751,33.62746073119185,0.0004,0.0,3944.391,19
9,24,1.816980986440728,3.3363532714139046,-0.0019649477485615,33.548226334040365,0.0004,0.001,3955.438,19
9,24,1.816980986440728,3.3369781474021964,0.0008407567571295,33.434291830167034,0.0004,0.0,3966.344,19
9,24,1.816980986440728,3.3375928760974216,0.0021744511333838,33.3519110253917,0.0004,0.001,3977.282,19
9,24,1.816980986440728,3.337911447655548,-0.0006478854755705,33.2631147780497,0.0004,0.0,3988.172,19
9,24,1.816980986440728,3.35389663871398,-0.0013583539273269,30.176387970286434,0.0004,0.001,4523.844,19
9,24,1.816980986440728,3.354224573031397,-0.0024757041755335,30.123959191542895,0.0004,0.0,4534.813,19
9,24,1.816980986440728,3.3575621945911567,-0.0013262579855818,29.474509050838574,0.0004,0.001,4720.672,19
9,24,1.816980986440728,3.357862184927806,0.0008677928062203,29.446026181024383,0.0004,0.0,4731.719,19
9,24,1.816980986440728,3.3580821744768623,-0.0045456389725618,29.409576742835583,0.0004,0.001,4742.672,19
9,24,1.816980986440728,3.358283162126043,-0.0029722107958666,29.376240484122928,0.0004,0.0,4753.672,19
9,24,1.816980986440728,3.358256405528799,-0.001382449384498,29.33467963795401,0.0004,0.001,4764.672,19
9,24,1.816980986440728,3.358656215278761,-0.0037144549727544,29.30830793264155,0.0004,0.0,4775.547,19
9,24,1.816980986440728,3.35558799025429,-0.0007356828133219,29.84742649894472,0.0004,0.001,4611.329,19
9,24,1.816980986440728,3.355925882813161,-0.0015011979010098,29.80495345457838,0.0004,0.0,4622.235,19
9,24,1.816980986440728,3.3589936640329747,-0.0018986382062069,29.21018281339593,0.0004,0.001,4808.391,19
9,24,1.816980986440728,3.359226000800102,-0.0015094851262483,29.17513075974933,0.0004,0.0,4819.329,19
9,24,1.816980986440728,3.359536730536717,-0.0012905061510002,29.15893851322681,0.0004,0.001,4830.282,19
9,24,1.816980986440728,3.359628028012789,-0.0040223541237098,29.13834652366637,0.0004,0.0,4841.204,19
9,24,1.816980986440728,3.3597779378028063,-0.0040379777705212,29.11617447861244,0.0004,0.001,4852.172,19
9,24,1.816980986440728,3.3598962189576493,0.0002800165199156,29.083443733707718,0.0004,0.0,4863.11,19
9,24,1.816980986440728,3.357346337063253,-0.002057314634962,29.54587826110722,0.0004,0.001,4698.813,19
9,24,1.816980986440728,3.3574311196050552,-0.0042591622938217,29.517103319895973,0.0004,0.0,4709.75,19
9,24,1.816980986440728,3.3605073645899703,-9.358299489745543e-05,29.00051302763584,0.0004,0.001,4895.922,19
9,24,1.816980986440728,3.3606309736129374,-0.003466262592207,28.967695779259905,0.0004,0.0,4906.875,19
9,24,1.816980986440728,3.360765396841584,-0.0018159028327747,28.9253530496829,0.0004,0.001,4917.813,19
9,24,1.816980986440728,3.360851828021369,-0.0024130141365177,28.90233652149794,0.0004,0.0,4928.719,19
9,24,1.816980986440728,3.360955122450686,0.0007643739572304,28.87329298472458,0.0004,0.001,4939.594,19
9,24,1.816980986440728,3.361336053592527,-0.001192505042216,28.857963632317983,0.0004,0.0,4950.5,19
9,24,1.816980986440728,3.358935673278777,-0.0014113331446218,29.28432358749023,0.0004,0.001,4786.469,19
9,24,1.816980986440728,3.3590108082196366,-6.579605603630749e-05,29.24740952056357,0.0004,0.0,4797.454,19
9,24,1.816980986440728,3.34830880150858,-0.0011036434184657,31.27012383806745,0.0004,0.001,4283.313,19
9,24,1.816980986440728,3.348514284994553,-0.0024851980450035,31.231143424605765,0.0004,0.0,4294.25,19
9,24,1.816980986440728,3.348870781867632,0.0003269600757705,31.159298412646805,0.0004,0.001,4305.172,19
9,24,1.816980986440728,3.3492424508131893,-0.0014640279452892,31.09100248972491,0.0004,0.0,4316.094,19
9,24,1.816980986440728,3.349457134662347,0.000318545404943,31.05290758677024,0.0004,0.001,4327.016,19
9,24,1.816980986440728,3.349747736117873,-0.0001775375678044,30.986532388914053,0.0004,0.0,4338.0,19
9,24,1.816980986440728,3.360050216352335,-0.0028253858784013,29.05962696127033,0.0004,0.001,4874.11,19
9,24,1.816980986440728,3.360167734157386,0.0004648519295199,29.02484349786187,0.0004,0.0,4885.0,19
9,24,1.816980986440728,3.362658949237059,-0.0006057037664295,28.59572877562953,0.0004,0.001,5070.907,19
9,24,1.816980986440728,3.3632391311793968,-0.0003799084935288,28.56812344534336,0.0004,0.0,5081.813,19
9,24,1.816980986440728,3.363117988412584,-0.0019793791908004,28.561877399833406,0.0004,0.001,5092.75,19
9,24,1.816980986440728,3.363296398512384,-0.0022458451204017,28.52854306173209,0.0004,0.0,5103.672,19
9,24,1.816980986440728,3.363356910338004,0.0003404062180926,28.50439598942336,0.0004,0.001,5114.594,19
9,24,1.816980986440728,3.363631837656964,-0.0013450924931458,28.49284754481742,0.0004,0.0,5125.563,19
9,24,1.816980986440728,3.36127799141283,-0.0036461298552917,28.826744802230145,0.0004,0.001,4961.391,19
9,24,1.816980986440728,3.3614088998410936,-0.0004824524484525,28.805567976147497,0.0004,0.0,4972.329,19
9,24,1.816980986440728,3.364012499412498,-0.0042005492235109,28.43796982135613,0.0004,0.001,5158.313,19
9,24,1.816980986440728,3.3639043723805795,-0.0044058228883744,28.410068796462333,0.0004,0.0,5169.282,19
9,24,1.816980986440728,3.364387246876057,-0.0045677968318622,28.393353340739267,0.0004,0.001,5180.204,19
9,24,1.816980986440728,3.364398247094877,-0.0022121319270521,28.375589216673,0.0004,0.0,5191.125,19
9,24,1.816980986440728,3.364260394201752,0.0007805250717429,28.367686426563026,0.0004,0.001,5202.141,19
9,24,1.816980986440728,3.364742696935314,-0.0013717985421214,28.34051895505344,0.0004,0.0,5213.141,19
9,24,1.816980986440728,3.362476624781072,0.0005062893532264,28.63688369043274,0.0004,0.001,5049.047,19
9,24,1.816980986440728,3.362474242049613,0.0015352382595605,28.62537675586374,0.0004,0.0,5059.969,19
9,24,1.816980986440728,3.364969588916328,-0.0016678591050903,28.28637936440276,0.0004,0.001,5245.938,19
9,24,1.816980986440728,3.3649664855939627,-0.0017409392358104,28.268004307358463,0.0006,0.0,5256.844,19
9,24,1.816980986440728,3.364978862524091,-0.0033379803704574,28.25391501354961,0.0004,0.001,5267.766,19
9,24,1.816980986440728,3.365275811949405,0.0014719981192164,28.23768795943608,0.0004,0.0,5278.704,19
9,24,1.816980986440728,3.365466484114278,-0.003784444275139,28.218046133450255,0.0004,0.001,5289.641,19
9,24,1.816980986440728,3.3653356565986825,-0.0010665666893262,28.20592809813834,0.0004,0.0,5300.61,19
9,24,1.816980986440728,3.3635377147348544,-0.0038419607445827,28.47780953944171,0.0004,0.001,5136.485,19
9,24,1.816980986440728,3.363771096747292,-0.0003003302942041,28.45734050073824,0.0004,0.0,5147.407,19
9,24,1.816980986440728,3.3561701551715872,-0.001434498899821,29.768620763864423,0.0004,0.001,4633.157,19
9,24,1.816980986440728,3.356152679113455,-0.0021828528994918,29.73467566898806,0.0004,0.0,4644.094,19
9,24,1.816980986440728,3.356481869735604,-0.0005088955647294,29.69159485864405,0.0004,0.001,4655.0,19
9,24,1.816980986440728,3.356719063265245,0.0007204698686603,29.655829296558046,0.0004,0.0,4665.969,19
9,24,1.816980986440728,3.3568741224485805,-0.0016793575507832,29.62556681044974,0.0004,0.001,4676.891,19
9,24,1.816980986440728,3.35698125748234,0.0006790184298216,29.579804758536763,0.0004,0.0,4687.813,19
9,24,1.816980986440728,3.3645671493720823,-0.0010391259476196,28.32294520642035,0.0004,0.001,5224.047,19
9,24,1.816980986440728,3.3648159743039705,-0.0014490728134124,28.30466003842549,0.0004,0.0,5235.016,19
9,24,1.816980986440728,3.36687740631832,-0.0025679027053442,28.000140979437983,0.0004,0.001,5421.063,19
9,24,1.816980986440728,3.3668320163097585,-0.0016438648270129,27.966420876025776,0.0004,0.0,5431.954,19
9,24,1.816980986440728,3.3669795760709333,-0.0008771972619275,27.96903144576329,0.0004,0.001,5442.969,19
9,24,1.816980986440728,3.3670706578199465,-0.0028760116876828,27.96544443909664,0.0004,0.0,5453.86,19
9,24,1.816980986440728,3.3671102612503647,-0.0012750613834077,27.942204657053644,0.0004,0.001,5464.813,19
9,24,1.816980986440728,3.3671879918211824,-0.0012880047187748,27.93075486670222,0.0004,0.0,5475.766,19
9,24,1.816980986440728,3.365807559309541,-0.0052066924244061,28.17729968005356,0.0004,0.001,5311.579,19
9,24,1.816980986440728,3.365887415243303,0.0005651762531248,28.14908623042764,0.0004,0.0,5322.5,19
9,24,1.816980986440728,3.3676711396629204,-0.0011292364456559,27.90478822081073,0.0004,0.001,5508.579,19
9,24,1.816980986440728,3.367647811637973,-0.000989849456367,27.891781427963632,0.0004,0.0,5519.547,19
9,24,1.816980986440728,3.367782653182283,-0.0031606491647253,27.874355546154742,0.0004,0.001,5530.485,19
9,24,1.816980986440728,3.367817914176394,-0.0030513356018835,27.851336197922237,0.0004,0.0,5541.407,19
9,24,1.816980986440728,3.3680569020125306,-0.0039421485058314,27.835309412494844,0.0004,0.001,5552.313,19
9,24,1.816980986440728,3.368126114655853,-0.0013949960654759,27.823779096614583,0.0004,0.0,5563.282,19
9,24,1.816980986440728,3.366471651601389,-0.0026337191348566,28.04429715868747,0.0004,0.001,5399.125,19
9,24,1.816980986440728,3.36676856751452,0.0017743230068641,28.030554908860907,0.0004,0.0,5410.094,19
9,24,1.816980986440728,3.368467412041464,-0.0020440691208459,27.802583045670065,0.0004,0.001,5596.047,19
9,24,1.816980986440728,3.368559680866262,-0.0025531075006111,27.795952593152872,0.0004,0.0,5607.016,19
9,24,1.816980986440728,3.368578224072809,-0.0014505452518172,27.7830378597168,0.0004,0.001,5617.938,19
9,24,1.816980986440728,3.368727787272943,-0.0033138346940477,27.769217111138747,0.0004,0.0,5628.891,19
9,24,1.816980986440728,3.368878133587045,-0.0002997673117471,27.760857585734215,0.0004,0.001,5639.782,19
9,24,1.816980986440728,3.368731771017741,-0.0021087230439785,27.744890232243076,0.0004,0.0,5650.688,19
9,24,1.816980986440728,3.3672740439170283,0.0017847831332431,27.93198454455093,0.0004,0.001,5486.672,19
9,24,1.816980986440728,3.3674436961180025,-0.0044946015491813,27.90562944480276,0.0004,0.0,5497.641,19
9,24,1.816980986440728,3.361600062580293,-0.0001565409117358,28.76829301799068,0.0004,0.001,4983.36,19
9,24,1.816980986440728,3.3617863503312573,-0.001907959786808,28.74441130696252,0.0004,0.0,4994.282,19
9,24,1.816980986440728,3.3619178529434417,-0.0020409890249612,28.727884318987705,0.0004,0.001,5005.188,19
9,24,1.816980986440728,3.3621742885188137,-0.0026377174836181,28.700626012056105,0.0004,0.0,5016.141,19
9,24,1.816980986440728,3.3621671338314854,-0.00177775683141,28.68661067079728,0.0004,0.001,5027.063,19
9,24,1.816980986440728,3.362482075335203,-0.0018373222153689,28.66572489874563,0.0004,0.0,5038.11,19
9,24,1.816980986440728,3.3682449010902644,0.0036449132673063,27.824208435721847,0.0004,0.001,5574.219,19
9,24,1.816980986440728,3.3683897714444866,-0.000295370912348,27.805357962254185,0.0004,0.0,5585.125,19
9,24,1.816980986440728,3.370019432147504,-0.0023875213902612,27.630427470835944,0.0004,0.001,5771.047,19
9,24,1.816980986440728,3.3699546495765498,-0.0006214009196528,27.628687207102036,0.0004,0.0,5782.0,19
9,24,1.816980986440728,3.370028411367921,0.0004121538744992,27.619016409867086,0.0004,0.001,5792.875,19
9,24,1.816980986440728,3.3703725926361696,-0.0037103093752133,27.59774145031239,0.0004,0.0,5803.813,19
9,24,1.816980986440728,3.370184922152365,-0.0011301246874623,27.583331166926374,0.0004,0.001,5814.782,19
9,24,1.816980986440728,3.370412162764766,-0.0033237191958727,27.5682486765348,0.0004,0.0,5825.704,19
9,24,1.816980986440728,3.369004675132192,0.000812851092675,27.73936648432361,0.0004,0.001,5661.657,19
9,24,1.816980986440728,3.369273087091827,0.0003268963866985,27.72284602837509,0.0004,0.0,5672.579,19
9,24,1.816980986440728,3.3706689379723067,-0.002574371585909,27.542629238616108,0.0004,0.001,5858.563,19
9,24,1.816980986440728,3.3707006331050566,1.1562861287227996e-05,27.53003725865904,0.0004,0.0,5869.438,19
9,24,1.816980986440728,3.3707916563407494,-0.0034403516520512,27.5274460682372,0.0004,0.001,5880.422,19
9,24,1.816980986440728,3.370867186662478,-0.0034586321098799,27.51725606072464,0.0004,0.0,5891.375,19
9,24,1.816980986440728,3.370911016834252,-0.003205536157122,27.50640900055003,0.0004,0.001,5902.266,19
9,24,1.816980986440728,3.371036848833032,-0.0012738009799767,27.49687583510227,0.0004,0.0,5913.172,19
9,24,1.816980986440728,3.369613244320536,-0.0002245736522486,27.64853988506155,0.0004,0.001,5749.063,19
9,24,1.816980986440728,3.3698166554266265,-0.0006547928203067,27.64181567052484,0.0004,0.0,5760.0,19
9,24,1.816980986440728,3.3712516428893697,-0.001360294976279,27.482818944925015,0.0004,0.001,5945.922,19
9,24,1.816980986440728,3.3713059380224006,0.0008280060332555,27.46378635522665,0.0004,0.0,5956.844,19
9,24,1.816980986440728,3.371503711080789,-0.0013825411287481,27.463827699883,0.0004,0.001,5967.797,19
9,24,1.816980986440728,3.3714073843112597,-0.0037446790428816,27.44714809032184,0.0004,0.0,5978.735,19
9,24,1.816980986440728,3.371589852979963,-0.0012789949935705,27.43718553428185,0.0004,0.001,5989.75,19
9,24,1.816980986440728,3.371696155873885,-0.0044959207802365,27.429540367370752,0.0004,0.0,6000.688,19
9,24,1.816980986440728,3.3705585354575405,-0.003865813406763,27.568535989753947,0.0004,0.001,5836.688,19
9,24,1.816980986440728,3.370564605495459,-0.0024571713561392,27.539285817836635,0.0004,0.0,5847.657,19
9,24,1.816980986440728,3.3657973639698406,-0.0001244069337846,28.1401301320472,0.0004,0.001,5333.422,19
9,24,1.816980986440728,3.365973507030732,-0.0043304203302559,28.125512675309995,0.0004,0.0,5344.36,19
9,24,1.816980986440728,3.366160530775778,-0.0021612892810389,28.105760858834905,0.0004,0.001,5355.36,19
9,24,1.816980986440728,3.366291573652414,-0.0011381204133536,28.09866243960953,0.0004,0.0,5366.297,19
9,24,1.816980986440728,3.3665327349271084,-3.037918899169325e-06,28.075097851721896,0.0004,0.001,5377.204,19
9,24,1.816980986440728,3.3662263321413337,-0.000756474019871,28.065917927960616,0.0004,0.0,5388.204,19
9,24,1.816980986440728,3.3710154581378764,-0.0004523243462803,27.486312693719803,0.0004,0.001,5924.047,19
9,24,1.816980986440728,3.371131814224108,-0.0015609483030006,27.480429622144413,0.0004,0.0,5934.954,19
9,24,1.816980986440728,3.372534510928185,-0.0009963404134658,27.36369139931781,0.0004,0.001,6120.922,19
9,24,1.816980986440728,3.372654971868476,4.085599630253527e-05,27.365236997673456,0.0004,0.0,6131.829,19
9,24,1.816980986440728,3.3727459462149056,-0.0012229469926187,27.356726716635045,0.0004,0.001,6142.75,19
9,24,1.816980986440728,3.372814652948348,-0.001675476689403,27.33722443339778,0.0004,0.0,6153.719,19
9,24,1.816980986440728,3.3730196608949843,-0.0017568624450123,27.331142323727637,0.0004,0.001,6164.672,19
9,24,1.816980986440728,3.372856879822624,-0.004383848791293,27.328543331501383,0.0004,0.0,6175.61,19
9,24,1.816980986440728,3.371677135568958,-0.0012982414872466,27.422889213673518,0.0004,0.001,6011.625,19
9,24,1.816980986440728,3.371722620466832,-0.0029457028279033,27.41784008935017,0.0004,0.0,6022.547,19
9,24,1.816980986440728,3.3732997114424923,-0.0018432721013109,27.307088389887,0.0004,0.001,6208.375,19
9,24,1.816980986440728,3.3731857534322947,-0.0018904723646175,27.30670255521397,0.0004,0.0,6219.282,19
9,24,1.816980986440728,3.37343701078449,-0.0013839883823184,27.315468525485493,0.0004,0.001,6230.25,19
9,24,1.816980986440728,3.3735596293738017,0.0018030971741524,27.29436471813643,0.0004,0.0,6241.157,19
9,24,1.816980986440728,3.3733926807116896,-0.0002320470243542,27.28248682683947,0.0004,0.001,6252.079,19
9,24,1.816980986440728,3.3736413797212235,-0.0013955182619175,27.277564676712355,0.0004,0.0,6263.047,19
9,24,1.816980986440728,3.372634197646636,-0.001059751792273,27.37828840117954,0.0004,0.001,6099.047,19
9,24,1.816980986440728,3.3725412087895643,-0.0007474171714058,27.363799478465605,0.0004,0.0,6109.985,19
9,24,1.816980986440728,3.3736307081171315,-0.0030943307967921,27.26810450604085,0.0004,0.001,6295.985,19
9,24,1.816980986440728,3.373639683536405,-0.0018679062255387,27.260071671397448,0.0004,0.0,6306.922,19
9,24,1.816980986440728,3.373728066874192,-0.0009009262143317,27.259163539478816,0.0004,0.001,6317.813,19
9,24,1.816980986440728,3.374163293277388,-0.0010023066469536,27.264619762725854,0.0004,0.0,6328.75,19
9,24,1.816980986440728,3.3741263160321893,-0.0018853479740515,27.26056803234414,0.0004,0.001,6339.688,19
9,24,1.816980986440728,3.3740307427348246,-0.0020613831070768,27.247604833856823,0.0004,0.0,6350.579,19
9,24,1.816980986440728,3.3731737610792343,-0.0038146784610926,27.33131583875008,0.0004,0.001,6186.516,19
9,24,1.816980986440728,3.373017320344583,-0.0030354921696726,27.30833758490796,0.0004,0.0,6197.438,19
9,24,1.816980986440728,3.369121379113109,-0.0007538531659219,27.701969892176884,0.0004,0.001,5683.5,19
9,24,1.816980986440728,3.36942580021489,-0.0045243446746254,27.681250778139376,0.0004,0.0,5694.391,19
9,24,1.816980986440728,3.3693969761105085,-0.0036610540355161,27.675132098356706,0.0004,0.001,5705.375,19
9,24,1.816980986440728,3.3694160426998456,-0.0017808767845897,27.667757082526503,0.0004,0.0,5716.313,19
9,24,1.816980986440728,3.369646673475408,-0.0023069194809193,27.654392324265533,0.0004,0.001,5727.235,19
9,24,1.816980986440728,3.3695507405950607,-0.0022001420285553,27.65287239405106,0.0004,0.0,5738.157,19
9,24,1.816980986440728,3.3735632938888966,-0.0017286345580239,27.27807264699348,0.0004,0.001,6274.079,19
9,24,1.816980986440728,3.37378045200206,-0.0012913212234236,27.26517226646802,0.0004,0.0,6285.047,19
9,24,1.816980986440728,3.339808030668078,-3.973985617643638,34.86980173397909,3.997,1.431,629.766,19
9,24,1.816980986440728,3.9472849144123368,-4.858031272409865e-05,35.069005696431056,0.0008,3.954,640.266,19
9,24,1.816980986440728,3.334586079868913,-3.976415272298313,35.00020094355471,3.997,1.426,650.766,19
9,24,1.816980986440728,3.941207115916858,0.0002402964849891,35.17946976347248,0.0008,3.948,661.266,19
9,24,1.816980986440728,3.329456803293221,-3.9736862580846415,35.11619524151832,3.997,1.422,671.766,19
9,24,1.816980986440728,3.935153196731779,-0.0018430357565971,35.31697700558944,0.0006,3.942,682.25,19
9,24,1.816980986440728,3.3649188824313088,-3.971796987773784,33.981535908045515,3.997,1.455,524.579,19
9,24,1.816980986440728,3.980313298839768,0.0012330943104817,34.22290208340201,0.0008,3.986,535.094,19
9,24,1.816980986440728,3.3201885769183126,-3.9734305653400575,35.34027491778196,3.997,1.412,713.766,19
9,24,1.816980986440728,3.924619413331308,-0.0022835389148368,35.498359495083214,0.0008,3.932,724.282,19
9,24,1.816980986440728,3.315446706375368,-3.972803679183531,35.41030542741765,3.997,1.407,734.813,19
9,24,1.816980986440728,3.9196184562661793,-0.0012748826089113,35.54657592248591,0.0008,3.927,745.313,19
9,24,1.816980986440728,3.311412899824905,-3.9735492409047537,35.45670422514068,3.997,1.403,755.829,19
9,24,1.816980986440728,3.914976319970455,-0.0044276581215723,35.62115745002333,0.0008,3.922,766.329,19
9,24,1.816980986440728,3.34566343243001,-3.9744716354187055,34.73637667968032,3.997,1.437,608.594,19
9,24,1.816980986440728,3.953938687295514,-0.0020886878279234,34.939290407912935,0.0006,3.96,619.157,19
9,24,1.816980986440728,3.3024575783003978,-3.972836461118515,35.53703235047288,3.997,1.396,797.891,19
9,24,1.816980986440728,3.9053026626407834,-0.0046190042180641,35.693095527456535,0.0008,3.913,808.391,19
9,24,1.816980986440728,3.2982048493073046,-3.970456809541136,35.562802638974475,3.997,1.391,818.875,19
9,24,1.816980986440728,3.90122004580164,-0.0028803584742156,35.70655801471611,0.0008,3.908,829.532,19
9,24,1.816980986440728,3.293516700864871,-3.971784296816076,35.58794801887865,3.997,1.387,840.032,19
9,24,1.816980986440728,3.895917778477104,-0.0012508879822749,35.71686215825574,0.0008,3.904,850.454,19
9,24,1.816980986440728,3.3247324300844663,-3.97406037248191,35.25048178353135,3.997,1.417,692.766,19
9,24,1.816980986440728,3.9295598398004574,-0.0029737143807302,35.414681965474614,0.0008,3.936,703.219,19
9,24,1.816980986440728,3.4292234061930165,-3.973742750496288,30.61363909748594,3.997,1.509,209.422,19
9,24,1.816980986440728,4.072113578476539,-0.0012876772114305,30.965300760226768,0.0008,4.079,219.891,19
9,24,1.816980986440728,3.4244386073324136,-3.974590968390173,30.97877439988444,3.997,1.506,230.375,19
9,24,1.816980986440728,4.064708499580455,0.0001013411787947,31.184122938318048,0.0008,4.072,240.86,19
9,24,1.816980986440728,3.421810446321538,-3.9726403107982353,31.177632322531327,3.997,1.503,251.391,19
9,24,1.816980986440728,4.0577273345614975,-0.0028629575307866,31.5231956217533,0.0008,4.064,261.891,19
9,24,1.816980986440728,3.3069470528123204,-3.9729906481158768,35.53184899275844,3.997,1.4,776.86,19
9,24,1.816980986440728,3.910031381968084,-0.0006846723218231,35.63183587804118,0.0008,3.918,787.375,19
9,24,1.816980986440728,3.3740508716765163,-0.0026370938903178,27.24636708600329,0.0004,0.001,6361.454,19
9,24,1.816980986440728,3.3742105026689804,-0.0010516344167596,27.24213198359404,0.0004,0.0,6372.375,19
9,24,1.816980986440728,3.3743068947990262,1.4365365851303378e-05,27.23286901656164,0.0004,0.001,6383.297,19
9,24,1.816980986440728,3.374067372036533,-0.00470279804278,27.232977076921514,0.0004,0.0,6394.204,19
9,24,1.816980986440728,3.3744437336538904,-0.0026296238529238,27.223709063599195,0.0004,0.001,6405.188,19
9,24,1.816980986440728,3.374564135575818,-0.0024197717058114,27.21858843176138,0.0004,0.0,6416.094,19
9,24,1.816980986440728,3.3743813942541383,-4.8572107133510087e-05,27.214605715205543,0.0004,0.001,6426.969,19
9,24,1.816980986440728,3.3746533143750783,-0.0005136652456159,27.210538965962773,0.0004,0.0,6437.922,19
9,24,1.816980986440728,3.37461221274418,-0.0020941023075501,27.20387885784699,0.0004,0.001,6448.907,19
9,24,1.816980986440728,3.371882726150909,-0.0019905016143167,27.42459657728413,0.0004,0.001,6033.454,19
9,24,1.816980986440728,3.3721674033021336,-0.0011673566709215,27.42531262229021,0.0004,0.0,6044.313,19
9,24,1.816980986440728,3.3721621842881366,-0.0021667818527343,27.410237401051976,0.0004,0.001,6055.204,19
9,24,1.816980986440728,3.3721976509429976,-0.000662371527875,27.409906246429024,0.0004,0.0,6066.172,19
9,24,1.816980986440728,3.372200713792429,-0.0001225456738343,27.400337612087466,0.0004,0.001,6077.157,19
9,24,1.816980986440728,3.372438453543242,0.0007620768701499,27.39296487534279,0.0004,0.0,6088.11,19
9,24,1.816980986440728,3.412789194378582,-3.97490876470098,31.74520249731728,3.997,1.496,293.391,19
9,24,1.816980986440728,4.0441783473533714,-0.0029462950302645,31.99873711792337,0.0008,4.051,303.891,19
9,24,1.816980986440728,3.4086913896573807,-3.97633073052695,31.95228024073045,3.997,1.492,314.438,19
9,24,1.816980986440728,4.037780848520035,-0.003826746035839,32.23220778001818,0.0008,4.045,324.954,19
9,24,1.816980986440728,3.40410129330583,-3.9743009494822585,32.26332106542095,3.997,1.489,335.5,19
9,24,1.816980986440728,4.031823747691794,-0.0037919819718108,32.49787159091456,0.0008,4.039,346.047,19
9,24,1.816980986440728,3.434397343486421,-3.974150316522194,30.34898031621845,3.997,1.513,188.391,19
9,24,1.816980986440728,4.0797548969296,0.0011562955663756,30.64533059060065,0.0008,4.087,198.922,19
9,24,1.816980986440728,3.3960554483482346,-3.975271041835505,32.68345955284513,3.997,1.481,377.625,19
9,24,1.816980986440728,4.020306497862694,-0.0021079230748196,32.86880817500983,0.0008,4.027,388.063,19
9,24,1.816980986440728,3.391824023145863,-3.972246870941869,32.813922431256074,3.997,1.477,398.563,19
9,24,1.816980986440728,4.0150159352905606,-0.0037254560910669,33.0316333160863,0.0008,4.022,409.047,19
9,24,1.816980986440728,3.3871267069353634,-3.972163186566176,33.08060751460388,3.997,1.475,419.672,19
9,24,1.816980986440728,4.009116995697134,-0.0011977897791267,33.27071619813274,0.0008,4.016,430.172,19
9,24,1.816980986440728,3.4171686968336563,-3.974846598898257,31.513808461307217,3.997,1.499,272.422,19
9,24,1.816980986440728,4.050653792139943,-0.0037015096869552,31.715975026882752,0.0008,4.058,282.907,19
9,24,1.816980986440728,3.3788846517290123,-3.9738492948448583,33.476457498103365,3.997,1.467,461.657,19
9,24,1.816980986440728,3.997849648715796,-0.0035342046065881,33.669755237473986,0.0008,4.004,472.141,19
9,24,1.816980986440728,3.3745289297476946,-3.9746672340068434,33.635276739211,3.997,1.463,482.657,19
9,24,1.816980986440728,3.99215447815684,-0.0012261164460941,33.86600102709944,0.0008,3.998,493.11,19
9,24,1.816980986440728,3.3696742908909783,-3.973448678988072,33.82185410996429,3.997,1.459,503.625,19
9,24,1.816980986440728,3.986142615563065,-0.003250742549513,34.06701394118659,0.0008,3.992,514.11,19
9,24,1.816980986440728,3.4001853431462865,-3.9722732279885618,32.470721057395906,3.997,1.485,356.547,19
9,24,1.816980986440728,4.026100388846444,-0.0002367798139779,32.68751207872649,0.0006,4.033,367.11,19
9,24,1.816980986440728,3.383134861885663,-3.973387775357406,33.28406274458714,3.997,1.471,440.657,19
9,24,1.816980986440728,4.003882770431727,-1.6657268455906007e-05,33.49837840636568,0.0008,4.01,451.157,19
9,24,1.816980986440728,4.206397551973287,0.0011106242672233,26.250108125500603,0.0004,0.0,0.0,19
9,24,1.816980986440728,4.206634870908589,-0.0012171558909805,26.25168102319352,0.0004,4.223,9.282,19
9,24,1.816980986440728,3.511933872347858,-3.972507985870568,27.480920030706123,3.997,1.581,41.125,19
9,24,1.816980986440728,4.153361761824886,-0.0009184046852338,28.002447736814634,0.0008,4.163,51.75,19
9,24,1.816980986440728,3.49170348524478,-3.971506353327151,28.18445724779552,3.997,1.561,62.266000000000005,19
9,24,1.816980986440728,4.138429964254727,-0.0009988996907614,28.593388238901056,0.0008,4.147,72.782,19
9,24,1.816980986440728,3.476533780472902,-3.9730577852660622,28.68858225410624,3.997,1.547,83.28200000000001,19
9,24,1.816980986440728,4.125414434592644,-0.0028847059290836,29.036476622615364,0.0008,4.134,93.829,19
9,24,1.816980986440728,3.455616534895419,-3.973480742826015,29.43464227011904,3.997,1.53,125.375,19
9,24,1.816980986440728,4.105037732005187,-0.0029304980656232,29.7385379300232,0.0008,4.113,135.86,19
9,24,1.816980986440728,3.4475486897415983,-3.974648616619143,29.753643765659906,3.997,1.525,146.407,19
9,24,1.816980986440728,4.096280155189372,-0.0002901498674564,30.04189297421925,0.0008,4.104,156.907,19
9,24,1.816980986440728,3.440446034141829,-3.97547932312219,30.05775146061432,3.997,1.519,167.391,19
9,24,1.816980986440728,4.087700641122138,-0.0013843168057839,30.3834973823788,0.0006,4.095,177.875,19
9,24,1.816980986440728,3.539564868317876,-3.972698651345637,26.51468143099484,3.997,1.589,20.047000000000004,19
9,24,1.816980986440728,4.17311203931761,-0.0023597096235201,27.196343713193915,0.0006,4.185,30.625,19
9,24,1.816980986440728,3.4652847970008303,-3.9738355259862543,29.09058327220701,3.997,1.538,104.329,19
9,24,1.816980986440728,4.114700299927427,-0.0031233333878386,29.39066158074026,0.0008,4.123,114.844,19
10,24,1.8047602710768988,4.0141581568778415,-0.0017042405929498,33.518783674992164,0.0006,4.021,411.547,18
10,24,1.8047602710768988,3.3823233218754387,-3.9746543071552023,33.5058809791303,3.997,1.469,422.172,18
10,24,1.8047602710768988,4.008965186451429,-0.0019711876422819,33.721707903662335,0.0008,4.016,432.703,18
10,24,1.8047602710768988,3.378033133076696,-3.9728219599481664,33.69456551653328,3.997,1.467,443.281,18
10,24,1.8047602710768988,3.953026699642866,-0.0032834056776425,35.383309478999855,0.0008,3.96,622.891,18
10,24,1.8047602710768988,3.334915282218359,-3.9729727916342674,35.29013645724462,3.997,1.427,633.469,18
10,24,1.8047602710768988,3.9463541881136894,-0.0018440768024225,35.52131405157159,0.0008,3.954,643.984,18
10,24,1.8047602710768988,3.3292476400702338,-3.9735442404117047,35.42709361495052,3.997,1.421,654.594,18
10,24,1.8047602710768988,4.037560222001189,-0.0004515288915292,32.581654887791345,0.0008,4.045,326.719,18
10,24,1.8047602710768988,3.399611645523055,-3.971968908811317,32.55326990433066,3.997,1.484,337.313,18
10,24,1.8047602710768988,4.0316425717634266,-0.0003979388377144,32.82071504574861,0.0008,4.039,347.859,18
10,24,1.8047602710768988,3.395316269168506,-3.9719283249516737,32.782434788302645,3.997,1.479,358.563,18
10,24,1.8047602710768988,3.979041554424787,-0.00210130848122,34.65354767801154,0.0008,3.986,538.313,18
10,24,1.8047602710768988,3.353919569533523,-3.973421603327822,34.66152163593871,3.997,1.444,548.875,18
10,24,1.8047602710768988,3.97282913959329,-0.0034012831835753,34.87975462908665,0.0008,3.979,559.453,18
10,24,1.8047602710768988,3.349010529353704,-3.9749690116061336,34.7893100273516,3.997,1.44,570.063,18
10,24,1.8047602710768988,4.064668280786365,-0.0005574966529131,31.537950600055325,0.0008,4.071,242.219,18
10,24,1.8047602710768988,3.4186308234612937,-3.974719302174424,31.53155753483544,3.997,1.5,252.797,18
10,24,1.8047602710768988,4.057231437877434,-0.0010592324247555,31.823839422425955,0.0006,4.064,263.375,18
10,24,1.8047602710768988,3.413702639189204,-3.9742791810641953,31.810100533817817,3.997,1.496,273.953,18
10,24,1.8047602710768988,4.00333122341599,-0.0009172771182037,33.95732585884015,0.0008,4.01,453.813,18
10,24,1.8047602710768988,3.3737198754018847,-3.970903256107975,33.92148189247834,3.997,1.463,464.375,18
10,24,1.8047602710768988,3.9974013842921456,-0.0028439871781207,34.152702403082735,0.0008,4.004,474.891,18
10,24,1.8047602710768988,3.3691748528879937,-3.9742915942322,34.1209600459707,3.997,1.459,485.453,18
10,24,1.8047602710768988,3.3654316191273663,0.0002863980294966,27.680101480008528,0.0004,0.0,6436.172,18
10,24,1.8047602710768988,3.365388813998877,-0.001594739400911,27.670111299425788,0.0004,0.001,6447.125,18
10,24,1.8047602710768988,3.364396907512806,0.0015184539468816,27.73854269375645,0.0004,0.0,6281.797,18
10,24,1.8047602710768988,3.364543014223323,-0.0023241356608112,27.746463585163184,0.0004,0.001,6292.813,18
10,24,1.8047602710768988,3.364565372720432,-0.0002873468606952,27.736301925125744,0.0004,0.0,6303.813,18
10,24,1.8047602710768988,3.364462096094511,-0.00065797596034,27.731630976343265,0.0004,0.001,6314.859,18
10,24,1.8047602710768988,4.020084962031034,-0.0025596462547157,33.302272973418454,0.0008,4.027,390.391,18
10,24,1.8047602710768988,3.38655544072631,-3.971004087868831,33.266212957049234,3.997,1.473,401.031,18
10,24,1.8047602710768988,3.891116663894218,-0.0046783988147439,36.131212936585854,0.0008,3.899,876.766,18
10,24,1.8047602710768988,3.2795887619044723,-3.975160533517172,36.016158788857695,3.997,1.373,887.328,18
10,24,1.8047602710768988,3.886573389288845,-0.002636884820025,36.15061072949764,0.0008,3.894,897.922,18
10,24,1.8047602710768988,3.275141246729393,-3.972529925291988,36.02777154243136,3.997,1.369,908.578,18
10,24,1.8047602710768988,3.9188153641469423,-0.0001575737771261,35.9849022779712,0.0008,3.926,749.766,18
10,24,1.8047602710768988,3.30518941459423,-3.973333793623649,35.838613510661844,3.997,1.397,760.344,18
10,24,1.8047602710768988,3.914166358560016,-0.0019555210923151,36.022823330898014,0.0008,3.922,770.906,18
10,24,1.8047602710768988,3.301020437613389,-3.971669359271273,35.90318168375556,3.997,1.393,781.563,18
10,24,1.8047602710768988,3.9093993219485976,-7.711368162808704e-05,36.04855914124653,0.0008,3.917,792.125,18
10,24,1.8047602710768988,3.296232005718416,-3.972779929650745,35.94085835045899,3.997,1.389,802.703,18
10,24,1.8047602710768988,3.904830775064809,-0.0023760247389611,36.10965550333893,0.0008,3.912,813.266,18
10,24,1.8047602710768988,3.2916719211795846,-3.971415478535627,35.98377280613594,3.997,1.384,823.828,18
10,24,1.8047602710768988,3.9403190431781048,-0.0002721618707586,35.693095441347054,0.0008,3.948,665.141,18
10,24,1.8047602710768988,3.3236592860796503,-3.975649240566019,35.554124213055935,3.997,1.415,675.844,18
10,24,1.8047602710768988,3.933931147540496,-0.0002928070750342,35.73096394642869,0.0008,3.942,686.438,18
10,24,1.8047602710768988,3.3189236507831,-3.973587748470441,35.61304026582698,3.997,1.411,696.984,18
10,24,1.8047602710768988,4.02572690725226,-0.0031022533840319,33.078831039374776,0.0008,4.032,369.094,18
10,24,1.8047602710768988,3.3908071311785872,-3.975497734879144,33.0063770331677,3.997,1.477,379.734,18
10,24,1.8047602710768988,3.923675238366104,-0.0044032964776388,35.914314916238865,0.0006,3.932,728.625,18
10,24,1.8047602710768988,3.309570079696059,-3.972925631280997,35.805342775787686,3.997,1.402,739.203,18
10,24,1.8047602710768988,3.966120208358842,-0.0052100550910473,35.02079690561532,0.0008,3.972,580.672,18
10,24,1.8047602710768988,3.3438177446013344,-3.974004241181596,34.987447703304234,3.997,1.435,591.281,18
10,24,1.8047602710768988,3.9595078667681367,-0.0003981680263685,35.20865470400654,0.0008,3.966,601.813,18
10,24,1.8047602710768988,3.339184877027796,-3.9725642288072542,35.127105074844074,3.997,1.431,612.344,18
10,24,1.8047602710768988,3.829543048569834,-0.0023485602733333,36.84376454031027,0.0006,3.838,1172.906,18
10,24,1.8047602710768988,3.408822693989559,-3.973584737545256,32.05737976577277,3.997,1.491,295.047,18
10,24,1.8047602710768988,4.044005815695878,-0.0030136715835827,32.33611736398101,0.0008,4.051,305.594,18
10,24,1.8047602710768988,3.404189386636126,-3.973475589977912,32.30048117542328,3.997,1.488,316.172,18
10,24,1.8047602710768988,3.899936999142262,-0.0015282004617198,36.1397569918857,0.0006,3.908,834.391,18
10,24,1.8047602710768988,3.287840757019492,-3.973129916423213,36.02372983044192,3.997,1.38,844.969,18
10,24,1.8047602710768988,3.895398946143676,-0.0001953270635024,36.17919163797657,0.0008,3.903,855.547,18
10,24,1.8047602710768988,3.283453661594174,-3.973008838202368,35.99327619111816,3.997,1.376,866.125,18
10,24,1.8047602710768988,3.760790142598845,0.0003965855565797,37.995720946018025,0.0008,3.768,1553.594,18
10,24,1.8047602710768988,3.15379078547584,-3.97103567476828,37.88668553599074,3.997,1.25,1564.156,18
10,24,1.8047602710768988,3.757331925595036,3.948415929582658e-05,38.033499422014245,0.0008,3.766,1574.719,18
10,24,1.8047602710768988,3.150757924799496,-3.972980867346256,37.93369202361593,3.997,1.248,1585.375,18
10,24,1.8047602710768988,3.7823691134582327,-0.0037210630570915,37.64454339229402,0.0006,3.79,1426.891,18
10,24,1.8047602710768988,3.174591620099479,-3.97374849899864,37.53699711229796,3.997,1.27,1437.406,18
10,24,1.8047602710768988,3.7787173167095234,9.252398811079168e-05,37.71120346595199,0.0008,3.786,1447.953,18
10,24,1.8047602710768988,3.171298196645917,-3.9720940343571,37.59321705371544,3.997,1.268,1458.578,18
10,24,1.8047602710768988,3.7749782322616574,-0.0002390833802429,37.76887952062117,0.0008,3.782,1469.094,18
10,24,1.8047602710768988,3.1679704359708314,-3.972673474369815,37.67586929094387,3.997,1.263,1479.672,18
10,24,1.8047602710768988,3.77148593791526,-0.0022569537946441,37.82584216996412,0.0006,3.779,1490.203,18
10,24,1.8047602710768988,3.164248906044854,-3.974586713273673,37.7059128245907,3.997,1.26,1500.813,18
10,24,1.8047602710768988,3.797234508285996,-0.0021752146239826,37.4220898241236,0.0006,3.805,1342.219,18
10,24,1.8047602710768988,3.186820509317232,-3.972561809459331,37.30130823713427,3.997,1.282,1352.859,18
10,24,1.8047602710768988,3.793431548518519,-0.0017702770715386,37.47198918484316,0.0008,3.801,1363.422,18
10,24,1.8047602710768988,3.184043135059001,-3.975132738812024,37.3510786702882,3.997,1.279,1373.938,18
10,24,1.8047602710768988,3.7896839704609135,-0.0024672195543642,37.52026075282414,0.0008,3.798,1384.516,18
10,24,1.8047602710768988,3.1807439785324285,-3.973923219780094,37.425164776106655,3.997,1.276,1395.063,18
10,24,1.8047602710768988,3.78615950995996,-0.0006843933664665,37.58713432086925,0.0008,3.794,1405.656,18
10,24,1.8047602710768988,3.1772710380973166,-3.971810672656836,37.47421756894793,3.997,1.274,1416.281,18
10,24,1.8047602710768988,3.8129800009375208,-0.0035511667095465,37.1208371069968,0.0006,3.821,1257.563,18
10,24,1.8047602710768988,3.201517026046234,-3.972518360288822,37.00995465238295,3.997,1.297,1268.156,18
10,24,1.8047602710768988,3.809161248977264,0.0003153877651221,37.191041762230846,0.0008,3.817,1278.766,18
10,24,1.8047602710768988,3.197727513590352,-3.974464372586232,37.09390988217815,3.997,1.294,1289.391,18
10,24,1.8047602710768988,3.8050284171941167,-0.0011309082951869,37.26031875462744,0.0006,3.813,1300.0,18
10,24,1.8047602710768988,3.19382607162017,-3.973372234923698,37.14591737236229,3.997,1.29,1310.578,18
10,24,1.8047602710768988,3.8010985529992944,0.00018672161823,37.321344294055066,0.0006,3.809,1321.094,18
10,24,1.8047602710768988,3.190082922662067,-3.973951856363228,37.22077589185392,3.997,1.286,1331.688,18
10,24,1.8047602710768988,3.71780073739829,-0.0018215634704674,38.69729719014472,0.0008,3.726,1850.031,18
10,24,1.8047602710768988,3.107957758833669,-3.9735316951338735,38.55172005320975,3.997,1.205,1860.672,18
10,24,1.8047602710768988,3.7148141804295576,0.001047650363683,38.73297364202848,0.0008,3.722,1871.219,18
10,24,1.8047602710768988,3.104683628605598,-3.972943602075621,38.612922921889954,3.997,1.2,1881.781,18
10,24,1.8047602710768988,3.7122271832711142,-0.0007836999026251,38.77530297072153,0.0008,3.72,1892.328,18
10,24,1.8047602710768988,3.1013551980594976,-3.972545518726316,38.65883186372096,3.997,1.197,1902.875,18
10,24,1.8047602710768988,3.7098321841865047,-0.0041579518967914,38.816024108043855,0.0006,3.717,1913.438,18
10,24,1.8047602710768988,3.097736423301303,-3.971635610860385,38.7005117063508,3.997,1.194,1924.063,18
10,24,1.8047602710768988,3.729086798305409,-0.0020406012502106,38.52093906985433,0.0008,3.736,1765.281,18
10,24,1.8047602710768988,3.120877597896312,-3.971386892537844,38.37689192324381,3.997,1.217,1775.844,18
10,24,1.8047602710768988,3.726353405523044,-0.0021172807628315,38.548046039027,0.0008,3.734,1786.484,18
10,24,1.8047602710768988,3.1180141932066903,-3.969148494529211,38.432559250160224,3.997,1.214,1797.031,18
10,24,1.8047602710768988,3.723356406495821,-0.0018255736785301,38.57363560136443,0.0006,3.731,1807.609,18
10,24,1.8047602710768988,3.114610182951467,-3.9758459422284784,38.46502218897341,3.997,1.21,1818.234,18
10,24,1.8047602710768988,3.720629788655585,-0.0026359338707015,38.6514509115551,0.0008,3.728,1828.813,18
10,24,1.8047602710768988,3.111387720132875,-3.974648138393305,38.5191117265754,3.997,1.208,1839.375,18
10,24,1.8047602710768988,3.741294297181141,-0.0012004788362822,38.31400656728539,0.0006,3.749,1680.656,18
10,24,1.8047602710768988,3.134594038680982,-3.9726696583331735,38.19285896952285,3.997,1.231,1691.219,18
10,24,1.8047602710768988,3.738441868609964,-0.0010459844592782,38.36080561211448,0.0006,3.746,1701.781,18
10,24,1.8047602710768988,3.13148982644304,-3.972667471128197,38.2253608650826,3.997,1.228,1712.328,18
10,24,1.8047602710768988,3.735281706046543,-0.0020211478043121,38.39568199240836,0.0008,3.742,1722.859,18
10,24,1.8047602710768988,3.127753263150438,-3.971103172156588,38.28004353597616,3.997,1.224,1733.5,18
10,24,1.8047602710768988,3.731985973592563,-0.0001678976149274,38.45823715885684,0.0008,3.74,1744.063,18
10,24,1.8047602710768988,3.124385727606221,-3.9743997090296346,38.35311738606674,3.997,1.22,1754.672,18
10,24,1.8047602710768988,3.754079984717268,-0.0012867789313029,38.0923402533134,0.0008,3.762,1595.953,18
10,24,1.8047602710768988,3.147627258194841,-3.9701374950650448,37.98092159910115,3.997,1.243,1606.5,18
10,24,1.8047602710768988,3.751222308313305,-0.0007083766546864,38.14946894434855,0.0008,3.758,1617.094,18
10,24,1.8047602710768988,3.144410452068815,-3.9720554425016417,38.020084019024736,3.997,1.24,1627.703,18
10,24,1.8047602710768988,3.7480158358124194,-0.0021836727641027,38.188975631592136,0.0008,3.756,1638.344,18
10,24,1.8047602710768988,3.1410335042885174,-3.972014838918201,38.077188386699625,3.997,1.238,1648.906,18
10,24,1.8047602710768988,3.744786898993373,0.0004761999640102,38.262626632126846,0.0008,3.752,1659.531,18
10,24,1.8047602710768988,3.137649274020226,-3.973372279233234,38.12699569295275,3.997,1.234,1670.125,18
10,24,1.8047602710768988,3.681066193341985,-0.0022406780193012,39.45436716831755,0.0008,3.688,2188.953,18
10,24,1.8047602710768988,3.062742703159241,-3.974393653310759,39.31721294095448,3.997,1.16,2199.469,18
10,24,1.8047602710768988,3.679315358134968,-0.0006786029073332,39.49287777480205,0.0008,3.687,2210.031,18
10,24,1.8047602710768988,3.059786842526715,-3.9727166757325327,39.36443093371438,3.997,1.156,2220.688,18
10,24,1.8047602710768988,3.6775057572117102,-0.0003691725985472,39.56275850233825,0.0008,3.684,2231.234,18
10,24,1.8047602710768988,3.057317183304409,-3.972870142028384,39.4143255891183,3.997,1.154,2241.781,18
10,24,1.8047602710768988,3.6756190561164943,-0.0015236776247822,39.58370443818694,0.0006,3.684,2252.359,18
10,24,1.8047602710768988,3.0550519976484374,-3.971089815776529,39.44038604723549,3.997,1.152,2262.891,18
10,24,1.8047602710768988,3.6887859998227626,-0.0018575489557513,39.24532507631015,0.0008,3.697,2104.203,18
10,24,1.8047602710768988,3.0704322851679304,-3.973107511338391,39.1405667474329,3.997,1.166,2114.922,18
10,24,1.8047602710768988,3.686281024670236,-0.002840497089319,39.32210176987582,0.0008,3.694,2125.5,18
10,24,1.8047602710768988,3.0679853079572,-3.973953736820071,39.20891623863225,3.997,1.165,2136.031,18
10,24,1.8047602710768988,3.684815381507627,8.760542337733924e-05,39.36251716833742,0.0008,3.692,2146.656,18
10,24,1.8047602710768988,3.0661242692056585,-3.9744052183434033,39.2334490323227,3.997,1.163,2157.281,18
10,24,1.8047602710768988,3.682720465075207,0.000792081270682,39.4189512447864,0.0008,3.69,2167.797,18
10,24,1.8047602710768988,3.0638264141305527,-3.973469531086391,39.29719783620395,3.997,1.161,2178.375,18
10,24,1.8047602710768988,3.697542095545399,0.0008457669815431,39.07842454965577,0.0008,3.704,2019.547,18
10,24,1.8047602710768988,3.082363495002069,-3.974337202193386,38.92899062585398,3.997,1.178,2030.172,18
10,24,1.8047602710768988,3.6951075527730177,0.0009750415970162,39.09182497184164,0.0008,3.703,2040.703,18
10,24,1.8047602710768988,3.078939368898422,-3.971802847110956,38.971836246194606,3.997,1.176,2051.359,18
10,24,1.8047602710768988,3.6927698289618855,-0.0012497586055079,39.16196882391888,0.0008,3.7,2061.875,18
10,24,1.8047602710768988,3.07643934723705,-3.972912428552558,39.04198815131429,3.997,1.172,2072.453,18
10,24,1.8047602710768988,3.690800618414805,-0.0005723933353772,39.21070769003822,0.0008,3.698,2083.031,18
10,24,1.8047602710768988,3.073918063908597,-3.9695752211172697,39.085890518231714,3.997,1.17,2093.594,18
10,24,1.8047602710768988,3.707130206898437,0.0003853434104085,38.87522489559502,0.0008,3.715,1934.703,18
10,24,1.8047602710768988,3.0939264610617,-3.9700405716934126,38.7530450328243,3.997,1.19,1945.313,18
10,24,1.8047602710768988,3.70456252195601,-0.0018311026943851,38.9146569042315,0.0008,3.712,1955.875,18
10,24,1.8047602710768988,3.090724502979021,-3.9728634099783537,38.78670807216612,3.997,1.188,1966.5,18
10,24,1.8047602710768988,3.702265194204966,0.0020127018186667,39.00507817722738,0.0008,3.709,1977.141,18
10,24,1.8047602710768988,3.0881830277209708,-3.9708499148352345,38.84859143738136,3.997,1.186,1987.75,18
10,24,1.8047602710768988,3.6995676636923744,-0.0040925350038836,39.01372822397853,0.0008,3.707,1998.297,18
10,24,1.8047602710768988,3.0851653208215737,-3.9713261683199232,38.90820412355696,3.997,1.18,2008.922,18
10,24,1.8047602710768988,3.6533705749654968,-0.0010246497585008,40.29685261826702,0.0008,3.66,2527.797,18
10,24,1.8047602710768988,3.0241834906371032,-3.972646682249931,40.153241956776775,3.997,1.122,2538.344,18
10,24,1.8047602710768988,3.6515676139398954,-0.0012514078591473,40.341260943697264,0.0008,3.658,2548.875,18
10,24,1.8047602710768988,3.0215838401067647,-3.972011173724065,40.211529729388666,3.997,1.12,2559.484,18
10,24,1.8047602710768988,3.649766976451071,0.0004530074437285,40.38460115764372,0.0006,3.657,2570.125,18
10,24,1.8047602710768988,3.019371439970347,-3.975127102184228,40.24930829284983,3.997,1.119,2580.719,18
10,24,1.8047602710768988,3.6480572045587714,-0.0027052492833723,40.442941843410175,0.0006,3.655,2591.375,18
10,24,1.8047602710768988,3.0167116051188727,-3.971070977329533,40.33164241819442,3.997,1.116,2601.938,18
10,24,1.8047602710768988,3.660455090351312,-0.0012279460435242,40.06930477113596,0.0008,3.667,2442.938,18
10,24,1.8047602710768988,3.0333303981782875,-3.972654019678188,39.91002258237548,3.997,1.131,2453.516,18
10,24,1.8047602710768988,3.658919567777667,-0.0009365320028723,40.12284200215479,0.0008,3.666,2464.109,18
10,24,1.8047602710768988,3.0309333643339227,-3.972636452505857,39.99189772400288,3.997,1.129,2474.75,18
10,24,1.8047602710768988,3.6569844249375048,-0.0001288851433695,40.17159393522999,0.0008,3.663,2485.359,18
10,24,1.8047602710768988,3.030213123672031,-3.9731742670593246,40.018180871017904,3.997,1.128,2495.953,18
10,24,1.8047602710768988,3.6552706760094593,0.0007301953516074,40.23690383203444,0.0008,3.663,2506.531,18
10,24,1.8047602710768988,3.027687657722411,-3.972987691929792,40.11395233041888,3.997,1.126,2517.188,18
10,24,1.8047602710768988,3.6673988342953145,-0.0017406782987849,39.83416087189556,0.0008,3.675,2358.078,18
10,24,1.8047602710768988,3.0427226153668983,-3.9736720420091616,39.708422043600414,3.997,1.14,2368.625,18
10,24,1.8047602710768988,3.66565433310293,0.0016980891144706,39.89566348908144,0.0008,3.673,2379.234,18
10,24,1.8047602710768988,3.040100651465546,-3.974546351897884,39.76930364950822,3.997,1.138,2389.891,18
10,24,1.8047602710768988,3.6637237393175086,-0.0005781852002279,39.95740432803401,0.0008,3.67,2400.469,18
10,24,1.8047602710768988,3.0378948392847738,-3.973443053225614,39.8203485251215,3.997,1.135,2411.031,18
10,24,1.8047602710768988,3.662187446015752,-0.0024869446119114,40.00873735131969,0.0008,3.67,2421.609,18
10,24,1.8047602710768988,3.035288384039671,-3.973725673403088,39.8729690356357,3.997,1.133,2432.328,18
10,24,1.8047602710768988,3.673956799615381,-0.0007184851094565,39.65367910926901,0.0006,3.682,2273.453,18
10,24,1.8047602710768988,3.0528008994531013,-3.973286002885146,39.50225337405329,3.997,1.15,2284.016,18
10,24,1.8047602710768988,3.672513540688272,-0.001834569646409,39.71267675354271,0.0008,3.68,2294.578,18
10,24,1.8047602710768988,3.0507281849175123,-3.9728416106335582,39.56247024193098,3.997,1.15,2305.188,18
10,24,1.8047602710768988,3.67062870759855,0.0011756109803776,39.737449619522216,0.0008,3.678,2315.719,18
10,24,1.8047602710768988,3.047933699693671,-3.9738703895214047,39.593294948070834,3.997,1.145,2326.328,18
10,24,1.8047602710768988,3.668944229991857,-0.0062743059443697,39.79839809653437,0.0008,3.676,2336.938,18
10,24,1.8047602710768988,3.045751207899825,-3.9740554635319167,39.65331648716055,3.997,1.144,2347.531,18
10,24,1.8047602710768988,3.616232414703061,-0.0024313833275495,41.26889357833071,0.0008,3.621,2866.125,18
10,24,1.8047602710768988,2.973316520507744,-3.971610147050618,41.151398746693815,3.997,1.076,2876.688,18
10,24,1.8047602710768988,3.61293448694581,-0.0018318927292145,41.34133964704306,0.0008,3.618,2887.297,18
10,24,1.8047602710768988,2.9693229327888364,-3.97274840426224,41.22456125936943,3.997,1.072,2897.813,18
10,24,1.8047602710768988,3.609630240421629,-0.0006798135629132,41.41714650108862,0.0008,3.615,2908.438,18
10,24,1.8047602710768988,2.9645021330901065,-3.972292951397213,41.24070450930533,3.997,1.066,2919.0,18
10,24,1.8047602710768988,3.605951102173987,0.00032046510513,41.49614770733317,0.0008,3.61,2929.578,18
10,24,1.8047602710768988,2.9597523024067782,-3.973309802597541,41.31622944362542,3.997,1.062,2940.141,18
10,24,1.8047602710768988,3.6281650217149264,-0.0011354143305066,41.018180229431486,0.0008,3.634,2781.609,18
10,24,1.8047602710768988,2.988721608841698,-3.973341571106659,40.8730662319364,3.997,1.09,2792.156,18
10,24,1.8047602710768988,3.6253126839028855,-0.0002446357858519,41.08948237295164,0.0008,3.631,2802.719,18
10,24,1.8047602710768988,2.9849443200153347,-3.973096034273058,40.96568337999732,3.997,1.085,2813.313,18
10,24,1.8047602710768988,3.622290040744297,-3.43601118726002e-05,41.15978717316801,0.0008,3.628,2823.844,18
10,24,1.8047602710768988,2.980612563272544,-3.9717678403198096,41.03465125084244,3.997,1.082,2834.469,18
10,24,1.8047602710768988,3.61910939308525,0.0005763958001774,41.21770697589055,0.0008,3.624,2845.0,18
10,24,1.8047602710768988,2.977755860481499,-3.969940067433297,41.09531015212407,3.997,1.079,2855.563,18
10,24,1.8047602710768988,3.637756139205631,-0.0011659482299923,40.76008344511231,0.0008,3.644,2696.922,18
10,24,1.8047602710768988,3.001960643362558,-3.97348086349886,40.63940154652665,3.997,1.103,2707.5,18
10,24,1.8047602710768988,3.6354144822651975,-0.0004089220233294,40.82034574615383,0.0006,3.641,2718.094,18
10,24,1.8047602710768988,2.99855817470994,-3.973063539795125,40.69638555730034,3.997,1.098,2728.656,18
10,24,1.8047602710768988,3.633227991594237,-7.191993504276738e-05,40.89143362093352,0.0008,3.639,2739.297,18
10,24,1.8047602710768988,2.9942088029775915,-3.9718875000024902,40.76959649557519,3.997,1.095,2749.938,18
10,24,1.8047602710768988,3.63064709412388,-0.0010821472428001,40.9446191594697,0.0008,3.637,2760.531,18
10,24,1.8047602710768988,2.992049151995597,-3.9737653040302825,40.851604930453526,3.997,1.093,2771.047,18
10,24,1.8047602710768988,3.646111312345781,-0.0018825615712491,40.51947345730504,0.0008,3.652,2612.484,18
10,24,1.8047602710768988,3.013926151923998,-3.969755568497929,40.39506624964944,3.997,1.113,2623.047,18
10,24,1.8047602710768988,3.644186745736143,-0.0020500245375783,40.56925668131258,0.0008,3.651,2633.625,18
10,24,1.8047602710768988,3.011878324671708,-3.970209344767889,40.43525107616083,3.997,1.112,2644.172,18
10,24,1.8047602710768988,3.641893915032425,-0.0030176694709182,40.64246851404943,0.0008,3.648,2654.672,18
10,24,1.8047602710768988,3.008835357934138,-3.972290393126964,40.489307508863206,3.997,1.108,2665.203,18
10,24,1.8047602710768988,3.6399519360448345,-0.001364827455749,40.7009672478403,0.0008,3.646,2675.781,18
10,24,1.8047602710768988,3.005155113175217,-3.9748703203047455,40.59312765419664,3.997,1.105,2686.344,18
10,24,1.8047602710768988,3.4851086078697278,-0.0030472912553166,42.37688985933557,0.0008,3.487,3204.922,18
10,24,1.8047602710768988,2.798938033909488,-3.973425810965763,42.24974340619144,3.997,0.91,3215.453,18
10,24,1.8047602710768988,3.461672168996805,-0.0003465513798154,42.45658659640051,0.0008,3.463,3226.031,18
10,24,1.8047602710768988,2.768353331883402,-3.97142056779742,42.33048312236885,3.997,0.883,3236.672,18
10,24,1.8047602710768988,3.433599748327376,0.0018119535533977,42.54899203979738,0.0008,3.436,3247.219,18
10,24,1.8047602710768988,2.7330148332329145,-3.973728503716699,42.43028447155572,3.997,0.849,3257.828,18
10,24,1.8047602710768988,3.401473570478865,-0.0028461124682493,42.63000397910152,0.0008,3.403,3268.453,18
10,24,1.8047602710768988,2.692471524236121,-3.972837395774486,42.51682616769129,3.997,0.809,3279.047,18
10,24,1.8047602710768988,3.5490495371786834,-0.0026136305228858,42.04274368984565,0.0008,3.552,3120.281,18
10,24,1.8047602710768988,2.881548359524264,-3.972669416016149,41.91488116614773,3.997,0.989,3130.875,18
10,24,1.8047602710768988,3.536880598344512,0.0011337903892146,42.10621254160873,0.0006,3.539,3141.406,18
10,24,1.8047602710768988,2.86495235022501,-3.9721295492775854,41.9784246214107,3.997,0.972,3152.047,18
10,24,1.8047602710768988,3.5221902862041565,-0.0025009451062717,42.17862766415826,0.0008,3.525,3162.594,18
10,24,1.8047602710768988,2.8463364451841078,-3.970924653762077,42.06460896011449,3.997,0.955,3173.188,18
10,24,1.8047602710768988,3.5050911463545127,-0.0028511973002548,42.304419826376304,0.0008,3.508,3183.797,18
10,24,1.8047602710768988,2.82432861250555,-3.9712481107914086,42.17700683491495,3.997,0.933,3194.359,18
10,24,1.8047602710768988,3.5822091074549687,-0.0010504744072004,41.7578351990571,0.0006,3.585,3035.359,18
10,24,1.8047602710768988,2.925623173695546,-3.9715585715273143,41.65963574661716,3.997,1.032,3046.047,18
10,24,1.8047602710768988,3.575153790786564,-0.0042544180267403,41.83470445947187,0.0008,3.579,3056.625,18
10,24,1.8047602710768988,2.9173394928907888,-3.9716673883176594,41.71620355537828,3.997,1.022,3067.219,18
10,24,1.8047602710768988,3.567841538602271,-0.0011978478591116,41.89425551794854,0.0006,3.571,3077.828,18
10,24,1.8047602710768988,2.906673286599222,-3.97166278162492,41.74903655216926,3.997,1.014,3088.438,18
10,24,1.8047602710768988,3.559024114266078,0.0009081555702729,41.97077880436691,0.0008,3.563,3099.031,18
10,24,1.8047602710768988,2.894923450252453,-3.969800596777145,41.823296177838905,3.997,1.003,3109.625,18
10,24,1.8047602710768988,3.601480849344884,-0.0024910693239815,41.50546387903744,0.0008,3.606,2950.703,18
10,24,1.8047602710768988,2.9531180081652377,-3.973833341052259,41.3885827205637,3.997,1.057,2961.359,18
10,24,1.8047602710768988,3.596915003253974,-0.0006123879217535,41.58561185153276,0.0006,3.602,2971.875,18
10,24,1.8047602710768988,2.946899975415816,-3.9704485317893816,41.47242090095318,3.997,1.051,2982.453,18
10,24,1.8047602710768988,3.592678369061625,-0.0019543296980128,41.6464234550192,0.0008,3.597,2993.031,18
10,24,1.8047602710768988,2.9405144084564454,-3.9702436211840406,41.50693741718529,3.997,1.046,3003.578,18
10,24,1.8047602710768988,3.5875415960614294,-0.0037993404275904,41.72071598019256,0.0008,3.591,3014.188,18
10,24,1.8047602710768988,2.9344277791046496,-3.971671369410166,41.59311615201755,3.997,1.038,3024.734,18
10,24,1.8047602710768988,3.2878814654358,-0.002279514693277,38.76785321720554,0.0004,0.0,3551.984,18
10,24,1.8047602710768988,3.290197129760748,-0.003581719597351,38.60365264604118,0.0004,0.001,3562.922,18
10,24,1.8047602710768988,3.292563356253426,-0.0007302418446617,38.42848549164157,0.0004,0.0,3573.953,18
10,24,1.8047602710768988,3.294606983241719,-0.0020930521143086,38.24182191215569,0.0004,0.001,3584.922,18
10,24,1.8047602710768988,3.296499316982408,-0.0005352238072653,38.0939622796306,0.0004,0.0,3595.938,18
10,24,1.8047602710768988,3.2983397728280006,-2.150974757891509e-06,37.93781107108004,0.0004,0.001,3606.875,18
10,24,1.8047602710768988,3.3001096010387903,-0.0018069444985985,37.76142553126928,0.0004,0.0,3617.891,18
10,24,1.8047602710768988,3.301636918426686,-0.0021436834344356,37.60046863350646,0.0004,0.001,3628.938,18
10,24,1.8047602710768988,3.255918437918357,-0.0005918419454788,40.36376027983077,0.0004,0.0,3464.25,18
10,24,1.8047602710768988,3.261593793952689,-0.000823278132348,40.11893475249463,0.0004,0.001,3475.219,18
10,24,1.8047602710768988,3.266831249457206,-0.0022988623810239,39.91269851922287,0.0004,0.0,3486.203,18
10,24,1.8047602710768988,3.271392990202222,-0.0001364794053762,39.7174174579072,0.0004,0.001,3497.203,18
10,24,1.8047602710768988,3.275392261571799,-0.0003685091400554,39.50375054796696,0.0004,0.0,3508.156,18
10,24,1.8047602710768988,3.27944451302002,8.207479410205661e-05,39.31780636285885,0.0004,0.001,3519.156,18
10,24,1.8047602710768988,3.2821494847972628,-3.78937949816171e-05,39.13505140319136,0.0004,0.0,3530.078,18
10,24,1.8047602710768988,3.2850469232621187,0.0029722320927496,38.941852980950905,0.0004,0.001,3541.047,18
10,24,1.8047602710768988,3.118509170724377,0.0003797532951975,43.20868549225104,0.0004,0.0,3376.141,18
10,24,1.8047602710768988,3.159405332437304,0.0001212731819091,42.77506999349758,0.0004,0.001,3387.188,18
10,24,1.8047602710768988,3.1857997764050325,-0.0012116009409989,42.277627120198765,0.0004,0.0,3398.219,18
10,24,1.8047602710768988,3.2049955736307454,-0.0013492433827549,41.82524106134614,0.0004,0.001,3409.297,18
10,24,1.8047602710768988,3.2196591637281133,-1.0466317123224605e-05,41.445691353413366,0.0004,0.0,3420.297,18
10,24,1.8047602710768988,3.2314851336880124,-0.0009271574617642,41.12812364251389,0.0006,0.001,3431.266,18
10,24,1.8047602710768988,3.241053541820048,0.0015888404404018,40.85426424812197,0.0004,0.0,3442.266,18
10,24,1.8047602710768988,3.248980008459629,-0.0007331715431971,40.58668709983751,0.0004,0.001,3453.313,18
10,24,1.8047602710768988,3.36245657687247,-0.0024577477891899,42.737600302268085,0.0008,3.363,3289.75,18
10,24,1.8047602710768988,2.6441514401399377,-3.9712461591959984,42.63274695901158,3.997,0.763,3300.469,18
10,24,1.8047602710768988,3.317069284031738,0.0013573335697424,42.85701107972031,0.0008,3.317,3311.156,18
10,24,1.8047602710768988,2.586508898189792,-3.9705436740802056,42.74569495511341,3.997,0.709,3321.891,18
10,24,1.8047602710768988,3.262405418839469,7.710488946817023e-05,42.984967841008526,0.0006,3.261,3332.625,18
10,24,1.8047602710768988,2.5180872283883065,-3.970242571764744,42.85864141812493,3.997,0.644,3343.453,18
10,24,1.8047602710768988,3.1933295292820896,-0.0016635852766343,43.12548201693297,0.0008,3.19,3354.281,18
10,24,1.8047602710768988,2.4202095510772232,-3.969008859456936,43.00569738488856,3.997,0.556,3365.141,18
10,24,1.8047602710768988,3.32410861171565,-9.769353960561784e-05,34.457873740049926,0.0004,0.0,3904.438,18
10,24,1.8047602710768988,3.324787992534394,-6.306627749276701e-05,34.33129189591048,0.0004,0.001,3915.453,18
10,24,1.8047602710768988,3.3253328005934675,0.0004449072456499,34.22632036192054,0.0004,0.0,3926.422,18
10,24,1.8047602710768988,3.325761012361484,-0.0022708461066707,34.1184175897993,0.0006,0.001,3937.359,18
10,24,1.8047602710768988,3.326420301206223,-0.0010134115590061,34.02163979038157,0.0004,0.0,3948.359,18
10,24,1.8047602710768988,3.326885740596873,0.0001492270757025,33.92293526264573,0.0004,0.001,3959.391,18
10,24,1.8047602710768988,3.327418747519604,-0.0014816557731277,33.82876043318024,0.0004,0.0,3970.406,18
10,24,1.8047602710768988,3.327816732364502,-0.0014517811936247,33.75209508897789,0.0004,0.001,3981.453,18
10,24,1.8047602710768988,3.319130028043331,-0.001921003174904,35.325522060105065,0.0004,0.0,3816.266,18
10,24,1.8047602710768988,3.319793188114799,-0.0017179101616396,35.20033433858163,0.0004,0.001,3827.281,18
10,24,1.8047602710768988,3.3204488014336246,-0.0002007834117115,35.08618121260474,0.0004,0.0,3838.313,18
10,24,1.8047602710768988,3.320942368859185,0.0015641693637426,34.96601207682932,0.0004,0.001,3849.328,18
10,24,1.8047602710768988,3.321821212539112,0.0021277113737131,34.863938836698686,0.0004,0.0,3860.344,18
10,24,1.8047602710768988,3.322313727339943,-0.0006016436214032,34.7388380504181,0.0004,0.001,3871.406,18
10,24,1.8047602710768988,3.322971534747289,-0.0007182245642357,34.619009684099424,0.0004,0.0,3882.453,18
10,24,1.8047602710768988,3.323616151565333,0.001566581689687,34.53797890762705,0.0004,0.001,3893.438,18
10,24,1.8047602710768988,3.3125760893820253,-0.0014904887424508,36.27558544877543,0.0004,0.0,3728.297,18
10,24,1.8047602710768988,3.313492319359598,-0.0007855953902289,36.154856222590354,0.0004,0.001,3739.328,18
10,24,1.8047602710768988,3.3143262894053893,-0.0015351469159775,36.03472875160056,0.0004,0.0,3750.344,18
10,24,1.8047602710768988,3.315137557423835,0.0013423152766196,35.905916152127254,0.0004,0.001,3761.375,18
10,24,1.8047602710768988,3.316101944647048,-0.0002034340881387,35.78117231594432,0.0004,0.0,3772.344,18
10,24,1.8047602710768988,3.316901521089744,-0.0006021641308819,35.638130165903426,0.0004,0.001,3783.281,18
10,24,1.8047602710768988,3.31748019529096,-0.0013714622252326,35.544063162072405,0.0004,0.0,3794.281,18
10,24,1.8047602710768988,3.31844844168994,1.3341212034207796e-05,35.43735056853773,0.0004,0.001,3805.297,18
10,24,1.8047602710768988,3.3032596200941464,-0.0021649460351005,37.4597994243528,0.0004,0.0,3639.938,18
10,24,1.8047602710768988,3.3045149413258086,-0.0003263427332439,37.30838494834584,0.0004,0.001,3650.969,18
10,24,1.8047602710768988,3.305894765724788,-0.0008566010743142,37.15450008346915,0.0004,0.0,3662.031,18
10,24,1.8047602710768988,3.3070248307737518,-0.0011298924399308,36.99014246265624,0.0004,0.001,3673.031,18
10,24,1.8047602710768988,3.30842733825372,-0.0006902644164279,36.85376004071754,0.0004,0.0,3684.031,18
10,24,1.8047602710768988,3.3094382049943767,-0.0009639412372847,36.70790065660198,0.0004,0.001,3695.031,18
10,24,1.8047602710768988,3.3104955541023475,0.0001646175617242,36.555124021882754,0.0004,0.0,3706.109,18
10,24,1.8047602710768988,3.3115470968809424,0.0001342953224861,36.43228289824947,0.0004,0.001,3717.281,18
10,24,1.8047602710768988,3.337637044166653,-0.001807288785214,31.82882169730878,0.0004,0.0,4256.422,18
10,24,1.8047602710768988,3.337963966674004,-0.0023441938096096,31.78042401974152,0.0004,0.001,4267.438,18
10,24,1.8047602710768988,3.3384140516706897,0.0021513879904736,31.71428959063424,0.0004,0.0,4278.469,18
10,24,1.8047602710768988,3.3386343607693254,0.0001343418787819,31.66879986107458,0.0004,0.001,4289.453,18
10,24,1.8047602710768988,3.339197359322566,0.0004647058671565,31.60968378947741,0.0004,0.0,4300.438,18
10,24,1.8047602710768988,3.339281870832534,-0.002372120116539,31.546224010954244,0.0004,0.001,4311.406,18
10,24,1.8047602710768988,3.3394534359264174,-0.0020650765784758,31.491022658890557,0.0004,0.0,4322.406,18
10,24,1.8047602710768988,3.3397950545163417,-0.0031945821224949,31.457553777921905,0.0004,0.001,4333.375,18
10,24,1.8047602710768988,3.3349075268897934,-0.0008949138551436,32.38836729114711,0.0004,0.0,4168.5,18
10,24,1.8047602710768988,3.3352639632101444,-0.0008581465122465,32.31541592904394,0.0004,0.001,4179.453,18
10,24,1.8047602710768988,3.335817443627624,0.0011742867844475,32.236295082931775,0.0004,0.0,4190.406,18
10,24,1.8047602710768988,3.3360565967003657,-0.0019397708311717,32.17675269478448,0.0004,0.001,4201.344,18
10,24,1.8047602710768988,3.336386232080788,-0.0001872423717214,32.12219098677548,0.0004,0.0,4212.328,18
10,24,1.8047602710768988,3.33683563493486,-0.0008785581198186,32.04045312686821,0.0004,0.001,4223.328,18
10,24,1.8047602710768988,3.336852511065141,-0.0023705705204763,31.970056362801323,0.0004,0.0,4234.344,18
10,24,1.8047602710768988,3.337384755920936,-0.0007639760964627,31.905608299337363,0.0004,0.001,4245.375,18
10,24,1.8047602710768988,3.3318763953430794,-1.7029190171358433e-05,32.983282024719344,0.0004,0.0,4080.375,18
10,24,1.8047602710768988,3.332351173729546,-0.0024589707063684,32.910491852979945,0.0004,0.001,4091.422,18
10,24,1.8047602710768988,3.3326977358576024,-0.0022841235371719,32.81942523852781,0.0004,0.0,4102.469,18
10,24,1.8047602710768988,3.3331019757474105,-0.0014091976018715,32.76059255652618,0.0004,0.001,4113.484,18
10,24,1.8047602710768988,3.3336478665936573,-0.0012297873429542,32.67834024460468,0.0004,0.0,4124.516,18
10,24,1.8047602710768988,3.333877055024296,-0.0022275386420183,32.608035984553084,0.0004,0.001,4135.5,18
10,24,1.8047602710768988,3.334278514107724,-0.0027374364682386,32.52695015659201,0.0004,0.0,4146.563,18
10,24,1.8047602710768988,3.334630845646705,0.0002320344348691,32.46535100039934,0.0004,0.001,4157.5,18
10,24,1.8047602710768988,3.328384240311264,-0.0015361403823154,33.65158591075043,0.0004,0.0,3992.422,18
10,24,1.8047602710768988,3.3288234820974,0.0007701144311274,33.563194048018104,0.0004,0.001,4003.406,18
10,24,1.8047602710768988,3.32926401914521,-0.002069792902663,33.50600903784396,0.0004,0.0,4014.359,18
10,24,1.8047602710768988,3.32974759871025,0.0006051719576632,33.39131759246171,0.0004,0.001,4025.328,18
10,24,1.8047602710768988,3.330329383082474,-0.0028410577889807,33.302193921296514,0.0004,0.0,4036.313,18
10,24,1.8047602710768988,3.330479968835347,-0.0006691134495644,33.22853572450207,0.0004,0.001,4047.375,18
10,24,1.8047602710768988,3.330968161769294,-0.0001378804332781,33.14198047350269,0.0004,0.0,4058.422,18
10,24,1.8047602710768988,3.331626829708499,-0.0007709598876223,33.05353036046267,0.0004,0.001,4069.391,18
10,24,1.8047602710768988,3.3456286222673453,-0.0037070226271549,30.288297369768213,0.0004,0.0,4608.75,18
10,24,1.8047602710768988,3.346327736556032,0.0010985813510226,30.2500488603619,0.0004,0.001,4619.766,18
10,24,1.8047602710768988,3.346293417423558,-0.0007185695610819,30.214802744466848,0.0004,0.0,4630.828,18
10,24,1.8047602710768988,3.346435212417547,-0.0026732834756867,30.18185336843117,0.0004,0.001,4641.828,18
10,24,1.8047602710768988,3.3464866955481414,-0.0005993175389704,30.13516231738352,0.0004,0.0,4652.844,18
10,24,1.8047602710768988,3.3472083966451858,-0.0023778925368709,30.11993935488193,0.0004,0.001,4663.813,18
10,24,1.8047602710768988,3.347220559609562,-0.0025116945250142,30.081755715366736,0.0004,0.0,4674.781,18
10,24,1.8047602710768988,3.3474279545386,-0.0018255466620891,30.04377033954714,0.0004,0.001,4685.75,18
10,24,1.8047602710768988,3.34445429012906,-0.0003557396177219,30.59428988495215,0.0004,0.001,4520.563,18
10,24,1.8047602710768988,3.3442883667911865,-0.003659244089952,30.559498469791844,0.0004,0.001,4531.594,18
10,24,1.8047602710768988,3.3446653355702667,-0.0016049934401232,30.50939802194104,0.0004,0.0,4542.594,18
10,24,1.8047602710768988,3.3448823965786665,-0.0020333586900672,30.485714728315056,0.0004,0.001,4553.578,18
10,24,1.8047602710768988,3.3450760816180924,6.389160929979321e-05,30.436362904173777,0.0004,0.0,4564.625,18
10,24,1.8047602710768988,3.3454501279939857,-0.0003117346976687,30.422773303334743,0.0004,0.001,4575.656,18
10,24,1.8047602710768988,3.34564591406542,-0.0027593418846742,30.37529338159944,0.0004,0.0,4586.688,18
10,24,1.8047602710768988,3.345614568333084,-0.0021844200753905,30.33975806307801,0.0004,0.001,4597.703,18
10,24,1.8047602710768988,3.34237173727473,-0.0004148417947546,30.965699688246467,0.0004,0.0,4432.547,18
10,24,1.8047602710768988,3.342444333362088,-0.0023079452114908,30.916618248367985,0.0004,0.001,4443.594,18
10,24,1.8047602710768988,3.3428725319298107,0.0023726514927639,30.86164233575807,0.0004,0.0,4454.609,18
10,24,1.8047602710768988,3.3430873357529145,-0.0043006192243798,30.811715092181988,0.0004,0.001,4465.563,18
10,24,1.8047602710768988,3.343408966206592,-0.0016257939533566,30.76385317692884,0.0004,0.0,4476.531,18
10,24,1.8047602710768988,3.3434992266998584,-0.0005872552539672,30.721706656003253,0.0004,0.001,4487.547,18
10,24,1.8047602710768988,3.34368447397018,-0.0021316222992962,30.67214692903766,0.0004,0.0,4498.547,18
10,24,1.8047602710768988,3.34393488334724,-0.0022556318851459,30.62461608586755,0.0004,0.001,4509.516,18
10,24,1.8047602710768988,3.3400343161695427,-0.0002939708000882,31.397980774573742,0.0004,0.0,4344.359,18
10,24,1.8047602710768988,3.3403728238098203,-0.002039784954652,31.337251725035525,0.0004,0.001,4355.469,18
10,24,1.8047602710768988,3.340724214275073,0.0007146908172323,31.30171089207904,0.0004,0.0,4366.469,18
10,24,1.8047602710768988,3.3408442108150296,-0.0013164427372362,31.228978454454428,0.0004,0.001,4377.5,18
10,24,1.8047602710768988,3.340846857406067,0.0001226404859975,31.16954195050846,0.0004,0.0,4388.516,18
10,24,1.8047602710768988,3.3415345305612107,-0.0006120235747521,31.09944930510886,0.0004,0.001,4399.516,18
10,24,1.8047602710768988,3.341764722302318,0.0012977913252568,31.064564242575603,0.0004,0.0,4410.531,18
10,24,1.8047602710768988,3.342172085941734,-0.0007922784388514,31.007230966820263,0.0004,0.001,4421.563,18
10,24,1.8047602710768988,3.3519833874840663,-0.0028397586972128,29.27641182771076,0.0004,0.0,4961.063,18
10,24,1.8047602710768988,3.3518725871132427,-0.0004587256128793,29.255652084483405,0.0004,0.001,4972.078,18
10,24,1.8047602710768988,3.3521646071410296,-0.0009925861389802,29.233420540467097,0.0004,0.0,4983.125,18
10,24,1.8047602710768988,3.3523893661398336,-5.088156650658284e-05,29.21735824346124,0.0004,0.001,4994.125,18
10,24,1.8047602710768988,3.352331293967264,-0.0008427114418575,29.17763297159125,0.0004,0.0,5005.125,18
10,24,1.8047602710768988,3.352536656449236,-0.0045738987798671,29.157448407990167,0.0004,0.001,5016.125,18
10,24,1.8047602710768988,3.352643448612549,0.0015860785029268,29.136936162397127,0.0004,0.0,5027.094,18
10,24,1.8047602710768988,3.3529286608184807,-0.0016172130693374,29.119713619662324,0.0004,0.001,5038.016,18
10,24,1.8047602710768988,3.350219167039654,-0.0104060936419006,29.48822412475159,0.0004,0.0,4873.094,18
10,24,1.8047602710768988,3.35046011539658,-0.0020994482016854,29.47676925038184,0.0004,0.001,4884.141,18
10,24,1.8047602710768988,3.3508346089291763,-0.0023829120974085,29.455221489933304,0.0004,0.0,4895.172,18
10,24,1.8047602710768988,3.351028149989145,-0.0040843182394811,29.409821511093288,0.0004,0.001,4906.156,18
10,24,1.8047602710768988,3.3509371814051856,-0.0026791788420315,29.373289721804444,0.0004,0.0,4917.141,18
10,24,1.8047602710768988,3.351308368317917,-0.0023630055923516,29.357253163938765,0.0004,0.001,4928.094,18
10,24,1.8047602710768988,3.3513008702557583,-0.0010025779862771,29.32566336319953,0.0004,0.0,4939.078,18
10,24,1.8047602710768988,3.351621927575452,-0.0011495304933869,29.30337138914676,0.0004,0.001,4950.078,18
10,24,1.8047602710768988,3.3488355248651285,-0.0010826951022863,29.721419946696376,0.0004,0.0,4784.891,18
10,24,1.8047602710768988,3.3494020637986397,-0.0026031527372043,29.684596370736955,0.0004,0.001,4795.938,18
10,24,1.8047602710768988,3.349609322007429,0.0022479890714496,29.655623595053054,0.0004,0.0,4806.938,18
10,24,1.8047602710768988,3.3496288706502275,-0.0034211641114923,29.622519630057777,0.0004,0.001,4817.938,18
10,24,1.8047602710768988,3.3498829391798264,-0.0005504179178094,29.61329758419336,0.0004,0.0,4828.984,18
10,24,1.8047602710768988,3.349805564350244,-0.0024006175647251,29.576659507340096,0.0004,0.001,4840.0,18
10,24,1.8047602710768988,3.350261843924444,-0.0027579268126242,29.551337952399106,0.0004,0.0,4851.031,18
10,24,1.8047602710768988,3.3505514051399983,-0.0014673804367379,29.532317066508675,0.0004,0.001,4862.016,18
10,24,1.8047602710768988,3.3477372841716675,-0.0010405445440952,29.99324934013576,0.0004,0.0,4696.734,18
10,24,1.8047602710768988,3.347912863643563,9.420002437940644e-05,29.9767917374582,0.0004,0.001,4707.75,18
10,24,1.8047602710768988,3.348000273654202,1.3992804160023784e-05,29.934164398867903,0.0004,0.0,4718.781,18
10,24,1.8047602710768988,3.348338506897606,-0.0018475322514479,29.89596894818201,0.0004,0.001,4729.859,18
10,24,1.8047602710768988,3.348343993396952,-0.0022901853127562,29.86556890272001,0.0004,0.0,4740.828,18
10,24,1.8047602710768988,3.3485336088095297,-0.0020305390207863,29.836585297005,0.0004,0.001,4751.813,18
10,24,1.8047602710768988,3.348667258315727,-0.0001092337471206,29.798962465743017,0.0004,0.0,4762.844,18
10,24,1.8047602710768988,3.3489744551213247,-0.0029249819054881,29.775240549766615,0.0004,0.001,4773.875,18
10,24,1.8047602710768988,3.3562182304742367,-0.0004002287323105,28.64513380399607,0.0004,0.0,5313.375,18
10,24,1.8047602710768988,3.356366427695517,-0.0011264347095321,28.61396409848377,0.0004,0.001,5324.406,18
10,24,1.8047602710768988,3.356438792940416,-0.0030395665081973,28.590003070062263,0.0004,0.0,5335.438,18
10,24,1.8047602710768988,3.3564579694551253,0.0003772072279919,28.583249004635743,0.0004,0.001,5346.453,18
10,24,1.8047602710768988,3.3567591217043407,0.0016154165388971,28.56611911893612,0.0004,0.0,5357.438,18
10,24,1.8047602710768988,3.356744800589375,-0.0015189776951851,28.545904566522303,0.0004,0.001,5368.453,18
10,24,1.8047602710768988,3.356915528255888,-0.0039268984472577,28.518985647797766,0.0004,0.0,5379.531,18
10,24,1.8047602710768988,3.3569018585059003,-0.0005359276279216,28.513123264770385,0.0004,0.001,5390.5,18
10,24,1.8047602710768988,3.355188100451424,0.0009971523529511,28.76714305953398,0.0004,0.0,5225.219,18
10,24,1.8047602710768988,3.3552956079279923,0.0010113839546578,28.74910352973581,0.0004,0.001,5236.25,18
10,24,1.8047602710768988,3.355428199390766,-0.0025803416047787,28.73532030486125,0.0004,0.0,5247.25,18
10,24,1.8047602710768988,3.355653270121266,-0.002746510578517,28.715632453393205,0.0004,0.001,5258.281,18
10,24,1.8047602710768988,3.3555783493753446,-0.0026485167617384,28.694101359686297,0.0004,0.0,5269.281,18
10,24,1.8047602710768988,3.355735020211664,-0.0014249592202083,28.677978072484635,0.0004,0.001,5280.281,18
10,24,1.8047602710768988,3.355946088734299,0.0014544538683303,28.674646085885502,0.0004,0.0,5291.328,18
10,24,1.8047602710768988,3.3561492982521,0.0014293280611982,28.65936161578142,0.0004,0.001,5302.359,18
10,24,1.8047602710768988,3.3539368340149296,-0.0012198065151716,28.916491533014632,0.0004,0.0,5137.203,18
10,24,1.8047602710768988,3.3543147404316933,-0.0021782589036199,28.900364467022488,0.0004,0.001,5148.25,18
10,24,1.8047602710768988,3.35435627739359,-0.0011561223367583,28.87150728141064,0.0004,0.0,5159.281,18
10,24,1.8047602710768988,3.3545548891508585,-0.0009276713984724,28.854720192345983,0.0004,0.001,5170.266,18
10,24,1.8047602710768988,3.3546330460333404,-0.0019187336281812,28.844995368665515,0.0004,0.0,5181.234,18
10,24,1.8047602710768988,3.354758322325357,-0.0040787260243283,28.82901752691079,0.0004,0.001,5192.188,18
10,24,1.8047602710768988,3.354869375444157,0.0001918174742959,28.81419884557632,0.0004,0.0,5203.125,18
10,24,1.8047602710768988,3.3550044475729544,-0.0007509551576704,28.79168366291005,0.0004,0.001,5214.188,18
10,24,1.8047602710768988,3.3530943674859524,0.000172415812093,29.079223989899635,0.0004,0.0,5049.047,18
10,24,1.8047602710768988,3.35321021652033,-0.0051275125444329,29.07607704106279,0.0004,0.001,5060.094,18
10,24,1.8047602710768988,3.3532994453649296,-0.0037913558531351,29.035881656142468,0.0004,0.0,5071.094,18
10,24,1.8047602710768988,3.353245486155387,0.0010223225515613,29.025250938153928,0.0004,0.001,5082.063,18
10,24,1.8047602710768988,3.353669601566304,-0.0051264666379456,29.01459795862909,0.0004,0.0,5093.109,18
10,24,1.8047602710768988,3.3536439095673103,-0.0026448705993076,28.986322875345085,0.0004,0.001,5104.125,18
10,24,1.8047602710768988,3.353908621876206,-0.0029770839002774,28.969069503618996,0.0004,0.0,5115.156,18
10,24,1.8047602710768988,3.3541490999522448,-0.0016307962258969,28.93458510599053,0.0004,0.001,5126.188,18
10,24,1.8047602710768988,3.3595641007813297,-5.119611260320076e-05,28.20162956951693,0.0004,0.0,5665.703,18
10,24,1.8047602710768988,3.359575616048817,-0.0021097862166838,28.188527488613197,0.0006,0.001,5676.734,18
10,24,1.8047602710768988,3.359953187320916,-0.0015046540122303,28.177808100908496,0.0004,0.0,5687.781,18
10,24,1.8047602710768988,3.360069241836701,-0.0028537440950122,28.17744320806139,0.0004,0.001,5698.781,18
10,24,1.8047602710768988,3.359975612071658,-0.0024765949336922,28.165341044559245,0.0004,0.0,5709.797,18
10,24,1.8047602710768988,3.360321269606065,-0.0026310212803177,28.15803242520837,0.0004,0.001,5720.766,18
10,24,1.8047602710768988,3.360328857846945,0.000853400754893,28.14556185369556,0.0004,0.0,5731.844,18
10,24,1.8047602710768988,3.360447852990168,-0.0001260522460287,28.135180671231275,0.0004,0.001,5742.844,18
10,24,1.8047602710768988,3.358901502028244,0.001121644469059,28.30526905565118,0.0004,0.0,5577.703,18
10,24,1.8047602710768988,3.359153727117313,-0.0028528438017545,28.28735213957661,0.0004,0.001,5588.656,18
10,24,1.8047602710768988,3.3592232375663564,-0.0007168131089161,28.273742572938552,0.0004,0.0,5599.75,18
10,24,1.8047602710768988,3.359111252930136,-0.0010406784926364,28.263001058249845,0.0004,0.001,5610.703,18
10,24,1.8047602710768988,3.359419544576903,-0.0033845495136528,28.24673099424893,0.0004,0.0,5621.672,18
10,24,1.8047602710768988,3.359211766616278,-0.0010531480544976,28.22670007290545,0.0004,0.001,5632.656,18
10,24,1.8047602710768988,3.359479780074856,-0.0011694118998479,28.223822575528253,0.0004,0.0,5643.625,18
10,24,1.8047602710768988,3.359521855064705,-0.0026850697468991,28.209988765795536,0.0004,0.001,5654.688,18
10,24,1.8047602710768988,3.358028855151041,-0.0003455759213358,28.382747432409392,0.0004,0.0,5489.766,18
10,24,1.8047602710768988,3.35801513461075,-0.0005702482739992,28.381536872759423,0.0004,0.001,5500.734,18
10,24,1.8047602710768988,3.3581822042286764,-0.0004273325728688,28.377851098399777,0.0004,0.0,5511.703,18
10,24,1.8047602710768988,3.358308852614275,-0.0012567290417345,28.35862138652553,0.0004,0.001,5522.703,18
10,24,1.8047602710768988,3.3583696533645897,-0.0026662845746023,28.354272789227576,0.0004,0.0,5533.688,18
10,24,1.8047602710768988,3.3585564269987507,-0.0032990470073341,28.335456911928546,0.0004,0.001,5544.688,18
10,24,1.8047602710768988,3.358810825029773,-0.0020721202230473,28.311131817409173,0.0004,0.0,5555.672,18
10,24,1.8047602710768988,3.3587546081407136,-0.0018122243443415,28.29797099212924,0.0004,0.001,5566.672,18
10,24,1.8047602710768988,3.357075227638241,-0.0005051606928531,28.494231262573063,0.0004,0.0,5401.547,18
10,24,1.8047602710768988,3.357094835738083,0.0002991393156603,28.480153037719457,0.0004,0.001,5412.594,18
10,24,1.8047602710768988,3.3573302309550206,-5.0259119996614e-05,28.46780112864073,0.0004,0.0,5423.594,18
10,24,1.8047602710768988,3.3574934611615035,-0.0005112213672917,28.449416385753427,0.0004,0.001,5434.578,18
10,24,1.8047602710768988,3.3577696295384216,-0.0029586106961507,28.4366264249305,0.0004,0.0,5445.625,18
10,24,1.8047602710768988,3.35793051286458,-0.0039596905887044,28.42403811353535,0.0004,0.001,5456.656,18
10,24,1.8047602710768988,3.357849990342382,-0.0005607971423252,28.42130704892292,0.0004,0.0,5467.656,18
10,24,1.8047602710768988,3.3577815329527545,-0.0011982858095941,28.408227757815407,0.0004,0.001,5478.719,18
10,24,1.8047602710768988,3.362530507855096,0.0015740411210804,27.90577865602481,0.0004,0.0,6017.828,18
10,24,1.8047602710768988,3.362761413079017,-0.0032789823616546,27.89720993701042,0.0004,0.001,6028.797,18
10,24,1.8047602710768988,3.362733556177861,-0.0028412243272148,27.885526962745008,0.0004,0.0,6039.734,18
10,24,1.8047602710768988,3.362656617178721,-0.0024179208097107,27.883500171193635,0.0004,0.001,6050.688,18
10,24,1.8047602710768988,3.3631257178440865,-0.0014242067135127,27.872418103925582,0.0004,0.0,6061.656,18
10,24,1.8047602710768988,3.3628676791780947,-0.0044756921036856,27.863880441665994,0.0004,0.001,6072.641,18
10,24,1.8047602710768988,3.3628433418704877,0.0006526545614805,27.864861529856725,0.0004,0.0,6083.609,18
10,24,1.8047602710768988,3.363140829546615,-0.0003016100546176,27.85733693781429,0.0004,0.001,6094.656,18
10,24,1.8047602710768988,3.361895814147104,-0.0002238357218036,27.977415881760297,0.0004,0.0,5929.906,18
10,24,1.8047602710768988,3.361893824766889,-0.0014188918294073,27.968357750270016,0.0004,0.001,5940.875,18
10,24,1.8047602710768988,3.3620366981862726,0.0002321743304897,27.97244973821616,0.0004,0.0,5951.844,18
10,24,1.8047602710768988,3.362145122763696,-0.001450953493133,27.968531459968634,0.0004,0.001,5962.813,18
10,24,1.8047602710768988,3.3619847214039997,-0.0021756334190892,27.944449363346653,0.0004,0.0,5973.781,18
10,24,1.8047602710768988,3.362336497682964,-0.0041726282109048,27.94439378757102,0.0004,0.001,5984.813,18
10,24,1.8047602710768988,3.362239548472502,-0.0001027526390322,27.92077937212515,0.0004,0.0,5995.781,18
10,24,1.8047602710768988,3.362405040785465,0.0012415005591087,27.903574500096607,0.0004,0.001,6006.766,18
10,24,1.8047602710768988,3.3610793426801187,-0.0007287383317709,28.058247325116067,0.0004,0.0,5841.875,18
10,24,1.8047602710768988,3.361252269120243,-0.0015709277079092,28.032816448670857,0.0004,0.001,5852.906,18
10,24,1.8047602710768988,3.3614314080203878,-0.0007070453308773,28.03435368010738,0.0004,0.0,5863.984,18
10,24,1.8047602710768988,3.361340990620194,-0.0023526597001655,28.01966235378645,0.0004,0.001,5874.969,18
10,24,1.8047602710768988,3.361555863814375,-0.0016229431335153,28.01440511820808,0.0004,0.0,5885.922,18
10,24,1.8047602710768988,3.361599580883432,-0.0019644972997638,27.990903032617133,0.0004,0.001,5896.891,18
10,24,1.8047602710768988,3.361591000612864,-0.0013037135713471,27.990281556739685,0.0004,0.0,5907.906,18
10,24,1.8047602710768988,3.3617620341389367,-0.0024388894623532,27.982316812458023,0.0004,0.001,5918.922,18
10,24,1.8047602710768988,3.360568459964559,-0.0044657546658214,28.12467563967206,0.0004,0.0,5753.813,18
10,24,1.8047602710768988,3.360521290809809,-0.0005268751351208,28.12524980500116,0.0004,0.001,5764.813,18
10,24,1.8047602710768988,3.360572289221152,-0.0034977590395152,28.10027879047033,0.0004,0.0,5775.797,18
10,24,1.8047602710768988,3.3607535500156804,0.0017490368095473,28.096860003581543,0.0004,0.001,5786.781,18
10,24,1.8047602710768988,3.3608698111946893,-0.0006729542757757,28.09594479853102,0.0004,0.0,5797.781,18
10,24,1.8047602710768988,3.3610673515886496,-0.0024014665742079,28.06760802215204,0.0004,0.001,5808.813,18
10,24,1.8047602710768988,3.360870705632128,-0.0009540390171566,28.062829365458573,0.0004,0.0,5819.781,18
10,24,1.8047602710768988,3.3611650095931966,-0.0021587493185307,28.060661559206977,0.0004,0.001,5830.859,18
10,24,1.8047602710768988,3.3650208150210146,-0.0029706758970965,27.705597366144044,0.0004,0.0,6370.016,18
10,24,1.8047602710768988,3.3650120905041723,-0.0015130624020475,27.71389079558448,0.0004,0.001,6381.0,18
10,24,1.8047602710768988,3.365153661191382,0.0006846871732711,27.704866400534,0.0004,0.0,6392.047,18
10,24,1.8047602710768988,3.365101328363824,-0.0011830904067886,27.703575638621917,0.0006,0.001,6403.063,18
10,24,1.8047602710768988,3.364737520855047,-0.0021968958575646,27.727023142988035,0.0004,0.0,6348.0,18
10,24,1.8047602710768988,3.3648078019784187,0.0006202060049343,27.71508848537581,0.0004,0.001,6359.047,18
10,24,1.8047602710768988,3.363686460739714,-0.0031138188887903,27.800415224214102,0.0004,0.0,6193.859,18
10,24,1.8047602710768988,3.3638932177989345,-0.0019394934403548,27.79138119030469,0.0004,0.001,6204.875,18
10,24,1.8047602710768988,3.3639744602791053,-0.0034726741540126,27.777267435988,0.0004,0.0,6215.875,18
10,24,1.8047602710768988,3.364020320360777,-0.0004391748789526,27.776172132410924,0.0004,0.001,6226.906,18
10,24,1.8047602710768988,3.3651132450971746,0.0011152781765203,27.68364362321116,0.0004,0.0,6414.094,18
10,24,1.8047602710768988,3.365157175004226,-0.0005331604081989,27.68215542623552,0.0004,0.001,6425.141,18
10,24,1.8047602710768988,3.3641643654808204,-0.001639011741322,27.75873959512708,0.0004,0.0,6259.859,18
10,24,1.8047602710768988,3.3644514967425025,-0.0006504446155352,27.75226273971077,0.0004,0.001,6270.859,18
10,24,1.8047602710768988,3.363161298818419,0.0005065434764275,27.83512629113364,0.0004,0.0,6105.688,18
10,24,1.8047602710768988,3.3632550676082293,-0.0051822969817246,27.83919879411553,0.0004,0.001,6116.656,18
10,24,1.8047602710768988,3.363282432791584,-0.0003009875810556,27.8350568673945,0.0004,0.0,6127.688,18
10,24,1.8047602710768988,3.3636362818399683,-0.0023129603943675,27.824881001798538,0.0004,0.001,6138.703,18
10,24,1.8047602710768988,3.3644888120166585,-0.0046904823853352,27.728984588133684,0.0004,0.0,6325.891,18
10,24,1.8047602710768988,3.36472522196475,-0.0022832594556966,27.73506659462909,0.0004,0.001,6336.922,18
10,24,1.8047602710768988,3.98571335117754,0.003066801674998,34.53640393443322,0.0008,3.992,517.203,18
10,24,1.8047602710768988,3.35926696074043,-3.971424753575693,34.439098789564234,3.997,1.449,527.766,18
10,24,1.8047602710768988,4.173262979166433,-0.0010495056820053,27.45967280227908,0.0008,4.185,30.656,18
10,24,1.8047602710768988,3.5118625128244654,-3.974058685038804,27.767101019411005,3.997,1.577,41.234,18
10,24,1.8047602710768988,4.153476707335443,-0.0009645120574946,28.262676179327823,0.0008,4.164,51.859,18
10,24,1.8047602710768988,3.491329188109559,-3.973991123931765,28.436454046264807,3.997,1.559,62.484,18
10,24,1.8047602710768988,4.11473625866675,-0.0021962312694648,29.71104108648542,0.0008,4.123,115.266,18
10,24,1.8047602710768988,3.455555499937168,-3.975333208451017,29.72857556141575,3.997,1.531,125.906,18
10,24,1.8047602710768988,3.363446483379077,0.0019291651908443,27.82160344753577,0.0004,0.0,6149.734,18
10,24,1.8047602710768988,3.3634667281823423,-0.0029622257580704,27.81916676240593,0.0004,0.001,6160.75,18
10,24,1.8047602710768988,3.363763203410882,2.248594003974616e-05,27.80399958158935,0.0004,0.0,6171.797,18
10,24,1.8047602710768988,3.363753820848812,-0.002902911957556,27.801570325753637,0.0004,0.001,6182.891,18
10,24,1.8047602710768988,3.364035453920267,-0.0023285719725388,27.774988523613303,0.0004,0.0,6237.906,18
10,24,1.8047602710768988,3.364160269648716,-0.0041440914214078,27.77534921628485,0.0004,0.001,6248.875,18
10,24,1.8047602710768988,3.99176698370338,-0.0019742738496411,34.39342179980623,0.0008,3.998,496.047,18
10,24,1.8047602710768988,3.3647138086236006,-3.97189855226724,34.36365445609399,3.997,1.455,506.625,18
10,24,1.8047602710768988,3.82106080014363,-3.385949397677076e-05,36.98737362214628,0.0008,3.829,1215.188,18
10,24,1.8047602710768988,3.210374760733788,-3.9732244856086942,36.8714245559984,3.997,1.305,1225.75,18
10,24,1.8047602710768988,3.817252122143212,-0.0011768902247742,37.05406576603259,0.0006,3.825,1236.313,18
10,24,1.8047602710768988,3.206095856172893,-3.973076002354539,36.95470531084158,3.997,1.301,1246.969,18
10,24,1.8047602710768988,3.846255631728836,-0.0019700212656583,36.58978800986925,0.0006,3.854,1088.359,18
10,24,1.8047602710768988,3.234769666580647,-3.97431746383484,36.45651242734304,3.997,1.33,1098.922,18
10,24,1.8047602710768988,3.842006805402812,-0.0033815231344003,36.62605421444749,0.0006,3.85,1109.484,18
10,24,1.8047602710768988,3.23055274663278,-3.973711493988204,36.53490476718871,3.997,1.325,1120.0,18
10,24,1.8047602710768988,3.837792220806808,0.0009432751877596,36.709424895719856,0.0008,3.846,1130.563,18
10,24,1.8047602710768988,3.226037562369648,-3.972977691042973,36.5893925394108,3.997,1.32,1141.188,18
10,24,1.8047602710768988,3.833687372023348,-0.0058832487295615,36.77589762154267,0.0008,3.842,1151.797,18
10,24,1.8047602710768988,3.222297103843148,-3.972502867374894,36.68309134823528,3.997,1.316,1162.328,18
10,24,1.8047602710768988,3.8637613309250014,0.000624511146265,36.3242515648453,0.0008,3.872,1003.891,18
10,24,1.8047602710768988,3.251705613341822,-3.9740160854794566,36.23129569057651,3.997,1.345,1014.484,18
10,24,1.8047602710768988,3.85919761809738,-0.0031551698089677,36.39199393118877,0.0008,3.868,1025.0,18
10,24,1.8047602710768988,3.2471668345842257,-3.973373363264488,36.28717167202726,3.997,1.342,1035.547,18
10,24,1.8047602710768988,3.855089873866278,-0.0018765490706402,36.45521890721247,0.0008,3.863,1046.172,18
10,24,1.8047602710768988,3.2434231765478283,-3.9731351958197214,36.33687165964077,3.997,1.339,1056.734,18
10,24,1.8047602710768988,3.850651863785836,-0.001287108763338,36.52687381287839,0.0008,3.858,1067.25,18
10,24,1.8047602710768988,3.238911128039744,-3.973957909341832,36.42206028860447,3.997,1.333,1077.813,18
10,24,1.8047602710768988,3.881364993198857,0.0008640972901953,36.17542148526014,0.0008,3.889,919.188,18
10,24,1.8047602710768988,3.270468914725409,-3.974177021962518,36.05754909287999,3.997,1.364,929.828,18
10,24,1.8047602710768988,3.877057702669685,0.0010597320222768,36.24885563606482,0.0008,3.885,940.406,18
10,24,1.8047602710768988,3.2655662949772,-3.971707664069175,36.110090873239024,3.997,1.36,951.0,18
10,24,1.8047602710768988,3.872727148552229,0.0018851541547736,36.24564509423909,0.0008,3.88,961.656,18
10,24,1.8047602710768988,3.261147777583446,-3.974082478198679,36.13085983502818,3.997,1.355,972.203,18
10,24,1.8047602710768988,3.868041454557628,-0.0005964713886173,36.28322161298017,0.0006,3.876,982.719,18
10,24,1.8047602710768988,3.256141309973048,-3.9755778698441433,36.14373568467351,3.997,1.35,993.297,18
10,24,1.8047602710768988,3.767426744228476,-0.0035751880127011,37.87184150820082,0.0008,3.775,1511.344,18
10,24,1.8047602710768988,3.160502515009574,-3.9718618986183567,37.76995655939288,3.997,1.256,1521.922,18
10,24,1.8047602710768988,3.7643314090869686,0.0015226418669279,37.94847359332245,0.0006,3.772,1532.5,18
10,24,1.8047602710768988,3.15736320557539,-3.970830634676823,37.83918877840768,3.997,1.252,1543.047,18
10,24,1.8047602710768988,3.218966168187526,-3.9742640193652607,36.72873473871897,3.997,1.314,1183.547,18
10,24,1.8047602710768988,3.825216190415336,-0.0016581517593027,36.922878019403456,0.0008,3.833,1194.109,18
10,24,1.8047602710768988,3.2146769765006384,-3.973540734026868,36.8045997734113,3.997,1.309,1204.625,18
10,24,1.8047602710768988,3.928849096184365,-0.0006041353295422,35.79635392899321,0.0008,3.936,707.547,18
10,24,1.8047602710768988,3.314426757372468,-3.9735620602673007,35.73558756564589,3.997,1.406,718.094,18
10,24,1.8047602710768988,4.105178468682506,-0.0019310636795221,30.04679454219388,0.0008,4.113,136.484,18
10,24,1.8047602710768988,3.4484687705981663,-3.9756289777324976,30.049429568703683,3.997,1.524,147.031,18
10,24,1.8047602710768988,4.206620391551443,0.0003945960575512,26.532556061939943,0.0004,0.0,0.0,18
10,24,1.8047602710768988,4.206530366620887,-0.0005823535146649,26.54524820114453,0.0004,4.223,9.359000000000002,18
10,24,1.8047602710768988,3.5400502368319597,-3.9730878369126175,26.79778452562764,3.997,1.587,20.141000000000005,18
10,24,1.8047602710768988,4.079623254576278,-0.0009355015908179,30.95082849527705,0.0008,4.087,199.969,18
10,24,1.8047602710768988,3.428419954316608,-3.975223443059541,30.970420943600487,3.997,1.509,210.547,18
10,24,1.8047602710768988,4.0719303751499325,-0.0012461408261551,31.24324391186835,0.0008,4.079,221.094,18
10,24,1.8047602710768988,3.42362760181736,-3.972920530314642,31.249608412449632,3.997,1.505,231.641,18
10,24,1.8047602710768988,4.138225153999616,-0.0003359618772409,28.842743288071933,0.0008,4.148,73.047,18
10,24,1.8047602710768988,3.4761663748403966,-3.974734813551248,28.925669038928103,3.997,1.545,83.625,18
10,24,1.8047602710768988,4.125665172295272,-9.037790527574638e-05,29.304045106785548,0.0008,4.135,94.156,18
10,24,1.8047602710768988,3.4638849681099786,-3.9729806320403496,29.3697987868993,3.997,1.536,104.734,18
10,24,1.8047602710768988,4.096349368876257,-3.133899514688811e-05,30.349851686964357,0.0008,4.104,157.656,18
10,24,1.8047602710768988,3.440502036934384,-3.974375238876645,30.355099450404467,3.997,1.519,168.297,18
10,24,1.8047602710768988,4.087580538548535,0.0010107799146621,30.653510053591333,0.0008,4.095,178.859,18
10,24,1.8047602710768988,3.43418256520902,-3.973645516222477,30.66347530669688,3.997,1.513,189.438,18
10,24,1.8047602710768988,4.05074051787493,-0.0008170866493544,32.075395895527805,0.0008,4.057,284.516,18
11,24,1.802177888140868,3.3461590711360825,0.0009891398243393,26.764088481082087,0.0004,0.0,6376.047,17
11,24,1.802177888140868,3.3462257810288354,0.0038525093950555,26.76840618749132,0.0004,0.001,6387.094,17
11,24,1.802177888140868,3.346303848056071,-0.0003925786943045,26.768313214279324,0.0004,0.0,6398.063,17
11,24,1.802177888140868,3.3449905792701333,-0.0015205756981885,26.83060172477681,0.0004,0.001,6232.438,17
11,24,1.802177888140868,3.345501093526669,0.0006433575289359,26.82082006771837,0.0004,0.001,6276.547,17
11,24,1.802177888140868,3.345563008362104,0.0007028369397894,26.807311529973298,0.0004,0.0,6287.563,17
11,24,1.802177888140868,3.345630802246468,-0.0001476477402477,26.80046433979005,0.0004,0.001,6298.594,17
11,24,1.802177888140868,3.3456677093703915,0.0003375914190053,26.794036289277965,0.0004,0.0,6309.625,17
11,24,1.802177888140868,3.3459439007602216,-7.61394482374398e-05,26.785792798802383,0.0004,0.0,6331.813,17
11,24,1.802177888140868,3.345913341559975,-0.0025948272721245,26.790574922048755,0.0004,0.001,6342.828,17
11,24,1.802177888140868,3.345842502539453,-0.0010812402797509,26.78013794766852,0.0004,0.0,6353.844,17
11,24,1.802177888140868,3.346285050776024,0.000753146553144,26.77299827653241,0.0004,0.001,6364.969,17
11,24,1.802177888140868,3.3452185394039358,-0.0016691235950116,26.827369910005704,0.0004,0.0,6243.453,17
11,24,1.802177888140868,3.345423668844476,0.0009374525770131,26.813045738186485,0.0004,0.001,6254.484,17
11,24,1.802177888140868,3.3452752679216924,0.0011830073721968,26.813445688504306,0.0004,0.0,6265.547,17
11,24,1.802177888140868,3.368267083948252,-3.973997062290372,32.64227703159567,3.997,1.459,402.938,17
11,24,1.802177888140868,4.007255703828728,-0.0025085757873163,32.88499596292999,0.0008,4.014,413.578,17
11,24,1.802177888140868,3.247316523773638,-3.971167796182168,35.616761991231506,3.997,1.343,935.078,17
11,24,1.802177888140868,3.86910986858876,-0.001362452023946,35.814299094122184,0.0008,3.877,945.688,17
11,24,1.802177888140868,3.243234213581279,-3.9736990646879433,35.672894285057964,3.997,1.339,956.25,17
11,24,1.802177888140868,3.864817146242146,-0.0014961428836342,35.85482374408799,0.0008,3.872,966.875,17
11,24,1.802177888140868,3.354797101906063,-3.972743157367853,33.294647122733906,3.997,1.447,466.828,17
11,24,1.802177888140868,3.990168757780442,-2.016975211258441e-05,33.5655668936822,0.0008,3.996,477.531,17
11,24,1.802177888140868,3.3847257743101427,-3.972573545262713,31.72597963244586,3.997,1.472,317.859,17
11,24,1.802177888140868,4.0291768833958725,0.0008073739265264,31.99865248785096,0.0008,4.037,328.484,17
11,24,1.802177888140868,3.4214151711485825,-3.973290036294906,29.827213638149825,3.997,1.505,169.094,17
11,24,1.802177888140868,4.0778568473419945,-0.0034537588733979,30.13643628711302,0.0006,4.085,179.688,17
11,24,1.802177888140868,3.414573453039185,-3.974346688593764,30.154265172548108,3.997,1.499,190.359,17
11,24,1.802177888140868,4.069738776404578,-0.0012598170661195,30.456005170818127,0.0008,4.077,201.063,17
11,24,1.802177888140868,3.3723680858410243,-3.973139139002873,32.4140412782676,3.997,1.461,381.625,17
11,24,1.802177888140868,4.0126973791489045,-0.0017827381980433,32.68100305739404,0.0008,4.02,392.313,17
11,24,1.802177888140868,3.4038501968503043,-3.973165230344783,30.71317848963853,3.997,1.489,232.813,17
11,24,1.802177888140868,4.055332749430778,-0.0038733637057819,30.98980585697368,0.0008,4.063,243.438,17
11,24,1.802177888140868,3.458073185499093,-3.973098450986147,28.32762271415247,3.997,1.533,84.031,17
11,24,1.802177888140868,4.1157896176023945,-0.0024516850678927,28.70380738552536,0.0008,4.125,94.641,17
11,24,1.802177888140868,3.4456064336558083,-3.975605479282343,28.76130688785364,3.997,1.525,105.359,17
11,24,1.802177888140868,4.104786160285625,-0.0011195743105225,29.10064072371441,0.0008,4.113,115.969,17
11,24,1.802177888140868,3.389247326575504,-3.973264054044344,31.4973586153298,3.997,1.477,296.594,17
11,24,1.802177888140868,4.035334022174173,-0.0017768177220327,31.763378546763573,0.0008,4.042,307.234,17
11,24,1.802177888140868,3.428020510218924,-3.975127120192393,29.487335479014742,3.997,1.511,147.828,17
11,24,1.802177888140868,4.086308187909169,-0.0007947669589542,29.81161036758119,0.0008,4.093,158.453,17
11,24,1.802177888140868,4.194991220811618,0.0004184871681289,25.912435358842856,0.0004,0.0,0.0,17
11,24,1.802177888140868,4.194805970517395,-0.0008030415082686,25.910238372733108,0.0004,4.211,9.359000000000002,17
11,24,1.802177888140868,3.522628899484055,-3.973077171237221,26.17792180514775,3.997,1.573,20.15600000000001,17
11,24,1.802177888140868,4.162776313327605,-0.0036935753773777,26.85519838908265,0.0008,4.174,30.781,17
11,24,1.802177888140868,3.4092116250960984,-3.971757892229625,30.427702737025044,3.997,1.495,211.625,17
11,24,1.802177888140868,4.06232354830074,-0.002466210323269,30.722199251324326,0.0008,4.069,222.219,17
11,24,1.802177888140868,3.2884250482830373,-3.9745305321055207,35.398122402165455,3.997,1.382,743.484,17
11,24,1.802177888140868,3.910365662725997,-0.001609890674551,35.54051824782031,0.0008,3.918,754.156,17
11,24,1.802177888140868,3.182019352925668,-3.973819007238064,36.652825811721584,3.997,1.281,1275.094,17
11,24,1.802177888140868,3.801218834329267,-0.0027597504630217,36.82764254230447,0.0008,3.809,1285.75,17
11,24,1.802177888140868,3.177993697729121,-3.972554836630443,36.73043014429576,3.997,1.277,1296.406,17
11,24,1.802177888140868,3.797215688247524,-0.0022243767435636,36.9315327854088,0.0008,3.805,1307.0,17
11,24,1.802177888140868,3.2739525018579183,-3.973349283738715,35.478611255492,3.997,1.369,807.438,17
11,24,1.802177888140868,3.89669182570045,0.0006109551225444,35.60505813307895,0.0006,3.904,818.078,17
11,24,1.802177888140868,3.308320850489453,-3.973420455768046,34.93902428375337,3.997,1.402,658.422,17
11,24,1.802177888140868,3.932046967005708,-0.0021393750743694,35.134099475089286,0.0008,3.939,669.078,17
11,24,1.802177888140868,3.344482313187654,-3.9736894850615023,33.69363537823118,3.997,1.437,509.453,17
11,24,1.802177888140868,3.977481383018776,5.497577086467168e-05,33.96109418704587,0.0008,3.984,520.109,17
11,24,1.802177888140868,3.339665732776314,-3.973157732251973,33.88179457972329,3.997,1.433,530.703,17
11,24,1.802177888140868,3.9710952962749952,-0.0009514300613284,34.14393033963142,0.0008,3.977,541.281,17
11,24,1.802177888140868,3.293404094538799,-3.972912651071709,35.26303096319269,3.997,1.387,722.219,17
11,24,1.802177888140868,3.91560563371109,-0.0025793707993117,35.45113375541513,0.0008,3.923,732.859,17
11,24,1.802177888140868,3.3296369877472984,-3.972981198900319,34.31428907760407,3.997,1.423,573.172,17
11,24,1.802177888140868,3.958428596157282,0.0011005793551777,34.52414336561025,0.0008,3.964,583.875,17
11,24,1.802177888140868,3.363840669141489,-3.973078070100434,32.87096923034541,3.997,1.455,424.234,17
11,24,1.802177888140868,4.001785184397518,-0.0025491600698669,33.118448501787086,0.0008,4.008,434.875,17
11,24,1.802177888140868,3.3596730393147083,-3.9761066659419098,33.085611304052534,3.997,1.451,445.563,17
11,24,1.802177888140868,3.9962279123447697,-0.0009989009933391,33.34541774241687,0.0008,4.003,456.188,17
11,24,1.802177888140868,3.31357844402252,-3.974605498214802,34.830752680789715,3.997,1.406,637.109,17
11,24,1.802177888140868,3.938261345421089,-0.0008609969101801,35.027229594298696,0.0008,3.946,647.797,17
11,24,1.802177888140868,3.3498396750690578,-3.973274887429181,33.49042408563995,3.997,1.441,488.141,17
11,24,1.802177888140868,3.9842374541833743,-0.0003736625138716,33.72667408096827,0.0008,3.99,498.75,17
11,24,1.802177888140868,3.38054733023366,-3.9737750442141127,31.96055473537156,3.997,1.468,339.156,17
11,24,1.802177888140868,4.023425260279255,-0.001086654018686,32.23924611444457,0.0008,4.03,349.766,17
11,24,1.802177888140868,3.376730180087641,-3.972218836587395,32.20991337915492,3.997,1.465,360.359,17
11,24,1.802177888140868,4.017970188321384,-0.0018268764348201,32.460701209489244,0.0008,4.025,370.984,17
11,24,1.802177888140868,3.3345088376062493,-3.9725476191694815,34.11977225957283,3.997,1.427,551.906,17
11,24,1.802177888140868,3.964797892701677,0.0003700695167636,34.35328700737619,0.0008,3.972,562.563,17
11,24,1.802177888140868,3.217665295724837,-3.972409125369051,36.00946027163912,3.997,1.315,1083.656,17
11,24,1.802177888140868,3.838425409857492,0.0004749192733439,36.19757401084223,0.0008,3.846,1094.328,17
11,24,1.802177888140868,3.1224074806057223,-3.973064014288091,37.72132508203563,3.997,1.222,1615.109,17
11,24,1.802177888140868,3.743385775474364,-0.0011342315964878,37.918159899637736,0.0008,3.751,1625.75,17
11,24,1.802177888140868,3.119731421497371,-3.9714627776094913,37.78618568959899,3.997,1.218,1636.406,17
11,24,1.802177888140868,3.740127743943544,-0.0017332824282508,37.9806172349456,0.0008,3.748,1647.0,17
11,24,1.802177888140868,3.205738430347095,-3.97582098287993,36.21319767964589,3.997,1.302,1147.578,17
11,24,1.802177888140868,3.825860948212379,-0.0029385066762546,36.39573210615121,0.0008,3.834,1158.234,17
11,24,1.802177888140868,3.234633028789003,-3.974221350790412,35.74449511666233,3.997,1.331,998.75,17
11,24,1.802177888140868,3.8556960099738697,0.0005520926012856,35.918406339101466,0.0008,3.864,1009.328,17
11,24,1.802177888140868,3.264711237300468,-3.972085185356547,35.52353324047881,3.997,1.359,850.016,17
11,24,1.802177888140868,3.887372558462339,-0.0008009076491893,35.66703014071293,0.0008,3.894,860.703,17
11,24,1.802177888140868,3.2604914894339063,-3.974722243355604,35.5584396277887,3.997,1.356,871.328,17
11,24,1.802177888140868,3.8826222969487385,-0.0004015538454907,35.69688301565103,0.0006,3.89,881.906,17
11,24,1.802177888140868,3.221799603111295,-3.973586695367988,35.94103936552544,3.997,1.318,1062.5,17
11,24,1.802177888140868,3.8423311084713374,0.0002687202598951,36.13440886638582,0.0008,3.85,1073.047,17
11,24,1.802177888140868,3.2517929488873816,-3.9730430084806025,35.60849333065469,3.997,1.347,913.75,17
11,24,1.802177888140868,3.873704337719464,0.0016585146417852,35.76065153641498,0.0008,3.882,924.422,17
11,24,1.802177888140868,3.283365386384594,-3.9726198805127697,35.422526375546816,3.997,1.378,764.766,17
11,24,1.802177888140868,3.9059074780693024,-0.0003881682746403,35.55744877507673,0.0008,3.913,775.438,17
11,24,1.802177888140868,3.2790056252990536,-3.974664245480635,35.43292297591109,3.997,1.373,786.141,17
11,24,1.802177888140868,3.901100799934664,-0.0031905203320218,35.57292743217154,0.0008,3.909,796.766,17
11,24,1.802177888140868,3.2388493900504214,-3.971643633134304,35.70197397111978,3.997,1.333,977.516,17
11,24,1.802177888140868,3.8602694949461873,-0.0005460493292641,35.87218566855763,0.0008,3.868,988.125,17
11,24,1.802177888140868,3.2693168919716173,-3.973371926690625,35.486357425695864,3.997,1.363,828.719,17
11,24,1.802177888140868,3.891927381007746,0.0004917496097587,35.6183610186643,0.0008,3.899,839.344,17
11,24,1.802177888140868,3.3034652352508918,-3.973103439238383,35.046191797508165,3.997,1.397,679.719,17
11,24,1.802177888140868,3.925978408278288,0.0011047043023558,35.2505801729702,0.0008,3.934,690.328,17
11,24,1.802177888140868,3.2980296521797694,-3.972798063166063,35.13901570166451,3.997,1.391,701.047,17
11,24,1.802177888140868,3.92032975879591,0.0004486841045516,35.333870896540326,0.0008,3.928,711.625,17
11,24,1.802177888140868,3.256041388340337,-3.972839296216798,35.58367727595542,3.997,1.351,892.516,17
11,24,1.802177888140868,3.8780211765517674,-0.0005163123536379,35.75046130642204,0.0008,3.886,903.109,17
11,24,1.802177888140868,3.154962523642108,-3.973062315820427,37.17932235508258,3.997,1.253,1423.688,17
11,24,1.802177888140868,3.774536179884133,-0.0003494609571224,37.35246864658347,0.0008,3.782,1434.344,17
11,24,1.802177888140868,3.075664626753314,-3.973500343093697,38.54689707649582,3.997,1.174,1955.203,17
11,24,1.802177888140868,3.698161929855232,-0.0002308588071745,38.733218665005055,0.0008,3.706,1965.813,17
11,24,1.802177888140868,3.073332168688333,-3.9734796572078266,38.63238408631808,3.997,1.171,1976.422,17
11,24,1.802177888140868,3.6958926877934,-0.0004974223892159,38.7938123531506,0.0008,3.704,1987.094,17
11,24,1.802177888140868,3.143221058653417,-3.972872307557461,37.368380330445,3.997,1.241,1487.547,17
11,24,1.802177888140868,3.76353013328874,-0.0011490847980717,37.56167163980624,0.0008,3.771,1498.156,17
11,24,1.802177888140868,3.1701252814686747,-3.975507947100025,36.88622845198197,3.997,1.268,1338.859,17
11,24,1.802177888140868,3.789498691791705,-0.0014473548341881,37.09019169295035,0.0006,3.797,1349.453,17
11,24,1.802177888140868,3.197913858792686,-3.9722974552376593,36.35982273397911,3.997,1.296,1190.047,17
11,24,1.802177888140868,3.8174215090746393,-0.002151784253339,36.57301755706169,0.0006,3.826,1200.656,17
11,24,1.802177888140868,3.193686420019166,-3.972756331892749,36.44860102160981,3.997,1.29,1211.328,17
11,24,1.802177888140868,3.8133231861083807,-7.445790093881245e-05,36.640642485794565,0.0008,3.822,1222.031,17
11,24,1.802177888140868,3.158591088460536,-3.9731956457555215,37.10547785681048,3.997,1.256,1402.453,17
11,24,1.802177888140868,3.77814574344237,-4.4934304938564776e-05,37.294495203153765,0.0008,3.786,1413.063,17
11,24,1.802177888140868,3.1860461311388426,-3.9712337633301495,36.58970565695801,3.997,1.284,1253.797,17
11,24,1.802177888140868,3.805407513252696,0.0003893924243855,36.78082729882168,0.0008,3.814,1264.453,17
11,24,1.802177888140868,3.2137020132973126,-3.973613798678776,36.06846268961714,3.997,1.31,1105.031,17
11,24,1.802177888140868,3.834205026182386,-0.0010854680306858,36.28798339188514,0.0008,3.842,1115.672,17
11,24,1.802177888140868,3.2096182541627343,-3.972221035382833,36.15840733148372,3.997,1.308,1126.297,17
11,24,1.802177888140868,3.829897392839588,-0.0012522350898581,36.32355392142501,0.0008,3.838,1136.969,17
11,24,1.802177888140868,3.174013684163802,-3.972551765820121,36.82771209516493,3.997,1.273,1317.625,17
11,24,1.802177888140868,3.793327263778485,-3.5765650845211154e-05,36.9810022247751,0.0008,3.801,1328.25,17
11,24,1.802177888140868,3.201764450671584,-3.972158496824573,36.28100095638914,3.997,1.298,1168.875,17
11,24,1.802177888140868,3.821355641793336,-0.0008743770663624,36.47917368125122,0.0008,3.829,1179.484,17
11,24,1.802177888140868,3.2301064773348447,-3.974625296298132,35.818161125783256,3.997,1.326,1020.016,17
11,24,1.802177888140868,3.8513882505477337,-0.0021347400896493,35.97838760958707,0.0006,3.859,1030.656,17
11,24,1.802177888140868,3.2260496764057325,-3.9728914511529823,35.876498604783656,3.997,1.323,1041.281,17
11,24,1.802177888140868,3.846789265437283,-0.0013450381001607,36.05599904983249,0.0008,3.855,1051.859,17
11,24,1.802177888140868,3.1899454457254786,-3.975096448665638,36.53499905059738,3.997,1.289,1232.641,17
11,24,1.802177888140868,3.809149775220594,-0.0004105071110995,36.72676722652208,0.0008,3.817,1243.219,17
11,24,1.802177888140868,3.1004279013549465,-3.972549701614335,38.11019516624193,3.997,1.199,1763.766,17
11,24,1.802177888140868,3.7220057783452063,-0.0038677522912747,38.29784971428075,0.0008,3.729,1774.422,17
11,24,1.802177888140868,3.0404684595672054,-3.971366038186453,39.313483596205714,3.997,1.139,2295.078,17
11,24,1.802177888140868,3.6679869625032806,0.0013755659527163,39.487735583023735,0.0008,3.675,2305.672,17
11,24,1.802177888140868,3.038590034525489,-3.9716813956932335,39.34021074237261,3.997,1.137,2316.266,17
11,24,1.802177888140868,3.6662506744037415,0.0004804874222989,39.54332804329113,0.0008,3.673,2326.891,17
11,24,1.802177888140868,3.0914345757972077,-3.9717709969864,38.278629026289806,3.997,1.191,1827.531,17
11,24,1.802177888140868,3.713515493978111,-0.0010648326598198,38.45730616600468,0.0008,3.721,1838.172,17
11,24,1.802177888140868,3.1130216550719085,-3.972011719719269,37.92407290070241,3.997,1.212,1678.859,17
11,24,1.802177888140868,3.733780686910127,0.0003169284646197,38.10539367734872,0.0006,3.742,1689.531,17
11,24,1.802177888140868,3.136011631887428,-3.9736135808358286,37.51715967013143,3.997,1.235,1530.094,17
11,24,1.802177888140868,3.756486332461892,-0.0016363898691144,37.69230565269844,0.0008,3.764,1540.719,17
11,24,1.802177888140868,3.1326897221959977,-3.974462998529952,37.570058453723895,3.997,1.232,1551.328,17
11,24,1.802177888140868,3.753183584364864,-0.0020335675008144,37.74558269470244,0.0008,3.761,1561.938,17
11,24,1.802177888140868,3.1037196695766083,-3.973837432145473,38.0874297148915,3.997,1.203,1742.594,17
11,24,1.802177888140868,3.724834913468567,-0.0038430901321798,38.26629732996866,0.0008,3.732,1753.156,17
11,24,1.802177888140868,3.1259513630240727,-3.9721952753970378,37.674501932812845,3.997,1.226,1593.813,17
11,24,1.802177888140868,3.746496668997545,-0.001617301682867,37.85964360104924,0.0008,3.754,1604.438,17
11,24,1.802177888140868,3.151179709251197,-3.9728453046335854,37.24025790477448,3.997,1.25,1445.0,17
11,24,1.802177888140868,3.770934543632848,-0.0021056271604711,37.41508480049315,0.0008,3.778,1455.641,17
11,24,1.802177888140868,3.1468337536300197,-3.973291446931342,37.30052544192832,3.997,1.245,1466.344,17
11,24,1.802177888140868,3.7669733626923056,-0.0009392748015845,37.48136433125858,0.0008,3.775,1476.938,17
11,24,1.802177888140868,3.116329926792122,-3.972846039432522,37.84475450437901,3.997,1.215,1657.641,17
11,24,1.802177888140868,3.736745535849311,-0.0024025123936595,38.02886382994984,0.0008,3.744,1668.234,17
11,24,1.802177888140868,3.13969985518645,-3.974291485741274,37.455771815972525,3.997,1.238,1508.797,17
11,24,1.802177888140868,3.760103469033585,-0.0017313715557233,37.63591395078887,0.0008,3.768,1519.406,17
11,24,1.802177888140868,3.166247951483941,-3.972415882821688,36.943220148374174,3.997,1.266,1360.047,17
11,24,1.802177888140868,3.785611880001832,-0.0012480346141924,37.14312752240963,0.0008,3.793,1370.656,17
11,24,1.802177888140868,3.1624523895919907,-3.975749254686593,37.043336960442296,3.997,1.261,1381.266,17
11,24,1.802177888140868,3.78185065852402,-0.0022521425720073,37.2375325639364,0.0008,3.789,1391.828,17
11,24,1.802177888140868,3.1293427307389314,-3.972856902124557,37.61913987338136,3.997,1.228,1572.563,17
11,24,1.802177888140868,3.749691240470352,0.0002621514541395,37.79887837296575,0.0008,3.758,1583.172,17
11,24,1.802177888140868,3.0592080862728444,-3.971538115913384,38.88818533793823,3.997,1.158,2104.0,17
11,24,1.802177888140868,3.683320699206031,-0.0001044737961123,39.061382510121966,0.0008,3.691,2114.609,17
11,24,1.802177888140868,3.0047428125567093,-3.973570752969995,40.12154639585641,3.997,1.106,2635.0,17
11,24,1.802177888140868,3.640195960462153,-0.0015456519931621,40.326180334393776,0.0008,3.646,2645.703,17
11,24,1.802177888140868,3.002441704950159,-3.969122251654132,40.19679451481885,3.997,1.104,2656.328,17
11,24,1.802177888140868,3.638007221816939,-0.0016177739437425,40.40766776351145,0.0008,3.645,2666.969,17
11,24,1.802177888140868,3.053295027341338,-3.972782792386744,39.03027634685182,3.997,1.153,2167.594,17
11,24,1.802177888140868,3.677729650841396,-0.0031316885714555,39.206745179837874,0.0008,3.685,2178.156,17
11,24,1.802177888140868,3.0684842995732504,-3.974163050193946,38.714256446538,3.997,1.168,2019.063,17
11,24,1.802177888140868,3.691158955447921,0.000159333026676,38.86979973550328,0.0008,3.699,2029.641,17
11,24,1.802177888140868,3.0857979115168117,-3.973460958668742,38.339496028288295,3.997,1.184,1870.094,17
11,24,1.802177888140868,3.708059468306285,-8.863636235519026e-05,38.56037952546524,0.0008,3.715,1880.719,17
11,24,1.802177888140868,3.083241620862044,-3.97456289336529,38.414442561194896,3.997,1.182,1891.328,17
11,24,1.802177888140868,3.705545841676624,-0.0002718087604823,38.598382494762674,0.0008,3.713,1901.969,17
11,24,1.802177888140868,3.0616257915769154,-3.974579896224055,38.8414793782953,3.997,1.162,2082.688,17
11,24,1.802177888140868,3.685202510551255,-0.0005877172408563,39.01296181501525,0.0008,3.692,2093.313,17
11,24,1.802177888140868,3.0779849117261744,-3.9738622687386376,38.48895611278799,3.997,1.175,1933.984,17
11,24,1.802177888140868,3.700525488447631,-0.0015801213709177,38.71147224216746,0.0008,3.708,1944.578,17
11,24,1.802177888140868,3.097423081417068,-3.973336178479369,38.1699799493266,3.997,1.197,1785.078,17
11,24,1.802177888140868,3.71899275606593,-0.0002556244026577,38.37597654916118,0.0008,3.726,1795.672,17
11,24,1.802177888140868,3.093925671299142,-3.973570108003245,38.23550602605814,3.997,1.192,1806.344,17
11,24,1.802177888140868,3.716115022615585,-0.0006310865472908,38.407708558717424,0.0008,3.724,1816.938,17
11,24,1.802177888140868,3.0708178144964826,-3.972492770027361,38.64294047403002,3.997,1.17,1997.797,17
11,24,1.802177888140868,3.693458205114133,-0.0016360940552439,38.83862540702224,0.0006,3.701,2008.406,17
11,24,1.802177888140868,3.088704440067832,-3.972353619812981,38.30344643295895,3.997,1.187,1848.828,17
11,24,1.802177888140868,3.710632116083516,-0.0021513826668717,38.49277252926992,0.0008,3.718,1859.438,17
11,24,1.802177888140868,3.1097871063080875,-3.973647144374842,37.957590139825285,3.997,1.21,1700.156,17
11,24,1.802177888140868,3.730684144001153,-0.0005965217427308,38.13753679965168,0.0008,3.738,1710.766,17
11,24,1.802177888140868,3.106727856557629,-3.973731009128555,38.02493131919797,3.997,1.206,1721.359,17
11,24,1.802177888140868,3.7279462156852,0.0004155041896149,38.20319845547694,0.0008,3.736,1731.953,17
11,24,1.802177888140868,3.080414254479606,-3.970229452597799,38.4821425474704,3.997,1.179,1912.688,17
11,24,1.802177888140868,3.7029452136028818,0.0004893068900531,38.619080477848975,0.0008,3.71,1923.313,17
11,24,1.802177888140868,3.0254212526454576,-3.973761761855601,39.64634444780967,3.997,1.126,2443.703,17
11,24,1.802177888140868,3.656537619036336,-0.0016880931384252,39.8033468115974,0.0008,3.664,2454.313,17
11,24,1.802177888140868,2.952904343856683,-3.97144003631502,40.93460011015987,3.997,1.059,2975.078,17
11,24,1.802177888140868,3.590664695641369,0.0004336127693899,41.13083281213809,0.0008,3.595,2985.703,17
11,24,1.802177888140868,2.946680735288912,-3.971299685369314,40.99596180035288,3.997,1.05,2996.328,17
11,24,1.802177888140868,3.585379368752524,0.0003640466158606,41.17967175502992,0.0008,3.59,3006.938,17
11,24,1.802177888140868,3.0190650295938446,-3.972876148832056,39.78795810256956,3.997,1.119,2507.359,17
11,24,1.802177888140868,3.651515025185073,-0.0003218863204223,39.98681648164884,0.0008,3.658,2517.969,17
11,24,1.802177888140868,3.0336738195142203,-3.9706433284447167,39.45155916917855,3.997,1.134,2358.75,17
11,24,1.802177888140868,3.662807368290937,0.0014404335062597,39.631908990874834,0.0008,3.67,2369.328,17
11,24,1.802177888140868,3.0487084130199413,-3.973409902238314,39.137320210074,3.997,1.147,2210.078,17
11,24,1.802177888140868,3.674456367263613,-0.0042629401095429,39.31142341371687,0.0006,3.682,2220.719,17
11,24,1.802177888140868,3.046668846403358,-3.972493331498115,39.14656900261621,3.997,1.146,2231.344,17
11,24,1.802177888140868,3.672657991250704,0.0002162153085458,39.35034673590286,0.0008,3.68,2241.891,17
11,24,1.802177888140868,3.027476181531634,-3.971645531678911,39.619703802165695,3.997,1.127,2422.5,17
11,24,1.802177888140868,3.6579520928417,-0.0020713526801093,39.79911081870211,0.0008,3.664,2433.109,17
11,24,1.802177888140868,3.0429566431364794,-3.970330761506072,39.2456285845571,3.997,1.142,2273.859,17
11,24,1.802177888140868,3.669501253123402,-0.0009854492061552,39.42983538084015,0.0008,3.677,2284.469,17
11,24,1.802177888140868,3.057537983538886,-3.97412425161427,38.91679434079559,3.997,1.156,2125.172,17
11,24,1.802177888140868,3.681512882113025,-4.7619862334744e-05,39.11114885868597,0.0008,3.689,2135.781,17
11,24,1.802177888140868,3.055459153879046,-3.9734095267816367,38.97734814244381,3.997,1.154,2146.391,17
11,24,1.802177888140868,3.679600041800321,0.0013297813503113,39.1565359242452,0.0008,3.688,2156.984,17
11,24,1.802177888140868,3.035991747035356,-3.9708261933772815,39.38798314038954,3.997,1.134,2337.5,17
11,24,1.802177888140868,3.664593652936636,-0.0009057677236424,39.57519303000562,0.0006,3.672,2348.094,17
11,24,1.802177888140868,3.050962723776934,-3.970793348254345,39.07993818549649,3.997,1.15,2188.797,17
11,24,1.802177888140868,3.676218649903386,0.0006652655958138,39.25773656150657,0.0008,3.683,2199.438,17
11,24,1.802177888140868,3.0661766764757137,-3.973707061583272,38.75826768909327,3.997,1.164,2040.297,17
11,24,1.802177888140868,3.689020804240059,-0.0025370427656984,38.94157617846256,0.0008,3.696,2050.891,17
11,24,1.802177888140868,3.063840347323913,-3.973527148826944,38.79076470985243,3.997,1.163,2061.516,17
11,24,1.802177888140868,3.687172932495769,-0.0024360594310928,38.96541969997975,0.0008,3.695,2072.109,17
11,24,1.802177888140868,3.0447484335160047,-3.971856989787234,39.19995933507892,3.997,1.144,2252.531,17
11,24,1.802177888140868,3.6712480810828,0.0006224911979174,39.40507416099892,0.0008,3.678,2263.188,17
11,24,1.802177888140868,2.987061547746816,-3.972663913461458,40.46617574898143,3.997,1.089,2783.938,17
11,24,1.802177888140868,3.623423710006113,0.0004288129522063,40.68482676517427,0.0008,3.629,2794.547,17
11,24,1.802177888140868,2.586124080557603,-3.9673410810641614,42.124277126744815,3.997,0.711,3317.766,17
11,24,1.802177888140868,3.243875573811028,0.0003447679827186,42.45812925871211,0.0008,3.243,3328.594,17
11,24,1.802177888140868,2.5094431074495027,-3.970258448501757,42.238154442620825,3.997,0.644,3339.313,17
11,24,1.802177888140868,3.169651022248619,-0.0002637742108627,42.46072151429603,0.0008,3.168,3350.25,17
11,24,1.802177888140868,2.9774520846156007,-3.9727265424643465,40.67055836761317,3.997,1.081,2847.594,17
11,24,1.802177888140868,3.614380954383517,-0.001681528863511,40.83728231454463,0.0008,3.62,2858.188,17
11,24,1.802177888140868,2.99741768762567,-3.973843307571069,40.28099313494296,3.997,1.1,2698.938,17
11,24,1.802177888140868,3.6335871729597904,-0.0016934924023021,40.4840062156886,0.0006,3.639,2709.578,17
11,24,1.802177888140868,3.014287035871019,-3.971195902134973,39.898679275132565,3.997,1.114,2549.828,17
11,24,1.802177888140868,3.64776206139429,-0.0036579983310809,40.08004447312204,0.0008,3.655,2560.422,17
11,24,1.802177888140868,3.012257730030568,-3.9716435859458943,39.95249985382818,3.997,1.112,2571.047,17
11,24,1.802177888140868,3.6461859158366186,-0.0028668154104257,40.1220226076138,0.0008,3.653,2581.688,17
11,24,1.802177888140868,2.98964656955452,-3.970806405195911,40.43768664366195,3.997,1.092,2762.75,17
11,24,1.802177888140868,3.6260637193407295,-0.0015462020061794,40.6186170508273,0.0008,3.631,2773.344,17
11,24,1.802177888140868,3.0071063742230137,-3.9706698569639647,40.04754618457321,3.997,1.109,2613.688,17
11,24,1.802177888140868,3.642144149419401,-0.000397856302568,40.26724201922036,0.0008,3.648,2624.359,17
11,24,1.802177888140868,3.0230624752758684,-3.9759097622223463,39.69677655553033,3.997,1.123,2464.953,17
11,24,1.802177888140868,3.654793335983076,-0.001256313095595,39.89817218916888,0.0008,3.661,2475.516,17
11,24,1.802177888140868,3.0212874569235986,-3.972213440246641,39.76256749512982,3.997,1.122,2486.141,17
11,24,1.802177888140868,3.653117088668699,-0.000102872609444,39.94760215524662,0.0008,3.66,2496.734,17
11,24,1.802177888140868,3.0002321187734653,-3.970619366413455,40.24220537017958,3.997,1.102,2677.641,17
11,24,1.802177888140868,3.635676794588744,-0.0012999994321119,40.45019523818579,0.0008,3.642,2688.281,17
11,24,1.802177888140868,3.016628561681632,-3.974297556989512,39.846769998128025,3.997,1.118,2528.609,17
11,24,1.802177888140868,3.649594391326642,-0.0033957170837418,40.035755113597375,0.0008,3.657,2539.188,17
11,24,1.802177888140868,3.031770480650044,-3.9726362032897113,39.46982819601133,3.997,1.132,2379.938,17
11,24,1.802177888140868,3.6613805344840378,-0.0012089341852441,39.68725571927332,0.0008,3.668,2390.5,17
11,24,1.802177888140868,3.0298305283494784,-3.972560423319884,39.54392193287153,3.997,1.13,2401.156,17
11,24,1.802177888140868,3.659843484088634,0.0003533780485911,39.73856841098953,0.0008,3.667,2411.813,17
11,24,1.802177888140868,3.0096755383051024,-3.974674064283371,39.97404074856853,3.997,1.11,2592.313,17
11,24,1.802177888140868,3.644231482999566,-0.000492418119789,40.17641804708935,0.0008,3.651,2602.938,17
11,24,1.802177888140868,2.889463309321315,-3.972588583951697,41.31409230386048,3.997,0.997,3123.969,17
11,24,1.802177888140868,3.5336875226805744,6.083526674381976e-05,41.520644529661006,0.0008,3.536,3134.547,17
11,24,1.802177888140868,3.2733535638145788,-0.0026545172139081,36.30606408381809,0.0004,0.001,3670.266,17
11,24,1.802177888140868,3.275081835205283,-0.0026656636539641,36.17005837572788,0.0004,0.0,3681.359,17
11,24,1.802177888140868,3.2763818897597274,-0.0031498410704397,35.9935625698849,0.0004,0.001,3692.359,17
11,24,1.802177888140868,3.277606097309103,0.0012810152452398,35.862200354674115,0.0006,0.0,3703.375,17
11,24,1.802177888140868,2.83314215517985,-3.9695947963182743,41.54608836991006,3.997,0.946,3188.359,17
11,24,1.802177888140868,3.479829881673025,0.0010843710318189,41.777009478448754,0.0008,3.482,3199.141,17
11,24,1.802177888140868,2.9323038911296497,-3.971599310263121,41.06397567942535,3.997,1.038,3038.844,17
11,24,1.802177888140868,3.572578013513289,-0.0034887444352471,41.27237138264494,0.0008,3.577,3049.438,17
11,24,1.802177888140868,2.971032099662509,-3.972231053175141,40.76031458435289,3.997,1.076,2890.078,17
11,24,1.802177888140868,3.607416054902828,-0.0010173502452458,40.94445189574646,0.0008,3.613,2900.672,17
11,24,1.802177888140868,2.9674971241106043,-3.97020346668358,40.79835307731124,3.997,1.073,2911.266,17
11,24,1.802177888140868,3.603838797779585,-0.0006770772201767,40.99150683621008,0.0008,3.608,2921.938,17
11,24,1.802177888140868,2.9024526454588457,-3.97047729205197,41.22224637686114,3.997,1.01,3102.672,17
11,24,1.802177888140868,3.545916205293044,-0.004219201800895,41.46044144712158,0.0008,3.549,3113.344,17
11,24,1.802177888140868,2.957866808167395,-3.969957855369212,40.83645466607747,3.997,1.063,2953.875,17
11,24,1.802177888140868,3.595494059926176,4.431580875746727e-05,41.0742113444732,0.0008,3.601,2964.516,17
11,24,1.802177888140868,2.9841110196798835,-3.972181024808491,40.55174100548091,3.997,1.088,2805.141,17
11,24,1.802177888140868,3.620491980500209,-0.0004530577412807,40.75087906791202,0.0008,3.626,2815.734,17
11,24,1.802177888140868,2.9806167213218324,-3.974681127898043,40.60834687785472,3.997,1.084,2826.375,17
11,24,1.802177888140868,3.617608460205784,-0.0014230741511084,40.77567850657497,0.0008,3.623,2836.984,17
11,24,1.802177888140868,2.9397222309176905,-3.970905685487256,41.0189569181228,3.997,1.044,3017.594,17
11,24,1.802177888140868,3.579486894626733,-0.0041819104625169,41.21324127683869,0.0008,3.583,3028.234,17
11,24,1.802177888140868,2.9747556308317384,-3.971920426382569,40.69008700391328,3.997,1.078,2868.813,17
11,24,1.802177888140868,3.610995845457801,-0.0009240876879688,40.89054776521501,0.0008,3.616,2879.422,17
11,24,1.802177888140868,2.995420502257038,-3.971317092802148,40.358003353198384,3.997,1.098,2720.266,17
11,24,1.802177888140868,3.630950989623557,-0.0028337783964889,40.536126764159526,0.0008,3.637,2730.844,17
11,24,1.802177888140868,2.992577843678268,-3.971355528965176,40.380729153979296,3.997,1.094,2741.422,17
11,24,1.802177888140868,3.628542595693457,-0.0007889100539535,40.60101015083936,0.0008,3.634,2752.016,17
11,24,1.802177888140868,2.963208208168142,-3.9731317572993383,40.83567712489028,3.997,1.068,2932.578,17
11,24,1.802177888140868,3.5999256048443176,-0.0009639142317552,41.01846811389793,0.0008,3.604,2943.25,17
11,24,1.802177888140868,3.222158189482394,-0.0021089801783088,39.45643866687976,0.0004,0.001,3471.547,17
11,24,1.802177888140868,3.227500981337049,0.0013040873836788,39.28422166119852,0.0004,0.0,3482.609,17
11,24,1.802177888140868,3.3027731232264523,-0.0023125183355918,32.624319395776624,0.0004,0.001,4023.109,17
11,24,1.802177888140868,3.303203313721476,-0.0006238616611631,32.52181194694266,0.0004,0.0,4034.172,17
11,24,1.802177888140868,3.3037936601633446,-0.0027268705976336,32.446654961856964,0.0004,0.001,4045.203,17
11,24,1.802177888140868,3.3043520032432623,-0.0024063176121733,32.375146989398736,0.0004,0.0,4056.188,17
11,24,1.802177888140868,3.2469453574418967,-0.0052082394523024,38.251039735157136,0.0004,0.001,3537.766,17
11,24,1.802177888140868,3.250220166553349,0.0021696099227784,38.0702643511586,0.0004,0.0,3548.813,17
11,24,1.802177888140868,3.1233781708250405,0.0019430740209554,42.18383122167141,0.0004,0.001,3383.203,17
11,24,1.802177888140868,3.148367909336397,0.0005930124972664,41.66219375393354,0.0004,0.0,3394.219,17
11,24,1.802177888140868,2.775992635718462,-3.972746381979434,41.73093347726155,3.997,0.891,3231.531,17
11,24,1.802177888140868,3.425886400974309,-0.0002437177072867,41.95761807975164,0.0006,3.428,3242.281,17
11,24,1.802177888140868,2.739678443453654,-3.969343781801952,41.90100468306952,3.997,0.857,3253.063,17
11,24,1.802177888140868,3.3913754092024178,0.0017734320099597,42.08588325367982,0.0008,3.393,3263.797,17
11,24,1.802177888140868,3.2094680018361896,-0.0009845119497015,39.96230718793864,0.0004,0.001,3449.406,17
11,24,1.802177888140868,3.2163483088003413,-0.0008218050482438,39.70751545948326,0.0004,0.0,3460.516,17
11,24,1.802177888140868,2.6471471783499454,-3.9681004096163246,42.11485546805975,3.997,0.771,3296.172,17
11,24,1.802177888140868,3.302772013024023,-0.0014761308583764,42.28576276293507,0.0006,3.304,3306.984,17
11,24,1.802177888140868,2.8738512952884814,-3.974499576499755,41.3822855252754,3.997,0.984,3145.203,17
11,24,1.802177888140868,3.5184974514003984,-0.0014467592511967,41.57785100913312,0.0008,3.521,3155.984,17
11,24,1.802177888140868,2.855012999716944,-3.972180791107233,41.43228655912184,3.997,0.965,3166.781,17
11,24,1.802177888140868,3.500927539340378,-0.0014994475508626,41.653617080332566,0.0008,3.504,3177.578,17
11,24,1.802177888140868,2.3998890148152445,-3.96945795785957,42.400221832240696,3.997,0.544,3361.141,17
11,24,1.802177888140868,3.0842592524262438,-0.0046184594736826,42.59572185384836,0.0004,0.0,3372.156,17
11,24,1.802177888140868,2.8066210844699606,-3.96818667772632,41.64405877153271,3.997,0.921,3209.969,17
11,24,1.802177888140868,3.4549219612770563,-0.0022135393591502,41.895170542403214,0.0008,3.457,3220.766,17
11,24,1.802177888140868,2.923751807991367,-3.970739066910365,41.13180134750317,3.997,1.031,3060.047,17
11,24,1.802177888140868,3.565261616754272,-0.0024778274355867,41.34460344196075,0.0008,3.569,3070.703,17
11,24,1.802177888140868,2.913961263416487,-3.972580512778461,41.20979484854426,3.997,1.022,3081.375,17
11,24,1.802177888140868,3.5562431173945246,-0.0018539283989467,41.374165127277465,0.0008,3.559,3092.047,17
11,24,1.802177888140868,2.696840342814342,-3.970135410598138,41.96093890379528,3.997,0.815,3274.594,17
11,24,1.802177888140868,3.350431291869489,0.0021499630303468,42.243733469154,0.0008,3.352,3285.359,17
11,24,1.802177888140868,3.289720240209118,-0.0006988573698649,34.427720045015214,0.0004,0.001,3824.609,17
11,24,1.802177888140868,3.290556033882828,0.000694411424392,34.3101930225042,0.0004,0.0,3835.641,17
11,24,1.802177888140868,3.316700759518268,-0.0027781476099571,30.41845626926341,0.0004,0.001,4376.203,17
11,24,1.802177888140868,3.3170779375536896,-0.0027129832928936,30.368833999602614,0.0004,0.0,4387.25,17
11,24,1.802177888140868,3.3173364192555197,0.0002910863378867,30.32714774660912,0.0006,0.001,4398.25,17
11,24,1.802177888140868,3.317663169346732,-0.00055024030712,30.28251645035665,0.0004,0.0,4409.281,17
11,24,1.802177888140868,3.294578302805073,-0.0023087814328576,33.774135750744,0.0004,0.001,3890.719,17
11,24,1.802177888140868,3.2956392149774425,0.0023507546355716,33.64927335540053,0.0004,0.0,3901.719,17
11,24,1.802177888140868,3.2815931123621933,-0.0011583293033097,35.4388141785638,0.0004,0.001,3736.469,17
11,24,1.802177888140868,3.2828285869722014,-0.0007091446655261,35.283122103308976,0.0004,0.0,3747.469,17
11,24,1.802177888140868,3.25817593933866,-0.0005320658076975,37.538374265256685,0.0004,0.001,3581.906,17
11,24,1.802177888140868,3.2602554562619246,-0.0004361718072486,37.360863962256815,0.0004,0.0,3592.953,17
11,24,1.802177888140868,3.262462534286209,-0.0013391115695747,37.19848355890246,0.0004,0.001,3603.969,17
11,24,1.802177888140868,3.264423286144039,-0.0020884590869933,37.05552669494219,0.0004,0.0,3614.984,17
11,24,1.802177888140868,3.288022937193904,3.879421652924195e-05,34.677515372473614,0.0004,0.001,3802.547,17
11,24,1.802177888140868,3.2887492819060937,-0.0023471449013965,34.554836512245934,0.0004,0.0,3813.563,17
11,24,1.802177888140868,3.2701913741835016,-0.0006638172932141,36.59004324958086,0.0004,0.001,3648.234,17
11,24,1.802177888140868,3.271777807234245,-0.0050375800893391,36.43122461139719,0.0004,0.0,3659.25,17
11,24,1.802177888140868,3.2321629415395368,-0.0022036059342206,39.029495261417175,0.0004,0.001,3493.641,17
11,24,1.802177888140868,3.236323520468771,-0.0020558195606603,38.83837102095743,0.0004,0.0,3504.672,17
11,24,1.802177888140868,3.2404222445252238,-4.158296894148343e-05,38.616476669760765,0.0004,0.001,3515.688,17
11,24,1.802177888140868,3.243786368301301,-0.0008916642380176,38.44682532361601,0.0004,0.0,3526.719,17
11,24,1.802177888140868,3.279076628358549,-0.0011091639666919,35.7006790661834,0.0004,0.001,3714.391,17
11,24,1.802177888140868,3.280221694429926,0.0010318410619231,35.57328010369906,0.0004,0.0,3725.406,17
11,24,1.802177888140868,3.2526426677757567,-0.0027849303151566,37.91741928223347,0.0004,0.001,3559.844,17
11,24,1.802177888140868,3.255570433361469,-0.0007205364724732,37.7339367431842,0.0004,0.0,3570.859,17
11,24,1.802177888140868,3.166842463557734,-0.0040928439683807,41.17916256128381,0.0004,0.001,3405.25,17
11,24,1.802177888140868,3.1809335547914115,-0.0042993066246186,40.84292543398868,0.0004,0.0,3416.281,17
11,24,1.802177888140868,3.192135131009412,-0.0026346158758356,40.47927932210252,0.0004,0.001,3427.281,17
11,24,1.802177888140868,3.201510471853219,0.0015096004116932,40.21570825495395,0.0004,0.0,3438.344,17
11,24,1.802177888140868,3.26656038545422,-0.0020181186367826,36.88823141508802,0.0004,0.001,3626.063,17
11,24,1.802177888140868,3.2685266768679275,-0.0006530648165085,36.718825079622064,0.0004,0.0,3637.125,17
11,24,1.802177888140868,3.309647768842924,-0.0002870972616509,31.527992158940886,0.0004,0.001,4177.688,17
11,24,1.802177888140868,3.310222728409564,-0.0011007478772901,31.46830649318904,0.0004,0.0,4188.703,17
11,24,1.802177888140868,3.3257785840837366,-0.0007657662801781,29.04580276101709,0.0004,0.001,4729.875,17
11,24,1.802177888140868,3.3259788241781223,-0.0022535154989445,29.00148458864961,0.0004,0.0,4740.984,17
11,24,1.802177888140868,3.3260824853295694,-0.0016946798957361,28.969884414140424,0.0004,0.001,4752.047,17
11,24,1.802177888140868,3.3262917390975515,-1.4044466872255475e-05,28.94198865074307,0.0004,0.0,4763.078,17
11,24,1.802177888140868,3.312322790327061,-0.0020826671980712,31.13005150664484,0.0004,0.001,4243.969,17
11,24,1.802177888140868,3.312439973890024,3.265767758293505e-05,31.061816266355343,0.0004,0.0,4254.984,17
11,24,1.802177888140868,3.305729250505671,-0.0016753911911297,32.099079037516205,0.0004,0.001,4089.281,17
11,24,1.802177888140868,3.306355718932375,-0.0015741438894173,32.02725598397034,0.0004,0.0,4100.313,17
11,24,1.802177888140868,3.297399952213385,-0.0025670851021732,33.366943277832135,0.0004,0.001,3934.828,17
11,24,1.802177888140868,3.298294987017869,-0.0050316322638633,33.274968942655576,0.0004,0.0,3945.859,17
11,24,1.802177888140868,3.2990908053333112,-0.0038505556845048,33.188412549435085,0.0004,0.001,3956.891,17
11,24,1.802177888140868,3.2996904513411707,-0.0040325186860715,33.07431365858995,0.0004,0.0,3967.906,17
11,24,1.802177888140868,3.3087259622366814,0.0002156255857644,31.68686686930025,0.0004,0.001,4155.531,17
11,24,1.802177888140868,3.30935360986106,-0.0025348528995778,31.59553789479677,0.0004,0.0,4166.625,17
11,24,1.802177888140868,3.301309978212568,-0.0003238670165152,32.80119257371607,0.0004,0.001,4001.094,17
11,24,1.802177888140868,3.301948763289304,-0.0025885032478308,32.71003708690172,0.0004,0.0,4012.125,17
11,24,1.802177888140868,3.2913073094561,-0.0020434134559653,34.2008625760362,0.0006,0.001,3846.609,17
11,24,1.802177888140868,3.292293256873627,0.0013068815844721,34.0917892295441,0.0004,0.0,3857.609,17
11,24,1.802177888140868,3.293186819272356,2.623451577541646e-05,33.98566296364828,0.0006,0.001,3868.656,17
11,24,1.802177888140868,3.2939981940201424,-0.0001828873236491,33.84654533313837,0.0004,0.0,3879.656,17
11,24,1.802177888140868,3.3048218243516416,-0.0022819612052977,32.28948480236062,0.0004,0.001,4067.219,17
11,24,1.802177888140868,3.3053592000830294,-0.0019643601718257,32.206353423768604,0.0004,0.0,4078.219,17
11,24,1.802177888140868,3.296364624081754,-0.0024141618406129,33.583226702177846,0.0004,0.001,3912.781,17
11,24,1.802177888140868,3.2970732845838664,-0.0030488381223069,33.483359582405,0.0004,0.0,3923.781,17
11,24,1.802177888140868,3.28370755980526,0.0008731002625238,35.1921668566404,0.0004,0.001,3758.5,17
11,24,1.802177888140868,3.284921608680543,0.0021057977979276,35.064012322679645,0.0004,0.0,3769.453,17
11,24,1.802177888140868,3.2859798032350267,-0.0016421137604142,34.924379038480545,0.0004,0.001,3780.453,17
11,24,1.802177888140868,3.287034925188821,-0.0037448061163414,34.791010770881165,0.0004,0.0,3791.5,17
11,24,1.802177888140868,3.3002485454156667,-0.0016257749218865,32.993920455591145,0.0004,0.001,3978.938,17
11,24,1.802177888140868,3.30070572239563,-0.0044157819650841,32.90189082915531,0.0004,0.0,3990.0,17
11,24,1.802177888140868,3.3211334177159544,0.0007561980860091,29.7470721560037,0.0004,0.001,4530.875,17
11,24,1.802177888140868,3.321141113159412,0.0015651795899863,29.702457101343608,0.0004,0.0,4541.891,17
11,24,1.802177888140868,3.3321808923107747,-0.001045301829776,28.12912799828703,0.0004,0.001,5083.219,17
11,24,1.802177888140868,3.332354597135307,-0.0018769098678609,28.08874218814968,0.0004,0.0,5094.219,17
11,24,1.802177888140868,3.3324997800085248,-0.0025528606352301,28.090778255443137,0.0004,0.001,5105.281,17
11,24,1.802177888140868,3.3329132100539858,-0.000941312615795,28.074992879501405,0.0004,0.0,5116.313,17
11,24,1.802177888140868,3.322731586389017,8.287671544873298e-05,29.496258616599977,0.0004,0.001,4597.172,17
11,24,1.802177888140868,3.322980836253694,-0.0028805194585755,29.43929758201556,0.0004,0.0,4608.203,17
11,24,1.802177888140868,3.318654501149912,-0.0033816750035849,30.12494481730454,0.0004,0.001,4442.484,17
11,24,1.802177888140868,3.3189474967694057,4.951694068528073e-05,30.08823382535865,0.0004,0.0,4453.5,17
11,24,1.802177888140868,3.3137448051604994,-0.0004480535111699,30.879514289018527,0.0004,0.001,4288.047,17
11,24,1.802177888140868,3.314218897042791,-0.0002603625812055,30.79734591284924,0.0004,0.0,4299.078,17
11,24,1.802177888140868,3.31475818085902,0.0005839430957334,30.7748040980871,0.0004,0.001,4310.094,17
11,24,1.802177888140868,3.314802601703973,-0.0019889288722488,30.71223428624856,0.0006,0.0,4321.094,17
11,24,1.802177888140868,3.3204493166606817,-0.0047117841483545,29.80616393440311,0.0004,0.001,4508.797,17
11,24,1.802177888140868,3.320833057531959,-0.0002571420085039,29.760800724399655,0.0004,0.0,4519.875,17
11,24,1.802177888140868,3.3160134893635966,-0.0017598757423864,30.543653358581583,0.0004,0.001,4354.141,17
11,24,1.802177888140868,3.316377391447201,-0.0012685515315764,30.47245771516741,0.0004,0.0,4365.156,17
11,24,1.802177888140868,3.310686104134334,-0.0028831357026946,31.399086940197737,0.0004,0.001,4199.703,17
11,24,1.802177888140868,3.3112305098318897,-0.0021259454918383,31.31436320882537,0.0004,0.0,4210.75,17
11,24,1.802177888140868,3.311415834062412,-0.0026548433353616,31.27142370708806,0.0004,0.001,4221.922,17
11,24,1.802177888140868,3.3117993867988025,-0.0036060845535731,31.20963559369596,0.0004,0.0,4232.969,17
11,24,1.802177888140868,3.3180997220996438,-0.0033281481180124,30.19989701599096,0.0004,0.001,4420.297,17
11,24,1.802177888140868,3.3185765668194565,-0.0030198651474118,30.17964972577202,0.0006,0.0,4431.313,17
11,24,1.802177888140868,3.312867594744599,-0.0058749356748938,31.007074605523147,0.0006,0.001,4265.969,17
11,24,1.802177888140868,3.313266409272757,-0.0009476474915335,30.94806106964885,0.0004,0.0,4276.938,17
11,24,1.802177888140868,3.306968625650655,-0.0015971570647545,31.97361963919492,0.0004,0.001,4111.328,17
11,24,1.802177888140868,3.30737954883379,-0.0020329767852769,31.888893977792613,0.0004,0.0,4122.359,17
11,24,1.802177888140868,3.307903886924904,-0.0018901700596039,31.828737409827237,0.0004,0.001,4133.422,17
11,24,1.802177888140868,3.308110882624927,0.0004623578285143,31.74581178464392,0.0004,0.0,4144.453,17
11,24,1.802177888140868,3.315315533469313,0.0004804353731543,30.65673145356589,0.0004,0.001,4332.125,17
11,24,1.802177888140868,3.3155809317762115,-0.0011025092671766,30.576880616881077,0.0004,0.0,4343.141,17
11,24,1.802177888140868,3.32877879566059,0.0001892950973429,28.581021714598265,0.0004,0.001,4884.469,17
11,24,1.802177888140868,3.3290143728536887,-0.0004429990262495,28.550685564104825,0.0004,0.0,4895.531,17
11,24,1.802177888140868,3.3371462705933483,-0.0010013372857897,27.54392574560334,0.0004,0.001,5436.547,17
11,24,1.802177888140868,3.3371100531091744,0.0005621200406897,27.522428469745336,0.0004,0.0,5447.547,17
11,24,1.802177888140868,3.337446887249536,0.0014629924124042,27.516423971187017,0.0004,0.001,5458.578,17
11,24,1.802177888140868,3.337407867403326,-0.0010050826802129,27.494493510592825,0.0004,0.0,5469.625,17
11,24,1.802177888140868,3.330000715518864,2.536959498732548e-05,28.440811649707687,0.0004,0.001,4950.688,17
11,24,1.802177888140868,3.3301691465305048,0.0002223792101456,28.389542441101508,0.0004,0.0,4961.734,17
11,24,1.802177888140868,3.327244598708217,-0.0025623156081748,28.835829803396024,0.0004,0.001,4796.188,17
11,24,1.802177888140868,3.327346535471161,0.0018571590902237,28.80760747776248,0.0004,0.0,4807.25,17
11,24,1.802177888140868,3.3238130983117253,-0.0015423204689155,29.32382796663877,0.0004,0.001,4641.313,17
11,24,1.802177888140868,3.3241118165627026,0.0016593443445512,29.26790937039498,0.0004,0.0,4652.484,17
11,24,1.802177888140868,3.324323860679742,0.0012287130397302,29.24767839429998,0.0004,0.001,4663.5,17
11,24,1.802177888140868,3.3246653880453483,0.0009226654146664,29.21050953403958,0.0004,0.0,4674.656,17
11,24,1.802177888140868,3.328266019143323,-0.0009233925505126,28.640112673805145,0.0004,0.001,4862.453,17
11,24,1.802177888140868,3.328466548794683,0.0017355401281456,28.61899176400241,0.0004,0.0,4873.422,17
11,24,1.802177888140868,3.325200172105765,-0.0024219326054804,29.11212796725935,0.0004,0.001,4707.781,17
11,24,1.802177888140868,3.325420663692948,-0.0010962011900645,29.08163178766696,0.0004,0.0,4718.859,17
11,24,1.802177888140868,3.3214821429808,-1.285906278973141e-05,29.678126554010607,0.0004,0.001,4552.922,17
11,24,1.802177888140868,3.321831718320773,7.22811445482207e-05,29.62586748251912,0.0004,0.0,4564.094,17
11,24,1.802177888140868,3.3223712788884607,-0.0014428487140712,29.566223115434862,0.0004,0.001,4575.078,17
11,24,1.802177888140868,3.322208839184191,-0.0012092726593423,29.534521906973065,0.0004,0.0,4586.172,17
11,24,1.802177888140868,3.3267654665856616,-0.0021873952521334,28.8991116937753,0.0004,0.001,4774.109,17
11,24,1.802177888140868,3.3267480329643826,-0.0018632924721861,28.854307307517622,0.0004,0.0,4785.156,17
11,24,1.802177888140868,3.323237350952807,-0.0016861834607543,29.400759163580418,0.0004,0.001,4619.203,17
11,24,1.802177888140868,3.3233433972593414,0.0003465794545058,29.371870358941703,0.0004,0.0,4630.313,17
11,24,1.802177888140868,3.319316516204624,-0.001687717124464,30.030477908240684,0.0004,0.001,4464.531,17
11,24,1.802177888140868,3.3196408227315115,0.0003296474742818,29.971050459262283,0.0004,0.0,4475.578,17
11,24,1.802177888140868,3.319931609075451,-0.0010158833267129,29.9105295688096,0.0004,0.001,4486.703,17
11,24,1.802177888140868,3.320139660994068,-0.0027220301374225,29.85663827105707,0.0004,0.0,4497.719,17
11,24,1.802177888140868,3.324654239975865,0.0001014325162762,29.180770577291213,0.0004,0.001,4685.703,17
11,24,1.802177888140868,3.3249467130528623,-0.0007883084228609,29.12863328030925,0.0004,0.0,4696.75,17
11,24,1.802177888140868,3.3345216967116067,-0.0020988712941906,27.84896347303367,0.0004,0.001,5237.734,17
11,24,1.802177888140868,3.334636921224652,-0.0003703239420773,27.825186225066968,0.0004,0.0,5248.781,17
11,24,1.802177888140868,3.3410087910851205,0.0011126530526341,27.14569893805645,0.0004,0.001,5790.25,17
11,24,1.802177888140868,3.341181138248009,-0.0032428890922098,27.130068007320222,0.0004,0.0,5801.281,17
11,24,1.802177888140868,3.341357649615485,-0.0007266450988776,27.12783069663479,0.0004,0.001,5812.375,17
11,24,1.802177888140868,3.3415216574939084,-0.0028767969310504,27.11723587087125,0.0006,0.0,5823.391,17
11,24,1.802177888140868,3.335505023439993,-0.001518626355111,27.752345093110712,0.0004,0.001,5304.094,17
11,24,1.802177888140868,3.3355527316292424,-0.0009557295535892,27.72202156862789,0.0004,0.0,5315.109,17
11,24,1.802177888140868,3.333224824465925,-0.0005008923911809,28.019942304321724,0.0004,0.001,5149.406,17
11,24,1.802177888140868,3.333376045892319,-0.0043555498811567,28.006447648279423,0.0004,0.0,5160.406,17
11,24,1.802177888140868,3.33069943011712,-0.0014026315588843,28.31730024750817,0.0004,0.001,4994.813,17
11,24,1.802177888140868,3.330975305417498,-0.0016986902228976,28.289997042992933,0.0004,0.0,5005.875,17
11,24,1.802177888140868,3.331277902261552,-0.0003791599961234,28.26994092228706,0.0004,0.001,5016.875,17
11,24,1.802177888140868,3.3313182846438183,0.0002213523894127,28.258365465518757,0.0004,0.0,5027.938,17
11,24,1.802177888140868,3.3342567095394755,-0.0016874877527029,27.87909575108649,0.0004,0.001,5215.688,17
11,24,1.802177888140868,3.334113903954641,-0.0008103812530804,27.85828736630073,0.0004,0.0,5226.703,17
11,24,1.802177888140868,3.331826853352178,-0.0005869072535399,28.174991794301487,0.0004,0.001,5061.063,17
11,24,1.802177888140868,3.3319690745677257,0.0004529014551387,28.14852171340108,0.0004,0.0,5072.141,17
11,24,1.802177888140868,3.329234029157744,-0.0015451138380956,28.53676413399097,0.0004,0.001,4906.578,17
11,24,1.802177888140868,3.329332904791336,0.0015420033752711,28.504103309041025,0.0004,0.0,4917.563,17
11,24,1.802177888140868,3.3298421521774344,-0.0006382973308339,28.4736859423996,0.0004,0.001,4928.625,17
11,24,1.802177888140868,3.3297655440736498,-0.0007954170713829,28.445819510612186,0.0004,0.0,4939.656,17
11,24,1.802177888140868,3.3328547590122213,-0.0014957121839111,28.042037657659076,0.0004,0.001,5127.344,17
11,24,1.802177888140868,3.33300967938874,-0.0011921779548792,28.02413771856352,0.0004,0.0,5138.359,17
11,24,1.802177888140868,3.3303665424153848,-4.140612703264852e-05,28.368323737657047,0.0004,0.001,4972.766,17
11,24,1.802177888140868,3.330458069812004,0.0002557653833817,28.34498164657286,0.0004,0.0,4983.781,17
11,24,1.802177888140868,3.3274451576944983,-0.0011968674767234,28.77936293269811,0.0004,0.001,4818.344,17
11,24,1.802177888140868,3.327686206273981,3.066972634465893e-06,28.742482633838737,0.0006,0.0,4829.344,17
11,24,1.802177888140868,3.328004875387309,-0.0005050475602284,28.724372487937536,0.0004,0.001,4840.406,17
11,24,1.802177888140868,3.328102509127329,0.0027328923288316,28.684817436473374,0.0004,0.0,4851.438,17
11,24,1.802177888140868,3.331439626564088,-0.0011811031150235,28.240659109711995,0.0006,0.001,5039.0,17
11,24,1.802177888140868,3.3316862434532184,-0.0018047345406318,28.22095914448648,0.0004,0.0,5050.031,17
11,24,1.802177888140868,3.3389052301563984,-0.0014615286803144,27.34772175608368,0.0004,0.001,5591.141,17
11,24,1.802177888140868,3.339049822745615,0.0004998408659953,27.34405756730321,0.0004,0.0,5602.234,17
11,24,1.802177888140868,3.344398355390825,-0.001354867671608,26.87450614838838,0.0004,0.001,6144.094,17
11,24,1.802177888140868,3.34437747754995,-0.0034095904395483,26.869467245081847,0.0004,0.0,6155.125,17
11,24,1.802177888140868,3.344517692035994,-0.0012923885742244,26.869319150886295,0.0004,0.001,6166.203,17
11,24,1.802177888140868,3.3445638177066863,-0.0003185825166899,26.860265344254728,0.0004,0.0,6177.281,17
11,24,1.802177888140868,3.339728456670146,0.0015526111982791,27.28086445123083,0.0004,0.001,5657.516,17
11,24,1.802177888140868,3.339769026414956,-0.0027080709336337,27.27158620194536,0.0004,0.0,5668.531,17
11,24,1.802177888140868,3.337860892622616,-0.0006454999674369,27.471731459410076,0.0004,0.001,5502.828,17
11,24,1.802177888140868,3.337906773300504,-0.0022136691226831,27.43677515400745,0.0004,0.0,5513.891,17
11,24,1.802177888140868,3.3360506258035563,-0.0013338000995308,27.66817175260394,0.0004,0.001,5348.25,17
11,24,1.802177888140868,3.336202399190994,0.0001620981231073,27.653908416403503,0.0004,0.0,5359.234,17
11,24,1.802177888140868,3.3363539903096617,-0.0007245890366308,27.63879997368456,0.0004,0.001,5370.313,17
11,24,1.802177888140868,3.336304457429783,-0.0025553697198133,27.61827594076375,0.0004,0.0,5381.344,17
11,24,1.802177888140868,3.338759948509093,-0.0028731983324392,27.379290110160696,0.0004,0.001,5569.078,17
11,24,1.802177888140868,3.338739582554464,-0.0011506490595461,27.363278322611468,0.0004,0.0,5580.125,17
11,24,1.802177888140868,3.3368950477773933,0.0007367920927224,27.578414469734195,0.0004,0.001,5414.5,17
11,24,1.802177888140868,3.3370540716887445,-0.0007835540038397,27.55610464977986,0.0004,0.0,5425.5,17
11,24,1.802177888140868,3.3348081422776654,-0.0006626455994285,27.81090722068461,0.0004,0.001,5259.844,17
11,24,1.802177888140868,3.33493923512423,-0.0007719095090846,27.799988763242077,0.0004,0.0,5270.906,17
11,24,1.802177888140868,3.335145254668729,-0.002211931200362,27.77643071759722,0.0004,0.001,5281.984,17
11,24,1.802177888140868,3.335222253035953,-0.0026456673858113,27.761097606006373,0.0004,0.0,5293.031,17
11,24,1.802177888140868,3.3376869040395154,0.0004775679975927,27.4847963042633,0.0004,0.001,5480.688,17
11,24,1.802177888140868,3.337760289539989,-0.00305335574164,27.49252613641638,0.0004,0.0,5491.797,17
11,24,1.802177888140868,3.3355983643784524,0.0004205519220655,27.708428150124544,0.0004,0.001,5326.156,17
11,24,1.802177888140868,3.336099674706506,-0.0002209801049343,27.69932965316532,0.0004,0.0,5337.203,17
11,24,1.802177888140868,3.333613633946658,-0.0014755088482567,27.973343334893805,0.0004,0.001,5171.453,17
11,24,1.802177888140868,3.333848157473488,0.0016391605203846,27.934057690605883,0.0004,0.0,5182.5,17
11,24,1.802177888140868,3.3338344678677285,0.0002076803717852,27.92549512992444,0.0004,0.001,5193.516,17
11,24,1.802177888140868,3.3341146243764226,-0.0029452522607143,27.896812784246887,0.0004,0.0,5204.563,17
11,24,1.802177888140868,3.336747053257617,-0.0006937276566918,27.608188285758825,0.0004,0.001,5392.391,17
11,24,1.802177888140868,3.336589256502077,-0.0005680706624135,27.59220104168361,0.0004,0.0,5403.406,17
11,24,1.802177888140868,3.3427883868894424,-0.0009374751599416,27.01304957080144,0.0004,0.001,5944.938,17
11,24,1.802177888140868,3.34270325933204,-0.0040154939614002,27.00151278657769,0.0004,0.0,5955.984,17
11,24,1.802177888140868,3.346568255847175,5.297132486318983e-05,26.735082905210035,0.0004,0.001,6409.125,17
11,24,1.802177888140868,3.3466125045846598,-0.0012795610490098,26.739073674374755,0.0004,0.0,6420.203,17
11,24,1.802177888140868,3.3466825768002697,8.043045917346802e-05,26.741757865079748,0.0004,0.001,6431.219,17
11,24,1.802177888140868,3.34590389708084,-0.0003609691423062,26.7851309343208,0.0004,0.001,6320.75,17
11,24,1.802177888140868,3.34313911442498,-0.0004057581792652,26.96442491860328,0.0004,0.001,6011.25,17
11,24,1.802177888140868,3.3433664602969926,-0.0025558421365547,26.94736870524596,0.0004,0.0,6022.328,17
11,24,1.802177888140868,3.341806443130185,0.0001347255772144,27.082809375836963,0.0004,0.001,5856.594,17
11,24,1.802177888140868,3.341885124039721,0.0012227539898898,27.079860941697127,0.0004,0.0,5867.625,17
11,24,1.802177888140868,3.340190406816391,-0.0016619444878652,27.24069774330071,0.0004,0.001,5701.766,17
11,24,1.802177888140868,3.340290668170473,-0.0010074155714199,27.22699957146864,0.0004,0.0,5712.813,17
11,24,1.802177888140868,3.340361847521468,-0.0022240045819523,27.213548644193597,0.0004,0.001,5723.953,17
11,24,1.802177888140868,3.3404565237220694,-0.0008047607121359,27.197825345222636,0.0004,0.0,5734.984,17
11,24,1.802177888140868,3.3423217740720563,-0.0005612862308746,27.02855008793045,0.0004,0.001,5922.766,17
11,24,1.802177888140868,3.342531917137732,0.0010601420693128,27.01791804237475,0.0004,0.0,5933.844,17
11,24,1.802177888140868,3.340776159469768,-0.0010125352072306,27.166442362796257,0.0004,0.001,5768.188,17
11,24,1.802177888140868,3.3410670596099,-0.0007041627782388,27.16695925155559,0.0004,0.0,5779.203,17
11,24,1.802177888140868,3.33933336400629,-0.0013715054283851,27.33584060797517,0.0004,0.001,5613.328,17
11,24,1.802177888140868,3.339386543697521,0.0007445743788032,27.31420599523211,0.0004,0.0,5624.359,17
11,24,1.802177888140868,3.3394158353310264,-0.0026681385440233,27.29560967467869,0.0006,0.001,5635.422,17
11,24,1.802177888140868,3.339538275882904,0.0010887623268782,27.29432111217156,0.0004,0.0,5646.484,17
11,24,1.802177888140868,3.341552441748848,0.0020043278534066,27.106438420442917,0.0004,0.001,5834.469,17
11,24,1.802177888140868,3.341783571158366,-0.0027313959271639,27.086666847642245,0.0004,0.0,5845.563,17
11,24,1.802177888140868,3.3397782225541195,-0.0036461263948774,27.26479442845188,0.0006,0.001,5679.594,17
11,24,1.802177888140868,3.339994570533479,0.0001122214807127,27.24718794950484,0.0004,0.0,5690.719,17
11,24,1.802177888140868,3.3382537004421944,-0.000142385065847,27.448580436966864,0.0004,0.001,5524.922,17
11,24,1.802177888140868,3.33841950131612,0.0015786577244648,27.43777478291729,0.0004,0.0,5535.953,17
11,24,1.802177888140868,3.338441425728853,0.0010500419896749,27.41688928617337,0.0004,0.001,5547.0,17
11,24,1.802177888140868,3.338499160881383,5.31244084156704e-06,27.40488754124784,0.0004,0.0,5558.047,17
11,24,1.802177888140868,3.3406750327629875,-0.0037838397932495,27.196039069843145,0.0004,0.001,5746.031,17
11,24,1.802177888140868,3.340715548281905,0.0003972533582658,27.187180919095272,0.0004,0.0,5757.109,17
11,24,1.802177888140868,3.473436992730484,-3.972882761368084,27.812679120587585,3.997,1.549,62.813,17
11,24,1.802177888140868,4.12838378418556,-0.0018099551712789,28.235619984804963,0.0008,4.137,73.406,17
11,24,1.802177888140868,3.3242758523228284,-3.97421215745308,34.46982688297559,3.997,1.418,594.547,17
11,24,1.802177888140868,3.9515128682330216,-0.0024842144305302,34.70587889147647,0.0008,3.958,605.156,17
11,24,1.802177888140868,3.318700408968744,-3.9735287424448575,34.62841935871123,3.997,1.412,615.844,17
11,24,1.802177888140868,3.9446204069173674,-0.0005390745451461,34.86269551673052,0.0008,3.952,626.469,17
11,24,1.802177888140868,3.43588804872574,-3.9745720368086688,29.140625096843237,3.997,1.517,126.563,17
11,24,1.802177888140868,4.095207623842719,-0.0001294299181122,29.469565659925927,0.0008,4.103,137.203,17
11,24,1.802177888140868,3.492756907523225,-3.974186507623255,27.151134226288004,3.997,1.565,41.516000000000005,17
11,24,1.802177888140868,4.143154539273234,0.0002408346136673,27.681584564964144,0.0008,4.153,52.234,17
11,24,1.802177888140868,3.344905977946874,-0.0019059370263784,26.836797498728817,0.0004,0.001,6210.375,17
11,24,1.802177888140868,3.3450589560528425,-0.0015111724779811,26.84710521539153,0.0004,0.0,6221.422,17
11,24,1.802177888140868,3.3436162026460328,-0.0010655370073653,26.920350681095563,0.0004,0.001,6055.578,17
11,24,1.802177888140868,3.3437684351355164,0.0018442401009767,26.91628094297333,0.0004,0.0,6066.578,17
11,24,1.802177888140868,3.343724323291022,-0.000228708166457,26.91998335861471,0.0004,0.001,6077.672,17
11,24,1.802177888140868,3.343929858538175,0.0001070887921558,26.9103747822903,0.0004,0.0,6088.797,17
11,24,1.802177888140868,3.344198181623772,-0.0023452135431587,26.87966388663664,0.0004,0.001,6122.0,17
11,24,1.802177888140868,3.344238334804936,-0.0005132341361669,26.876488456521017,0.0006,0.0,6133.016,17
11,24,1.802177888140868,3.3428661372771318,0.0009566794650117,27.00112888154789,0.0004,0.001,5967.016,17
11,24,1.802177888140868,3.342845060323583,-0.0009410257523373,26.986773507330277,0.0004,0.0,5978.047,17
11,24,1.802177888140868,3.3428862432346937,-0.0002639499887419,26.98696684068666,0.0004,0.001,5989.219,17
11,24,1.802177888140868,3.343176383474846,-0.0027118553608323,26.97213760322371,0.0004,0.0,6000.266,17
11,24,1.802177888140868,3.344619592685232,-0.0029240865944809,26.85188834295677,0.0006,0.001,6188.297,17
11,24,1.802177888140868,3.3449504646065287,-0.0014858575028531,26.82957497417868,0.0004,0.0,6199.359,17
11,24,1.802177888140868,3.343417411997584,0.0009227136730713,26.94507635451973,0.0004,0.001,6033.484,17
11,24,1.802177888140868,3.3437037526784392,0.0010118795402495,26.92965768913905,0.0004,0.0,6044.516,17
11,24,1.802177888140868,3.342155942960794,-0.0005497943531462,27.071791191965904,0.0004,0.001,5878.641,17
11,24,1.802177888140868,3.3420709392398047,-0.000838755923849,27.05683554135517,0.0004,0.0,5889.703,17
11,24,1.802177888140868,3.342240755383292,0.0005853403748695,27.04709993981847,0.0004,0.001,5900.734,17
11,24,1.802177888140868,3.342229285304745,-0.0005588419604764,27.027163106685823,0.0004,0.0,5911.75,17
11,24,1.802177888140868,3.3440791414388342,1.946198305855607e-05,26.89557681707916,0.0004,0.001,6099.844,17
11,24,1.802177888140868,3.343959620823621,0.0006262523226174,26.875966313774853,0.0004,0.0,6110.891,17
11,24,1.802177888140868,3.398889452686241,-3.972672904457032,30.971807380446744,3.997,1.485,254.125,17
11,24,1.802177888140868,4.048195125375333,-0.0021772675138645,31.26790154989376,0.0008,4.055,264.703,17
11,24,1.802177888140868,3.393840415666481,-3.972805371008954,31.23872392925865,3.997,1.48,275.328,17
11,24,1.802177888140868,4.041497545306136,0.000208344167064,31.51993750958798,0.0008,4.049,285.969,17
12,24,1.810054375611175,3.392930790156546,-3.972701714749166,32.66876487559815,3.997,1.48,362.078,16
12,24,1.810054375611175,4.023599612775005,-0.0017758266789299,32.90875141957798,0.0008,4.031,372.703,16
12,24,1.810054375611175,3.388096907142597,-3.974359417921419,32.87060844185585,3.997,1.475,383.406,16
12,24,1.810054375611175,4.069210956525265,0.0001964474609473,31.113928775918023,0.0008,4.077,223.36,16
12,24,1.810054375611175,3.383859300231224,-3.973866455945679,33.15004730981702,3.997,1.471,404.844,16
12,24,1.810054375611175,4.012646201856786,-0.0001076574874524,33.36742143718757,0.0008,4.019,415.516,16
12,24,1.810054375611175,3.37949248781352,-3.974343677534789,33.3362318424013,3.997,1.467,426.172,16
12,24,1.810054375611175,4.007098499593999,5.999266909498142e-05,33.57952835635619,0.0008,4.013,436.797,16
12,24,1.810054375611175,3.9563832351010055,-0.0019784487888261,35.11507928880573,0.0008,3.963,607.844,16
12,24,1.810054375611175,3.3330541374517457,-3.973605536536829,35.05235717334325,3.997,1.426,618.656,16
12,24,1.810054375611175,3.949459165811183,-0.0009066139231459,35.30071711593242,0.0008,3.956,629.328,16
12,24,1.810054375611175,4.135236934044505,-0.0007872758640115,28.64221338457265,0.0008,4.145,73.797,16
12,24,1.810054375611175,3.401090643213601,-3.974300271959093,32.260954645253136,3.997,1.488,319.391,16
12,24,1.810054375611175,4.035220463975567,-0.0026379243441849,32.504078173837016,0.0008,4.042,330.063,16
12,24,1.810054375611175,3.3968132350455877,-3.9753869117687546,32.475371505859606,3.997,1.483,340.703,16
12,24,1.810054375611175,4.029314022989158,-0.0006575517933706,32.75466158292047,0.0008,4.037,351.406,16
12,24,1.810054375611175,3.983044537864693,7.427811964325708e-05,34.372946080535165,0.0008,3.989,522.391,16
12,24,1.810054375611175,3.3546280762407727,-3.9737925241539975,34.34984735912421,3.997,1.447,533.094,16
12,24,1.810054375611175,3.976462483714663,-0.0005307261235879,34.58596083028434,0.0008,3.982,543.735,16
12,24,1.810054375611175,3.3488736388210736,-3.97580379555999,34.554668386080735,3.997,1.44,554.547,16
12,24,1.810054375611175,3.846734848413644,-0.0048943116096415,36.43248660212706,0.0008,3.854,1077.875,16
12,24,1.810054375611175,3.343997749780738,-3.9744244015756256,34.72069535959366,3.997,1.437,575.86,16
12,24,1.810054375611175,3.963064921690588,-0.0003953949112764,34.93171228007547,0.0008,3.969,586.5,16
12,24,1.810054375611175,3.3388902410818013,-3.974679501472003,34.88699463707448,3.997,1.431,597.156,16
12,24,1.810054375611175,3.8378656291471898,0.0012092292429517,36.56352012993035,0.0008,3.846,1120.547,16
12,24,1.810054375611175,3.225629543222084,-3.970496901043528,36.46841190760186,3.997,1.321,1131.219,16
12,24,1.810054375611175,3.83377217259152,-0.0015247579490764,36.630432521198365,0.0008,3.842,1141.875,16
12,24,1.810054375611175,3.221419753003849,-3.970446885472239,36.53204922683721,3.997,1.317,1152.594,16
12,24,1.810054375611175,3.864229962240064,-0.0045268711571271,36.19991750396729,0.0008,3.872,992.328,16
12,24,1.810054375611175,3.364737396085953,-3.974401191898036,33.96381723805892,3.997,1.455,490.266,16
12,24,1.810054375611175,3.989427880526761,-0.0004482003128202,34.20779831677437,0.0008,3.996,500.953,16
12,24,1.810054375611175,3.3595422694744306,-3.973433150803347,34.1578228892924,3.997,1.451,511.703,16
12,24,1.810054375611175,3.421127228327043,-3.974426530789976,31.148005727390803,3.997,1.507,234.031,16
12,24,1.810054375611175,4.061936546665963,5.477908720962198e-05,31.411691876201505,0.0008,4.069,244.688,16
12,24,1.810054375611175,3.4155364194791837,-3.97414500902784,31.38372013147884,3.997,1.501,255.391,16
12,24,1.810054375611175,4.054839821983215,-0.0015336425329408,31.737534655096823,0.0008,4.062,266.125,16
12,24,1.810054375611175,3.4108591157158625,-3.973725002641808,31.747729693225065,3.997,1.497,276.781,16
12,24,1.810054375611175,4.048069958462189,0.000146498754373,32.01445149034139,0.0008,4.055,287.453,16
12,24,1.810054375611175,3.328218700911183,-3.973840736594936,35.215941253458006,3.997,1.421,639.969,16
12,24,1.810054375611175,3.995521812316832,-0.0014366315791878,33.982661770891404,0.0008,4.001,479.547,16
12,24,1.810054375611175,3.4469127709650227,-3.972981913425627,29.84145038686992,3.997,1.53,148.578,16
12,24,1.810054375611175,4.093352053806022,-0.0005968480166014,30.1799284479455,0.0008,4.101,159.235,16
12,24,1.810054375611175,3.439471326993788,-3.975480821011099,30.22189952751549,3.997,1.524,169.906,16
12,24,1.810054375611175,4.084840642072538,-0.000370966765639,30.53300465147334,0.0008,4.093,180.578,16
12,24,1.810054375611175,3.432821820400963,-3.973871466014052,30.501350543358843,3.997,1.518,191.235,16
12,24,1.810054375611175,4.076854650109284,-0.0034055213814658,30.82382388743044,0.0008,4.085,201.922,16
12,24,1.810054375611175,3.4268758881883485,-3.975370826653768,30.85068756415505,3.997,1.513,212.688,16
12,24,1.810054375611175,3.920032429404432,-0.0010438143354161,35.830860695820554,0.0008,3.928,735.797,16
12,24,1.810054375611175,3.3038653028900464,-3.974098497672119,35.721517291111375,3.997,1.396,746.485,16
12,24,1.810054375611175,3.9153032353942674,-0.0014220490053543,35.87953386274271,0.0008,3.923,757.156,16
12,24,1.810054375611175,3.299004492624507,-3.973105925670301,35.77677670679823,3.997,1.391,767.875,16
12,24,1.810054375611175,3.910461669382111,-0.0030929002612516,35.92224538883677,0.0008,3.918,778.531,16
12,24,1.810054375611175,3.29459170003234,-3.9740339098570794,35.8101482099005,3.997,1.389,789.203,16
12,24,1.810054375611175,3.905566900340282,0.0007027269327786,35.94697311362456,0.0008,3.913,799.844,16
12,24,1.810054375611175,3.2903136733958864,-3.972142595220821,35.81187565932263,3.997,1.384,810.547,16
12,24,1.810054375611175,3.94293073645681,-0.000282469903007,35.4280595456747,0.0008,3.95,650.625,16
12,24,1.810054375611175,3.3746543200288457,-3.973295125201552,33.569582600578784,3.997,1.464,447.469,16
12,24,1.810054375611175,3.4554615297526614,-3.9756784783340167,29.539032079147656,3.997,1.537,127.235,16
12,24,1.810054375611175,4.11194622803131,-0.0002653327737479,29.50891682058777,0.0008,4.12,116.531,16
12,24,1.810054375611175,3.465477595479137,-3.9739744990442456,29.1744747129445,3.997,1.545,105.828,16
12,24,1.810054375611175,4.122875279267064,-0.0006311075606973,29.11091899096868,0.0008,4.131,95.156,16
12,24,1.810054375611175,3.477747253226796,-3.9746023710569434,28.74317086138213,3.997,1.555,84.469,16
12,24,1.810054375611175,3.308440130113215,-3.974138251717165,35.6500686327949,3.997,1.401,725.172,16
12,24,1.810054375611175,3.969692104307921,-0.001545941254482,34.779826901435065,0.0008,3.975,565.188,16
12,24,1.810054375611175,3.2012533606262488,-3.972558290293072,36.90134883286817,3.997,1.297,1259.328,16
12,24,1.810054375611175,3.808883766980928,-0.0013552770782738,37.09170758200428,0.0008,3.817,1270.031,16
12,24,1.810054375611175,3.1983368870347126,-3.972723686318733,36.94704171956708,3.997,1.294,1280.688,16
12,24,1.810054375611175,3.8049210830670535,-0.0007724197392882,37.13103762723454,0.0008,3.813,1291.344,16
12,24,1.810054375611175,3.1950124959540043,-3.9723366023465982,37.00337949778851,3.997,1.293,1302.031,16
12,24,1.810054375611175,3.8008427796403264,6.17708965686097e-05,37.19247666518565,0.0008,3.808,1312.672,16
12,24,1.810054375611175,3.191320458182544,-3.972676465374848,37.09521924861936,3.997,1.288,1323.422,16
12,24,1.810054375611175,3.829358613597343,-0.0030812482335131,36.69378521725913,0.0008,3.838,1163.297,16
12,24,1.810054375611175,3.218135869916237,-3.9751485498726113,36.584825249908725,3.997,1.314,1173.969,16
12,24,1.810054375611175,3.825399622971476,-0.0033499523137561,36.76394630657731,0.0008,3.832,1184.625,16
12,24,1.810054375611175,3.213195002105796,-3.9718643341027287,36.667401030308966,3.997,1.311,1195.328,16
12,24,1.810054375611175,3.8211480668911975,-0.0014200442203032,36.826076160291805,0.0008,3.828,1205.953,16
12,24,1.810054375611175,3.2091124383383614,-3.973200327913604,36.726076863810846,3.997,1.306,1216.594,16
12,24,1.810054375611175,3.8168841459743903,-0.0007348162253508,36.91241642153239,0.0008,3.825,1227.25,16
12,24,1.810054375611175,3.204895037698027,-3.974254728455941,36.807829719834366,3.997,1.301,1237.922,16
12,24,1.810054375611175,3.72838098444814,-0.0003946164189269,38.3785846715095,0.0008,3.736,1760.703,16
12,24,1.810054375611175,3.123609910920009,-3.974041675574518,38.22122266913036,3.997,1.22,1771.422,16
12,24,1.810054375611175,3.725352973372827,-0.0012083694177237,38.42076552183438,0.0008,3.733,1782.125,16
12,24,1.810054375611175,3.120465176232268,-3.973962815030412,38.30035378751028,3.997,1.218,1792.844,16
12,24,1.810054375611175,3.722527947536466,-0.0026182194901594,38.46330368752874,0.0008,3.73,1803.531,16
12,24,1.810054375611175,3.117853628420504,-3.9746028618077496,38.35208263719368,3.997,1.214,1814.172,16
12,24,1.810054375611175,3.7195979808236665,-0.0002415349977833,38.52070821369629,0.0008,3.726,1824.797,16
12,24,1.810054375611175,3.114903838518704,-3.973676064740584,38.36972654833026,3.997,1.213,1835.469,16
12,24,1.810054375611175,3.740372795990947,-0.0018387505995709,38.191343725647855,0.0008,3.748,1675.422,16
12,24,1.810054375611175,3.1347954614076983,-3.975273164163161,38.047828280112405,3.997,1.232,1686.078,16
12,24,1.810054375611175,3.7373494818056896,0.0004289743856974,38.24194493274153,0.0006,3.745,1696.75,16
12,24,1.810054375611175,3.132222465173889,-3.973649624417879,38.0961803563625,3.997,1.23,1707.453,16
12,24,1.810054375611175,3.7342975797527824,0.0013276307783063,38.3079652113639,0.0008,3.742,1718.078,16
12,24,1.810054375611175,3.129484079032045,-3.9732202330958697,38.17423445249828,3.997,1.227,1728.719,16
12,24,1.810054375611175,3.731263033579082,-0.0024395073410366,38.33660808902592,0.0008,3.739,1739.375,16
12,24,1.810054375611175,3.1266571998513326,-3.9736015227810255,38.19971069951912,3.997,1.224,1750.063,16
12,24,1.810054375611175,3.7536852989245,0.0041516587874309,38.007818754904754,0.0006,3.761,1590.25,16
12,24,1.810054375611175,3.147453877005447,-3.97115816444052,37.88752203955319,3.997,1.244,1600.875,16
12,24,1.810054375611175,3.750463599726841,-0.0053362394910162,38.057011005132864,0.0008,3.758,1611.516,16
12,24,1.810054375611175,3.144339974429407,-3.973109617298377,37.92481212630594,3.997,1.242,1622.188,16
12,24,1.810054375611175,3.7467377820163055,0.000586294627694,38.10183330933923,0.0008,3.754,1632.828,16
12,24,1.810054375611175,3.1412981085505383,-3.972488599428549,37.97507270938949,3.997,1.239,1643.485,16
12,24,1.810054375611175,3.743508682674453,-0.0028228908901024,38.16808150596234,0.0008,3.752,1654.141,16
12,24,1.810054375611175,3.1377819360564128,-3.972375669458185,38.01540225237113,3.997,1.235,1664.813,16
12,24,1.810054375611175,3.7672200170432486,-0.0010928620529261,37.77860201126828,0.0008,3.775,1504.813,16
12,24,1.810054375611175,3.159947391138328,-3.9735556148859024,37.64311112244082,3.997,1.258,1515.5,16
12,24,1.810054375611175,3.764063407877413,-0.0028442625193972,37.85005614486437,0.0008,3.772,1526.172,16
12,24,1.810054375611175,3.156694298198954,-3.972498643063211,37.73695008902481,3.997,1.254,1536.875,16
12,24,1.810054375611175,3.759972629141053,-0.0032718576020401,37.88917849318317,0.0008,3.768,1547.547,16
12,24,1.810054375611175,3.153128297672808,-3.9738444902420698,37.77119105632481,3.997,1.25,1558.266,16
12,24,1.810054375611175,3.756471341840942,-0.0008081195861637,37.9574095944645,0.0008,3.764,1568.953,16
12,24,1.810054375611175,3.1502147102680342,-3.9711572002434727,37.81366732797811,3.997,1.248,1579.578,16
12,24,1.810054375611175,3.6877272940618018,0.0003908838459883,39.04221869417854,0.0008,3.695,2102.391,16
12,24,1.810054375611175,3.080828832490488,-3.9725991642297007,38.90887850569182,3.997,1.179,2113.172,16
12,24,1.810054375611175,3.685639706367821,0.0005424801676216,39.088379142911386,0.0008,3.693,2123.875,16
12,24,1.810054375611175,3.0791084345014648,-3.9737485649543776,38.94376811767661,3.997,1.178,2134.578,16
12,24,1.810054375611175,3.683719486356963,-0.000619364353339,39.108966929054944,0.0008,3.691,2145.266,16
12,24,1.810054375611175,3.0771329097236197,-3.972408039495527,38.97898356852591,3.997,1.176,2155.969,16
12,24,1.810054375611175,3.6820337791822766,-0.0009295566133726,39.15075388885026,0.0008,3.689,2166.641,16
12,24,1.810054375611175,3.07498825729923,-3.973649331834952,39.037633063874,3.997,1.173,2177.344,16
12,24,1.810054375611175,3.696560061696957,0.0008742171826827,38.85956907046783,0.0008,3.704,2016.844,16
12,24,1.810054375611175,3.090305312174448,-3.971027569064728,38.73486095203933,3.997,1.188,2027.61,16
12,24,1.810054375611175,3.69408344920075,-0.0009857331754694,38.910849694255,0.0008,3.702,2038.281,16
12,24,1.810054375611175,3.0880891984538823,-3.971555812926346,38.78263925638519,3.997,1.186,2048.969,16
12,24,1.810054375611175,3.6920676046927303,-0.0003853026082426,38.95581621147433,0.0008,3.7,2059.641,16
12,24,1.810054375611175,3.0853335275053237,-3.972019415691148,38.824811953273496,3.997,1.184,2070.391,16
12,24,1.810054375611175,3.6897347505862856,-0.0001685938928983,39.01052391777556,0.0008,3.697,2081.047,16
12,24,1.810054375611175,3.083017633988597,-3.973329159431052,38.86983844304977,3.997,1.181,2091.75,16
12,24,1.810054375611175,3.706240754521904,-0.0004778759599007,38.69943538387592,0.0008,3.714,1931.422,16
12,24,1.810054375611175,3.1012029861976464,-3.9742756602381606,38.563817079373415,3.997,1.198,1942.125,16
12,24,1.810054375611175,3.7036725547177074,-0.0003715361854907,38.74416900565894,0.0008,3.711,1952.766,16
12,24,1.810054375611175,3.0984690841673386,-3.9723415824661847,38.625469694730135,3.997,1.196,1963.469,16
12,24,1.810054375611175,3.7013709726217856,0.0002450708224673,38.798237379736754,0.0008,3.708,1974.141,16
12,24,1.810054375611175,3.09565295069812,-3.9747196930267217,38.64496459464566,3.997,1.193,1984.813,16
12,24,1.810054375611175,3.698804507020519,0.000254848799757,38.818535014229965,0.0008,3.706,1995.485,16
12,24,1.810054375611175,3.093028581567511,-3.971803775635766,38.67525909081971,3.997,1.19,2006.156,16
12,24,1.810054375611175,3.7168585057623433,-0.0010491919449789,38.56799853036159,0.0008,3.724,1846.125,16
12,24,1.810054375611175,3.112621551767009,-3.972134725603756,38.40854714077908,3.997,1.21,1856.781,16
12,24,1.810054375611175,3.7140511632482234,-0.0014028784130407,38.59063454845377,0.0008,3.722,1867.438,16
12,24,1.810054375611175,3.109555138170439,-3.973230442237228,38.43718486341215,3.997,1.207,1878.094,16
12,24,1.810054375611175,3.7113712294825594,-0.0026626691761155,38.60454042121941,0.0008,3.719,1888.719,16
12,24,1.810054375611175,3.1065723757970964,-3.972337051862063,38.5138158764863,3.997,1.204,1899.422,16
12,24,1.810054375611175,3.70878605504844,-0.0019079001221511,38.67009073514446,0.0008,3.716,1910.094,16
12,24,1.810054375611175,3.1040468595111195,-3.9728062234931647,38.54550983096541,3.997,1.202,1920.735,16
12,24,1.810054375611175,3.6598960106845855,0.0011357988830158,39.76360194203845,0.0008,3.666,2444.672,16
12,24,1.810054375611175,3.046617421121204,-3.971652229369498,39.62631174584016,3.997,1.145,2455.406,16
12,24,1.810054375611175,3.658135035670216,-0.0020149792541372,39.80599862088722,0.0008,3.665,2466.11,16
12,24,1.810054375611175,3.0438376827582454,-3.972895045256343,39.67077502567907,3.997,1.143,2476.86,16
12,24,1.810054375611175,3.656394819614143,-0.0012330418306698,39.85880240136998,0.0008,3.664,2487.563,16
12,24,1.810054375611175,3.041591378971669,-3.9721334513857234,39.733541338843374,3.997,1.141,2498.281,16
12,24,1.810054375611175,3.654725411777758,-0.0041597078993135,39.91001492805472,0.0008,3.662,2508.969,16
12,24,1.810054375611175,3.0393132399557468,-3.9715652839268856,39.77476019975808,3.997,1.139,2519.703,16
12,24,1.810054375611175,3.66630278505837,-0.0012048542053292,39.57448916686079,0.0006,3.673,2359.094,16
12,24,1.810054375611175,3.054800138091659,-3.971702384767872,39.42221649650176,3.997,1.154,2369.766,16
12,24,1.810054375611175,3.664774887910277,-0.000648778930107,39.61219391837907,0.0008,3.672,2380.453,16
12,24,1.810054375611175,3.052626189222453,-3.9744134583056514,39.481025469488905,3.997,1.152,2391.141,16
12,24,1.810054375611175,3.66313702742639,1.2167934960621882e-05,39.66463695395073,0.0008,3.67,2401.844,16
12,24,1.810054375611175,3.0505470295941204,-3.9710069116036975,39.5260436877755,3.997,1.15,2412.578,16
12,24,1.810054375611175,3.661242751313163,-0.0014980609860555,39.681501708674574,0.0008,3.668,2423.266,16
12,24,1.810054375611175,3.048371621224266,-3.972310003638725,39.57061025783455,3.997,1.148,2433.938,16
12,24,1.810054375611175,3.673162984630565,-0.0007442016979839,39.3993363658273,0.0008,3.68,2273.563,16
12,24,1.810054375611175,3.063754700008685,-3.970861376862835,39.23635074841784,3.997,1.162,2284.25,16
12,24,1.810054375611175,3.671510630946719,-0.0018742026171929,39.44899592054693,0.0008,3.678,2294.891,16
12,24,1.810054375611175,3.06147876364568,-3.971260698699975,39.300843013178806,3.997,1.16,2305.61,16
12,24,1.810054375611175,3.6696234265116794,-0.0003845201687594,39.47918028956126,0.0008,3.677,2316.281,16
12,24,1.810054375611175,3.059340605697722,-3.9708672646899577,39.348005902827495,3.997,1.158,2327.016,16
12,24,1.810054375611175,3.667969827617597,-0.0028879511407546,39.508081927700985,0.0008,3.675,2337.719,16
12,24,1.810054375611175,3.057112185343412,-3.971181154716237,39.38305157699741,3.997,1.156,2348.438,16
12,24,1.810054375611175,3.680313061508061,-0.0033957297240179,39.21197317137914,0.0008,3.688,2188.047,16
12,24,1.810054375611175,3.07281774025414,-3.972489198999663,39.068316946756205,3.997,1.17,2198.735,16
12,24,1.810054375611175,3.678429244429009,-0.0015259031025584,39.22942318705745,0.0008,3.686,2209.453,16
12,24,1.810054375611175,3.0706593625577256,-3.9701801308815,39.11563433369047,3.997,1.168,2220.11,16
12,24,1.810054375611175,3.676656863126552,-0.0014943716022799,39.29247739124728,0.0008,3.684,2230.797,16
12,24,1.810054375611175,3.06849454836756,-3.972574255115744,39.15224712542713,3.997,1.166,2241.485,16
12,24,1.810054375611175,3.675050347778742,-0.0036705172916021,39.33500503522677,0.0008,3.682,2252.219,16
12,24,1.810054375611175,3.0661141961080904,-3.971028819825704,39.20229291069542,3.997,1.164,2262.922,16
12,24,1.810054375611175,3.62665384045068,-0.0011675303047714,40.64282089443967,0.0008,3.632,2786.485,16
12,24,1.810054375611175,3.0019383747053423,-3.9718395370088544,40.50030898434723,3.997,1.104,2797.266,16
12,24,1.810054375611175,3.623974526565462,0.0011972655545975,40.71485651632166,0.0008,3.629,2807.969,16
12,24,1.810054375611175,2.9986126376775823,-3.970920369906587,40.56374146163794,3.997,1.102,2818.656,16
12,24,1.810054375611175,3.621152506669172,-0.0001984135475004,40.74875912836982,0.0006,3.626,2829.375,16
12,24,1.810054375611175,2.995428633841237,-3.9719940938308262,40.61282946321122,3.997,1.098,2840.016,16
12,24,1.810054375611175,3.618129201780192,-0.0015904243124823,40.81843513907503,0.0008,3.623,2850.688,16
12,24,1.810054375611175,2.9916951714959974,-3.971210421259859,40.69109429797044,3.997,1.094,2861.36,16
12,24,1.810054375611175,3.6368190668511655,-0.0015356929374888,40.38737448369874,0.0008,3.643,2701.047,16
12,24,1.810054375611175,3.0159828998242912,-3.971786782705968,40.263410847082966,3.997,1.118,2711.719,16
12,24,1.810054375611175,3.634615442925573,0.0018196175206962,40.43203975486976,0.0008,3.64,2722.375,16
12,24,1.810054375611175,3.013014636448135,-3.972746544880928,40.3007905278763,3.997,1.114,2733.047,16
12,24,1.810054375611175,3.632018699741697,-0.0007976746400221,40.48142394511497,0.0008,3.638,2743.703,16
12,24,1.810054375611175,3.00902710625201,-3.972346122254185,40.34965571740952,3.997,1.111,2754.469,16
12,24,1.810054375611175,3.629509128936336,-0.0023531273046448,40.55133131488694,0.0008,3.635,2765.141,16
12,24,1.810054375611175,3.005614538322149,-3.972764616222395,40.42746597646856,3.997,1.108,2775.828,16
12,24,1.810054375611175,3.64526477842796,-0.0036770358143471,40.147143885705546,0.0008,3.651,2615.766,16
12,24,1.810054375611175,3.0269199802526723,-3.974125937593165,40.01036294885099,3.997,1.128,2626.453,16
12,24,1.810054375611175,3.643392612197367,-0.0002916214358532,40.206789701221616,0.0008,3.649,2637.125,16
12,24,1.810054375611175,3.0248289952715,-3.970675144451907,40.11139842947974,3.997,1.125,2647.766,16
12,24,1.810054375611175,3.6410257619302846,-8.566860161929597e-07,40.279672296423655,0.0008,3.647,2658.391,16
12,24,1.810054375611175,3.02188603431813,-3.973434220962427,40.12547601502122,3.997,1.122,2669.031,16
12,24,1.810054375611175,3.639180229182774,-0.0009294725365311,40.34006984439277,0.0008,3.646,2679.719,16
12,24,1.810054375611175,3.0188082251268624,-3.972704967539603,40.21182576514929,3.997,1.119,2690.406,16
12,24,1.810054375611175,3.652846854517207,-0.000712678585447,39.9282565576607,0.0008,3.66,2530.36,16
12,24,1.810054375611175,3.0366230725146925,-3.973830080463252,39.80034954729827,3.997,1.136,2541.031,16
12,24,1.810054375611175,3.65111090205406,-0.0037423410898274,40.013445180595006,0.0008,3.658,2551.719,16
12,24,1.810054375611175,3.034491431374206,-3.9712594966997066,39.87973441213282,3.997,1.133,2562.36,16
12,24,1.810054375611175,3.649036840605249,-0.0009652954394896,40.07557228200343,0.0008,3.655,2572.953,16
12,24,1.810054375611175,3.0320785936183574,-3.971717324316271,39.9194959633312,3.997,1.13,2583.735,16
12,24,1.810054375611175,3.647219056171906,-0.0016022175044667,40.106349355279846,0.0008,3.655,2594.453,16
12,24,1.810054375611175,3.029353541611172,-3.973557237266709,39.98704424645538,3.997,1.128,2605.125,16
12,24,1.810054375611175,3.543250056270085,-0.0007274248946094,41.54365351720746,0.0008,3.547,3128.297,16
12,24,1.810054375611175,2.895231750922457,-3.972286420897876,41.42820895808943,3.997,1.003,3138.985,16
12,24,1.810054375611175,3.5301362026959,-0.0018176284934954,41.61148323095519,0.0008,3.534,3149.672,16
12,24,1.810054375611175,2.877658183230577,-3.973201714549999,41.473093226183344,3.997,0.987,3160.469,16
12,24,1.810054375611175,3.5140599235949845,-0.0017857797450967,41.70512943079486,0.0008,3.517,3171.11,16
12,24,1.810054375611175,2.857766925907694,-3.972007285457132,41.56814705961997,3.997,0.968,3181.781,16
12,24,1.810054375611175,3.49540817010369,-0.0025448108872223,41.78362893518816,0.0008,3.499,3192.422,16
12,24,1.810054375611175,2.8336857883033124,-3.970318406647849,41.67198237396566,3.997,0.946,3203.219,16
12,24,1.810054375611175,3.5788093815225697,-0.0016024291944002,41.304911575948914,0.0008,3.582,3042.938,16
12,24,1.810054375611175,2.941094845355939,-3.974119248150908,41.17526377466469,3.997,1.048,3053.625,16
12,24,1.810054375611175,3.5717626093074637,-0.0002768333659279,41.35434004613248,0.0008,3.575,3064.266,16
12,24,1.810054375611175,2.9319364543086075,-3.97142604180526,41.20649080365736,3.997,1.038,3074.938,16
12,24,1.810054375611175,3.563900496914869,-0.000495464714837,41.41178961189638,0.0008,3.567,3085.656,16
12,24,1.810054375611175,2.9215407069610886,-3.9725479498431167,41.28999475277067,3.997,1.029,3096.328,16
12,24,1.810054375611175,3.5543801971414166,-0.0011079520090257,41.47025131943207,0.0008,3.558,3106.953,16
12,24,1.810054375611175,2.9093287721858587,-3.973563019989931,41.36003103144646,3.997,1.017,3117.641,16
12,24,1.810054375611175,3.599607005114924,-0.0014093479098769,41.06605828258265,0.0008,3.604,2957.516,16
12,24,1.810054375611175,2.9680696912164346,-3.9720959623978422,40.94668701483331,3.997,1.072,2968.235,16
12,24,1.810054375611175,3.5951613860331624,-0.0022911525008225,41.1352431091717,0.0008,3.599,2978.922,16
12,24,1.810054375611175,2.962503430541993,-3.974992582031288,41.0108237164672,3.997,1.066,2989.61,16
12,24,1.810054375611175,3.59028877454356,-0.0007705451162095,41.200057452043616,0.0008,3.595,3000.266,16
12,24,1.810054375611175,2.956274839778395,-3.974286232683881,41.04422579029316,3.997,1.06,3010.922,16
12,24,1.810054375611175,3.584856174684089,-0.0007265464841043,41.24026636937843,0.0008,3.589,3021.578,16
12,24,1.810054375611175,2.94922628867698,-3.973882982343533,41.07789319979787,3.997,1.055,3032.266,16
12,24,1.810054375611175,3.615106392482332,0.002420243053498,40.8723918870246,0.0006,3.62,2872.016,16
12,24,1.810054375611175,2.987555372718748,-3.972891407064904,40.76995417321038,3.997,1.09,2882.672,16
12,24,1.810054375611175,3.6116858898975166,-0.0035458972736128,40.92239269305648,0.0008,3.617,2893.438,16
12,24,1.810054375611175,2.9834300075978204,-3.971863758339649,40.74334686929163,3.997,1.087,2904.203,16
12,24,1.810054375611175,3.608026789058316,-0.0009955585633331,40.95884524394878,0.0008,3.613,2914.86,16
12,24,1.810054375611175,2.978640091096319,-3.9721899681934016,40.837454365358575,3.997,1.082,2925.563,16
12,24,1.810054375611175,3.603829241585759,-0.0019460872385671,41.03934923629269,0.0008,3.608,2936.203,16
12,24,1.810054375611175,2.973592753421621,-3.975129054148937,40.90005531809071,3.997,1.077,2946.875,16
12,24,1.810054375611175,3.284835102406019,-0.0023177317804632,39.42063830404901,0.0004,0.0,3475.86,16
12,24,1.810054375611175,3.2892245341412414,-0.0015163610697372,39.21868451737748,0.0004,0.001,3486.953,16
12,24,1.810054375611175,3.2932291312395847,-0.003063271172207,39.05045749006891,0.0004,0.0,3498.047,16
12,24,1.810054375611175,3.296860159156004,-0.0033202096826003,38.83178306319912,0.0004,0.001,3509.094,16
12,24,1.810054375611175,3.299969494811364,-0.0008494449772489,38.62840886049515,0.0004,0.0,3520.172,16
12,24,1.810054375611175,3.30289546212646,-0.0032213145225151,38.43126890269247,0.0004,0.001,3531.344,16
12,24,1.810054375611175,3.305613479601631,-0.0027884895672048,38.298559757721655,0.0004,0.0,3542.469,16
12,24,1.810054375611175,3.3082354231108093,-0.0031918937894406,38.11067954995483,0.0004,0.001,3553.516,16
12,24,1.810054375611175,3.2097010407385165,-0.0041109296560427,41.70687589151348,0.0004,0.0,3387.156,16
12,24,1.810054375611175,3.2270396847727545,-0.0016767116748292,41.2811985667825,0.0004,0.001,3398.25,16
12,24,1.810054375611175,3.2403647103923747,-0.0077312649645004,40.912097225454296,0.0004,0.0,3409.281,16
12,24,1.810054375611175,3.251219505055054,-0.0010677232961871,40.617084758141445,0.0004,0.001,3420.36,16
12,24,1.810054375611175,3.2602174013607192,-0.0017351677103212,40.32358131498412,0.0004,0.0,3431.453,16
12,24,1.810054375611175,3.267720775272511,0.0034527873909874,40.06310549842508,0.0004,0.001,3442.594,16
12,24,1.810054375611175,3.2740892631512755,-0.0006799593325385,39.83378331688494,0.0004,0.0,3453.672,16
12,24,1.810054375611175,3.279895885375312,-0.0029835649426738,39.62040753481702,0.0004,0.001,3464.781,16
12,24,1.810054375611175,3.3379517271916352,0.0021743369992555,42.21597772098296,0.0008,3.339,3299.422,16
12,24,1.810054375611175,2.638442739076849,-3.97221109802484,42.09673739773841,3.997,0.762,3310.297,16
12,24,1.810054375611175,3.285981104525894,-0.0038726932506714,42.35230848887634,0.0008,3.286,3321.11,16
12,24,1.810054375611175,2.5725398791948644,-3.970765130918912,42.25329017292362,3.997,0.7,3331.922,16
12,24,1.810054375611175,3.22102056887592,-7.000501827534932e-05,42.49926493899349,0.0008,3.22,3342.86,16
12,24,1.810054375611175,2.483742346997907,-3.964712891129805,42.378564715057145,3.997,0.619,3353.875,16
12,24,1.810054375611175,3.150892453581504,-0.0013650227084729,42.63365730314649,0.0006,0.0,3364.953,16
12,24,1.810054375611175,3.186522004384064,-0.0012435407816272,42.2027023164534,0.0004,0.001,3376.047,16
12,24,1.810054375611175,3.472708371784369,0.0007527657759823,41.87230604753852,0.0006,3.475,3213.875,16
12,24,1.810054375611175,2.806902102577288,-3.971921417702469,41.74705231401211,3.997,0.92,3224.531,16
12,24,1.810054375611175,3.446985409346436,-0.0005925781478293,41.95155405976198,0.0008,3.45,3235.219,16
12,24,1.810054375611175,2.774759492002291,-3.972718752536186,41.83322765612591,3.997,0.889,3245.875,16
12,24,1.810054375611175,3.4168644449249936,-0.0020224225242718,42.05193544105508,0.0008,3.419,3256.61,16
12,24,1.810054375611175,2.737422499389139,-3.971961141764849,41.93589252141525,3.997,0.853,3267.266,16
12,24,1.810054375611175,3.3810176233972804,0.0011668140196245,42.12936290660901,0.0008,3.382,3277.922,16
12,24,1.810054375611175,2.6929537028407124,-3.97338358523585,42.02203317106237,3.997,0.811,3288.625,16
12,24,1.810054375611175,3.340130137858711,0.0013008232562569,34.653984403211005,0.0004,0.0,3830.938,16
12,24,1.810054375611175,3.340663541998304,-0.0015404692221977,34.53187017520063,0.0004,0.001,3842.016,16
12,24,1.810054375611175,3.341438035149657,-0.0023827389727369,34.42620041641059,0.0004,0.0,3853.094,16
12,24,1.810054375611175,3.3418970545657416,-0.0021861576071624,34.307203052520975,0.0004,0.001,3864.203,16
12,24,1.810054375611175,3.342691354808405,-0.0032193956702533,34.23533057876457,0.0004,0.0,3875.375,16
12,24,1.810054375611175,3.3433715717140657,-0.0007983932847135,34.10672391058428,0.0004,0.001,3886.438,16
12,24,1.810054375611175,3.343796189801309,0.0028439242192483,33.995333853743,0.0004,0.0,3897.578,16
12,24,1.810054375611175,3.34440785830596,-0.0019995194130619,33.907861947566374,0.0004,0.001,3908.625,16
12,24,1.810054375611175,3.3334888325700525,-0.0005029123830205,35.58471746362727,0.0004,0.0,3742.172,16
12,24,1.810054375611175,3.3343686910668904,-0.00162481123811,35.46742596418395,0.0004,0.001,3753.203,16
12,24,1.810054375611175,3.3352539951491638,0.0005601546964486,35.34641767086245,0.0004,0.0,3764.313,16
12,24,1.810054375611175,3.336159018212552,-0.0023248346140879,35.225512030463726,0.0004,0.001,3775.438,16
12,24,1.810054375611175,3.3370810472635952,3.760566741709488e-05,35.12803979786497,0.0004,0.0,3786.531,16
12,24,1.810054375611175,3.337805495553467,-0.0025706100735614,34.98682034022307,0.0004,0.001,3797.656,16
12,24,1.810054375611175,3.338461861258658,-0.0053733499468663,34.8613535587243,0.0004,0.0,3808.719,16
12,24,1.810054375611175,3.3391770789815487,-0.0028060755780976,34.76030861093388,0.0004,0.001,3819.797,16
12,24,1.810054375611175,3.324280413399456,-0.0033985442704124,36.68592907297111,0.0004,0.0,3653.281,16
12,24,1.810054375611175,3.325795654178808,0.0003664493717305,36.544561671338045,0.0004,0.001,3664.328,16
12,24,1.810054375611175,3.3269989967674207,0.0012155654151099,36.39923435846501,0.0004,0.0,3675.516,16
12,24,1.810054375611175,3.3281776195845376,-0.0020627346387742,36.27656449809715,0.0004,0.001,3686.61,16
12,24,1.810054375611175,3.329547410947816,-0.0005833672109349,36.13400392764782,0.0004,0.0,3697.688,16
12,24,1.810054375611175,3.3303067664202177,-0.0010693460237099,35.99139947248367,0.0004,0.001,3708.766,16
12,24,1.810054375611175,3.3316880462789933,-0.0033795558590125,35.858085533041454,0.0004,0.0,3719.828,16
12,24,1.810054375611175,3.332656561464318,-0.0009467894227187,35.72975806769584,0.0004,0.001,3730.969,16
12,24,1.810054375611175,3.310543958987777,-0.0037837673308502,37.92158711081323,0.0004,0.0,3564.61,16
12,24,1.810054375611175,3.3126913069792567,-0.0040997274403852,37.75621966129173,0.0004,0.001,3575.672,16
12,24,1.810054375611175,3.3146092422562683,-0.0002765536549494,37.60130904999988,0.0004,0.0,3586.75,16
12,24,1.810054375611175,3.316598043311193,-0.0013217313318581,37.44366526862745,0.0004,0.001,3597.828,16
12,24,1.810054375611175,3.3183938635442933,-0.002953755973937,37.27011937531224,0.0004,0.0,3608.953,16
12,24,1.810054375611175,3.3198289721415777,-0.0019069325153404,37.16267770595724,0.0006,0.001,3620.031,16
12,24,1.810054375611175,3.321515292276592,0.0002815909591633,37.01516813256146,0.0004,0.0,3631.141,16
12,24,1.810054375611175,3.3231735991279376,-0.0021955056816619,36.84963399139672,0.0004,0.001,3642.25,16
12,24,1.810054375611175,3.3556356182195874,-4.063679927092534e-05,31.837972406400272,0.0004,0.0,4186.344,16
12,24,1.810054375611175,3.355938984232593,-0.0009837703988519,31.76167613692673,0.0004,0.001,4197.422,16
12,24,1.810054375611175,3.356426466507154,-0.0032660574225255,31.710605285248636,0.0004,0.0,4208.485,16
12,24,1.810054375611175,3.3566038230393724,-0.0021013275521933,31.632726040994157,0.0004,0.001,4219.61,16
12,24,1.810054375611175,3.356978043438881,-0.0026743880931081,31.561087691185666,0.0004,0.0,4230.703,16
12,24,1.810054375611175,3.35741567464047,-0.0003909524498667,31.51683988806157,0.0004,0.001,4241.875,16
12,24,1.810054375611175,3.357715230572547,-0.0012652541740059,31.43544564790367,0.0004,0.001,4252.922,16
12,24,1.810054375611175,3.3579601668826995,-0.0012197792293807,31.36857806307181,0.0004,0.001,4264.063,16
12,24,1.810054375611175,3.3526406772260384,-0.0005658912091611,32.42958810276795,0.0004,0.0,4097.485,16
12,24,1.810054375611175,3.352948876004453,-0.0042869355939402,32.33373794749637,0.0004,0.001,4108.563,16
12,24,1.810054375611175,3.353571314025692,-0.0023840845497877,32.25227490563286,0.0004,0.0,4119.75,16
12,24,1.810054375611175,3.3539305213312507,-0.0045049859689017,32.18658171701456,0.0004,0.001,4130.875,16
12,24,1.810054375611175,3.3542663763976988,0.0002327844630112,32.11250136741959,0.0004,0.0,4141.953,16
12,24,1.810054375611175,3.3545313112575306,0.0014328934930782,32.02447908238898,0.0004,0.001,4153.141,16
12,24,1.810054375611175,3.354887352754734,-0.002585979866017,31.966213325431102,0.0006,0.0,4164.219,16
12,24,1.810054375611175,3.3552412093353845,-0.0013705628756908,31.90213304760689,0.0004,0.001,4175.235,16
12,24,1.810054375611175,3.349179944424385,0.0018267333265962,33.04992541332431,0.0004,0.0,4008.703,16
12,24,1.810054375611175,3.3497516431388608,-0.0013294541998693,32.96342908110701,0.0004,0.001,4019.813,16
12,24,1.810054375611175,3.35023245079192,-0.0029589392156992,32.88073315854364,0.0004,0.0,4030.86,16
12,24,1.810054375611175,3.350441784249217,-0.0006353210926384,32.78871564034403,0.0004,0.001,4041.953,16
12,24,1.810054375611175,3.3510158525838154,-0.0010701362258548,32.695199766808216,0.0004,0.0,4053.094,16
12,24,1.810054375611175,3.351653010453901,0.0003867354822132,32.64259238371434,0.0004,0.001,4064.172,16
12,24,1.810054375611175,3.3518828272677594,-0.0014151680269341,32.57885152225383,0.0004,0.0,4075.235,16
12,24,1.810054375611175,3.352274973658512,-0.002077897873975,32.48266091210011,0.0004,0.001,4086.422,16
12,24,1.810054375611175,3.344995634876541,0.0017097245260765,33.80936524823076,0.0004,0.0,3919.719,16
12,24,1.810054375611175,3.345740298966755,-0.0001130183168619,33.6932124712736,0.0004,0.001,3930.781,16
12,24,1.810054375611175,3.34611593710065,-0.0011551906505808,33.594213338112425,0.0004,0.0,3941.922,16
12,24,1.810054375611175,3.3468043365263647,-0.001348198066172,33.49743991285745,0.0004,0.001,3953.094,16
12,24,1.810054375611175,3.3472973161264057,-0.0024545990874679,33.39439227766794,0.0004,0.0,3964.235,16
12,24,1.810054375611175,3.347756408863781,-0.0020672845268076,33.32133917437324,0.0004,0.001,3975.328,16
12,24,1.810054375611175,3.348295658633081,-0.0032296247638504,33.23212101465713,0.0004,0.0,3986.438,16
12,24,1.810054375611175,3.348851300739664,-0.0008473332374655,33.14428586852191,0.0004,0.001,3997.5,16
12,24,1.810054375611175,3.364470809425761,-0.0016462130037575,30.114952828659103,0.0004,0.0,4541.625,16
12,24,1.810054375611175,3.364715789572056,-0.0019777764029948,30.08189929388345,0.0004,0.001,4552.735,16
12,24,1.810054375611175,3.3649321129213003,-0.0034069722548862,30.03788104872704,0.0004,0.0,4563.86,16
12,24,1.810054375611175,3.365022752038363,-0.0001980703151866,29.98809287615556,0.0004,0.001,4574.922,16
12,24,1.810054375611175,3.365394002845544,0.0009154518687575,29.95714733571763,0.0004,0.0,4586.063,16
12,24,1.810054375611175,3.3655822863774074,0.0005000246486407,29.91814446404029,0.0004,0.001,4597.156,16
12,24,1.810054375611175,3.3657913324627446,-0.0014029711068154,29.872664144589784,0.0004,0.0,4608.281,16
12,24,1.810054375611175,3.3658745447299703,-0.0013794346812393,29.844403155301148,0.0006,0.001,4619.391,16
12,24,1.810054375611175,3.3628501825718047,-0.0009012314353269,30.490639241225796,0.0004,0.0,4452.86,16
12,24,1.810054375611175,3.362806532673052,-0.0035726232018431,30.440036508498327,0.0004,0.001,4463.938,16
12,24,1.810054375611175,3.36296196806334,0.0008760312875427,30.387882942729515,0.0004,0.0,4475.047,16
12,24,1.810054375611175,3.363725445387176,-0.0037772530757389,30.33321555741381,0.0004,0.001,4486.219,16
12,24,1.810054375611175,3.36354548173454,-0.0016471649448305,30.281939600493544,0.0004,0.0,4497.266,16
12,24,1.810054375611175,3.363870318748779,-0.0021161875906268,30.23748798426254,0.0004,0.001,4508.406,16
12,24,1.810054375611175,3.364140370841133,-0.0019000589816012,30.204210615955745,0.0004,0.0,4519.469,16
12,24,1.810054375611175,3.3643383634966004,-0.0014387031793024,30.152213468866982,0.0004,0.001,4530.5,16
12,24,1.810054375611175,3.3605831215788564,-0.0022252358179057,30.87435040900316,0.0004,0.0,4364.047,16
12,24,1.810054375611175,3.360832020387785,-0.0015941650649355,30.815524591038432,0.0004,0.001,4375.078,16
12,24,1.810054375611175,3.3610312834984644,-0.0025327424699296,30.760885017560877,0.0004,0.0,4386.235,16
12,24,1.810054375611175,3.36143837423774,-0.0022715113681017,30.732330975173248,0.0004,0.001,4397.391,16
12,24,1.810054375611175,3.36169739591742,-0.0010793796718645,30.676011642991156,0.0004,0.0,4408.485,16
12,24,1.810054375611175,3.36186145015596,0.0003093721388249,30.646902518947847,0.0004,0.001,4419.641,16
12,24,1.810054375611175,3.3622257654683483,-0.0012316422889325,30.57386243838329,0.0004,0.0,4430.75,16
12,24,1.810054375611175,3.3624179099092237,-0.0008168974288813,30.51977874141936,0.0004,0.001,4441.797,16
12,24,1.810054375611175,3.3581599327469265,-0.0009477662915285,31.31214788812263,0.0004,0.0,4275.235,16
12,24,1.810054375611175,3.358665667956909,-0.0013211105137813,31.25723706066128,0.0004,0.001,4286.328,16
12,24,1.810054375611175,3.3588015694961526,-0.0004038387617085,31.19431564376952,0.0004,0.0,4297.406,16
12,24,1.810054375611175,3.359108585923958,0.0002081909860729,31.13733575921005,0.0004,0.001,4308.469,16
12,24,1.810054375611175,3.359378132594933,-0.0017522980293232,31.079445622558232,0.0006,0.0,4319.547,16
12,24,1.810054375611175,3.35966616970548,-0.0020709739845366,31.023257797386577,0.0004,0.001,4330.61,16
12,24,1.810054375611175,3.359927408131377,-0.0025014528445209,30.9757547701493,0.0004,0.0,4341.781,16
12,24,1.810054375611175,3.360310193804552,-0.0015896904185636,30.92660040889897,0.0004,0.001,4352.875,16
12,24,1.810054375611175,3.3704253603246097,-0.0029676816017284,29.061536924790417,0.0004,0.0,4897.438,16
12,24,1.810054375611175,3.370723707499811,-0.0048259812714549,29.016092937559584,0.0004,0.001,4908.531,16
12,24,1.810054375611175,3.370901844365761,-0.0017966133910124,29.016195196702505,0.0004,0.0,4919.641,16
12,24,1.810054375611175,3.3710623164026914,-0.0014304606622448,28.991819281484496,0.0004,0.001,4930.781,16
12,24,1.810054375611175,3.3711878657635315,-0.0016886366718716,28.960748184558845,0.0004,0.0,4941.86,16
12,24,1.810054375611175,3.371334805206265,-0.0007415953858583,28.93580093901078,0.0004,0.001,4952.953,16
12,24,1.810054375611175,3.3714548055922893,-0.0018638345075861,28.90267934206535,0.0004,0.0,4964.141,16
12,24,1.810054375611175,3.371728781014427,-0.0007845150496989,28.87460001128274,0.0004,0.001,4975.219,16
12,24,1.810054375611175,3.36924326707988,-0.000642694951959,29.28143951739557,0.0004,0.0,4808.531,16
12,24,1.810054375611175,3.369619534164414,-0.0012757352790988,29.248442772896112,0.0004,0.001,4819.641,16
12,24,1.810054375611175,3.369631921016418,0.0005180985258741,29.21421004327993,0.0004,0.0,4830.781,16
12,24,1.810054375611175,3.3697053898991607,-0.0004410299622445,29.19878499373973,0.0004,0.001,4841.86,16
12,24,1.810054375611175,3.36997016810544,-0.0019712284600326,29.15977166041235,0.0004,0.0,4853.0,16
12,24,1.810054375611175,3.3700708407272857,0.0010908692572113,29.132117410490192,0.0006,0.001,4864.125,16
12,24,1.810054375611175,3.3701506669414254,-0.0022340382109567,29.12120060199321,0.0004,0.0,4875.219,16
12,24,1.810054375611175,3.370444973422662,-0.0013612861354864,29.086061345664312,0.0004,0.001,4886.281,16
12,24,1.810054375611175,3.367791120229989,-0.0005611146038714,29.526185257790797,0.0004,0.0,4719.438,16
12,24,1.810054375611175,3.3680136284694884,0.0001081141392673,29.49442287384014,0.0004,0.001,4730.531,16
12,24,1.810054375611175,3.368094814666388,-0.0020503035773975,29.46672920429758,0.0004,0.0,4741.641,16
12,24,1.810054375611175,3.3683230044579022,-0.0024962258143175,29.442177668361825,0.0004,0.001,4752.75,16
12,24,1.810054375611175,3.3684977128410294,0.0008735996714929,29.39763600497396,0.0004,0.0,4763.922,16
12,24,1.810054375611175,3.36874776192478,-0.0016349430825554,29.351896146684425,0.0004,0.001,4775.094,16
12,24,1.810054375611175,3.3688706440097,-4.569695655568191e-05,29.324582714123288,0.0004,0.0,4786.219,16
12,24,1.810054375611175,3.368992565046633,-0.0009004193022543,29.30304804848649,0.0004,0.001,4797.375,16
12,24,1.810054375611175,3.3662732236412407,0.0009817182074088,29.80680116712491,0.0004,0.0,4630.547,16
12,24,1.810054375611175,3.3665281238585725,-0.001586613951249,29.77486334914699,0.0004,0.001,4641.656,16
12,24,1.810054375611175,3.366579269755785,-0.0024958246045055,29.726199502776588,0.0004,0.0,4652.703,16
12,24,1.810054375611175,3.3668224969947143,-0.0019307319969606,29.69206424315656,0.0004,0.001,4663.813,16
12,24,1.810054375611175,3.3670804078179173,-0.0005879619568996,29.65360347321585,0.0004,0.0,4675.031,16
12,24,1.810054375611175,3.367295082017689,-0.0019156369067468,29.62263147985157,0.0004,0.001,4686.141,16
12,24,1.810054375611175,3.3673370164835688,-0.0023897340062018,29.58398491100078,0.0004,0.0,4697.25,16
12,24,1.810054375611175,3.3675779740175797,-0.0003681955632539,29.556360623168423,0.0004,0.001,4708.391,16
12,24,1.810054375611175,3.3748964629113987,-0.0032748783377816,28.34380913866385,0.0004,0.0,5252.766,16
12,24,1.810054375611175,3.375066238068317,-0.0016386652463326,28.319574661195468,0.0004,0.001,5263.891,16
12,24,1.810054375611175,3.3751638052397825,-0.0003862861102429,28.31752854765801,0.0004,0.0,5275.0,16
12,24,1.810054375611175,3.375367274801521,-0.0053510876586548,28.295495606030084,0.0004,0.001,5286.156,16
12,24,1.810054375611175,3.3753100799151863,-0.0012412094597467,28.25702583070531,0.0004,0.0,5297.281,16
12,24,1.810054375611175,3.3756343330496583,-0.0011305436066783,28.24260513972026,0.0004,0.001,5308.406,16
12,24,1.810054375611175,3.375592450781947,-0.0022015371834655,28.234713143143946,0.0004,0.0,5319.547,16
12,24,1.810054375611175,3.3759486189004244,-0.0008521402228948,28.22522381033708,0.0004,0.001,5330.672,16
12,24,1.810054375611175,3.374080034501537,-0.002760592357042,28.492379992595826,0.0004,0.0,5164.016,16
12,24,1.810054375611175,3.374005478113378,-0.005359719491143,28.47074743508143,0.0004,0.001,5175.125,16
12,24,1.810054375611175,3.3743299672526987,-0.0007152166069967,28.43946689512662,0.0004,0.0,5186.203,16
12,24,1.810054375611175,3.374413214073116,-0.0022278496453008,28.42152870836474,0.0004,0.001,5197.297,16
12,24,1.810054375611175,3.3745096562532804,-0.0027572110443488,28.401873986030303,0.0004,0.0,5208.344,16
12,24,1.810054375611175,3.3746860315321907,0.0003170493513505,28.387575434997817,0.0004,0.001,5219.469,16
12,24,1.810054375611175,3.374786283924165,-0.0019601263585376,28.366455884104457,0.0004,0.0,5230.531,16
12,24,1.810054375611175,3.37488905125576,-0.0021294600344184,28.35839511155324,0.0004,0.001,5241.672,16
12,24,1.810054375611175,3.3729635922796146,-0.0004655559921052,28.67434001723687,0.0006,0.0,5075.297,16
12,24,1.810054375611175,3.373101538037072,-0.0013577422630646,28.63128975953807,0.0004,0.001,5086.375,16
12,24,1.810054375611175,3.3732959110817595,0.0020756496358022,28.613271861357767,0.0004,0.0,5097.453,16
12,24,1.810054375611175,3.373292715684796,-0.0030271539697252,28.582170655108417,0.0004,0.001,5108.547,16
12,24,1.810054375611175,3.3733079513553093,-0.0010027638736512,28.56167343756668,0.0004,0.0,5119.61,16
12,24,1.810054375611175,3.3737678366979176,-0.0018276514516808,28.542842910838,0.0004,0.001,5130.75,16
12,24,1.810054375611175,3.373797742195036,-0.0049859559812579,28.5229738269375,0.0004,0.0,5141.844,16
12,24,1.810054375611175,3.3740232244264194,-0.0025468410362287,28.49613645043669,0.0004,0.001,5152.938,16
12,24,1.810054375611175,3.3719186380034363,-0.0012366214879797,28.854344393342213,0.0004,0.0,4986.391,16
12,24,1.810054375611175,3.3720538754613663,0.000677997811917,28.82487536064047,0.0004,0.001,4997.578,16
12,24,1.810054375611175,3.3720199817934797,-0.0021844782091986,28.79941816601288,0.0004,0.0,5008.625,16
12,24,1.810054375611175,3.3720416036782224,-0.0040267534397809,28.779101571558623,0.0004,0.001,5019.735,16
12,24,1.810054375611175,3.3723607681586523,0.0005542818234488,28.760543569638397,0.0004,0.0,5030.797,16
12,24,1.810054375611175,3.3724217720907665,-0.0001862681039832,28.738347905150125,0.0004,0.001,5041.86,16
12,24,1.810054375611175,3.3723827356192864,-0.0029475267285636,28.71590325744236,0.0004,0.0,5053.031,16
12,24,1.810054375611175,3.372935551661621,-4.233483254306505e-05,28.70131052192378,0.0004,0.001,5064.235,16
12,24,1.810054375611175,3.3785891806413164,-0.0036615660059844,27.915179616272813,0.0004,0.0,5608.391,16
12,24,1.810054375611175,3.378661943632573,-0.0005989730031601,27.899268211779088,0.0006,0.001,5619.516,16
12,24,1.810054375611175,3.378459137794847,-0.0020420167117432,27.886860749320604,0.0004,0.0,5630.61,16
12,24,1.810054375611175,3.378606932897954,-0.0015844114843204,27.8735807914453,0.0004,0.001,5641.766,16
12,24,1.810054375611175,3.378607678576675,-0.0019001688549647,27.85173746014909,0.0004,0.0,5652.891,16
12,24,1.810054375611175,3.3787256871874063,-0.0013522925368626,27.850629621652327,0.0004,0.001,5664.016,16
12,24,1.810054375611175,3.3788694293602606,-0.0007474368097102,27.845231891922097,0.0004,0.0,5675.11,16
12,24,1.810054375611175,3.379116188429237,-0.0035907886196565,27.82650901823125,0.0004,0.001,5686.25,16
12,24,1.810054375611175,3.377753331269119,-0.0003445995327551,28.003177144325072,0.0004,0.0,5519.625,16
12,24,1.810054375611175,3.3778528820700924,-0.0030012508052573,27.99311013751936,0.0004,0.001,5530.703,16
12,24,1.810054375611175,3.377760911581311,-0.0038001178363508,27.97374092987743,0.0004,0.0,5541.781,16
12,24,1.810054375611175,3.377868083411841,-0.0032263700825366,27.95830404065302,0.0004,0.001,5552.828,16
12,24,1.810054375611175,3.378076938022059,-0.0028096373128419,27.94145077587285,0.0004,0.0,5563.938,16
12,24,1.810054375611175,3.3780401215005407,-0.0027140880799948,27.93631563225518,0.0004,0.001,5575.141,16
12,24,1.810054375611175,3.378385899559506,-0.0037226857805812,27.920863973251777,0.0004,0.0,5586.25,16
12,24,1.810054375611175,3.378235926591295,0.0009481695975086,27.90744831272778,0.0004,0.001,5597.328,16
12,24,1.810054375611175,3.376719794693911,-0.0033195295671325,28.095194010602764,0.0004,0.0,5430.641,16
12,24,1.810054375611175,3.376894246683701,-0.0002537887749593,28.069445438862605,0.0004,0.001,5441.75,16
12,24,1.810054375611175,3.3771344012154336,0.0005178933900115,28.06198846877356,0.0004,0.0,5452.875,16
12,24,1.810054375611175,3.3770882213395703,0.0013659843907153,28.05123839487249,0.0004,0.001,5464.031,16
12,24,1.810054375611175,3.3771680534964683,-0.0029289622095509,28.036526495695217,0.0004,0.0,5475.188,16
12,24,1.810054375611175,3.377400537494305,-0.0007699726659788,28.02562755335472,0.0004,0.001,5486.281,16
12,24,1.810054375611175,3.377657894864631,-0.0024953968456689,28.021047758940185,0.0004,0.0,5497.391,16
12,24,1.810054375611175,3.37743458108833,-0.0009604538172415,28.00429273790559,0.0004,0.001,5508.453,16
12,24,1.810054375611175,3.375902627063273,-0.0042230603057272,28.210164109746795,0.0004,0.0,5341.75,16
12,24,1.810054375611175,3.376060435758181,-0.0009916518369972,28.19380621599719,0.0004,0.001,5352.86,16
12,24,1.810054375611175,3.375987073991968,-0.0028787426971097,28.175116023558964,0.0004,0.0,5364.016,16
12,24,1.810054375611175,3.3761531161847422,-0.0004798585381854,28.16387011451551,0.0004,0.001,5375.094,16
12,24,1.810054375611175,3.376195693872493,-0.0011728393551114,28.14852306664833,0.0004,0.0,5386.203,16
12,24,1.810054375611175,3.3763427385262816,-0.0002158086604205,28.13037441948856,0.0004,0.001,5397.36,16
12,24,1.810054375611175,3.3765424948194185,-0.0009064417325889,28.115352078966826,0.0004,0.0,5408.485,16
12,24,1.810054375611175,3.3766891214057444,-0.0021058497295017,28.11558927003056,0.0004,0.001,5419.578,16
12,24,1.810054375611175,3.381430651085513,-0.0066321460366604,27.5992854546586,0.0004,0.0,5964.203,16
12,24,1.810054375611175,3.381196740354281,-0.0032056076018239,27.59163570716278,0.0004,0.001,5975.36,16
12,24,1.810054375611175,3.381290071104976,-0.0079006972560078,27.578552566820253,0.0004,0.0,5986.453,16
12,24,1.810054375611175,3.381513097612379,-0.0049794643676821,27.57711406544356,0.0004,0.001,5997.516,16
12,24,1.810054375611175,3.3816070945799352,-0.0021914486888362,27.575392287001225,0.0004,0.0,6008.625,16
12,24,1.810054375611175,3.381537941810236,0.0011508350287776,27.56409073066229,0.0004,0.001,6019.719,16
12,24,1.810054375611175,3.381646099157344,-0.0070685420549812,27.562198484257333,0.0004,0.0,6030.828,16
12,24,1.810054375611175,3.381739020576428,0.0002830661557785,27.5528207498532,0.0004,0.001,6041.922,16
12,24,1.810054375611175,3.380691688212316,-0.0021289821621377,27.649215412784294,0.0004,0.0,5875.266,16
12,24,1.810054375611175,3.380267528569036,-0.0002174257996184,27.65815899590229,0.0004,0.001,5886.453,16
12,24,1.810054375611175,3.3806437731713936,-0.0045879289128943,27.644489065573453,0.0004,0.0,5897.578,16
12,24,1.810054375611175,3.380729202787468,-0.0021663661897179,27.645995508033096,0.0004,0.001,5908.672,16
12,24,1.810054375611175,3.3807378447206515,-0.0001880654915985,27.63278326022929,0.0004,0.0,5919.813,16
12,24,1.810054375611175,3.3809449183536486,0.0014057078052249,27.622727942150547,0.0004,0.001,5930.891,16
12,24,1.810054375611175,3.3808892411778864,-0.0058709691209552,27.60184652288012,0.0004,0.0,5942.047,16
12,24,1.810054375611175,3.381025659650045,-0.001884834534022,27.60877524188546,0.0004,0.001,5953.11,16
12,24,1.810054375611175,3.3797058620367437,-0.002350706219495,27.74700936146171,0.0004,0.0,5786.203,16
12,24,1.810054375611175,3.3799528924937285,1.6912755403758653e-05,27.725833820876694,0.0004,0.001,5797.375,16
12,24,1.810054375611175,3.3801031547542304,-0.0028660092966523,27.71385266089864,0.0004,0.0,5808.5,16
12,24,1.810054375611175,3.3798662460500397,-0.0038391592436454,27.709636286360556,0.0006,0.001,5819.672,16
12,24,1.810054375611175,3.380229092056484,-0.0011238688912906,27.69661072316109,0.0004,0.0,5830.766,16
12,24,1.810054375611175,3.380120267562961,-0.0014378307757181,27.687796550118083,0.0004,0.001,5841.891,16
12,24,1.810054375611175,3.3804836176106066,-0.0032448368416764,27.666780399805614,0.0004,0.0,5852.985,16
12,24,1.810054375611175,3.380472643385369,-0.0037707318931156,27.67000057375736,0.0004,0.001,5864.094,16
12,24,1.810054375611175,3.3791584741864,2.1822248769868016e-05,27.813278356759767,0.0004,0.0,5697.375,16
12,24,1.810054375611175,3.3792378047118583,-0.0023520222729831,27.79708583547644,0.0004,0.001,5708.453,16
12,24,1.810054375611175,3.379456267467661,-0.0031548124988635,27.794552055934872,0.0004,0.0,5719.578,16
12,24,1.810054375611175,3.379505978161402,-0.0019846374478736,27.774096819853604,0.0004,0.001,5730.641,16
12,24,1.810054375611175,3.379306760166055,0.0006125487709101,27.77456452038502,0.0004,0.0,5741.703,16
12,24,1.810054375611175,3.379479639548531,-0.00030819533871,27.765148621806127,0.0004,0.001,5752.813,16
12,24,1.810054375611175,3.379653109300135,-0.0002901820923989,27.75920766655621,0.0004,0.0,5763.953,16
12,24,1.810054375611175,3.379752028176675,-0.0028335024958577,27.74585150078374,0.0004,0.001,5775.047,16
12,24,1.810054375611175,3.383401673040652,-0.0007699663362278,27.406615655165457,0.0004,0.0,6319.938,16
12,24,1.810054375611175,3.383360556616729,0.0036892395719512,27.39760983164861,0.0004,0.001,6331.031,16
12,24,1.810054375611175,3.3835841298065343,-0.0037383766043301,27.403271139255896,0.0004,0.0,6342.11,16
12,24,1.810054375611175,3.3836495821776187,-0.0011741062924998,27.39924467600669,0.0004,0.001,6353.188,16
12,24,1.810054375611175,3.383393015358853,-0.0026559445519789,27.38289978288897,0.0004,0.0,6364.281,16
12,24,1.810054375611175,3.383671699351273,0.0011868944846909,27.377865909008445,0.0004,0.001,6375.469,16
12,24,1.810054375611175,3.3839480856479787,-0.0001588566133079,27.381024826988977,0.0004,0.0,6386.563,16
12,24,1.810054375611175,3.383766027291497,-0.0021011494510485,27.367062010468505,0.0004,0.001,6397.672,16
12,24,1.810054375611175,3.382739231455083,0.0016740027623316,27.45296881545668,0.0004,0.0,6231.078,16
12,24,1.810054375611175,3.3829127680888686,0.0004724581907287,27.431735345696563,0.0004,0.001,6242.172,16
12,24,1.810054375611175,3.3829374583629908,-0.003521232679736,27.429734202233284,0.0004,0.0,6253.313,16
12,24,1.810054375611175,3.383323217417372,-0.0002594907548294,27.428154010626127,0.0004,0.001,6264.438,16
12,24,1.810054375611175,3.382942953680746,-0.0016177071357448,27.424238192542276,0.0004,0.0,6275.531,16
12,24,1.810054375611175,3.383097556729228,-0.0043189652763958,27.423880501817084,0.0004,0.001,6286.625,16
12,24,1.810054375611175,3.3832163453063173,-0.0033219196243368,27.425717914934683,0.0004,0.0,6297.75,16
12,24,1.810054375611175,3.383465242015227,-0.0005852192768849,27.421290759810788,0.0004,0.001,6308.797,16
12,24,1.810054375611175,3.3822070792528107,0.0015127974600847,27.49692652269043,0.0004,0.0,6142.125,16
12,24,1.810054375611175,3.855347247740272,-0.0022198604866475,36.30945842656904,0.0008,3.863,1035.094,16
12,24,1.810054375611175,3.241139524082248,-3.972222195103961,36.21292815833385,3.997,1.336,1045.781,16
12,24,1.810054375611175,3.8511153448815225,-0.0013144300141854,36.35016971894026,0.0008,3.859,1056.531,16
12,24,1.810054375611175,3.2371296996280146,-3.973155249515656,36.2593485073862,3.997,1.333,1067.203,16
12,24,1.810054375611175,3.882418610185307,-0.0032547613476085,36.08836903029922,0.0008,3.89,906.844,16
12,24,1.810054375611175,3.232912144757384,-3.973563505069564,36.311624971893465,3.997,1.329,1088.547,16
12,24,1.810054375611175,3.842404718634744,-0.0033672847570429,36.503711835423374,0.0008,3.85,1099.188,16
12,24,1.810054375611175,3.228652019301546,-3.972050158356614,36.40033272181175,3.997,1.324,1109.891,16
12,24,1.810054375611175,3.38401099148341,-0.0025312897011108,27.36494624178643,0.0004,0.001,6419.938,16
12,24,1.810054375611175,3.383889052706172,-0.0040867119314769,27.35146703020972,0.0004,0.0,6431.063,16
12,24,1.810054375611175,3.384141614353408,-0.004039350908368,27.35511997748374,0.0004,0.001,6442.203,16
12,24,1.810054375611175,3.405782863654661,-3.9727602291817847,32.00343197414136,3.997,1.493,298.125,16
12,24,1.810054375611175,4.102150878022325,-0.0012628624831338,29.83354759921756,0.0008,4.11,137.906,16
12,24,1.810054375611175,3.24913409921922,-3.9721107029908023,36.09787119328068,3.997,1.344,1003.031,16
12,24,1.810054375611175,3.859757226120167,0.0016258835064779,36.25905570874766,0.0008,3.868,1013.735,16
12,24,1.810054375611175,3.2450074218994693,-3.9741887873754544,36.14645587796581,3.997,1.341,1024.422,16
12,24,1.810054375611175,3.38252901216496,-0.0023901976137536,27.481888753758508,0.0004,0.0,6164.391,16
12,24,1.810054375611175,3.3824726512956684,-0.0017690939321256,27.474698169445745,0.0004,0.001,6175.438,16
12,24,1.810054375611175,3.3827632238511343,0.0005515043696112,27.47351332696914,0.0004,0.0,6186.563,16
12,24,1.810054375611175,3.382654411072303,-0.0022485809798128,27.469319682873994,0.0004,0.001,6197.719,16
12,24,1.810054375611175,3.382490357329884,-0.004005330460107,27.45334765073324,0.0004,0.0,6208.828,16
12,24,1.810054375611175,3.3840917249077127,-0.0006655380582202,27.366469556930387,0.0004,0.0,6408.781,16
12,24,1.810054375611175,3.3826323318823537,-0.0019214933968978,27.447713399242915,0.0004,0.001,6219.969,16
12,24,1.810054375611175,3.381726890657363,-0.0054338776175691,27.552288120338343,0.0004,0.0,6053.047,16
12,24,1.810054375611175,3.3818933417525567,-0.0044134098960729,27.539042637661787,0.0004,0.001,6064.297,16
12,24,1.810054375611175,3.381838540932438,-0.0035397244271225,27.53407246291804,0.0004,0.0,6075.406,16
12,24,1.810054375611175,3.381910291447916,-0.0015655046937538,27.52690069937924,0.0006,0.001,6086.516,16
12,24,1.810054375611175,3.382008217482828,-0.0052853681426374,27.50583236881743,0.0004,0.0,6097.594,16
12,24,1.810054375611175,3.3821585159492686,-0.0006337605069522,27.503190101548185,0.0004,0.001,6108.766,16
12,24,1.810054375611175,3.3820724568760894,-0.0066335986671052,27.506197816479148,0.0004,0.0,6119.906,16
12,24,1.810054375611175,3.382300339925275,-0.0009053247097237,27.493188696332734,0.0004,0.001,6131.047,16
12,24,1.810054375611175,3.382354620288226,-0.0034874472627927,27.482172169347024,0.0004,0.001,6153.25,16
12,24,1.810054375611175,3.2665171905504966,-3.974346425173473,35.94468701274716,3.997,1.361,917.531,16
12,24,1.810054375611175,3.8779246606439495,-0.0022687857141883,36.08970842852074,0.0008,3.885,928.203,16
12,24,1.810054375611175,3.2617515895132763,-3.973257186577548,35.95832110114186,3.997,1.355,939.016,16
12,24,1.810054375611175,3.873089484001044,-0.0009519599401702,36.112515829059625,0.0008,3.88,949.641,16
12,24,1.810054375611175,3.257530796313423,-3.975157449133163,35.98128458781544,3.997,1.353,960.344,16
12,24,1.810054375611175,3.8686395749341567,-0.0018942843105613,36.153960179433575,0.0008,3.876,970.985,16
12,24,1.810054375611175,3.2534856759340154,-3.97098048141992,36.041405260005874,3.997,1.349,981.672,16
12,24,1.810054375611175,3.901073053435791,-0.001587494410057,35.96079918716506,0.0008,3.908,821.266,16
12,24,1.810054375611175,3.286098185551739,-3.974230083148491,35.83085041062504,3.997,1.38,831.906,16
12,24,1.810054375611175,3.8963433024392247,-0.0013033554932592,35.998267475988825,0.0008,3.904,842.594,16
12,24,1.810054375611175,3.2815977997205588,-3.972738412735697,35.86659496593963,3.997,1.375,853.25,16
12,24,1.810054375611175,3.89203176613022,-0.0025175485754614,36.03360684804829,0.0008,3.899,863.953,16
12,24,1.810054375611175,3.276727424803883,-3.972138745899102,35.91581689554201,3.997,1.371,874.75,16
12,24,1.810054375611175,3.887101974093484,-0.0005730802898988,36.058100594641004,0.0008,3.894,885.422,16
12,24,1.810054375611175,3.272114087817223,-3.973165290467705,35.92586842854499,3.997,1.367,896.172,16
12,24,1.810054375611175,3.78192134788799,-0.002416953955716,37.54822191330096,0.0008,3.79,1419.36,16
12,24,1.810054375611175,3.172830180352164,-3.972746810071575,37.405583770775664,3.997,1.27,1430.0,16
12,24,1.810054375611175,3.7783959799792615,-0.001183698365516,37.576979914712766,0.0008,3.786,1440.688,16
12,24,1.810054375611175,3.169845648987918,-3.972857604767523,37.46497978886975,3.997,1.267,1451.344,16
12,24,1.810054375611175,3.7746560714146873,-0.0003957883335083,37.65063002130027,0.0008,3.782,1462.016,16
12,24,1.810054375611175,3.166425152452688,-3.972822228012034,37.52740264897765,3.997,1.264,1472.688,16
12,24,1.810054375611175,3.771305052590496,-0.0002844195642855,37.706677959295845,0.0008,3.779,1483.422,16
12,24,1.810054375611175,3.163314952462445,-3.973370993360697,37.59133898823816,3.997,1.26,1494.078,16
12,24,1.810054375611175,3.7972306281043298,0.0030914520076701,37.27159326423335,0.0008,3.805,1334.125,16
12,24,1.810054375611175,3.187657236858783,-3.9743985848324495,37.14326989327284,3.997,1.286,1344.781,16
12,24,1.810054375611175,3.793329469067956,-0.0026884241006709,37.33528419694822,0.0008,3.8,1355.453,16
12,24,1.810054375611175,3.1839175258275825,-3.9722206938495632,37.21215676492345,3.997,1.28,1366.141,16
12,24,1.810054375611175,3.789170744438868,-0.0009198313712012,37.38826770863782,0.0008,3.797,1376.75,16
12,24,1.810054375611175,3.180038169841377,-3.971160986594533,37.303102556932025,3.997,1.277,1387.406,16
12,24,1.810054375611175,3.7856170832336025,-0.0031483412478356,37.49430066577593,0.0008,3.794,1398.031,16
12,24,1.810054375611175,3.176336837774928,-3.9724753447239225,37.372717279576406,3.997,1.273,1408.703,16
12,24,1.810054375611175,3.813020772801994,-0.0021650181354339,36.99046578874442,0.0008,3.821,1248.61,16
12,24,1.810054375611175,4.001325296903956,-0.0033051039571454,33.76149847240614,0.0008,4.007,458.141,16
12,24,1.810054375611175,3.3695852271265405,-3.973993641178075,33.74986769625342,3.997,1.46,468.891,16
12,24,1.810054375611175,4.041199872872495,-0.0014017899338723,32.275991376407205,0.0008,4.048,308.735,16
12,24,1.810054375611175,4.018218726001995,-0.0013985757254903,33.1420797500828,0.0008,4.025,394.141,16
12,24,1.810054375611175,3.322911258857438,-3.973504563903668,35.34932848662476,3.997,1.415,661.281,16
12,24,1.810054375611175,3.936499613306125,-0.000748544956445,35.56244936673339,0.0008,3.944,671.906,16
12,24,1.810054375611175,3.318037448136676,-3.9738333474077367,35.476188876540334,3.997,1.411,682.578,16
12,24,1.810054375611175,3.930645288848837,-6.023677751771823e-05,35.68544873794574,0.0006,3.938,693.235,16
12,24,1.810054375611175,3.313237444534821,-3.975025512569428,35.57362179884546,3.997,1.406,703.86,16
12,24,1.810054375611175,3.925308443241103,-0.0017883944990736,35.77504867531524,0.0006,3.933,714.5,16
12,24,1.810054375611175,4.2023598960429815,-0.0012318429341149,26.318007051932856,0.0004,0.0,0.0,16
12,24,1.810054375611175,4.202153652341258,-0.0016056138995975,26.32654795819185,0.0004,4.218,9.344,16
12,24,1.810054375611175,3.543950391636197,-3.973906246250449,26.593134303623398,3.997,1.595,20.25,16
12,24,1.810054375611175,4.169682161950303,-0.0002443021899465,27.26108959319339,0.0008,4.181,30.922,16
12,24,1.810054375611175,3.5140833788876407,-3.973563590927982,27.54581849265853,3.997,1.585,41.641,16
12,24,1.810054375611175,3.493006945969618,-3.97420997942254,28.2238325617424,3.997,1.569,63.063,16
12,24,1.810054375611175,4.150231486264685,2.4758404006490045e-05,28.06122330172112,0.0008,4.161,52.328,16
13,24,1.8191618703574552,3.338972098944063,-0.0008532253199527,27.922816112838607,0.0004,0.0,6059.094,15
13,24,1.8191618703574552,3.3374845418950025,-0.0005794511875363,28.049084673060364,0.0004,0.001,5891.797,15
13,24,1.8191618703574552,4.173006610257713,-0.0013909022368909,27.62226859536405,0.0008,4.184,31.0,15
13,24,1.8191618703574552,3.367588907695121,-3.972736452481533,34.656242930730336,3.997,1.451,556.657,15
13,24,1.8191618703574552,4.153174088866518,-0.0002309346686512,28.40211621633196,0.0006,4.163,52.516,15
13,24,1.8191618703574552,3.511065364315974,-3.974658458049088,28.57391688693682,3.997,1.569,63.344,15
13,24,1.8191618703574552,4.13776974671354,0.0025204573633482,28.973652447381525,0.0008,4.147,74.063,15
13,24,1.8191618703574552,3.4958948359323707,-3.9729236845949454,29.068978717588084,3.997,1.557,84.813,15
13,24,1.8191618703574552,4.125219231756109,-0.0028654892536122,29.410567299022627,0.0008,4.134,95.516,15
13,24,1.8191618703574552,3.483543904668274,-3.97313349129613,29.45960103379198,3.997,1.544,106.282,15
13,24,1.8191618703574552,3.95022647486245,-0.0011012392339335,35.39526782209113,0.0006,3.957,631.907,15
13,24,1.8191618703574552,3.3882369428199413,-3.9730591998750846,33.928066164094155,3.997,1.469,470.938,15
13,24,1.8191618703574552,4.206482819011052,-0.0004641572808172,26.721485029988013,0.0004,0.0,0.0,15
13,24,1.8191618703574552,4.206738745019596,-0.0015260566387606,26.72511375872705,0.0004,4.223,9.313000000000002,15
13,24,1.8191618703574552,3.56101550387687,-3.9737462148813,26.978195730555665,3.997,1.593,20.266,15
13,24,1.8191618703574552,3.9776293234647166,-0.0016622383045903,34.74656534982293,0.0008,3.984,545.969,15
13,24,1.8191618703574552,3.406807461111977,-3.972561275985712,33.105595685738066,3.997,1.485,385.063,15
13,24,1.8191618703574552,3.971167405903532,-0.0006213830925117,34.91670875784114,0.0008,3.978,567.407,15
13,24,1.8191618703574552,3.36192670787132,-3.971832080385125,34.83642482793018,3.997,1.446,578.157,15
13,24,1.8191618703574552,3.964231123708888,-0.0022820738979863,35.09333747830978,0.0008,3.97,588.907,15
13,24,1.8191618703574552,3.356053786090068,-3.9716342987560256,34.99935005728236,3.997,1.441,599.735,15
13,24,1.8191618703574552,3.9571079698054623,-0.0016337012128674,35.23183351601558,0.0008,3.964,610.438,15
13,24,1.8191618703574552,3.35020205808851,-3.972967319462695,35.172179447085334,3.997,1.435,621.219,15
13,24,1.8191618703574552,3.996703853929989,0.000636218202557,34.19366108362606,0.0008,4.003,481.672,15
13,24,1.8191618703574552,3.3830743586626464,-3.975120010973464,34.120657744709085,3.997,1.464,492.407,15
13,24,1.8191618703574552,3.99057108376667,-0.0014126800766948,34.36937398186017,0.0008,3.997,503.094,15
13,24,1.8191618703574552,3.377812339720638,-3.972526257378568,34.32645559287834,3.997,1.459,513.813,15
13,24,1.8191618703574552,3.984168654189697,0.0017866351359548,34.54896697430735,0.0008,3.991,524.532,15
13,24,1.8191618703574552,3.3728926987958614,-3.972091273697746,34.502992042406255,3.997,1.455,535.25,15
13,24,1.8191618703574552,4.0252370831573545,0.0002260223633918,33.1566557475158,0.0008,4.032,374.329,15
13,24,1.8191618703574552,3.287162283389361,-3.974581237575303,36.005716280334966,3.997,1.375,900.422,15
13,24,1.8191618703574552,4.019633373530361,-0.0012876945406173,33.337225174852634,0.0008,4.026,395.766,15
13,24,1.8191618703574552,3.4020619830032763,-3.973555070804324,33.33558342126562,3.997,1.481,406.485,15
13,24,1.8191618703574552,4.01409645922599,9.506277623208232e-05,33.56542548468994,0.0008,4.021,417.282,15
13,24,1.8191618703574552,3.397788289113268,-3.9754474990866537,33.5323003636702,3.997,1.477,428.016,15
13,24,1.8191618703574552,4.008611708665842,5.554987976805994e-05,33.76456630638307,0.0008,4.015,438.797,15
13,24,1.8191618703574552,3.393089596967594,-3.975468402427581,33.739168034252515,3.997,1.473,449.516,15
13,24,1.8191618703574552,3.8689952713371127,0.0010236141895217,36.18367711178888,0.0008,3.877,975.579,15
13,24,1.8191618703574552,3.3054118854743217,-3.973895710706077,35.877590819352434,3.997,1.393,814.641,15
13,24,1.8191618703574552,4.043302726907607,0.0002084075203069,32.42073493936274,0.0008,4.05,309.922,15
13,24,1.8191618703574552,3.4205281046223432,-3.974282467100327,32.37610702571611,3.997,1.498,320.61,15
13,24,1.8191618703574552,4.036914817303315,0.0006335573467499,32.55791818165393,0.0006,4.043,331.282,15
13,24,1.8191618703574552,3.415537636411604,-3.973504524909132,32.62892469399872,3.997,1.493,342.016,15
13,24,1.8191618703574552,4.030949659070627,0.0019806739630593,32.918306222121025,0.0008,4.038,352.813,15
13,24,1.8191618703574552,3.4113245945421906,-3.975085489125313,32.89425444516291,3.997,1.489,363.547,15
13,24,1.8191618703574552,3.8874123672820606,-0.0003831893926031,36.11828302971786,0.0008,3.894,889.61,15
13,24,1.8191618703574552,3.324028638520577,-3.9744189417189992,35.73643902259011,3.997,1.409,728.657,15
13,24,1.8191618703574552,3.882698071091576,-0.0008966414311699,36.15691694740664,0.0008,3.89,911.094,15
13,24,1.8191618703574552,3.282584968085664,-3.973330180447831,35.97729949310235,3.997,1.371,921.907,15
13,24,1.8191618703574552,3.878122259975796,-0.0009492033630982,36.13823364579014,0.0008,3.885,932.625,15
13,24,1.8191618703574552,3.2781975619280144,-3.972949328224633,36.01359979147338,3.997,1.368,943.407,15
13,24,1.8191618703574552,3.873698332795353,-0.0010131262194593,36.16067699835729,0.0008,3.881,954.11,15
13,24,1.8191618703574552,3.27373650897059,-3.97333894734775,36.02964405091429,3.997,1.363,964.891,15
13,24,1.8191618703574552,4.114483413761291,-0.0004427305208698,29.781228685637952,0.0008,4.123,117.032,15
13,24,1.8191618703574552,3.9015130568467984,-0.0029173706393961,36.03094419481268,0.0008,3.909,825.36,15
13,24,1.8191618703574552,3.3012381006352536,-3.971975087460948,35.88853965813902,3.997,1.389,836.032,15
13,24,1.8191618703574552,3.896959686091309,-0.0026803793816689,36.07097392813152,0.0008,3.904,846.782,15
13,24,1.8191618703574552,3.2966824332195,-3.972601433585753,35.93805858519904,3.997,1.385,857.485,15
13,24,1.8191618703574552,3.892137622483984,-0.0008524940025661,36.07507726059922,0.0008,3.9,868.188,15
13,24,1.8191618703574552,3.292169151548269,-3.972368847525845,35.936806661438425,3.997,1.381,878.922,15
13,24,1.8191618703574552,3.925832152928696,-0.0019223009056592,35.81868302150236,0.0006,3.933,717.891,15
13,24,1.8191618703574552,3.220069099830022,-3.973767459783112,36.84538449294487,3.997,1.312,1243.782,15
13,24,1.8191618703574552,3.92093269289003,-0.0023080221693378,35.90547758413238,0.0008,3.928,739.438,15
13,24,1.8191618703574552,3.319394654062597,-3.9729618525667503,35.77989984376969,3.997,1.405,750.188,15
13,24,1.8191618703574552,3.916245914301004,-0.001966474592227,35.97899475942974,0.0008,3.923,760.969,15
13,24,1.8191618703574552,3.314867411169426,-3.971927755459885,35.83941073435521,3.997,1.401,771.704,15
13,24,1.8191618703574552,3.911208567357208,-0.001151471348355,35.97194410239153,0.0008,3.919,782.454,15
13,24,1.8191618703574552,3.310047648200618,-3.9720620741355583,35.8910838808506,3.997,1.397,793.188,15
13,24,1.8191618703574552,3.8008969447095726,-0.0010684175704224,37.24601894766055,0.0008,3.808,1318.907,15
13,24,1.8191618703574552,3.235785986240359,-3.9742161302467465,36.57146186437838,3.997,1.326,1157.954,15
13,24,1.8191618703574552,3.94341351336046,-0.002391997871946,35.57496527037395,0.0008,3.95,653.422,15
13,24,1.8191618703574552,3.339483468129297,-3.972271836580018,35.4647177674155,3.997,1.425,664.204,15
13,24,1.8191618703574552,3.937313659460101,-0.0014786789954314,35.66846618715677,0.0008,3.944,674.922,15
13,24,1.8191618703574552,3.3342929663339427,-3.9741241906176175,35.598583274419404,3.997,1.421,685.735,15
13,24,1.8191618703574552,3.931394350970327,-0.0018461990410332,35.792105754433614,0.0008,3.938,696.516,15
13,24,1.8191618703574552,3.3295090957887936,-3.9736377092933632,35.65086646680628,3.997,1.416,707.204,15
13,24,1.8191618703574552,3.817280334158811,-0.0019710144425687,36.943440501726975,0.0008,3.824,1233.063,15
13,24,1.8191618703574552,3.252854584255573,-3.973731009070503,36.28180624169818,3.997,1.343,1072.016,15
13,24,1.8191618703574552,3.8129941438977686,-0.0010791760061793,37.00381102249375,0.0008,3.82,1254.454,15
13,24,1.8191618703574552,3.215782532599313,-3.974776512501687,36.9143567399938,3.997,1.306,1265.235,15
13,24,1.8191618703574552,3.808946105791674,-0.0012877675592678,37.09720932182262,0.0008,3.817,1275.969,15
13,24,1.8191618703574552,3.211916688307056,-3.9738671756803545,36.9902432317501,3.997,1.304,1286.735,15
13,24,1.8191618703574552,3.804816217934593,-0.0031304300840936,37.16455603771883,0.0008,3.812,1297.438,15
13,24,1.8191618703574552,3.208139378092464,-3.973988106236586,37.0735147020356,3.997,1.299,1308.204,15
13,24,1.8191618703574552,4.002869640638498,-0.0014930297593213,33.94411263103342,0.0006,4.009,460.235,15
13,24,1.8191618703574552,3.425050676039824,-3.975048912490032,32.19846316248812,3.997,1.502,299.204,15
13,24,1.8191618703574552,3.829526950449494,-0.0017622038722333,36.73375544875694,0.0008,3.838,1168.672,15
13,24,1.8191618703574552,3.231694881986624,-3.975063193692368,36.62723060779526,3.997,1.322,1179.391,15
13,24,1.8191618703574552,3.825219348534026,-0.000245252000819,36.802169399538,0.0008,3.834,1190.11,15
13,24,1.8191618703574552,3.2277753310687065,-3.97371940532508,36.701550633504176,3.997,1.319,1200.844,15
13,24,1.8191618703574552,3.8212922416056703,-0.0019179722053378,36.8658866524997,0.0008,3.829,1211.547,15
13,24,1.8191618703574552,3.223678175142467,-3.974646621280768,36.7715346515748,3.997,1.316,1222.282,15
13,24,1.8191618703574552,3.8519102331307113,-0.0014217796339816,36.386829714746455,0.0008,3.859,1061.313,15
13,24,1.8191618703574552,3.1622923379561847,-3.976485689239373,37.8468923922073,3.997,1.256,1587.157,15
13,24,1.8191618703574552,3.84709352148086,-0.0008036344366874,36.44847149378389,0.0008,3.854,1082.719,15
13,24,1.8191618703574552,3.2486570045758523,-3.973886779609994,36.34067758268355,3.997,1.339,1093.438,15
13,24,1.8191618703574552,3.842442030868434,0.0046044175827419,36.50508663377257,0.0008,3.85,1104.188,15
13,24,1.8191618703574552,3.244071944871042,-3.9745033917761705,36.39359362596227,3.997,1.334,1115.0,15
13,24,1.8191618703574552,3.838091394785424,-0.0016872525723492,36.59383582018761,0.0008,3.846,1125.641,15
13,24,1.8191618703574552,3.2397033571298945,-3.975000054473871,36.49681705991592,3.997,1.33,1136.438,15
13,24,1.8191618703574552,3.743232280377847,-0.0017125528293646,38.19705671571798,0.0006,3.751,1662.172,15
13,24,1.8191618703574552,3.1759492965493763,-3.973529799931101,37.64093985818116,3.997,1.269,1501.485,15
13,24,1.8191618703574552,3.8645700523485327,0.0045340143791656,36.25094633674306,0.0008,3.872,996.985,15
13,24,1.8191618703574552,3.265244083591647,-3.97446025870685,36.12372989820632,3.997,1.355,1007.688,15
13,24,1.8191618703574552,3.860244971261356,-0.0009788568093356,36.29298866625884,0.0006,3.868,1018.454,15
13,24,1.8191618703574552,3.2612724778461293,-3.973829712991667,36.18516321860667,3.997,1.351,1029.141,15
13,24,1.8191618703574552,3.855848443771966,-0.0009512054181846,36.338011523813016,0.0008,3.864,1039.844,15
13,24,1.8191618703574552,3.2569329311199726,-3.973224264884133,36.227944299346575,3.997,1.347,1050.547,15
13,24,1.8191618703574552,3.756342523726669,-0.0024118226626858,37.97528281320023,0.0008,3.764,1576.438,15
13,24,1.8191618703574552,3.1897881362690645,-3.972873289194205,37.3772779982156,3.997,1.282,1415.547,15
13,24,1.8191618703574552,3.753216977242408,0.0001059567980155,38.04969366861879,0.0008,3.761,1597.875,15
13,24,1.8191618703574552,3.159178541046167,-3.974246764922647,37.92839395107736,3.997,1.252,1608.594,15
13,24,1.8191618703574552,3.750057666170166,-0.001714274546113,38.0791629352996,0.0008,3.758,1619.344,15
13,24,1.8191618703574552,3.155534014379468,-3.971762432167196,37.98920231351725,3.997,1.248,1630.094,15
13,24,1.8191618703574552,3.746378811513964,-0.0008068189244795,38.13621018797308,0.0008,3.754,1640.797,15
13,24,1.8191618703574552,3.1524050510564003,-3.9746757755846094,38.02013652923832,3.997,1.246,1651.469,15
13,24,1.8191618703574552,3.906026367835315,-0.0038692537825044,36.04565601982832,0.0008,3.914,803.922,15
13,24,1.8191618703574552,3.344773805534158,-3.9744486918961774,35.33814064138655,3.997,1.43,642.719,15
13,24,1.8191618703574552,3.767043297247764,-0.0014746272379486,37.82270342736015,0.0008,3.774,1512.188,15
13,24,1.8191618703574552,3.172622579075024,-3.9735124234835975,37.70797701934576,3.997,1.265,1522.875,15
13,24,1.8191618703574552,3.763657755398497,-0.0019672876704557,37.86201845775464,0.0008,3.771,1533.579,15
13,24,1.8191618703574552,3.169099041055383,-3.9731421623612566,37.754039913786926,3.997,1.262,1544.297,15
13,24,1.8191618703574552,3.759985654387455,-0.0009683171510084,37.92738662572069,0.0008,3.768,1554.985,15
13,24,1.8191618703574552,3.165646732030024,-3.974166218111827,37.80518397008959,3.997,1.259,1565.766,15
13,24,1.8191618703574552,3.785380131454661,-0.00068564971425,37.48866127406295,0.0008,3.793,1404.829,15
13,24,1.8191618703574552,3.114146665172429,-3.973506867917088,38.61948257631173,3.997,1.208,1930.485,15
13,24,1.8191618703574552,3.781828248036057,-0.0007559107620304,37.57082627935591,0.0008,3.79,1426.25,15
13,24,1.8191618703574552,3.1864309234903643,-3.97336096784435,37.4544279024442,3.997,1.279,1436.969,15
13,24,1.8191618703574552,3.778140950462912,-0.000437757978648,37.62612400949676,0.0006,3.786,1447.672,15
13,24,1.8191618703574552,3.1826453690143004,-3.972833119722327,37.50824732492476,3.997,1.275,1458.516,15
13,24,1.8191618703574552,3.774304177999929,-0.0006289114311011,37.68182919536622,0.0008,3.782,1469.297,15
13,24,1.8191618703574552,3.179611226507578,-3.974601759037765,37.570049710730686,3.997,1.272,1479.969,15
13,24,1.8191618703574552,3.6984539388654456,-0.0023895143637847,38.90148270332803,0.0008,3.706,2005.547,15
13,24,1.8191618703574552,3.1261072804319605,-3.972658840654239,38.43467577060186,3.997,1.219,1844.485,15
13,24,1.8191618703574552,3.796869591500775,-0.002047307495811,37.30218917409729,0.0008,3.805,1340.422,15
13,24,1.8191618703574552,3.2009191747197594,-3.9750326177648216,37.18875240531272,3.997,1.294,1351.125,15
13,24,1.8191618703574552,3.793088210403422,-0.0015750628919642,37.366278851037016,0.0008,3.801,1361.891,15
13,24,1.8191618703574552,3.196927097234497,-3.974443962931994,37.260095716845385,3.997,1.29,1372.688,15
13,24,1.8191618703574552,3.7891867387425626,-0.0016986939862837,37.44093628904046,0.0006,3.796,1383.422,15
13,24,1.8191618703574552,3.193473767326586,-3.972953958136136,37.34593820781964,3.997,1.285,1394.125,15
13,24,1.8191618703574552,3.708355039585751,0.0004785189133206,38.721366449331946,0.0008,3.716,1919.735,15
13,24,1.8191618703574552,3.1373856576727324,-3.9737484457669527,38.26800187980899,3.997,1.232,1758.594,15
13,24,1.8191618703574552,3.705614061000189,-0.0011715505133968,38.76391845967412,0.0008,3.713,1941.188,15
13,24,1.8191618703574552,3.1111563394612896,-3.9755818848952535,38.64269091844736,3.997,1.206,1951.922,15
13,24,1.8191618703574552,3.703054695937685,-0.0002177221266041,38.81343771925395,0.0008,3.71,1962.672,15
13,24,1.8191618703574552,3.108336273472365,-3.974818233506533,38.69472419303407,3.997,1.204,1973.375,15
13,24,1.8191618703574552,3.700685086303975,0.0007456350041105,38.85665155567044,0.0008,3.709,1984.063,15
13,24,1.8191618703574552,3.105284267484309,-3.9724048723894985,38.72944713503005,3.997,1.198,1994.875,15
13,24,1.8191618703574552,3.833675502756092,-0.0010902798278563,36.66430064355171,0.0008,3.841,1147.172,15
13,24,1.8191618703574552,3.2695416882623483,-3.974473148662087,36.07283134760217,3.997,1.359,986.297,15
13,24,1.8191618703574552,3.716421926806931,-0.0029473106881242,38.59582837751289,0.0008,3.724,1855.188,15
13,24,1.8191618703574552,3.1232762251713297,-3.9737824615679815,38.48698151918602,3.997,1.217,1865.907,15
13,24,1.8191618703574552,3.7137088451028974,0.0005297668961355,38.649247416725714,0.0008,3.721,1876.766,15
13,24,1.8191618703574552,3.12046184893232,-3.974489813144137,38.52191070619212,3.997,1.215,1887.485,15
13,24,1.8191618703574552,3.710842465921248,0.0031389266100549,38.69131395834928,0.0008,3.719,1898.282,15
13,24,1.8191618703574552,3.117219929219873,-3.974241630463466,38.56201898924424,3.997,1.211,1909.032,15
13,24,1.8191618703574552,3.730752384705383,-0.0013364489215568,38.38629088932672,0.0006,3.738,1747.907,15
13,24,1.8191618703574552,3.07390765547136,-3.973263129052552,39.3131283272911,3.997,1.169,2274.079,15
13,24,1.8191618703574552,3.7279453648492855,-0.0016201053509952,38.43264114242573,0.0008,3.736,1769.297,15
13,24,1.8191618703574552,3.134490428804966,-3.974848275184443,38.31398982649863,3.997,1.226,1780.016,15
13,24,1.8191618703574552,3.72522657383082,0.0005785543091062,38.49132767572242,0.0006,3.732,1790.766,15
13,24,1.8191618703574552,3.131681322744759,-3.971960646923735,38.36095156831766,3.997,1.224,1801.547,15
13,24,1.8191618703574552,3.721924323471296,-0.0025258312810265,38.50793025485986,0.0008,3.729,1812.282,15
13,24,1.8191618703574552,3.128837631019591,-3.9746333935359353,38.40511950360319,3.997,1.222,1822.985,15
13,24,1.8191618703574552,3.667388631425652,0.0005526302054533,39.63073098004771,0.0008,3.674,2349.282,15
13,24,1.8191618703574552,3.0826842249042574,-3.973090223836528,39.14086360502344,3.997,1.177,2188.016,15
13,24,1.8191618703574552,3.740558128019716,-0.0022500032757141,38.24530520316816,0.0008,3.748,1683.625,15
13,24,1.8191618703574552,3.1459722681745124,-3.975205225924769,38.12017148724129,3.997,1.239,1694.36,15
13,24,1.8191618703574552,3.737054034562038,-0.0008119156130246,38.285678250595126,0.0008,3.744,1705.047,15
13,24,1.8191618703574552,3.142672524960913,-3.974599173660662,38.17148915806058,3.997,1.236,1715.782,15
13,24,1.8191618703574552,3.733901766698667,-0.0014255879341821,38.33341807726973,0.0008,3.741,1726.485,15
13,24,1.8191618703574552,3.139870999655539,-3.973658990533431,38.2067110734264,3.997,1.232,1737.219,15
13,24,1.8191618703574552,3.6745924316225,-0.0029915916939854,39.44391669251283,0.0006,3.682,2263.36,15
13,24,1.8191618703574552,3.091880582063984,-3.97342212546804,38.96763749207302,3.997,1.186,2102.047,15
13,24,1.8191618703574552,3.67260772833192,-0.0015539332627603,39.472700944509896,0.0008,3.68,2284.766,15
13,24,1.8191618703574552,3.071403604268928,-3.972966338859915,39.35821761168331,3.997,1.166,2295.516,15
13,24,1.8191618703574552,3.67081963728642,-0.0108131531278521,39.53342031268489,0.0008,3.678,2306.266,15
13,24,1.8191618703574552,3.0694801758134003,-3.9731743697764257,39.42244945681079,3.997,1.164,2317.063,15
13,24,1.8191618703574552,3.669344613506492,-0.0029635178369553,39.5799554934656,0.0008,3.677,2327.891,15
13,24,1.8191618703574552,3.067551242403587,-3.9739238278866886,39.454419578372914,3.997,1.163,2338.625,15
13,24,1.8191618703574552,3.7707614504144846,-0.0007157378577224,37.74565820759285,0.0008,3.779,1490.688,15
13,24,1.8191618703574552,3.204356026845463,-3.975591818997583,37.1340073115385,3.997,1.297,1329.704,15
13,24,1.8191618703574552,3.679809262575812,-0.0005798635565232,39.32128154186324,0.0008,3.687,2198.75,15
13,24,1.8191618703574552,3.080619001746829,-3.974753899329095,39.16737802132663,3.997,1.175,2209.469,15
13,24,1.8191618703574552,3.6781757444689775,-0.0004934744673913,39.33734718070055,0.0008,3.686,2220.266,15
13,24,1.8191618703574552,3.0779886393226707,-3.972947386936064,39.214898203077134,3.997,1.173,2231.094,15
13,24,1.8191618703574552,3.6761623676946167,-0.0024267315580598,39.40208112915679,0.0006,3.684,2241.86,15
13,24,1.8191618703574552,3.076089769356232,-3.974641978056084,39.26385726885749,3.997,1.171,2252.594,15
13,24,1.8191618703574552,3.689300613954965,-0.0044232534587273,39.09881008993683,0.0008,3.697,2091.344,15
13,24,1.8191618703574552,3.034904536985358,-3.974411033092229,40.13959579033189,3.997,1.133,2617.579,15
13,24,1.8191618703574552,3.6875014104389754,-0.0015461126954376,39.14036360662155,0.0008,3.695,2112.797,15
13,24,1.8191618703574552,3.0897039743650274,-3.9751452564233865,38.98932501239204,3.997,1.184,2123.532,15
13,24,1.8191618703574552,3.6856164538791223,-0.002064873332345,39.17900140246282,0.0008,3.693,2134.313,15
13,24,1.8191618703574552,3.0874664927232867,-3.9740354729368814,39.02399250830677,3.997,1.182,2145.032,15
13,24,1.8191618703574552,3.6835609643278544,-0.0011373401672917,39.23754115533791,0.0008,3.692,2155.782,15
13,24,1.8191618703574552,3.085187714978393,-3.974386913634406,39.07623915780633,3.997,1.178,2166.469,15
13,24,1.8191618703574552,3.637976625989819,-0.001291596502147,40.48793925193992,0.0008,3.644,2692.625,15
13,24,1.8191618703574552,3.044985668646922,-3.974666608466882,39.89351913262316,3.997,1.141,2531.766,15
13,24,1.8191618703574552,3.695916667747373,-0.0006954974398686,38.93908759879068,0.0006,3.703,2027.079,15
13,24,1.8191618703574552,3.099740606485813,-3.974021834809659,38.794025914522045,3.997,1.194,2037.813,15
13,24,1.8191618703574552,3.6937601795687582,-0.0003169398471082,38.97337404657658,0.0008,3.701,2048.485,15
13,24,1.8191618703574552,3.097035208940259,-3.973755141583906,38.860593721045376,3.997,1.192,2059.188,15
13,24,1.8191618703574552,3.691560419732051,-0.0030313099282493,39.04575428529643,0.0006,3.698,2069.907,15
13,24,1.8191618703574552,3.0943990008051783,-3.973530457062664,38.90020839391412,3.997,1.189,2080.641,15
13,24,1.8191618703574552,3.64601343133348,-0.0003413558495996,40.27629533868871,0.0006,3.652,2606.844,15
13,24,1.8191618703574552,3.054768750490452,-3.9735708845491113,39.70629197297232,3.997,1.152,2445.922,15
13,24,1.8191618703574552,3.644257781925828,-0.0016157866209017,40.33543013786216,0.0008,3.65,2628.282,15
13,24,1.8191618703574552,3.0322175260680813,-3.9725455112845744,40.21370540127521,3.997,1.13,2639.063,15
13,24,1.8191618703574552,3.64217822280349,-0.001529486790002,40.39695438565828,0.0008,3.649,2649.766,15
13,24,1.8191618703574552,3.029431986286254,-3.973607261574247,40.267165637801206,3.997,1.127,2660.5,15
13,24,1.8191618703574552,3.6399233504152337,0.0004422852487783,40.44336733360496,0.0008,3.646,2671.204,15
13,24,1.8191618703574552,3.026890106401474,-3.973789031371213,40.3203049937128,3.997,1.125,2681.891,15
13,24,1.8191618703574552,3.719985411040735,-0.0011748156768566,38.55029086715838,0.0008,3.726,1833.766,15
13,24,1.8191618703574552,3.149138974975089,-3.974942766299295,38.08801569457562,3.997,1.243,1672.875,15
13,24,1.8191618703574552,3.651998899191207,0.0017550676337962,40.095114995157566,0.0006,3.658,2542.454,15
13,24,1.8191618703574552,3.042504185218763,-3.973540532157455,39.97811185634826,3.997,1.139,2553.204,15
13,24,1.8191618703574552,3.6501509142543775,-0.0006176377072658,40.13763618910664,0.0008,3.657,2563.891,15
13,24,1.8191618703574552,3.0402867626811427,-3.9719581351135935,40.01382247379562,3.997,1.137,2574.625,15
13,24,1.8191618703574552,3.648348469784775,0.0020493427821002,40.20256865553929,0.0008,3.655,2585.375,15
13,24,1.8191618703574552,3.037958251990746,-3.972480228631332,40.080146154852,3.997,1.135,2596.11,15
13,24,1.8191618703574552,3.6607899799357178,-0.0045277574059828,39.81613933423362,0.0008,3.667,2435.188,15
13,24,1.8191618703574552,2.9752209377744085,-3.972487330417192,41.078326113752254,3.997,1.076,2960.875,15
13,24,1.8191618703574552,3.659023779470979,-0.0003752245907597,39.88674244634156,0.0008,3.666,2456.688,15
13,24,1.8191618703574552,3.0523626851298538,-3.973639772523046,39.7618764151385,3.997,1.148,2467.391,15
13,24,1.8191618703574552,3.6575335185805415,-6.578418887013231e-05,39.9307413006969,0.0008,3.664,2478.172,15
13,24,1.8191618703574552,3.050009959633013,-3.9717517913875,39.79295359562427,3.997,1.146,2488.86,15
13,24,1.8191618703574552,3.655786402108928,-0.0015698944836633,39.98216444081707,0.0008,3.663,2499.594,15
13,24,1.8191618703574552,3.047316008064104,-3.9735040699627535,39.85312317428388,3.997,1.144,2510.329,15
13,24,1.8191618703574552,3.5804722838203253,-0.0017285120567241,41.47432217324971,0.0008,3.585,3035.938,15
13,24,1.8191618703574552,2.9959824273180087,-3.973294833310967,40.85518963061689,3.997,1.096,2874.969,15
13,24,1.8191618703574552,3.66586493498839,-0.0013290585268874,39.68886334297833,0.0008,3.673,2370.719,15
13,24,1.8191618703574552,3.062183744363793,-3.973436578834385,39.54571446150851,3.997,1.157,2381.547,15
13,24,1.8191618703574552,3.6640937400379343,-0.0020917440038568,39.73201029162156,0.0008,3.671,2392.282,15
13,24,1.8191618703574552,3.059856012618604,-3.97310435040743,39.60014040298677,3.997,1.156,2403.047,15
13,24,1.8191618703574552,3.662082437117792,0.0006085584415813,39.77601894234759,0.0006,3.669,2413.782,15
13,24,1.8191618703574552,3.0579118931615703,-3.974005568797882,39.6376668811559,3.997,1.154,2424.485,15
13,24,1.8191618703574552,3.601002306398194,-0.0030501831343961,41.19231215906676,0.0006,3.606,2950.094,15
13,24,1.8191618703574552,3.011330916314095,-3.975277401626817,40.62881574349739,3.997,1.111,2789.282,15
13,24,1.8191618703574552,3.596706251913244,-0.0002587653803032,41.27203990571829,0.0008,3.601,2971.579,15
13,24,1.8191618703574552,2.968855687340905,-3.973274840213365,41.16408802203799,3.997,1.072,2982.391,15
13,24,1.8191618703574552,3.591527075232841,-0.0016844471407411,41.339311286897306,0.0008,3.596,2993.11,15
13,24,1.8191618703574552,2.96309390109238,-3.9739645735718447,41.19849197682528,3.997,1.064,3003.813,15
13,24,1.8191618703574552,3.586457402796597,0.0019180068275605,41.39452798668649,0.0008,3.591,3014.516,15
13,24,1.8191618703574552,2.956142547135836,-3.9741406447168046,41.26881945580956,3.997,1.058,3025.235,15
13,24,1.8191618703574552,3.6821348466756674,-0.0009244500787552,39.26768386240584,0.0008,3.689,2177.25,15
13,24,1.8191618703574552,3.1021894356056,-3.974431955490387,38.77769732666185,3.997,1.196,2016.375,15
13,24,1.8191618703574552,3.612662323881149,0.0009365774383728,41.050387612563135,0.0008,3.617,2885.688,15
13,24,1.8191618703574552,2.9915272951656413,-3.973423641621477,40.89832890560103,3.997,1.092,2896.407,15
13,24,1.8191618703574552,3.609058190468279,-0.0012736020360599,41.10126058180477,0.0008,3.613,2907.125,15
13,24,1.8191618703574552,2.9867683848050306,-3.973211068308233,40.96595712028638,3.997,1.088,2917.86,15
13,24,1.8191618703574552,3.605146149152742,-0.0031311956657204,41.15340015974344,0.0008,3.609,2928.594,15
13,24,1.8191618703574552,2.9811310056801386,-3.972852510155218,41.04010992649407,3.997,1.082,2939.36,15
13,24,1.8191618703574552,3.6278409365393207,-0.0005699108652616,40.73935681039028,0.0008,3.633,2778.547,15
13,24,1.8191618703574552,2.6501658851126773,-3.9723083940481385,42.29844008917957,3.997,0.77,3304.594,15
13,24,1.8191618703574552,3.625095410032792,0.0007383492624026,40.80629408604906,0.0008,3.63,2800.0,15
13,24,1.8191618703574552,3.007951844354066,-3.974123574804026,40.68952681708033,3.997,1.108,2810.704,15
13,24,1.8191618703574552,3.622190269047232,-0.0006053682837943,40.87490705822565,0.0008,3.628,2821.391,15
13,24,1.8191618703574552,3.0042733997057645,-3.973366329505982,40.73925807157101,3.997,1.103,2832.125,15
13,24,1.8191618703574552,3.619021864906476,-0.0023444735343826,40.928787192192566,0.0006,3.625,2842.829,15
13,24,1.8191618703574552,3.000416996509791,-3.973632114017265,40.80518817977336,3.997,1.1,2853.547,15
13,24,1.8191618703574552,3.065657484690198,0.0014840261894763,42.89197473994752,0.0004,0.0,3381.5,15
13,24,1.8191618703574552,2.814886082994989,-3.9713800404092057,41.914553349092046,3.997,0.927,3218.547,15
13,24,1.8191618703574552,3.635456590338583,-0.0028475977611735,40.56365778351517,0.0008,3.641,2714.094,15
13,24,1.8191618703574552,3.020819733986676,-3.974959813508781,40.44606838869114,3.997,1.12,2724.875,15
13,24,1.8191618703574552,3.632998759151072,-0.00343200238802,40.6233408789703,0.0008,3.639,2735.579,15
13,24,1.8191618703574552,3.017741061491986,-3.9691290232370062,40.4909647691059,3.997,1.116,2746.297,15
13,24,1.8191618703574552,3.630641963263423,-0.001230387058257,40.66669514014204,0.0006,3.636,2757.079,15
13,24,1.8191618703574552,3.0149102096148823,-3.974066771697854,40.54223413069472,3.997,1.114,2767.829,15
13,24,1.8191618703574552,3.346572928452926,0.0089330454467039,42.392432893370895,0.0006,3.347,3293.735,15
13,24,1.8191618703574552,2.9025099664694065,-3.970366016975107,41.5831668583113,3.997,1.009,3132.594,15
13,24,1.8191618703574552,3.296727666583096,-0.0006106123473269,42.52329588149036,0.0008,3.297,3315.454,15
13,24,1.8191618703574552,2.5867344000032886,-3.9680718746876336,42.41439927338017,3.997,0.711,3326.297,15
13,24,1.8191618703574552,3.234726316248004,0.0013851862142667,42.65878405388999,0.0006,3.233,3337.313,15
13,24,1.8191618703574552,2.503693426193979,-3.974424190172993,42.54814216505434,3.997,0.636,3348.36,15
13,24,1.8191618703574552,3.156514883570299,-0.0025860384494498,42.80950684785898,0.0008,3.153,3359.313,15
13,24,1.8191618703574552,2.382935984422233,-3.972021897733488,42.69661103753197,3.997,0.532,3370.36,15
13,24,1.8191618703574552,3.6539025182578233,-0.0014656730321237,40.03479770368983,0.0008,3.66,2521.047,15
13,24,1.8191618703574552,3.0650538399206178,-3.973334324820838,39.51188776019988,3.997,1.16,2360.0,15
13,24,1.8191618703574552,3.453174119130052,-0.0121748465300682,42.118965482488576,0.0008,3.455,3229.235,15
13,24,1.8191618703574552,2.782399538638189,-3.971835174056289,42.018907159703936,3.997,0.898,3239.985,15
13,24,1.8191618703574552,3.423548556289131,-0.0018123144499422,42.20681652601827,0.0008,3.425,3250.797,15
13,24,1.8191618703574552,2.7463429620413704,-3.972257941360249,42.093601964714,3.997,0.861,3261.485,15
13,24,1.8191618703574552,3.3888159959817794,0.0005148715603834,42.29847738225668,0.0008,3.39,3272.204,15
13,24,1.8191618703574552,2.7027412387546788,-3.973369002247008,42.17255085984642,3.997,0.821,3282.922,15
13,24,1.8191618703574552,3.546155200071451,-0.0018346330152292,41.72265001752716,0.0008,3.549,3121.875,15
13,24,1.8191618703574552,3.272616054489818,-0.0043143226938239,37.13424949579497,0.0004,0.001,3660.266,15
13,24,1.8191618703574552,3.533474681170297,0.0017250251416432,41.76548669405921,0.0008,3.536,3143.344,15
13,24,1.8191618703574552,2.8856717723903635,-3.97119398133264,41.651661914099485,3.997,0.994,3154.047,15
13,24,1.8191618703574552,3.5181370455445937,-0.0019666715660647,41.85384433523227,0.0008,3.521,3164.829,15
13,24,1.8191618703574552,2.8659138587649413,-3.972959720520174,41.7318911813888,3.997,0.973,3175.516,15
13,24,1.8191618703574552,3.5002442485728027,-0.0040056239086762,41.93693198193655,0.0008,3.503,3186.297,15
13,24,1.8191618703574552,2.8424641095334278,-3.9725932771320553,41.833995828604,3.997,0.952,3197.032,15
13,24,1.8191618703574552,3.2826822680830925,-0.0025410419603174,36.17568626727963,0.0004,0.0,3738.219,15
13,24,1.8191618703574552,3.255214667891249,0.0013248578451007,38.41299361419564,0.0004,0.001,3571.094,15
13,24,1.8191618703574552,3.5737370294619657,-0.0010379446932378,41.5187802607509,0.0008,3.577,3057.36,15
13,24,1.8191618703574552,2.9390450356108064,-3.9720226875900977,41.38654140615473,3.997,1.043,3068.11,15
13,24,1.8191618703574552,3.565723282062187,-0.0007432433650308,41.55785977682009,0.0008,3.569,3078.829,15
13,24,1.8191618703574552,2.92894474592982,-3.9724499374719073,41.44574207380411,3.997,1.034,3089.532,15
13,24,1.8191618703574552,3.557106484978563,0.0009342295416588,41.645353174598434,0.0008,3.56,3100.344,15
13,24,1.8191618703574552,2.916709729149676,-3.974216983499598,41.535522369091815,3.997,1.022,3111.11,15
13,24,1.8191618703574552,3.271051160904288,-0.0010802405408975,37.30155648207269,0.0004,0.0,3649.047,15
13,24,1.8191618703574552,3.2217656947681386,0.0002203272109638,39.952542212923326,0.0004,0.001,3481.688,15
13,24,1.8191618703574552,3.2744946570925904,-0.0023835071223745,36.982619911861086,0.0004,0.0,3671.375,15
13,24,1.8191618703574552,3.275961400465119,-0.0007638720857234,36.83968307146636,0.0004,0.001,3682.516,15
13,24,1.8191618703574552,3.2775174023977285,0.0009213702264461,36.705382170167866,0.0004,0.0,3693.672,15
13,24,1.8191618703574552,3.2788519013106923,0.00046505480145,36.56187268796696,0.0004,0.001,3704.782,15
13,24,1.8191618703574552,3.2803324645471656,-0.0021040010834646,36.412791334686965,0.0004,0.0,3715.922,15
13,24,1.8191618703574552,3.281427906811884,-0.0021269180000733,36.283635584101525,0.0004,0.001,3727.063,15
13,24,1.8191618703574552,3.615957867060167,-0.0016499198121528,40.99280768796218,0.0008,3.621,2864.25,15
13,24,1.8191618703574552,3.024058575404869,-3.974294551396363,40.36614732768384,3.997,1.122,2703.36,15
13,24,1.8191618703574552,3.257968288072437,-0.0003616339363796,38.23534997281471,0.0004,0.0,3582.219,15
13,24,1.8191618703574552,3.2605422318257986,0.0003865039863141,38.08527403173164,0.0006,0.001,3593.36,15
13,24,1.8191618703574552,3.262835863140969,-0.0017411893396243,37.92136506223538,0.0004,0.0,3604.485,15
13,24,1.8191618703574552,3.26506909972567,-0.0030757175059045,37.7567098171611,0.0004,0.001,3615.61,15
13,24,1.8191618703574552,3.267148959812335,-0.0007269507107571,37.594456994436726,0.0004,0.0,3626.797,15
13,24,1.8191618703574552,3.269260666610402,-0.0032116527055206,37.44464193854342,0.0004,0.001,3637.891,15
13,24,1.8191618703574552,3.214889063888853,-0.0010271205848997,40.17596023252006,0.0004,0.0,3470.579,15
13,24,1.8191618703574552,3.3018831184248296,-0.0001805360875827,33.49763744118767,0.0004,0.001,4017.829,15
13,24,1.8191618703574552,3.227458707696376,-0.0001086434847511,39.73420887294368,0.0004,0.0,3492.875,15
13,24,1.8191618703574552,3.232541412212426,-0.0011995785636039,39.511907952029,0.0004,0.001,3504.094,15
13,24,1.8191618703574552,3.237286011628819,0.0006850733839042,39.32981526288299,0.0004,0.0,3515.313,15
13,24,1.8191618703574552,3.241596623863869,-0.0033341841166205,39.13847581265982,0.0004,0.001,3526.485,15
13,24,1.8191618703574552,3.24527822201556,-0.0011625753049099,38.948737832579866,0.0004,0.0,3537.641,15
13,24,1.8191618703574552,3.248962207988141,-0.0013903840493874,38.76166860695346,0.0006,0.001,3548.813,15
13,24,1.8191618703574552,3.3056079253186947,-0.0031601541716468,32.922076507846384,0.0004,0.0,4096.032,15
13,24,1.8191618703574552,3.2972796563758098,-0.0029771723753161,34.23156846860213,0.0004,0.001,3928.422,15
13,24,1.8191618703574552,3.138745103192531,-0.0029405232620336,42.03343285584842,0.0004,0.0,3403.719,15
13,24,1.8191618703574552,3.15963225909818,-4.94464419040696e-05,41.59534573957193,0.0004,0.001,3414.875,15
13,24,1.8191618703574552,3.1754773768566475,-0.0010998105108833,41.237679434507925,0.0006,0.0,3426.032,15
13,24,1.8191618703574552,3.1883795450471446,-0.0021083053049854,40.93612263331895,0.0004,0.001,3437.141,15
13,24,1.8191618703574552,3.198749768017104,-0.0020891930860751,40.66427941705128,0.0004,0.0,3448.25,15
13,24,1.8191618703574552,3.2074662962160567,0.0008677821811294,40.413508291158045,0.0004,0.001,3459.454,15
13,24,1.8191618703574552,3.3015943808773764,-0.0045673136700205,33.58794704438172,0.0004,0.0,4006.61,15
13,24,1.8191618703574552,3.291491643986284,-0.0029629889299488,35.07205166457589,0.0004,0.001,3838.782,15
13,24,1.8191618703574552,3.302414956636942,-0.0024428373836553,33.42992064261144,0.0004,0.0,4029.016,15
13,24,1.8191618703574552,3.303074240337027,-0.0033037599204056,33.32942084480947,0.0004,0.001,4040.172,15
13,24,1.8191618703574552,3.303551511419218,-0.0033782834483451,33.236023085949654,0.0004,0.0,4051.391,15
13,24,1.8191618703574552,3.3041958286255166,-0.0008470072477202,33.15397912395488,0.0004,0.001,4062.532,15
13,24,1.8191618703574552,3.3043777136392487,0.0012576460332831,33.080990568728225,0.0004,0.0,4073.719,15
13,24,1.8191618703574552,3.3052159721023893,0.0038353876309135,33.0007297126663,0.0004,0.001,4084.875,15
13,24,1.8191618703574552,3.4788117174686484,-0.0061195087224835,42.02733214626328,0.0008,3.481,3207.797,15
13,24,1.8191618703574552,2.9483041043290914,-3.974273363606382,41.32373033800671,3.997,1.051,3046.657,15
13,24,1.8191618703574552,3.29792849068881,-0.003346423656425,34.14351977788763,0.0004,0.0,3939.579,15
13,24,1.8191618703574552,3.298527472270602,0.0007526137458727,34.040386724731896,0.0004,0.001,3950.735,15
13,24,1.8191618703574552,3.2992591289329867,-0.0031822293193937,33.96012184548279,0.0004,0.0,3961.875,15
13,24,1.8191618703574552,3.299771514253633,-0.0031099278589917,33.85205324832981,0.0004,0.001,3973.11,15
13,24,1.8191618703574552,3.3005578373973345,-0.0016523539959228,33.77297913217796,0.0004,0.0,3984.25,15
13,24,1.8191618703574552,3.300967638167577,-0.0035841261291012,33.68675359505762,0.0004,0.001,3995.485,15
13,24,1.8191618703574552,3.290733801216505,-0.00090520677028,35.1874022394841,0.0004,0.0,3827.625,15
13,24,1.8191618703574552,3.3149922870007886,-0.0023779688181073,31.31543915403713,0.0004,0.001,4375.063,15
13,24,1.8191618703574552,3.292138088503637,-0.0029271549916015,34.94355075746625,0.0004,0.0,3850.0,15
13,24,1.8191618703574552,3.2927718431489006,-0.011714689744269,34.84015076481649,0.0004,0.001,3861.204,15
13,24,1.8191618703574552,3.293785593343395,-0.0024799737486379,34.748669117085704,0.0004,0.0,3872.391,15
13,24,1.8191618703574552,3.2945046754450287,-0.0010525002529264,34.6434632964111,0.0004,0.001,3883.61,15
13,24,1.8191618703574552,3.2953966319497097,-0.0024494583441232,34.551060576129245,0.0004,0.0,3894.813,15
13,24,1.8191618703574552,3.295975826336199,-0.0024517256535971,34.45574229123553,0.0004,0.001,3906.063,15
13,24,1.8191618703574552,3.317172438319749,-0.0030891552237218,30.952044425891557,0.0004,0.0,4453.219,15
13,24,1.8191618703574552,3.312366349687258,-0.0017559895949493,31.777178578344422,0.0004,0.001,4285.75,15
13,24,1.8191618703574552,3.2850565699568506,-0.0024860443508457,35.89076546814,0.0004,0.0,3760.532,15
13,24,1.8191618703574552,3.2856931702267804,-0.00443624584981,35.752562908645416,0.0004,0.001,3771.672,15
13,24,1.8191618703574552,3.286881262151565,0.0005466797055676,35.65344666586763,0.0004,0.0,3782.829,15
13,24,1.8191618703574552,3.2879071087623357,-0.0017124963991502,35.53752415221018,0.0004,0.001,3794.016,15
13,24,1.8191618703574552,3.2889461304488585,-0.0030408317477705,35.40944225142563,0.0004,0.0,3805.188,15
13,24,1.8191618703574552,3.2896919119175285,-0.0015799632428063,35.29970080439155,0.0004,0.001,3816.36,15
13,24,1.8191618703574552,3.3144997272082195,-0.0018793193405125,31.348916380543848,0.0004,0.0,4363.938,15
13,24,1.8191618703574552,3.3092571953449488,-0.001215187891734,32.273492708500974,0.0004,0.001,4196.5,15
13,24,1.8191618703574552,3.3153220835548183,-0.0027186830829247,31.253884886504235,0.0004,0.0,4386.204,15
13,24,1.8191618703574552,3.315483035003025,0.0003804538681487,31.20370288041832,0.0004,0.001,4397.344,15
13,24,1.8191618703574552,3.315804803853013,-0.0040516295480416,31.15302700748652,0.0004,0.0,4408.469,15
13,24,1.8191618703574552,3.316150643221885,-0.0028808537414945,31.10352460791241,0.0004,0.001,4419.641,15
13,24,1.8191618703574552,3.316485458856433,-0.0020505649442123,31.0359828449651,0.0004,0.0,4430.782,15
13,24,1.8191618703574552,3.316673205993573,-0.002015419915018,31.00148138770884,0.0004,0.001,4441.922,15
13,24,1.8191618703574552,3.252070964257328,0.0002224523427866,38.57844284020019,0.0004,0.0,3559.938,15
13,24,1.8191618703574552,3.110027328336359,0.0004183410157067,42.518838573473616,0.0004,0.001,3392.579,15
13,24,1.8191618703574552,3.312709416618247,-0.003337444730814,31.704344460531452,0.0004,0.0,4296.86,15
13,24,1.8191618703574552,3.3130644833637075,-0.0019001962572706,31.635157915129103,0.0004,0.001,4308.032,15
13,24,1.8191618703574552,3.3132194648250746,-0.0036368980186229,31.589684482780893,0.0004,0.0,4319.188,15
13,24,1.8191618703574552,3.313751119827765,-0.0006272250088352,31.52597161302216,0.0004,0.001,4330.375,15
13,24,1.8191618703574552,3.31393830544832,-1.749530535729035e-06,31.480236644155987,0.0004,0.0,4341.625,15
13,24,1.8191618703574552,3.31443836072554,-0.0007087437469714,31.405921802319053,0.0004,0.001,4352.797,15
13,24,1.8191618703574552,3.309112704026018,0.00044016893087,32.3460869777507,0.0004,0.0,4185.375,15
13,24,1.8191618703574552,3.3231247166077367,-0.000814335092156,29.927835376982497,0.0006,0.001,4732.313,15
13,24,1.8191618703574552,3.309510824944505,-0.0025141816374013,32.209480353056264,0.0004,0.0,4207.641,15
13,24,1.8191618703574552,3.3103015699942118,0.0045820857286124,32.12875487302883,0.0004,0.001,4218.813,15
13,24,1.8191618703574552,3.3103592684386696,-0.0060352579490486,32.0820922096567,0.0004,0.0,4229.938,15
13,24,1.8191618703574552,3.3108515683674367,-0.0028171712919914,32.00358530153234,0.0004,0.001,4241.188,15
13,24,1.8191618703574552,3.3112322732361563,-0.0010985997503044,31.93914074841956,0.0004,0.0,4252.297,15
13,24,1.8191618703574552,3.311601450463653,-0.0007115215347804,31.87853440607396,0.0004,0.001,4263.469,15
13,24,1.8191618703574552,3.32439159614408,-0.0034223042244779,29.69110540643917,0.0004,0.0,4810.36,15
13,24,1.8191618703574552,3.321288268512624,-0.0025025399282112,30.210793122661965,0.0004,0.001,4643.032,15
13,24,1.8191618703574552,3.3064456454750344,-0.0012028703940225,32.77761984426211,0.0006,0.0,4118.375,15
13,24,1.8191618703574552,3.306928322741652,-0.0030661399891836,32.69124623506611,0.0004,0.001,4129.547,15
13,24,1.8191618703574552,3.307307520659645,-0.0028351243820729,32.625523906140025,0.0004,0.0,4140.797,15
13,24,1.8191618703574552,3.3076956151623413,-0.0007223818168966,32.5741991529359,0.0006,0.001,4151.954,15
13,24,1.8191618703574552,3.3083258026989952,0.0036334928198945,32.48647050734987,0.0004,0.0,4163.094,15
13,24,1.8191618703574552,3.308279404976847,-0.0027633596781674,32.41346679391565,0.0004,0.001,4174.219,15
13,24,1.8191618703574552,3.322913967904486,-0.0010351585953557,29.93761176631005,0.0004,0.0,4721.125,15
13,24,1.8191618703574552,3.3193315761737563,-0.0010296906497496,30.546431832806064,0.0004,0.001,4553.719,15
13,24,1.8191618703574552,3.323354172045002,-0.0020438642347396,29.869914191278955,0.0004,0.0,4743.469,15
13,24,1.8191618703574552,3.3233119947398504,-0.0012646413989279,29.847320220728257,0.0004,0.001,4754.61,15
13,24,1.8191618703574552,3.323758851898887,-0.0018002490853828,29.80274238726134,0.0004,0.0,4765.75,15
13,24,1.8191618703574552,3.3240543728303256,-0.0017948919676096,29.787462231221816,0.0006,0.001,4776.891,15
13,24,1.8191618703574552,3.324098666169103,-0.0016428784814122,29.751370133174312,0.0004,0.0,4788.047,15
13,24,1.8191618703574552,3.324294682940224,-0.0016086104501418,29.71285553079052,0.0004,0.001,4799.219,15
13,24,1.8191618703574552,3.2964740772409096,-0.0006500745082777,34.33145822300931,0.0004,0.0,3917.188,15
13,24,1.8191618703574552,3.283783275252953,-0.0023896076040898,36.02509548344235,0.0004,0.001,3749.36,15
13,24,1.8191618703574552,3.321589281287999,-0.000262976761752,30.164248681364025,0.0004,0.0,4654.204,15
13,24,1.8191618703574552,3.3217393484460365,-0.0017595490904109,30.12250892367488,0.0004,0.001,4665.407,15
13,24,1.8191618703574552,3.3221507726023263,-0.0001612610203196,30.0798845874746,0.0004,0.0,4676.594,15
13,24,1.8191618703574552,3.3222803540039347,0.0002803414607419,30.040875325349862,0.0004,0.001,4687.735,15
13,24,1.8191618703574552,3.32248530568365,-0.0013782156183889,30.00635579892089,0.0004,0.0,4698.844,15
13,24,1.8191618703574552,3.3226515629315925,-0.00145132794038,29.95906687314411,0.0004,0.001,4710.016,15
13,24,1.8191618703574552,3.319251864220614,-0.0018278204561694,30.587988847346114,0.0004,0.0,4542.594,15
13,24,1.8191618703574552,3.328987715667471,0.0006386658971161,29.043881913215817,0.0004,0.001,5089.0,15
13,24,1.8191618703574552,3.319606303724705,0.0001663833663123,30.50563226298128,0.0004,0.0,4564.829,15
13,24,1.8191618703574552,3.319890896990923,-0.0014619257115651,30.45002660034629,0.0004,0.001,4575.938,15
13,24,1.8191618703574552,3.3201493109125364,-0.0002388435791606,30.411868375425406,0.0004,0.0,4587.141,15
13,24,1.8191618703574552,3.3204597752297937,-0.0004505400374972,30.36199502691282,0.0004,0.001,4598.344,15
13,24,1.8191618703574552,3.3207988316650554,-0.0011491790158079,30.32087723708525,0.0004,0.0,4609.516,15
13,24,1.8191618703574552,3.3208544785446783,7.349266718875614e-05,30.294295177833952,0.0004,0.001,4620.625,15
13,24,1.8191618703574552,3.329830691664632,-0.0030675424164683,28.90996763633284,0.0004,0.0,5167.219,15
13,24,1.8191618703574552,3.327714894564356,-0.0028123319192441,29.227834558990445,0.0004,0.001,4999.844,15
13,24,1.8191618703574552,3.317532366043475,-0.0009322599630468,30.855783426107944,0.0004,0.0,4475.625,15
13,24,1.8191618703574552,3.3178113416694024,0.0003978801245173,30.81212391906146,0.0006,0.001,4486.813,15
13,24,1.8191618703574552,3.318207800118602,-0.001482194282928,30.761737316542828,0.0004,0.0,4497.954,15
13,24,1.8191618703574552,3.3182182369482702,-0.0021526015742729,30.71667793075724,0.0004,0.001,4509.157,15
13,24,1.8191618703574552,3.31857706132465,-0.0007089182506761,30.676293954681302,0.0004,0.0,4520.266,15
13,24,1.8191618703574552,3.318963402352717,-0.0011547529106012,30.63480705277028,0.0004,0.001,4531.485,15
13,24,1.8191618703574552,3.328739171509138,-0.0018601605987618,29.06977401036675,0.0004,0.0,5077.86,15
13,24,1.8191618703574552,3.326246985289129,-0.0003554161791382,29.418714075454982,0.0004,0.001,4910.704,15
13,24,1.8191618703574552,3.3289054956900874,-0.0009804073368851,29.018657920719622,0.0004,0.0,5100.204,15
13,24,1.8191618703574552,3.329134905176274,-0.0006781886429177,28.99480999753481,0.0004,0.001,5111.297,15
13,24,1.8191618703574552,3.3292965585189984,0.0016189046423012,28.976559254994037,0.0006,0.0,5122.422,15
13,24,1.8191618703574552,3.329351997343466,-0.0018986372239727,28.971893727734013,0.0004,0.001,5133.61,15
13,24,1.8191618703574552,3.3294511345836595,-0.0010783925474426,28.949614317803604,0.0004,0.0,5144.86,15
13,24,1.8191618703574552,3.32984317647987,0.0009756769449515,28.927057704748403,0.0004,0.001,5155.985,15
13,24,1.8191618703574552,3.311865078808825,-0.0043182119043218,31.8294090188793,0.0004,0.0,4274.641,15
13,24,1.8191618703574552,3.3062703135103177,0.0022805265028704,32.851779631306826,0.0004,0.001,4107.188,15
13,24,1.8191618703574552,3.327729381736821,0.0008789942232564,29.18955038390526,0.0006,0.0,5010.985,15
13,24,1.8191618703574552,3.3279686761836564,-0.002494424009248,29.17187146252458,0.0004,0.001,5022.172,15
13,24,1.8191618703574552,3.3280478827608317,-0.0009233992887475,29.150705642298423,0.0004,0.0,5033.375,15
13,24,1.8191618703574552,3.328398466724711,-0.0010555822957745,29.12818198114465,0.0004,0.001,5044.563,15
13,24,1.8191618703574552,3.3283904930679205,-0.0041306711072341,29.103761676516665,0.0004,0.0,5055.672,15
13,24,1.8191618703574552,3.328504620396751,-0.0020140104660166,29.100513415263208,0.0004,0.001,5066.766,15
13,24,1.8191618703574552,3.326152685865821,0.0029109813080254,29.45259949968889,0.0004,0.0,4899.563,15
13,24,1.8191618703574552,3.3333394975601798,-0.0010898924921787,28.48849656330608,0.0004,0.001,5446.016,15
13,24,1.8191618703574552,3.326326238902792,-0.003094616052739,29.395349661441404,0.0004,0.0,4921.813,15
13,24,1.8191618703574552,3.326540451542612,-0.003304988100262,29.368389232048496,0.0006,0.001,4933.016,15
13,24,1.8191618703574552,3.326753643975623,6.088112464259501e-05,29.35139560379255,0.0004,0.0,4944.188,15
13,24,1.8191618703574552,3.3269832435559183,-0.0018697087164275,29.331331736108417,0.0004,0.001,4955.313,15
13,24,1.8191618703574552,3.327071277042155,-0.0017030320144303,29.30016734369193,0.0004,0.0,4966.454,15
13,24,1.8191618703574552,3.327095070807488,-0.0015136693785861,29.28587591407187,0.0004,0.001,4977.594,15
13,24,1.8191618703574552,3.334128538125335,0.0002183936816875,28.406591422653563,0.0004,0.0,5523.954,15
13,24,1.8191618703574552,3.332180694525836,0.0014496527977548,28.62674420132611,0.0004,0.001,5356.782,15
13,24,1.8191618703574552,3.324848547559708,-0.0005558512757071,29.611338832134123,0.0004,0.0,4832.704,15
13,24,1.8191618703574552,3.3251608549894613,0.0007217289632405,29.58727269770656,0.0004,0.001,4843.829,15
13,24,1.8191618703574552,3.3252125540290534,0.0009757510801261,29.565980268058787,0.0004,0.0,4854.938,15
13,24,1.8191618703574552,3.325500992210721,-0.0019354659811321,29.53851573228527,0.0004,0.001,4866.11,15
13,24,1.8191618703574552,3.325682966160316,-0.0017506187847007,29.514756156441702,0.0004,0.0,4877.219,15
13,24,1.8191618703574552,3.3259230272673856,0.0005814873985227,29.4762737763791,0.0004,0.001,4888.407,15
13,24,1.8191618703574552,3.333082470261052,-0.0007599547253063,28.51341733709809,0.0004,0.0,5434.844,15
13,24,1.8191618703574552,3.331456878745772,-0.0005688194945258,28.739930904029546,0.0006,0.001,5267.641,15
13,24,1.8191618703574552,3.3333833713929373,-0.0028029405752792,28.47820495306972,0.0004,0.0,5457.094,15
13,24,1.8191618703574552,3.3335729987379867,0.0005912719394003,28.471785946697185,0.0004,0.001,5468.204,15
13,24,1.8191618703574552,3.3335767220230355,-0.0012965673153755,28.46134931157849,0.0004,0.0,5479.36,15
13,24,1.8191618703574552,3.333823625987248,-0.0010233262499992,28.435822261452746,0.0004,0.001,5490.532,15
13,24,1.8191618703574552,3.333829423026324,-0.0008115157420262,28.42889196706448,0.0004,0.0,5501.672,15
13,24,1.8191618703574552,3.3338413817586487,0.0005917184216073,28.421596250956703,0.0004,0.001,5512.829,15
13,24,1.8191618703574552,3.321197942315133,-0.0005955335945889,30.24146739826892,0.0004,0.0,4631.797,15
13,24,1.8191618703574552,3.317307786522195,-0.0010887254859578,30.89433741653179,0.0004,0.001,4464.454,15
13,24,1.8191618703574552,3.332264321622428,2.836166294232799e-05,28.60226113755501,0.0004,0.0,5367.938,15
13,24,1.8191618703574552,3.3323847245129707,-0.0015709074687656,28.574548336340325,0.0004,0.001,5379.063,15
13,24,1.8191618703574552,3.3324694102278203,-0.0033420027527793,28.574764539544702,0.0004,0.0,5390.219,15
13,24,1.8191618703574552,3.332580143169864,-0.0014664717348292,28.55872361529423,0.0004,0.001,5401.407,15
13,24,1.8191618703574552,3.332918685742058,-0.0025172664075774,28.550137427150485,0.0004,0.0,5412.547,15
13,24,1.8191618703574552,3.3329880834531416,-0.0046496033138124,28.52941411808084,0.0004,0.001,5423.704,15
13,24,1.8191618703574552,3.331104258342819,-0.0007896461844924,28.747056814729408,0.0004,0.0,5256.532,15
13,24,1.8191618703574552,3.3366290706155644,0.0007481107653844,28.11471016305142,0.0004,0.001,5802.657,15
13,24,1.8191618703574552,3.3313977653375684,-0.0007949787111404,28.72063938400841,0.0004,0.0,5278.797,15
13,24,1.8191618703574552,3.331609555915357,0.001667968957238,28.705935508591583,0.0004,0.001,5289.922,15
13,24,1.8191618703574552,3.3316857659787704,-0.0012141936642734,28.683951794157725,0.0004,0.0,5301.079,15
13,24,1.8191618703574552,3.3317882771113987,-0.0020183334286403,28.661335713411905,0.0004,0.001,5312.235,15
13,24,1.8191618703574552,3.3319090830007365,-0.0020369308089129,28.64078494394119,0.0004,0.0,5323.344,15
13,24,1.8191618703574552,3.33193976582545,-0.0015846693523927,28.647784958472133,0.0004,0.001,5334.469,15
13,24,1.8191618703574552,3.337371223146652,-0.00213068880707,28.06006352125882,0.0004,0.0,5880.672,15
13,24,1.8191618703574552,3.3359097520505423,-0.0023304022163496,28.201578648160638,0.0004,0.001,5713.407,15
13,24,1.8191618703574552,3.330193482611586,0.0005558615958609,28.865031997565197,0.0004,0.0,5189.532,15
13,24,1.8191618703574552,3.3303508135409814,-0.0024192943067928,28.84761397992871,0.0004,0.001,5200.672,15
13,24,1.8191618703574552,3.3306112568622583,0.0007635007686264,28.830380699593835,0.0004,0.0,5211.813,15
13,24,1.8191618703574552,3.3307189485242423,-0.0006471893854122,28.797977559182687,0.0004,0.001,5222.985,15
13,24,1.8191618703574552,3.3305752894296035,-0.0019533257078406,28.792609725371364,0.0004,0.0,5234.204,15
13,24,1.8191618703574552,3.3310991626106574,-0.0036337400617367,28.776581833371846,0.0004,0.001,5245.375,15
13,24,1.8191618703574552,3.336858940554462,0.0018544795603918,28.139006789496964,0.0004,0.0,5791.391,15
13,24,1.8191618703574552,3.33520694221996,0.0018865495803061,28.274967906861264,0.0004,0.001,5624.266,15
13,24,1.8191618703574552,3.336796318366532,-0.0007918426012042,28.11069537411621,0.0004,0.0,5813.829,15
13,24,1.8191618703574552,3.3366786495285545,-0.0005022081703844,28.10190847566387,0.0004,0.001,5824.969,15
13,24,1.8191618703574552,3.3369180850576377,-0.0006916145283186,28.093958078096207,0.0004,0.0,5836.11,15
13,24,1.8191618703574552,3.336884249519305,-0.0019521959616285,28.090429850551725,0.0006,0.001,5847.235,15
13,24,1.8191618703574552,3.3371707397512136,-0.0031172960019289,28.07338735364923,0.0004,0.0,5858.36,15
13,24,1.8191618703574552,3.3372155837062207,-0.0009535861855701,28.05935051201352,0.0004,0.001,5869.516,15
13,24,1.8191618703574552,3.327315180493685,-0.0029736383539843,29.254176840794045,0.0004,0.0,4988.75,15
13,24,1.8191618703574552,3.324716175772524,-0.0027547542681974,29.653887923864147,0.0004,0.001,4821.594,15
13,24,1.8191618703574552,3.336075452272857,-0.0005351139339088,28.194747246394567,0.0004,0.0,5724.579,15
13,24,1.8191618703574552,3.3359144305416395,-0.0043666645702134,28.171717089871848,0.0004,0.001,5735.735,15
13,24,1.8191618703574552,3.3362120847798726,-0.0031887121970696,28.159243237413264,0.0004,0.0,5746.844,15
13,24,1.8191618703574552,3.336266694241985,-0.0008769697734001,28.16031610645016,0.0006,0.001,5757.969,15
13,24,1.8191618703574552,3.336391360887999,-0.0012493964968351,28.154464051480144,0.0004,0.0,5769.11,15
13,24,1.8191618703574552,3.336520262384751,-0.0012961219335847,28.137786874241524,0.0004,0.001,5780.266,15
13,24,1.8191618703574552,3.334925492672869,-0.0006335622945344,28.2857035520496,0.0004,0.0,5613.063,15
13,24,1.8191618703574552,3.3394759391045183,-0.0017750141416633,27.86756429387449,0.0004,0.001,6159.391,15
13,24,1.8191618703574552,3.3351015537328066,-0.0036048380736025,28.26172677621277,0.0004,0.0,5635.375,15
13,24,1.8191618703574552,3.3352375356176807,-0.0015257553609171,28.26323662903321,0.0004,0.001,5646.532,15
13,24,1.8191618703574552,3.335380972786865,0.0013328419787819,28.26126533549777,0.0004,0.0,5657.672,15
13,24,1.8191618703574552,3.335492501485392,0.0011502234026991,28.23731916264673,0.0004,0.001,5668.86,15
13,24,1.8191618703574552,3.335654286270003,-3.96175071425936e-05,28.2318321140464,0.0004,0.0,5679.954,15
13,24,1.8191618703574552,3.335721300086175,-0.0024556396075529,28.22367982883299,0.0004,0.001,5691.141,15
13,24,1.8191618703574552,3.3400679080933244,-0.0020593764561375,27.829283970601868,0.0004,0.0,6237.5,15
13,24,1.8191618703574552,3.338863402158849,-0.0029965848174266,27.917131678365404,0.0004,0.001,6070.282,15
13,24,1.8191618703574552,3.3343732804250874,-0.0009708357947192,28.36658737693222,0.0004,0.0,5546.219,15
13,24,1.8191618703574552,3.3345334382959857,-0.0011430699849574,28.357222653782443,0.0004,0.001,5557.407,15
13,24,1.8191618703574552,3.3343312517118187,-0.0009513591281924,28.35031772911101,0.0004,0.0,5568.563,15
13,24,1.8191618703574552,3.334617694971218,-0.0046267386522741,28.328165854395717,0.0004,0.001,5579.688,15
13,24,1.8191618703574552,3.334570061259432,-0.0029891101846135,28.31804415996932,0.0004,0.0,5590.813,15
13,24,1.8191618703574552,3.3347414546860428,-0.0022785207684127,28.29509311046247,0.0006,0.001,5601.969,15
13,24,1.8191618703574552,3.3393689281549053,-0.0012105174360907,27.87936706082001,0.0004,0.0,6148.266,15
13,24,1.8191618703574552,3.3380960102708186,-0.0009667379670818,27.983426276041627,0.0004,0.001,5981.016,15
13,24,1.8191618703574552,3.33968204102548,0.0008287193334348,27.84460647997041,0.0004,0.0,6170.563,15
13,24,1.8191618703574552,3.33979752370308,0.0006563090301723,27.84599038220407,0.0004,0.001,6181.797,15
13,24,1.8191618703574552,3.3396132656686413,-0.0007974119841267,27.841251579653488,0.0004,0.0,6192.907,15
13,24,1.8191618703574552,3.3400063112558795,0.0003028076671923,27.830859070800813,0.0004,0.001,6204.079,15
13,24,1.8191618703574552,3.339950663207853,-0.0025374787223105,27.83397707877764,0.0004,0.0,6215.204,15
13,24,1.8191618703574552,3.340003644706803,-0.0036868701959386,27.82614884165653,0.0004,0.001,6226.329,15
13,24,1.8191618703574552,3.3321546044092263,-0.0014098039183268,28.62950610490292,0.0004,0.0,5345.625,15
13,24,1.8191618703574552,3.330049898109095,-0.0022237725887201,28.88986651705224,0.0006,0.001,5178.375,15
13,24,1.8191618703574552,3.338810149675609,-0.0003026540787094,27.905870967440418,0.0004,0.0,6081.485,15
13,24,1.8191618703574552,3.3390518678335592,-0.0003376564656223,27.905596916595528,0.0004,0.001,6092.61,15
13,24,1.8191618703574552,3.339225490732429,-0.0006708154516518,27.900940176211044,0.0004,0.0,6103.766,15
13,24,1.8191618703574552,3.339274067664015,-0.0013597707993827,27.89197752275796,0.0004,0.001,6114.891,15
13,24,1.8191618703574552,3.339096831708416,-0.0001824973107704,27.896696797676267,0.0004,0.0,6126.063,15
13,24,1.8191618703574552,3.339113859503821,-0.0053153509682003,27.88908474335377,0.0004,0.001,6137.157,15
13,24,1.8191618703574552,3.3380228856928493,3.6176982360345536e-05,28.01369179763996,0.0004,0.001,5958.704,15
13,24,1.8191618703574552,3.3379263753949173,-0.0001813474843611,27.98410783282175,0.0004,0.0,5969.86,15
13,24,1.8191618703574552,3.338483616487737,-0.0005935237561443,27.967855573154672,0.0004,0.0,5992.141,15
13,24,1.8191618703574552,3.338295672387885,-0.0007594258688156,27.959835141841936,0.0004,0.001,6003.235,15
13,24,1.8191618703574552,3.3384401614346326,0.0001425636519913,27.953232954179587,0.0004,0.0,6014.407,15
13,24,1.8191618703574552,3.3384590119655826,-0.0006583918971418,27.94010336342819,0.0006,0.001,6025.532,15
13,24,1.8191618703574552,3.338558644138638,-0.0012808091692748,27.9455270205093,0.0004,0.0,6036.672,15
13,24,1.8191618703574552,3.3386257835108264,-0.0005523930579054,27.931829231835923,0.0004,0.001,6047.891,15
13,24,1.8191618703574552,3.3402218199988822,-0.0009225927958708,27.824058996641657,0.0004,0.001,6248.657,15
13,24,1.8191618703574552,3.340763680010419,-0.0002045742863807,27.77946186711245,0.0004,0.001,6337.891,15
13,24,1.8191618703574552,3.3413011431722475,-0.0033385847834634,27.74451611389833,0.0004,0.001,6427.079,15
13,24,1.8191618703574552,3.3376217732314526,-0.00052931539355,28.036676846249986,0.0004,0.0,5902.954,15
13,24,1.8191618703574552,3.3375826439419205,4.4470580377026805e-05,28.02961166165569,0.0004,0.001,5914.094,15
13,24,1.8191618703574552,3.3376363899911494,-0.0003959660208011,28.02719715580362,0.0004,0.001,5925.25,15
13,24,1.8191618703574552,3.337871930152437,-0.0012378036953861,28.00902364712131,0.0004,0.001,5936.391,15
13,24,1.8191618703574552,3.337822150829678,-0.0029988262613233,28.022992060410488,0.0004,0.0,5947.563,15
13,24,1.8191618703574552,3.340590190662389,-0.0041771924610614,27.77795813869687,0.0004,0.0,6326.735,15
13,24,1.8191618703574552,3.340773385728175,-0.0007593905788437,27.77164763128834,0.0004,0.0,6349.016,15
13,24,1.8191618703574552,3.3410371210297463,-0.0028154554668142,27.759340543006477,0.0004,0.001,6360.172,15
13,24,1.8191618703574552,3.340847919211181,-0.0026528784291399,27.759083318485985,0.0004,0.0,6371.391,15
13,24,1.8191618703574552,3.341062486384006,-0.0039106024505191,27.76096943696534,0.0004,0.001,6382.579,15
13,24,1.8191618703574552,3.341229539203063,-0.0003813767901237,27.75505101377175,0.0004,0.0,6393.688,15
13,24,1.8191618703574552,3.3412961482790773,-0.0014304551376423,27.73927873576976,0.0004,0.001,6404.797,15
13,24,1.8191618703574552,3.341286096375768,0.0002570483006971,27.735780458353613,0.0004,0.0,6415.922,15
13,24,1.8191618703574552,3.335790821931216,-0.0010365913198062,28.21265285983793,0.0004,0.0,5702.266,15
13,24,1.8191618703574552,3.334322100439051,-0.004051549909169,28.39617016256656,0.0004,0.001,5535.094,15
13,24,1.8191618703574552,3.3402530764129343,-0.0015752023790454,27.813688020421804,0.0004,0.0,6259.782,15
13,24,1.8191618703574552,3.3403635520548005,-0.0013926137109267,27.819850780183973,0.0004,0.001,6270.922,15
13,24,1.8191618703574552,3.340492429966811,-0.0006635512488167,27.798965435158053,0.0004,0.0,6282.063,15
13,24,1.8191618703574552,3.3405546432449658,-0.002409993723233,27.80201600994503,0.0004,0.001,6293.188,15
13,24,1.8191618703574552,3.340652423423247,8.937402321607605e-05,27.789565204223763,0.0004,0.0,6304.391,15
13,24,1.8191618703574552,3.340444688924309,-0.0019391150800575,27.795441624813627,0.0004,0.001,6315.61,15
13,24,1.8191618703574552,3.445879244368296,-3.9741103368325192,31.03587744221948,3.997,1.517,213.579,15
13,24,1.8191618703574552,4.049805818214913,-0.0023045711956,32.11187104206549,0.0008,4.057,288.516,15
13,24,1.8191618703574552,3.474133933629643,-3.974109304217206,29.80761411369712,3.997,1.538,127.735,15
13,24,1.8191618703574552,4.079165288075883,-0.0024211124347176,31.042817512205502,0.0008,4.087,202.813,15
13,24,1.8191618703574552,3.53204827468386,-3.97289029130027,27.88563839637578,3.997,1.585,41.719,15
13,24,1.8191618703574552,4.0711841979831815,-0.0012544975251204,31.30925697190411,0.0008,4.079,224.266,15
13,24,1.8191618703574552,3.44045446878838,-3.9729676971071264,31.312779871881013,3.997,1.513,234.969,15
13,24,1.8191618703574552,4.0637417594488445,0.0002559939606621,31.62527051493721,0.0008,4.071,245.641,15
13,24,1.8191618703574552,3.4348521143997126,-3.974886529224455,31.627479480230274,3.997,1.509,256.36,15
13,24,1.8191618703574552,4.056782600436359,-0.001496744651402,31.92820476967955,0.0008,4.063,267.079,15
13,24,1.8191618703574552,3.4298392915757656,-3.972531903137861,31.879810716061428,3.997,1.505,277.782,15
13,24,1.8191618703574552,4.104664326532776,-0.003032250403887,30.12403687852129,0.0008,4.113,138.469,15
13,24,1.8191618703574552,3.466026271681701,-3.97450370275118,30.14311038628784,3.997,1.533,149.172,15
13,24,1.8191618703574552,4.09566824099871,-0.0022989837737963,30.42309446760711,0.0008,4.103,159.844,15
13,24,1.8191618703574552,3.45845060717626,-3.974189877113682,30.44980251193268,3.997,1.528,170.563,15
13,24,1.8191618703574552,4.087158158673909,-0.0040224600103418,30.683110380204266,0.0008,4.094,181.266,15
13,24,1.8191618703574552,3.4517398344062675,-3.973718754470677,30.73379120125018,3.997,1.521,192.032,15
14,24,1.806344581230731,3.389451814835493,-0.0032577255209212,27.728150534848385,0.0004,0.001,6215.437,14
14,24,1.806344581230731,3.38984520654076,-0.0007269816574021,27.72149944074089,0.0004,0.001,6237.797,14
14,24,1.806344581230731,3.3897077420336754,-0.0009304985364602,27.708354565023768,0.0004,0.0,6249.062,14
14,24,1.806344581230731,3.389884643948668,-0.0019639847198351,27.71384419017608,0.0004,0.001,6260.25,14
14,24,1.806344581230731,3.390049665004023,-0.0005420962312592,27.694336840951063,0.0004,0.0,6271.484,14
14,24,1.806344581230731,3.390028952577839,-0.0021485596042562,27.691235288235408,0.0004,0.001,6282.703,14
14,24,1.806344581230731,3.389900107508208,-0.0024111670237022,27.68568176225159,0.0006,0.0,6293.89,14
14,24,1.806344581230731,3.3892701140548263,-0.0015449407299597,27.77785844061504,0.0004,0.001,6148.031,14
14,24,1.806344581230731,3.3872964108500714,0.0002720896588175,27.99349200903108,0.0004,0.0,5822.859,14
14,24,1.806344581230731,3.387189493494508,-0.0004241258665365,27.999567615506447,0.0004,0.001,5834.062,14
14,24,1.806344581230731,3.3873367003455472,-0.002004317393561,27.976527651307777,0.0004,0.0,5845.297,14
14,24,1.806344581230731,3.390924536395437,0.0139192800257347,27.6523033783114,0.0004,0.001,6394.765,14
14,24,1.806344581230731,3.389644741105984,-0.0021944520384008,27.72837439807001,0.0004,0.0,6226.64,14
14,24,1.806344581230731,3.390750991887319,-0.0021660819203734,27.63420052168626,0.0004,0.001,6417.156,14
14,24,1.806344581230731,3.390165320740712,-0.00043662400035,27.679195847837345,0.0004,0.001,6305.078,14
14,24,1.806344581230731,3.3891982084969023,-0.0007047300132228,27.776000846256263,0.0004,0.0,6136.812,14
14,24,1.806344581230731,3.38773185888289,-0.0029264272632705,27.93560149096836,0.0004,0.001,5901.406,14
14,24,1.806344581230731,3.387811809023608,-0.0034544190504076,27.914689073321583,0.0004,0.0,5912.562,14
14,24,1.806344581230731,3.3877627547258133,-0.0046228595345692,27.92453926646081,0.0004,0.001,5923.765,14
14,24,1.806344581230731,3.387941041993213,0.0006347503248044,27.89930387081728,0.0004,0.0,5934.969,14
14,24,1.806344581230731,3.3901192925603603,-0.0061462556416901,27.6757743757778,0.0004,0.0,6316.265,14
14,24,1.806344581230731,3.3868962064886405,-0.0015136915116182,28.027891873036708,0.0004,0.001,5789.297,14
14,24,1.806344581230731,3.3871087740846857,-0.0030965685851025,28.01483954815141,0.0004,0.0,5800.531,14
14,24,1.806344581230731,3.387005750108421,-0.0008702181053345,27.99866501357556,0.0004,0.001,5811.703,14
14,24,1.806344581230731,3.3887470933999797,-0.0015752821921875,27.805344307709337,0.0004,0.001,6103.234,14
14,24,1.806344581230731,3.389092076995119,-0.0020488906441945,27.80238209755243,0.0004,0.0,6114.422,14
14,24,1.806344581230731,3.3880181986092848,-0.0006575687136104,27.902488820292756,0.0004,0.001,5946.203,14
14,24,1.806344581230731,3.386854613629981,-7.74567526067909e-05,28.04180318437622,0.0006,0.0,5778.125,14
14,24,1.806344581230731,3.38724842170249,0.003543047619422,27.97816558669558,0.0004,0.001,5856.469,14
14,24,1.806344581230731,3.390681281310857,-0.0006122724436052,27.646271785015784,0.0004,0.0,6405.969,14
14,24,1.806344581230731,3.3874821719307384,0.0023238337058018,27.95095148349679,0.0004,0.001,5879.015,14
14,24,1.806344581230731,3.3875217406626037,-0.0015038810935784,27.944107268489123,0.0004,0.0,5890.187,14
14,24,1.806344581230731,3.3786153371010843,-3.9756983035249696,34.13411664759661,3.997,1.461,495.812,14
14,24,1.806344581230731,4.035239496240848,-0.0031585617958998,32.65494041242699,0.0008,4.042,333.703,14
14,24,1.806344581230731,3.3979802962638925,-3.97497007221958,33.287042077603616,3.997,1.479,409.297,14
14,24,1.806344581230731,4.062339614746091,-0.0015148086748323,31.56321436965153,0.0008,4.069,247.234,14
14,24,1.806344581230731,3.3930119725103576,-3.973144569835618,33.493217881920124,3.997,1.474,430.906,14
14,24,1.806344581230731,4.006090584076576,-0.0004380319742349,33.73650854500835,0.0008,4.012,441.687,14
14,24,1.806344581230731,3.388347066558038,-3.972306605479174,33.67995298034401,3.997,1.469,452.453,14
14,24,1.806344581230731,4.000567959214456,-0.002958021466579,33.939946483957804,0.0008,4.007,463.265,14
14,24,1.806344581230731,4.103439639175178,-0.0024465824093358,30.07249571047684,0.0008,4.111,139.219,14
14,24,1.806344581230731,3.32859348370765,-3.968940149259,35.59080700015563,3.997,1.415,689.953,14
14,24,1.806344581230731,3.929244944921644,-0.0045857365851867,35.796563754137246,0.0008,3.936,700.812,14
14,24,1.806344581230731,3.3238756492013986,-3.9734395706115806,35.66628755985457,3.997,1.41,711.609,14
14,24,1.806344581230731,3.9240268249982977,0.0002897488000289,35.85775220287488,0.0006,3.932,722.453,14
14,24,1.806344581230731,3.3192314032300194,-3.9733829238452,35.7266319448693,3.997,1.406,733.203,14
14,24,1.806344581230731,3.918827669686796,-9.196645503289206e-05,35.90880616137939,0.0008,3.926,743.937,14
14,24,1.806344581230731,4.011925279994769,-0.0033777580604869,33.539002860234675,0.0008,4.019,420.078,14
14,24,1.806344581230731,4.136552190405473,-0.002694900236127,28.93049746369861,0.0008,4.146,74.422,14
14,24,1.806344581230731,3.4654255571995995,-3.974557567368323,30.07418993292975,3.997,1.539,150.062,14
14,24,1.806344581230731,3.5127790084746278,-3.974092046027547,28.51407113576383,3.997,1.579,63.672,14
14,24,1.806344581230731,3.49697200568754,-3.973412219336877,29.02970726754426,3.997,1.564,85.203,14
14,24,1.806344581230731,4.123944847862414,-0.0022668199078884,29.384331392640156,0.0008,4.133,96.047,14
14,24,1.806344581230731,3.4843657735401514,-3.974546249554824,29.42365157800109,3.997,1.555,106.844,14
14,24,1.806344581230731,4.113204551760299,-0.0004220354220368,29.74461763727353,0.0008,4.122,117.64,14
14,24,1.806344581230731,3.4740320350412413,-3.974878146034632,29.75990503234827,3.997,1.546,128.422,14
14,24,1.806344581230731,3.389243308231295,0.001500439119129,27.758529872471044,0.0004,0.0,6159.234,14
14,24,1.806344581230731,3.5333712085144704,-3.9733396714662654,27.84341420989067,3.997,1.597,42.047,14
14,24,1.806344581230731,4.171616064107305,-0.0011541546818139,27.585413931681884,0.0008,4.183,31.203000000000003,14
14,24,1.806344581230731,3.562696550982878,-3.973617948293149,26.93235328131153,3.997,1.603,20.406,14
14,24,1.806344581230731,3.407229344009346,-3.974388417165709,32.81279196388374,3.997,1.487,366.109,14
14,24,1.806344581230731,4.023258426729541,-0.0003588552015667,33.045181710633734,0.0008,4.03,376.89,14
14,24,1.806344581230731,3.402218269053211,-3.976153799416261,33.104876632127144,3.997,1.482,387.765,14
14,24,1.806344581230731,4.017489770403,-0.0019480315163916,33.30110335179776,0.0008,4.024,398.531,14
14,24,1.806344581230731,3.362150936730663,-3.974589829398212,34.70084497638344,3.997,1.447,560.625,14
14,24,1.806344581230731,3.968737903578083,-0.0032279436595679,34.91311094405704,0.0008,3.975,571.437,14
14,24,1.806344581230731,3.2433729620778564,-3.969889510611708,36.39934347101037,3.997,1.333,1100.359,14
14,24,1.806344581230731,3.876032282256248,-0.0022270952958079,36.17615853522689,0.0008,3.884,938.265,14
14,24,1.806344581230731,3.239008057776519,-3.974443965405431,36.49701676749213,3.997,1.33,1121.984,14
14,24,1.806344581230731,3.8358685734927462,-0.0034880220182147,36.66513780960416,0.0008,3.844,1132.781,14
14,24,1.806344581230731,3.235006607915199,-3.975607739564096,36.54427228171927,3.997,1.327,1143.547,14
14,24,1.806344581230731,3.831714091777714,0.001421314860396,36.72998950416475,0.0008,3.839,1154.312,14
14,24,1.806344581230731,3.339376439722096,-3.970842369277435,35.33885237533261,3.997,1.425,646.875,14
14,24,1.806344581230731,3.9412719269147583,-0.0031060797397878,35.52881103087621,0.0006,3.948,657.609,14
14,24,1.806344581230731,3.22660194869324,-3.9708230961780098,36.69763224108255,3.997,1.317,1186.812,14
14,24,1.806344581230731,3.858052198030059,-0.0011158377375116,36.329829447150544,0.0008,3.866,1024.625,14
14,24,1.806344581230731,3.3730310029760395,-3.974866960938957,34.341726515481106,3.997,1.456,517.437,14
14,24,1.806344581230731,3.982049009074392,0.0003346011351065,34.53650904829614,0.0008,3.989,528.265,14
14,24,1.806344581230731,3.3681157635384373,-3.9739718775313695,34.49297897040208,3.997,1.451,539.031,14
14,24,1.806344581230731,3.975090232303269,-0.0007015756678405,34.74835829221737,0.0008,3.982,549.812,14
14,24,1.806344581230731,3.183896564906999,-3.9722704405789977,37.462778771518906,3.997,1.276,1424.125,14
14,24,1.806344581230731,3.779286157582792,-0.0009546505385243,37.62216394564071,0.0008,3.787,1434.906,14
14,24,1.806344581230731,3.3564258962072966,-3.972327555039731,34.86497213988264,3.997,1.441,582.219,14
14,24,1.806344581230731,3.840258634616762,-0.0006874487956166,36.58243468319081,0.0006,3.848,1111.14,14
14,24,1.806344581230731,3.3508427184498597,-3.96994572572672,35.02963254977021,3.997,1.435,603.734,14
14,24,1.806344581230731,3.9546772523240383,-0.003184228111844,35.269556855678296,0.0008,3.962,614.484,14
14,24,1.806344581230731,3.3451670356574428,-3.97327111853956,35.199742472650605,3.997,1.431,625.297,14
14,24,1.806344581230731,3.9473640813308193,-0.0021539868812695,35.40333211391007,0.0008,3.954,636.062,14
14,24,1.806344581230731,3.300226040212959,-3.9756121197928014,35.95372161582723,3.997,1.389,819.437,14
14,24,1.806344581230731,3.899732695834489,-0.0037320687424843,36.10737832544441,0.0008,3.907,830.25,14
14,24,1.806344581230731,3.333557861259818,-3.9723792846315273,35.48043833451708,3.997,1.42,668.437,14
14,24,1.806344581230731,3.988338275738447,-0.0017987405213031,34.350261733584354,0.0008,3.995,506.609,14
14,24,1.806344581230731,3.191458198133348,-3.970309900576699,37.3223285621171,3.997,1.284,1380.953,14
14,24,1.806344581230731,3.786835765778787,-0.0029361767786616,37.50167694371018,0.0008,3.795,1391.719,14
14,24,1.806344581230731,3.1877305996787264,-3.970983696584861,37.3820378820809,3.997,1.28,1402.484,14
14,24,1.806344581230731,3.7830177046262894,-0.0015722869356442,37.562082467242206,0.0008,3.791,1413.297,14
14,24,1.806344581230731,3.281795093202456,-3.970231599157964,35.996585374696835,3.997,1.37,905.781,14
14,24,1.806344581230731,3.880756790422214,-0.0026860550499564,36.136560464621,0.0008,3.888,916.625,14
14,24,1.806344581230731,3.1803633208454114,-3.9740711920789376,37.5255492716838,3.997,1.272,1445.687,14
14,24,1.806344581230731,3.80668353359014,-0.0029278488688932,37.15760302705823,0.0008,3.814,1283.859,14
14,24,1.806344581230731,3.1764878504056187,-3.972250508485159,37.58840938121452,3.997,1.269,1467.297,14
14,24,1.806344581230731,3.772021960718224,-0.0024677890556597,37.76014042040309,0.0008,3.78,1478.156,14
14,24,1.806344581230731,3.173123480679694,-3.972956562131198,37.6317645633408,3.997,1.266,1488.953,14
14,24,1.806344581230731,3.7684093176841498,-0.001613934083177,37.81444425266838,0.0008,3.776,1499.734,14
14,24,1.806344581230731,3.2642592588777624,-3.973766321061953,36.15930005971926,3.997,1.354,992.14,14
14,24,1.806344581230731,3.8625149731239055,-0.0001672359265585,36.29785530357064,0.0008,3.87,1002.984,14
14,24,1.806344581230731,3.166017100551577,-3.9759834017777953,37.76454101057312,3.997,1.258,1532.078,14
14,24,1.806344581230731,3.7905909810576985,-0.0023517402169739,37.4392930031535,0.0008,3.798,1370.172,14
14,24,1.806344581230731,3.2914100706410085,-3.972724147754501,35.959674431874085,3.997,1.38,862.515,14
14,24,1.806344581230731,3.89025291273165,1.746261752816376e-05,36.10964371207083,0.0008,3.898,873.297,14
14,24,1.806344581230731,3.28677342798703,-3.9708457917768487,35.97104689466283,3.997,1.375,884.062,14
14,24,1.806344581230731,3.885724592113368,0.000965200554238,36.1426867715132,0.0008,3.892,894.875,14
14,24,1.806344581230731,3.129031117361787,-3.972599911900152,38.33590968768355,3.997,1.223,1769.5,14
14,24,1.806344581230731,3.725847475430753,-0.0039702555550517,38.51485547563693,0.0008,3.734,1780.344,14
14,24,1.806344581230731,3.277518047159789,-3.9745789618639153,36.05288268521163,3.997,1.367,927.469,14
14,24,1.806344581230731,3.775539530827676,-0.0015964077735606,37.69697705966055,0.0008,3.784,1456.5,14
14,24,1.806344581230731,3.2733659301494065,-3.9718668559188615,36.0676890256873,3.997,1.362,949.031,14
14,24,1.806344581230731,3.8712936375330895,-0.0015473905203245,36.21759349428143,0.0008,3.88,959.812,14
14,24,1.806344581230731,3.2687023051869266,-3.974996819389679,36.11399395119423,3.997,1.359,970.578,14
14,24,1.806344581230731,3.866935644859173,-0.0012528617219278,36.26835402905716,0.0008,3.874,981.359,14
14,24,1.806344581230731,3.230862238748483,-3.9756625001075263,36.63881298653603,3.997,1.322,1165.14,14
14,24,1.806344581230731,3.827283228632109,-0.0025173967200002,36.79568505338268,0.0008,3.834,1175.969,14
14,24,1.806344581230731,3.260058734206176,-3.976936142536244,36.19447467298735,3.997,1.349,1013.812,14
14,24,1.806344581230731,3.894854515087761,-0.0025371282294376,36.09864791038099,0.0008,3.902,851.75,14
14,24,1.806344581230731,3.1353226070677684,-3.973736228551073,38.22949262687885,3.997,1.229,1726.359,14
14,24,1.806344581230731,3.731459509521888,-0.0026703994176053,38.419703149809656,0.0008,3.739,1737.094,14
14,24,1.806344581230731,3.131885787169308,-3.974050263594361,38.30128530266576,3.997,1.226,1747.906,14
14,24,1.806344581230731,3.728596861974421,-0.0013948537687731,38.458096870932586,0.0008,3.736,1758.75,14
14,24,1.806344581230731,3.2149407837372808,-3.973073191432365,36.90529022143925,3.997,1.306,1251.406,14
14,24,1.806344581230731,3.810826516081873,-0.0003449967143411,37.08104506553103,0.0006,3.819,1262.203,14
14,24,1.806344581230731,3.1258260626327408,-3.974534209207356,38.39918286120373,3.997,1.219,1791.219,14
14,24,1.806344581230731,3.747736493870603,-0.0027988207476001,38.17183426890349,0.0008,3.756,1629.203,14
14,24,1.806344581230731,3.122319805973949,-3.9743345456888894,38.4440152277629,3.997,1.216,1812.89,14
14,24,1.806344581230731,3.7200410782063753,-0.0032772606733597,38.63344116247785,0.0008,3.727,1823.719,14
14,24,1.806344581230731,3.1199283514786478,-3.971117218099424,38.47183192936472,3.997,1.214,1834.484,14
14,24,1.806344581230731,3.717042215186116,-0.0023264944757367,38.65416380610205,0.0008,3.724,1845.265,14
14,24,1.806344581230731,3.1991032386609013,-3.972509395882595,37.17990076622463,3.997,1.292,1337.875,14
14,24,1.806344581230731,3.79437431804329,-0.0003557612373728,37.368402655552245,0.0008,3.802,1348.609,14
14,24,1.806344581230731,3.113583329792408,-3.974298152864086,38.57668726191971,3.997,1.208,1877.719,14
14,24,1.806344581230731,3.734743588991287,-0.0020456311751036,38.37429937733224,0.0008,3.743,1715.578,14
14,24,1.806344581230731,3.222671520314003,-3.970566256107889,36.74484850197555,3.997,1.314,1208.39,14
14,24,1.806344581230731,3.818989201841137,0.0003355027287934,36.95805640210004,0.0006,3.827,1219.172,14
14,24,1.806344581230731,3.218930918707307,-3.973408213693933,36.82549165214174,3.997,1.31,1229.937,14
14,24,1.806344581230731,3.8147207018785463,-0.0037354354405069,37.01043963666929,0.0008,3.822,1240.672,14
14,24,1.806344581230731,3.0850495304930003,-3.972909910708177,39.0575018283931,3.997,1.18,2115.39,14
14,24,1.806344581230731,3.6858645880099674,6.021633595725805e-05,39.248583942157154,0.0008,3.693,2126.234,14
14,24,1.806344581230731,3.2108452058336643,-3.97599146150171,36.95810675057656,3.997,1.302,1273.015,14
14,24,1.806344581230731,3.722621726108208,0.0011066621052619,38.578397799921454,0.0008,3.73,1802.062,14
14,24,1.806344581230731,3.206903762836115,-3.968298119794262,37.04223998584477,3.997,1.298,1294.656,14
14,24,1.806344581230731,3.802361723164826,-0.0012446961803383,37.223735788970245,0.0008,3.81,1305.406,14
14,24,1.806344581230731,3.2030637854222386,-3.9727042159901247,37.12188417294119,3.997,1.295,1316.187,14
14,24,1.806344581230731,3.798780216926008,-0.0002940313043364,37.29036066867339,0.0008,3.806,1327.031,14
14,24,1.806344581230731,3.169559190322802,-3.972433164842516,37.70400761054413,3.997,1.263,1510.484,14
14,24,1.806344581230731,3.764547443270489,0.0001721364420775,37.88442725903831,0.0008,3.772,1521.234,14
14,24,1.806344581230731,3.195118553604141,-3.9723858141235695,37.25100213315068,3.997,1.287,1359.422,14
14,24,1.806344581230731,3.822944957267332,-0.0024163808713299,36.85216635023114,0.0008,3.831,1197.594,14
14,24,1.806344581230731,3.0898759789084056,-3.9736394516935913,38.950723551021866,3.997,1.184,2072.14,14
14,24,1.806344581230731,3.689980146238269,-0.0010289142511602,39.1266839034069,0.0008,3.697,2082.922,14
14,24,1.806344581230731,3.087424306400619,-3.9709941752841127,39.02068899546912,3.997,1.182,2093.734,14
14,24,1.806344581230731,3.687478038177944,-0.0033910617426257,39.18893610810984,0.0008,3.695,2104.594,14
14,24,1.806344581230731,3.1553158114555657,-3.975206037495615,37.947336525579374,3.997,1.248,1596.812,14
14,24,1.806344581230731,3.7511703563291054,0.0002668208014971,38.10487061446564,0.0008,3.758,1607.578,14
14,24,1.806344581230731,3.0829070483039898,-3.972698643056782,39.08267167897494,3.997,1.178,2137.015,14
14,24,1.806344581230731,3.701554667152046,0.0009768427764585,38.92548046440173,0.0008,3.709,1974.953,14
14,24,1.806344581230731,3.0805592775168,-3.974934601562146,39.145019067619415,3.997,1.176,2158.484,14
14,24,1.806344581230731,3.6817765846683135,-0.0017295154049795,39.3097226889116,0.0008,3.69,2169.25,14
14,24,1.806344581230731,3.0780381677253894,-3.9739037252619673,39.18021161299123,3.997,1.173,2180.078,14
14,24,1.806344581230731,3.67985783997541,0.0003932117690195,39.34511028362677,0.0008,3.687,2190.89,14
14,24,1.806344581230731,3.1418123872554173,-3.974333300780768,38.14134192321861,3.997,1.235,1683.265,14
14,24,1.806344581230731,3.737736228957115,-0.0016150673869626,38.32130409983552,0.0008,3.745,1694.078,14
14,24,1.806344581230731,3.0740586428246366,-3.972862403080353,39.26218981001226,3.997,1.17,2223.187,14
14,24,1.806344581230731,3.691797717608457,-0.0016308880254131,39.08484881165213,0.0008,3.699,2061.328,14
14,24,1.806344581230731,3.162495379960113,-3.974290699520316,37.81632697085096,3.997,1.256,1553.687,14
14,24,1.806344581230731,3.7576911792781016,-0.0030709842182185,37.98842756485608,0.0008,3.765,1564.531,14
14,24,1.806344581230731,3.158791124602495,-3.973664287684038,37.87479299714788,3.997,1.253,1575.312,14
14,24,1.806344581230731,3.754298159456845,-0.0035168565663166,38.07712508416056,0.0008,3.762,1586.062,14
14,24,1.806344581230731,3.050015748194077,-3.9735572335766296,39.75614696261119,3.997,1.146,2460.75,14
14,24,1.806344581230731,3.657473797104972,-0.0026464910478696,39.95409820831821,0.0008,3.664,2471.578,14
14,24,1.806344581230731,3.1515983189420487,-3.971969943470985,38.00112877244275,3.997,1.245,1618.375,14
14,24,1.806344581230731,3.683696695012825,-0.0019542625743511,39.2752346666767,0.0008,3.691,2147.719,14
14,24,1.806344581230731,3.1483858559309144,-3.973174846879416,38.05006804675789,3.997,1.243,1640.109,14
14,24,1.806344581230731,3.7443227748942713,-0.0043748429153257,38.21417039063592,0.0008,3.752,1650.89,14
14,24,1.806344581230731,3.145117828112595,-3.974514554720362,38.09768414945362,3.997,1.239,1661.687,14
14,24,1.806344581230731,3.740948260462588,0.0024898577245023,38.284024202364805,0.0008,3.749,1672.515,14
14,24,1.806344581230731,3.1166522377547463,-3.9736783008662,38.51889632304928,3.997,1.211,1856.078,14
14,24,1.806344581230731,3.714001431925576,-0.0032944518843812,38.71383396227239,0.0008,3.722,1866.89,14
14,24,1.806344581230731,3.138560918314227,-3.97280750422355,38.18853587295029,3.997,1.232,1704.812,14
14,24,1.806344581230731,3.761165071994153,0.0008517833205111,37.9470470421814,0.0008,3.769,1542.859,14
14,24,1.806344581230731,3.0541692215071152,-3.971520453169724,39.64103113285452,3.997,1.15,2417.656,14
14,24,1.806344581230731,3.660851022835781,0.0003943467796213,39.84323262108538,0.0006,3.668,2428.422,14
14,24,1.806344581230731,3.052142324655548,-3.9726953379906353,39.712272677027855,3.997,1.149,2439.219,14
14,24,1.806344581230731,3.6592601566178153,-0.0028515710510617,39.89387741316109,0.0008,3.666,2449.984,14
14,24,1.806344581230731,3.105286980065588,-3.9742223754242025,38.7179441061181,3.997,1.2,1942.547,14
14,24,1.806344581230731,3.7038326302393503,-0.0024002465255868,38.88248122950943,0.0008,3.711,1953.39,14
14,24,1.806344581230731,3.047667939732991,-3.9729497699860055,39.812979123382,3.997,1.144,2482.422,14
14,24,1.806344581230731,3.669468808579652,-0.0002410064475636,39.62184304498087,0.0008,3.676,2320.281,14
14,24,1.806344581230731,3.045174552826427,-3.9700767269368,39.86344664754418,3.997,1.142,2503.953,14
14,24,1.806344581230731,3.653712216988991,-0.0030471761482335,40.055108575109465,0.0008,3.661,2514.781,14
14,24,1.806344581230731,3.0428494616445456,-3.972193162921908,39.91458024473668,3.997,1.14,2525.594,14
14,24,1.806344581230731,3.652048885931799,-0.0013399168978307,40.10421349649447,0.0008,3.659,2536.406,14
14,24,1.806344581230731,3.0945966323200707,-3.972884270030328,38.86182019776748,3.997,1.189,2029.0,14
14,24,1.806344581230731,3.694387166624112,-0.0005191713846352,39.03207971641517,0.0008,3.702,2039.75,14
14,24,1.806344581230731,3.03796840687006,-3.974260816484445,40.026535142200586,3.997,1.136,2568.765,14
14,24,1.806344581230731,3.663348930492795,-0.0016232128197131,39.81994049408935,0.0008,3.67,2406.89,14
14,24,1.806344581230731,3.1106370005251702,-3.969631603450439,38.626155245761424,3.997,1.205,1899.406,14
14,24,1.806344581230731,3.7089201644266767,-0.0031396767842017,38.794397601820016,0.0008,3.716,1910.219,14
14,24,1.806344581230731,3.108002543814089,-3.973329585737236,38.65452917515526,3.997,1.202,1921.0,14
14,24,1.806344581230731,3.7061176547043977,-0.0030889604437749,38.837061219405,0.0008,3.714,1931.75,14
14,24,1.806344581230731,3.006167153116103,-3.973623406741889,40.66652645351789,3.997,1.106,2806.437,14
14,24,1.806344581230731,3.62207640648406,-0.0027131981125297,40.85556194361382,0.0008,3.628,2817.156,14
14,24,1.806344581230731,3.102528798275263,-3.974071142807341,38.73216913414811,3.997,1.198,1964.203,14
14,24,1.806344581230731,3.655656513596368,-0.0033443241037855,40.001579906811926,0.0008,3.663,2493.172,14
14,24,1.806344581230731,3.0996547752104413,-3.9727446858437343,38.77775836504598,3.997,1.194,1985.781,14
14,24,1.806344581230731,3.6985530487469744,-0.0015167845069717,38.98066878697834,0.0008,3.706,1996.562,14
14,24,1.806344581230731,3.0971058020060744,-3.9733896794923456,38.833094511678695,3.997,1.19,2007.406,14
14,24,1.806344581230731,3.696408008864291,-9.682299455605377e-05,38.98483711238958,0.0008,3.704,2018.234,14
14,24,1.806344581230731,3.076172644337844,-3.970998457781558,39.217495177121904,3.997,1.171,2201.672,14
14,24,1.806344581230731,3.677965155305837,-0.0010697948714336,39.40530815956974,0.0008,3.686,2212.422,14
14,24,1.806344581230731,3.09235972995712,-3.972134528450205,38.90327231093621,3.997,1.186,2050.562,14
14,24,1.806344581230731,3.711306526925168,-0.0015877284379726,38.74279891256981,0.0006,3.719,1888.547,14
14,24,1.806344581230731,3.012931525047688,-3.9718118635545103,40.55690561796838,3.997,1.112,2763.172,14
14,24,1.806344581230731,3.627925279679298,0.0011248973589958,40.72660520999512,0.0008,3.633,2773.953,14
14,24,1.806344581230731,3.009854139086072,-3.972129131901164,40.59282742204436,3.997,1.11,2784.781,14
14,24,1.806344581230731,3.625529270251517,-0.0014214706952345,40.80893331889177,0.0008,3.631,2795.594,14
14,24,1.806344581230731,3.0677519028039915,-3.9716023981460857,39.40826648202504,3.997,1.163,2287.922,14
14,24,1.806344581230731,3.670971314368973,0.000347668628109,39.5865816782262,0.0008,3.678,2298.719,14
14,24,1.806344581230731,3.0025471576410387,-3.972574726781148,40.72875358435218,3.997,1.102,2827.937,14
14,24,1.806344581230731,3.640347771159018,-0.0003765737152889,40.45961898188982,0.0008,3.646,2665.953,14
14,24,1.806344581230731,2.998998374638268,-3.9736870725350255,40.79479759990234,3.997,1.1,2849.515,14
14,24,1.806344581230731,3.616147580204939,-0.0020173700177079,40.99167471965066,0.0008,3.621,2860.312,14
14,24,1.806344581230731,2.99478675643445,-3.972344566436665,40.8377726065274,3.997,1.096,2871.109,14
14,24,1.806344581230731,3.612659556585791,-0.0004976549023237,41.04973814547686,0.0008,3.618,2881.969,14
14,24,1.806344581230731,3.058690046220708,-3.97122161348306,39.56895881245931,3.997,1.154,2374.437,14
14,24,1.806344581230731,3.6643538171112775,-0.0044961153317115,39.73782724472172,0.0008,3.672,2385.265,14
14,24,1.806344581230731,2.985563828923832,-3.973386549912564,40.94617158450389,3.997,1.086,2914.5,14
14,24,1.806344581230731,3.630742158598731,-0.0013182650846423,40.679521372051255,0.0008,3.637,2752.406,14
14,24,1.806344581230731,3.072171417964236,-3.9735584084066287,39.31972199436768,3.997,1.167,2244.703,14
14,24,1.806344581230731,3.6746801909291698,-0.0032608144131036,39.47657535483541,0.0008,3.682,2255.453,14
14,24,1.806344581230731,3.069991595381397,-3.974978407101352,39.36807921382453,3.997,1.166,2266.219,14
14,24,1.806344581230731,3.672981027060701,0.000458349094493,39.54377135852973,0.0008,3.68,2277.078,14
14,24,1.806344581230731,2.883963418844587,-3.974400600744248,41.63784154852064,3.997,0.99,3152.047,14
14,24,1.806344581230731,3.516577481136029,-0.0008898881055056,41.82014572311054,0.0008,3.519,3162.828,14
14,24,1.806344581230731,3.065276623503389,-3.973386984149381,39.451312911779446,3.997,1.16,2309.515,14
14,24,1.806344581230731,3.619466109392736,-0.0015306703952365,40.92433775946964,0.0006,3.624,2838.734,14
14,24,1.806344581230731,3.0631150837003114,-3.972692233719294,39.482770422412784,3.997,1.159,2331.078,14
14,24,1.806344581230731,3.6677451827843695,0.0005861931009681,39.67920476257363,0.0008,3.675,2341.906,14
14,24,1.806344581230731,3.061346389536261,-3.971734598740389,39.52830992740071,3.997,1.157,2352.75,14
14,24,1.806344581230731,3.6662109949526007,-0.0042893943749958,39.70904783157451,0.0008,3.674,2363.578,14
14,24,1.806344581230731,3.04038570020648,-3.974799603816206,39.95870370258768,3.997,1.137,2547.156,14
14,24,1.806344581230731,3.6504087486278913,-0.0011195447596359,40.18324793691243,0.0006,3.657,2557.922,14
14,24,1.806344581230731,3.0565187439516013,-3.9731414356589183,39.63151016339624,3.997,1.152,2396.047,14
14,24,1.806344581230731,3.6760699459487487,-0.0025783822023745,39.46658061957452,0.0008,3.683,2233.937,14
14,24,1.806344581230731,2.915806890826147,-3.97038237499017,41.46116466791952,3.997,1.021,3108.812,14
14,24,1.806344581230731,3.545179672003528,-0.0012918164079409,41.69548992961919,0.0008,3.548,3119.625,14
14,24,1.806344581230731,2.9014037818279657,-3.971934807888893,41.55522118083263,3.997,1.007,3130.469,14
14,24,1.806344581230731,3.532013237266202,-0.0021140017863232,41.76220437944116,0.0008,3.535,3141.25,14
14,24,1.806344581230731,3.0298739095088214,-3.9756332934472174,40.1995058621608,3.997,1.128,2633.453,14
14,24,1.806344581230731,3.642423373043634,-0.0011000903747141,40.4121167391028,0.0008,3.649,2644.281,14
14,24,1.806344581230731,2.8633532570678364,-3.972353101226107,41.69536222985549,3.997,0.972,3173.64,14
14,24,1.806344581230731,3.5861479722651044,-0.0011403598892407,41.37445017863595,0.0006,3.59,3011.594,14
14,24,1.806344581230731,2.8389898646180525,-3.971828763176593,41.80659154344356,3.997,0.949,3195.328,14
14,24,1.806344581230731,3.475572207397135,-0.0029888311775656,42.00794491800742,0.0006,3.479,3206.094,14
14,24,1.806344581230731,2.811214722953363,-3.9721205779986986,41.8740281441998,3.997,0.922,3216.844,14
14,24,1.806344581230731,3.450246705247748,-0.0018318497643243,42.07703596440922,0.0008,3.452,3227.656,14
14,24,1.806344581230731,3.018715966804701,-3.972713967908686,40.42251077939731,3.997,1.116,2720.062,14
14,24,1.806344581230731,3.6331133709267074,-0.0006456809190643,40.61794622394536,0.0008,3.639,2730.812,14
14,24,1.806344581230731,2.741470790005756,-3.97210989104542,42.071147077731176,3.997,0.855,3259.937,14
14,24,1.806344581230731,3.5557983714906665,-0.0025649051362855,41.589531958085786,0.0008,3.559,3098.0,14
14,24,1.806344581230731,3.034970594136752,-3.971398184032182,40.100518812474206,3.997,1.133,2590.437,14
14,24,1.806344581230731,3.646304217138717,-0.0023177612897046,40.284864505872605,0.0006,3.653,2601.187,14
14,24,1.806344581230731,3.032695711941566,-3.975903403459867,40.14858191023502,3.997,1.13,2611.922,14
14,24,1.806344581230731,3.6444555656613793,-0.0015067459178988,40.35662492014063,0.0008,3.651,2622.687,14
14,24,1.806344581230731,3.3078922250696983,0.0026786230788416,38.95193855023775,0.0004,0.001,3504.297,14
14,24,1.806344581230731,3.3111426737139134,-0.0025081824578461,38.77005989786122,0.0004,0.0,3515.531,14
14,24,1.806344581230731,3.027181079828871,-3.972857014305871,40.26929786224393,3.997,1.125,2655.109,14
14,24,1.806344581230731,3.4980597014404045,-0.000613667962127,41.90601609058813,0.0008,3.501,3184.469,14
14,24,1.806344581230731,3.0245584212049774,-3.9728573250826575,40.300576748432384,3.997,1.123,2676.781,14
14,24,1.806344581230731,3.638073206877417,-0.0003261047868933,40.501120737173785,0.0008,3.644,2687.609,14
14,24,1.806344581230731,3.0217398153527006,-3.9744769316791673,40.36918470214514,3.997,1.12,2698.437,14
14,24,1.806344581230731,3.6356943719813977,-0.0027606900759895,40.55320938587884,0.0006,3.641,2709.234,14
14,24,1.806344581230731,2.9906803122827843,-3.9710238196772,40.88836894174367,3.997,1.092,2892.812,14
14,24,1.806344581230731,3.6092170736425153,-0.0022384342796819,41.08453139567173,0.0008,3.615,2903.609,14
14,24,1.806344581230731,3.015643080173588,-3.970793590406637,40.515301456925485,3.997,1.115,2741.578,14
14,24,1.806344581230731,3.648772296159801,-0.0021361550386946,40.208763446180434,0.0008,3.655,2579.594,14
14,24,1.806344581230731,3.290943901248786,-0.0003068018289107,39.77093550513586,0.0004,0.001,3459.5,14
14,24,1.806344581230731,3.2959681315782388,0.0001038441786506,39.55670718676206,0.0004,0.0,3470.687,14
14,24,1.806344581230731,3.30034710020237,-0.0007830671640516,39.34562916018725,0.0004,0.001,3481.906,14
14,24,1.806344581230731,3.304414088211441,0.0003181074973253,39.15098479661087,0.0004,0.0,3493.109,14
14,24,1.806344581230731,2.9689524538613656,-3.9744826278534098,41.12943720490849,3.997,1.07,2979.187,14
14,24,1.806344581230731,3.591557943111284,0.0002865990015378,41.31076085103292,0.0008,3.595,2990.031,14
14,24,1.806344581230731,3.314071229798337,-0.0018546479421449,38.58325049543773,0.0004,0.001,3526.734,14
14,24,1.806344581230731,3.157540666771148,-0.0033418021527143,42.73670303920533,0.0004,0.0,3358.672,14
14,24,1.806344581230731,3.319312635473848,-0.0003001972349213,38.22759754678778,0.0004,0.001,3549.234,14
14,24,1.806344581230731,3.321572512419733,-0.0030101151173284,38.06241640133247,0.0004,0.0,3560.39,14
14,24,1.806344581230731,3.32359044104787,-0.0015412776488459,37.88534067567515,0.0004,0.001,3571.703,14
14,24,1.806344581230731,3.325748697289346,-0.0017788797704024,37.731314805055554,0.0004,0.0,3582.937,14
14,24,1.806344581230731,2.9379342946782785,-3.9738013054813615,41.352416952420064,3.997,1.041,3065.64,14
14,24,1.806344581230731,3.56509155914693,-0.0020752312405463,41.58071204124484,0.0008,3.568,3076.453,14
14,24,1.806344581230731,3.3308925868880523,-0.0009029397611066,37.228037232772536,0.0004,0.001,3616.594,14
14,24,1.806344581230731,3.2850378273689977,-0.0036426649107102,39.9884657819277,0.0004,0.0,3448.25,14
14,24,1.806344581230731,2.980743622349181,-3.974855773411895,40.9748866966686,3.997,1.08,2936.015,14
14,24,1.806344581230731,3.600950796014586,-0.0022958573843907,41.21377569871391,0.0008,3.605,2946.781,14
14,24,1.806344581230731,2.9754031699196744,-3.973294078647685,41.065493328241686,3.997,1.076,2957.547,14
14,24,1.806344581230731,3.5965111100918628,-0.002163537425689,41.25280270556394,0.0008,3.601,2968.312,14
14,24,1.806344581230731,3.3519147890872087,-0.0014227930578738,34.475823573310805,0.0004,0.001,3863.062,14
14,24,1.806344581230731,3.3525893891842213,-0.0016256127942279,34.373112533795705,0.0004,0.0,3874.312,14
14,24,1.806344581230731,2.9626289906866696,-3.9727887627910072,41.19058215042016,3.997,1.063,3000.844,14
14,24,1.806344581230731,3.3166465494113817,-0.0003338707965036,38.39908144141472,0.0004,0.0,3538.031,14
14,24,1.806344581230731,2.9547941099789328,-3.972916090317213,41.24457533269649,3.997,1.056,3022.484,14
14,24,1.806344581230731,3.579658518369371,-0.0025198915732153,41.44152576420855,0.0008,3.583,3033.25,14
14,24,1.806344581230731,2.947417756244442,-3.973599058438055,41.28390666129472,3.997,1.05,3044.031,14
14,24,1.806344581230731,3.573106576556219,-0.0004132886999894,41.507605523075895,0.0008,3.576,3054.797,14
14,24,1.806344581230731,2.779152030318296,-3.973648039404289,41.96704446911704,3.997,0.893,3238.422,14
14,24,1.806344581230731,3.4200420684266266,0.0019468373757867,42.199468369680815,0.0006,3.422,3249.172,14
14,24,1.806344581230731,2.927981529369903,-3.972519244178666,41.40647751219761,3.997,1.031,3087.234,14
14,24,1.806344581230731,3.605043753801239,-0.0021309835568761,41.11290295116476,0.0008,3.609,2925.25,14
14,24,1.806344581230731,3.349208404509632,-0.0020834384400075,34.907306206933775,0.0004,0.001,3818.25,14
14,24,1.806344581230731,3.3498703699702905,0.0010119711566018,34.78548504912786,0.0004,0.0,3829.437,14
14,24,1.806344581230731,3.350564891335277,-0.0052251435816396,34.69426083430076,0.0004,0.001,3840.609,14
14,24,1.806344581230731,3.3511456064810674,2.0852389864722817e-05,34.57379889258247,0.0004,0.0,3851.844,14
14,24,1.806344581230731,2.576172621017227,-3.971595691987605,42.41061335795774,3.997,0.701,3325.406,14
14,24,1.806344581230731,3.225546944639758,7.098655092371969e-05,42.65971708681413,0.0008,3.223,3336.437,14
14,24,1.806344581230731,3.3527734368847737,-0.0037036660940926,34.27203801862025,0.0004,0.001,3885.515,14
14,24,1.806344581230731,3.341900849345376,-0.0015254937759016,35.964623692641844,0.0004,0.0,3717.406,14
14,24,1.806344581230731,3.354207279793341,-0.0014845079025946,34.064977758247686,0.0004,0.001,3907.906,14
14,24,1.806344581230731,3.3547499281313278,-0.0027216281279099,33.94838442440647,0.0004,0.0,3919.078,14
14,24,1.806344581230731,3.355506569706002,0.0094264925503266,33.86860047686894,0.0004,0.001,3930.265,14
14,24,1.806344581230731,3.355322242738746,0.0016055488891652,33.77170714924684,0.0004,0.0,3941.515,14
14,24,1.806344581230731,3.2618183833944867,-0.0027288118177054,40.74859508500399,0.0004,0.001,3414.64,14
14,24,1.806344581230731,3.270874703572676,-0.0027381805762995,40.49233662826729,0.0004,0.0,3425.875,14
14,24,1.806344581230731,3.357352789879302,0.0005203020237176,33.52197880497364,0.0004,0.001,3975.172,14
14,24,1.806344581230731,3.348618156379441,-0.0017622417606781,35.01118073205749,0.0004,0.0,3807.031,14
14,24,1.806344581230731,2.6972572997934283,-3.974196899977903,42.1594671942782,3.997,0.815,3281.422,14
14,24,1.806344581230731,3.3416001452069706,0.0014704466639307,42.37971614638713,0.0008,3.341,3292.469,14
14,24,1.806344581230731,2.6437296804139576,-3.972349753181805,42.28825575013818,3.997,0.763,3303.375,14
14,24,1.806344581230731,3.2904974970838983,-0.0042968073745601,42.53127168259493,0.0008,3.29,3314.39,14
14,24,1.806344581230731,3.365474265659653,0.0015101870054797,31.853433075596367,0.0006,0.001,4221.5,14
14,24,1.806344581230731,3.365900972663964,-0.0015289603753186,31.80202421092816,0.0004,0.0,4232.672,14
14,24,1.806344581230731,2.4903839742860163,-3.963386895860417,42.53981753591135,3.997,0.624,3347.469,14
14,24,1.806344581230731,3.353437474447498,-0.0001116704218471,34.14824608106976,0.0004,0.0,3896.703,14
14,24,1.806344581230731,3.1948726745151195,-0.0028796122796614,42.361942053478415,0.0004,0.001,3369.875,14
14,24,1.806344581230731,3.2189245202908072,-0.0024672402544427,41.87116118620599,0.0004,0.0,3381.062,14
14,24,1.806344581230731,3.2370629842957808,-0.0003007266257986,41.42560094112895,0.0004,0.001,3392.219,14
14,24,1.806344581230731,3.250734268441286,0.0033348236059702,41.07188005732839,0.0004,0.0,3403.453,14
14,24,1.806344581230731,3.327624474934398,-0.0023686188710518,37.5690388138149,0.0004,0.001,3594.156,14
14,24,1.806344581230731,3.329275411813226,-0.0018832591193338,37.40327928192658,0.0004,0.0,3605.422,14
14,24,1.806344581230731,3.2788568974607784,0.0004040654114406,40.213327863789154,0.0004,0.001,3437.078,14
14,24,1.806344581230731,3.3846419328759705,-0.0006509353063807,42.27520526623496,0.0006,3.385,3270.672,14
14,24,1.806344581230731,3.364194461665333,0.0003991721231108,32.12483860223152,0.0004,0.001,4176.719,14
14,24,1.806344581230731,3.364535670569428,-0.0019273083650385,32.055392985228764,0.0004,0.0,4187.906,14
14,24,1.806344581230731,3.3647737158601543,-0.0024657883877721,31.96986541986936,0.0004,0.001,4199.047,14
14,24,1.806344581230731,3.365342778771112,-0.0003073200458634,31.902906449091287,0.0004,0.0,4210.234,14
14,24,1.806344581230731,3.3390056588976567,-0.0025685420664316,36.37563655890986,0.0006,0.001,3683.844,14
14,24,1.806344581230731,3.339915925840048,-0.0008149987332854,36.25865184519929,0.0004,0.0,3695.062,14
14,24,1.806344581230731,3.3660946188334697,0.0003896566413213,31.715263571278573,0.0004,0.001,4243.875,14
14,24,1.806344581230731,3.360917746696896,-0.002768206572269,32.757385809786854,0.0004,0.0,4075.953,14
14,24,1.806344581230731,3.3668113253550973,-0.0018021237062223,31.59153670683141,0.0004,0.001,4266.219,14
14,24,1.806344581230731,3.366942898719691,-0.0008621220054992,31.558516021626136,0.0004,0.0,4277.453,14
14,24,1.806344581230731,3.3674610606356947,-0.001948081123698,31.504741007364338,0.0004,0.001,4288.672,14
14,24,1.806344581230731,3.3674021391242825,-0.0040351792649995,31.445630190952382,0.0004,0.0,4299.922,14
14,24,1.806344581230731,3.346457499744174,-0.0008079050961092,35.34510938200504,0.0006,0.001,3773.422,14
14,24,1.806344581230731,3.347106106110908,-0.0036111892453939,35.25153587564608,0.0004,0.0,3784.625,14
14,24,1.806344581230731,3.368258515281628,-0.0014428736934244,31.28967882979765,0.0004,0.001,4333.484,14
14,24,1.806344581230731,3.363885912115254,-0.0002030724855156,32.181856560382926,0.0006,0.0,4165.578,14
14,24,1.806344581230731,3.333753629689799,-0.0005858611186936,36.93580624515613,0.0004,0.001,3638.984,14
14,24,1.806344581230731,3.335058773613204,-0.0016585622719311,36.79454980124193,0.0004,0.0,3650.187,14
14,24,1.806344581230731,3.336551733887721,-0.002872739267587,36.64551388851599,0.0004,0.001,3661.39,14
14,24,1.806344581230731,3.337939845311485,-0.0011574149619691,36.50863924255774,0.0004,0.0,3672.594,14
14,24,1.806344581230731,3.373546236550045,-0.0024993124768384,30.26697672737024,0.0004,0.001,4580.015,14
14,24,1.806344581230731,3.373594647282068,0.0002827199825104,30.22804045186448,0.0004,0.0,4591.219,14
14,24,1.806344581230731,3.341054248056033,0.0004177627007923,36.12203110259363,0.0006,0.001,3706.234,14
14,24,1.806344581230731,3.366567977007313,-0.0029066266287828,31.663984897786445,0.0004,0.0,4255.078,14
14,24,1.806344581230731,3.3429709248930424,-0.0028085160325911,35.85263290657763,0.0004,0.001,3728.594,14
14,24,1.806344581230731,3.343961326124149,-0.0053661406291862,35.74029947704759,0.0004,0.0,3739.812,14
14,24,1.806344581230731,3.3445381359539743,-0.0013605816135476,35.60649812062839,0.0004,0.001,3751.0,14
14,24,1.806344581230731,3.3453143432675403,-0.0029260820554032,35.473468453876656,0.0004,0.0,3762.187,14
14,24,1.806344581230731,3.3562165923398046,0.0009962786334641,33.676251940007376,0.0006,0.001,3952.812,14
14,24,1.806344581230731,3.356474353385217,-0.0021798103120892,33.58082460084555,0.0004,0.0,3963.984,14
14,24,1.806344581230731,3.3477512935857043,-0.0031081031147046,35.10803478270846,0.0004,0.001,3795.844,14
14,24,1.806344581230731,3.332485112953995,-0.0003280092976883,37.08444218381175,0.0004,0.0,3627.812,14
14,24,1.806344581230731,3.3728370876529543,-0.0017223459891564,30.43829571775713,0.0004,0.001,4535.281,14
14,24,1.806344581230731,3.372862592805672,-0.0009530192483572,30.40355587967788,0.0004,0.0,4546.453,14
14,24,1.806344581230731,3.372684908397324,-0.0012373109110921,30.35435989779836,0.0004,0.001,4557.609,14
14,24,1.806344581230731,3.373183299141887,-0.0012069279567238,30.31944665054625,0.0004,0.001,4568.781,14
14,24,1.806344581230731,3.359494853839849,0.0037939364108914,33.00465152402107,0.0004,0.001,4042.422,14
14,24,1.806344581230731,3.3598689050067168,-0.005457359377787,32.91003314968649,0.0004,0.0,4053.578,14
14,24,1.806344581230731,3.3738733279027304,-0.0015733533099946,30.19421240134964,0.0004,0.001,4602.437,14
14,24,1.806344581230731,3.3706711999729246,-0.0022232262775322,30.83908679084457,0.0004,0.0,4434.344,14
14,24,1.806344581230731,3.374231428158016,-0.0012531843623405,30.129381950995416,0.0004,0.001,4624.844,14
14,24,1.806344581230731,3.374578944180703,-0.0024034012036601,30.08172007852217,0.0004,0.0,4636.062,14
14,24,1.806344581230731,3.374795007400966,-0.0004870506289062,30.033156410588084,0.0004,0.001,4647.234,14
14,24,1.806344581230731,3.374668797018236,-0.0039187780943089,30.011441145475573,0.0004,0.0,4658.453,14
14,24,1.806344581230731,3.3628318353489006,-0.0044177172520129,32.38789294586391,0.0004,0.001,4132.015,14
14,24,1.806344581230731,3.3631269431574204,-0.0016644636582379,32.31776650940322,0.0006,0.0,4143.156,14
14,24,1.806344581230731,3.375428800551371,-0.0032868942950565,29.888742914934028,0.0004,0.001,4692.0,14
14,24,1.806344581230731,3.3724234528411987,0.0006128441037196,30.49085044156181,0.0004,0.0,4524.0,14
14,24,1.806344581230731,3.358068804284666,-0.0068035167308685,33.347983706946295,0.0004,0.001,3997.484,14
14,24,1.806344581230731,3.3587077930765115,-0.0024980034666128,33.25849946520921,0.0004,0.0,4008.687,14
14,24,1.806344581230731,3.358863759599788,-0.0026462257753754,33.17007595855703,0.0004,0.001,4019.953,14
14,24,1.806344581230731,3.359455881300108,0.0013350194833885,33.07274211273877,0.0004,0.0,4031.203,14
14,24,1.806344581230731,3.3788700937677465,-0.002488208768785,29.25820979026604,0.0004,0.001,4938.281,14
14,24,1.806344581230731,3.378853758460253,-0.0026375232692435,29.23500208245293,0.0004,0.0,4949.437,14
14,24,1.806344581230731,3.3606718010353074,-0.0048891582441728,32.83609686980609,0.0004,0.001,4064.781,14
14,24,1.806344581230731,3.374099106673394,0.0009856281419092,30.161329863833103,0.0004,0.0,4613.656,14
14,24,1.806344581230731,3.361389139956294,0.0022770542416366,32.68450266534604,0.0004,0.001,4087.14,14
14,24,1.806344581230731,3.362004253368981,-0.0006036828912396,32.60525277770632,0.0004,0.0,4098.375,14
14,24,1.806344581230731,3.3623256054731008,0.0025575844029649,32.540227344567384,0.0004,0.001,4109.656,14
14,24,1.806344581230731,3.362400571065628,-0.000898960012881,32.456323139459975,0.0004,0.0,4120.859,14
14,24,1.806344581230731,3.367919245348964,0.0026042380614811,31.38165593217292,0.0004,0.001,4311.14,14
14,24,1.806344581230731,3.3678834967857187,-0.0016321452114515,31.33942693305133,0.0004,0.0,4322.281,14
14,24,1.806344581230731,3.363546398683119,-0.0015810791122135,32.24912610250235,0.0004,0.001,4154.422,14
14,24,1.806344581230731,3.357810874932693,-0.0021461852811935,33.430247920879275,0.0004,0.0,3986.328,14
14,24,1.806344581230731,3.37849318635627,-0.0019905799630382,29.357688939416867,0.0004,0.001,4893.437,14
14,24,1.806344581230731,3.3783593282905384,-0.0004447991442995,29.332386634402308,0.0006,0.0,4904.625,14
14,24,1.806344581230731,3.378676312580145,-0.0025113356092615,29.30320083129279,0.0004,0.001,4915.844,14
14,24,1.806344581230731,3.3786211865236657,-0.0004868388078972,29.29384488558164,0.0004,0.0,4927.078,14
14,24,1.806344581230731,3.369721858650721,-0.0016519846201357,30.98093831120258,0.0004,0.001,4400.75,14
14,24,1.806344581230731,3.370143002896562,-0.0027379252113891,30.941275368133645,0.0004,0.0,4411.953,14
14,24,1.806344581230731,3.3792615646640303,-0.0009478778558699,29.205230120176896,0.0004,0.001,4960.656,14
14,24,1.806344581230731,3.376958712639186,0.0010573456229988,29.617565048562916,0.0004,0.0,4792.75,14
14,24,1.806344581230731,3.3794754545886194,-0.0006640938373512,29.156461369957324,0.0004,0.001,4983.047,14
14,24,1.806344581230731,3.3796503451289435,-0.0017289586895981,29.133026963895254,0.0004,0.0,4994.25,14
14,24,1.806344581230731,3.379533470239852,0.0008102400969272,29.11618136067405,0.0004,0.001,5005.406,14
14,24,1.806344581230731,3.3795960729064283,-0.0007097609585071,29.08612964635063,0.0004,0.0,5016.531,14
14,24,1.806344581230731,3.3716169756715235,-0.0027146642704081,30.5979818624347,0.0004,0.001,4490.453,14
14,24,1.806344581230731,3.372095457887012,-0.0048980514845131,30.568134248551296,0.0004,0.0,4501.578,14
14,24,1.806344581230731,3.3801420993099405,-0.0052840681187912,28.99169866111632,0.0004,0.001,5050.109,14
14,24,1.806344581230731,3.37816565602019,-0.0014531932908184,29.385990406805544,0.0004,0.0,4882.281,14
14,24,1.806344581230731,3.3689472756130514,-0.0012579388216602,31.17809557183988,0.0006,0.001,4355.906,14
14,24,1.806344581230731,3.369124835320056,-0.0014646081801571,31.13975636811334,0.0004,0.0,4367.125,14
14,24,1.806344581230731,3.369371444573071,-0.0007050473468198,31.082538907807404,0.0004,0.001,4378.359,14
14,24,1.806344581230731,3.369407949177593,-7.892927391395882e-05,31.045585200843348,0.0004,0.0,4389.531,14
14,24,1.806344581230731,3.382742936104742,-0.0035656608183988,28.61148380909042,0.0004,0.001,5296.234,14
14,24,1.806344581230731,3.383123883629216,-0.0024689685135655,28.5838167496868,0.0004,0.0,5307.406,14
14,24,1.806344581230731,3.370491044448781,0.0001521389042321,30.887297873868,0.0006,0.001,4423.172,14
14,24,1.806344581230731,3.379381070879131,-0.0022069824316292,29.183185570156237,0.0004,0.0,4971.812,14
14,24,1.806344581230731,3.3708986976092667,0.000476669802182,30.79541985693104,0.0004,0.001,4445.578,14
14,24,1.806344581230731,3.3708973910260767,-0.0010487292877709,30.737201661533,0.0004,0.0,4456.797,14
14,24,1.806344581230731,3.371324209816939,-0.004308450482563,30.703429053616343,0.0004,0.001,4467.984,14
14,24,1.806344581230731,3.3715254651583613,-0.0005461300666051,30.66330082761342,0.0006,0.0,4479.203,14
14,24,1.806344581230731,3.3749984747937023,2.1870279519000345e-05,29.96454845227347,0.0004,0.001,4669.656,14
14,24,1.806344581230731,3.3750243329805354,0.0008563022701595,29.934190258929988,0.0004,0.0,4680.844,14
14,24,1.806344581230731,3.3720938798188005,-0.0036843720729028,30.52807518992271,0.0004,0.001,4512.734,14
14,24,1.806344581230731,3.36855661650092,-0.0013819157448246,31.230277425626305,0.0004,0.0,4344.719,14
14,24,1.806344581230731,3.382496275797299,-0.0049047129721694,28.66739671463334,0.0004,0.001,5251.453,14
14,24,1.806344581230731,3.382442918163902,-0.0017890608346538,28.66583808319057,0.0004,0.0,5262.594,14
14,24,1.806344581230731,3.38281794959924,0.0009942299248333,28.63917755174452,0.0004,0.001,5273.844,14
14,24,1.806344581230731,3.3826411668833685,-0.0030034758691537,28.632458643418676,0.0006,0.0,5285.0,14
14,24,1.806344581230731,3.376192531335904,-0.0006310411276991,29.682335827262545,0.0004,0.001,4759.172,14
14,24,1.806344581230731,3.376646957810028,-0.0010244799863928,29.66212459485299,0.0004,0.0,4770.344,14
14,24,1.806344581230731,3.382962695486315,-0.0026284995029574,28.559560296133323,0.0006,0.001,5318.656,14
14,24,1.806344581230731,3.381400830661688,0.000790682265704,28.83175066299445,0.0004,0.0,5150.781,14
14,24,1.806344581230731,3.383121758962587,-0.0009683576696783,28.53307148679055,0.0004,0.001,5341.062,14
14,24,1.806344581230731,3.383321596981455,-0.001232302905837,28.522268164349157,0.0004,0.0,5352.265,14
14,24,1.806344581230731,3.383427761789564,-0.0001780650630457,28.501474965443155,0.0004,0.001,5363.484,14
14,24,1.806344581230731,3.383829101528974,-0.003884389247568,28.495450142396344,0.0004,0.0,5374.687,14
14,24,1.806344581230731,3.377673950173235,-0.0023246733261077,29.44918718273105,0.0004,0.001,4848.75,14
14,24,1.806344581230731,3.377986149358304,-0.003204213178702,29.425592210900987,0.0004,0.0,4859.89,14
14,24,1.806344581230731,3.3839326178667,-0.0035079435559475,28.463165719104172,0.0004,0.001,5408.281,14
14,24,1.806344581230731,3.3823019536688235,0.0020146900752789,28.68697831440584,0.0004,0.0,5240.234,14
14,24,1.806344581230731,3.375732715179426,-0.0014552782503434,29.82907930274809,0.0004,0.001,4714.359,14
14,24,1.806344581230731,3.375928841289844,-0.0004377251628157,29.79140645587509,0.0004,0.0,4725.562,14
14,24,1.806344581230731,3.3762702035923065,-2.1397072550750145e-05,29.74853852792361,0.0004,0.001,4736.765,14
14,24,1.806344581230731,3.37624636247242,0.0016764034224513,29.72605051449275,0.0004,0.0,4747.906,14
14,24,1.806344581230731,3.385995342793647,5.0296123796865135e-05,28.144668198691203,0.0004,0.001,5654.797,14
14,24,1.806344581230731,3.386061278402088,-0.0015212268129432,28.137591189221524,0.0004,0.0,5666.015,14
14,24,1.806344581230731,3.377057831741675,-0.0021338545425474,29.65007955165097,0.0004,0.001,4781.5,14
14,24,1.806344581230731,3.38327289789886,-0.001561971102253,28.54674348835626,0.0004,0.0,5329.875,14
14,24,1.806344581230731,3.377278772568099,-0.0020124830876948,29.59039356143636,0.0004,0.001,4804.015,14
14,24,1.806344581230731,3.376942721273833,0.001001644020736,29.548537049239968,0.0004,0.0,4815.203,14
14,24,1.806344581230731,3.3773986800432088,-0.0028163004391892,29.517679454072734,0.0004,0.001,4826.39,14
14,24,1.806344581230731,3.3777093166542875,-0.0002393280495684,29.479649583067747,0.0004,0.0,4837.578,14
14,24,1.806344581230731,3.380015752960675,-0.0025140448692851,29.05496085463963,0.0004,0.001,5027.719,14
14,24,1.806344581230731,3.38004678988174,-0.0019489460418247,29.030120919578245,0.0004,0.0,5038.875,14
14,24,1.806344581230731,3.3777902245175992,9.682094325489816e-05,29.399728072171104,0.0004,0.001,4871.094,14
14,24,1.806344581230731,3.375431913140874,-0.001431662195114,29.860328824812232,0.0004,0.0,4703.187,14
14,24,1.806344581230731,3.38552906082942,0.0002990478806123,28.186131265040878,0.0004,0.001,5609.969,14
14,24,1.806344581230731,3.3855890736010097,-4.017012387758271e-05,28.17523677733341,0.0004,0.0,5621.172,14
14,24,1.806344581230731,3.38565279751528,0.0014054751781537,28.164504133918573,0.0004,0.001,5632.406,14
14,24,1.806344581230731,3.385796324824547,-0.0009567021757158,28.150289913548043,0.0004,0.0,5643.656,14
14,24,1.806344581230731,3.381148911426544,0.0006759711851619,28.8909653530728,0.0004,0.001,5117.234,14
14,24,1.806344581230731,3.381163732720577,-0.0030416278633758,28.85548303519825,0.0004,0.0,5128.406,14
14,24,1.806344581230731,3.3862493029278498,9.54440307106213e-05,28.12261947331628,0.0004,0.001,5677.234,14
14,24,1.806344581230731,3.384717433470645,0.0034874376861898,28.296265630194387,0.0006,0.0,5509.172,14
14,24,1.806344581230731,3.3863788905355143,7.180520961212434e-05,28.10276150972706,0.0004,0.001,5699.64,14
14,24,1.806344581230731,3.3863636678689675,-0.0012985625417131,28.097130347712,0.0006,0.0,5710.859,14
14,24,1.806344581230731,3.3863526374390718,0.0004664372768897,28.090533780939666,0.0004,0.001,5722.125,14
14,24,1.806344581230731,3.3864515663328474,0.0004504984470147,28.08456816258221,0.0004,0.0,5733.328,14
14,24,1.806344581230731,3.3818913236129733,0.0006633194491917,28.741862046782657,0.0004,0.001,5206.687,14
14,24,1.806344581230731,3.3821705217303317,-0.0028767232342566,28.728612544776976,0.0004,0.0,5217.859,14
14,24,1.806344581230731,3.386765919425649,-0.0019580700968771,28.0619312584708,0.0004,0.001,5766.89,14
14,24,1.806344581230731,3.3854399856164528,-0.0035725423940127,28.199679442477787,0.0004,0.0,5598.797,14
14,24,1.806344581230731,3.3804553783882465,-0.0024021182812982,28.963554912490316,0.0004,0.001,5072.5,14
14,24,1.806344581230731,3.380723569067638,-0.00089660911941,28.94454417918208,0.0004,0.0,5083.656,14
14,24,1.806344581230731,3.3807563728868044,-0.0045313698922695,28.921153066545926,0.0004,0.001,5094.828,14
14,24,1.806344581230731,3.380783936149646,0.0004946182459421,28.907428643981557,0.0004,0.0,5106.047,14
14,24,1.806344581230731,3.388491073781433,-0.0027698048401686,27.857243003836423,0.0004,0.001,6013.39,14
14,24,1.806344581230731,3.388535102996398,0.000258892360804,27.841440104596703,0.0004,0.001,6024.594,14
14,24,1.806344581230731,3.381216165327822,-0.0017004161115869,28.836708068082707,0.0004,0.001,5139.578,14
14,24,1.806344581230731,3.386220430690415,-0.0005557990340829,28.107603738278776,0.0004,0.0,5688.437,14
14,24,1.806344581230731,3.3815320793006625,-0.0038210740814005,28.821622096485992,0.0004,0.001,5161.969,14
14,24,1.806344581230731,3.381581938574137,-0.0013349318646625,28.794661209152206,0.0004,0.0,5173.125,14
14,24,1.806344581230731,3.3818593534191206,0.0008242355948448,28.77609026605865,0.0004,0.001,5184.281,14
14,24,1.806344581230731,3.3820002817834247,-0.0014294755403726,28.764827964793543,0.0004,0.0,5195.469,14
14,24,1.806344581230731,3.3835567408350777,0.0009313547886554,28.48575877036801,0.0004,0.001,5385.906,14
14,24,1.806344581230731,3.383626131428593,-0.0024475782493782,28.4713852796544,0.0004,0.0,5397.094,14
14,24,1.806344581230731,3.382089815405032,-0.0032357836613169,28.705441830051267,0.0004,0.001,5229.0,14
14,24,1.806344581230731,3.380226537337837,-0.0032618885674106,28.966730492366665,0.0004,0.0,5061.265,14
14,24,1.806344581230731,3.3882334171800945,-0.0026878541860361,27.879056464742543,0.0004,0.001,5968.625,14
14,24,1.806344581230731,3.388086854444757,-0.0007036374897131,27.87619332079768,0.0004,0.0,5979.812,14
14,24,1.806344581230731,3.388429411598189,0.0003761853937165,27.86470101080345,0.0004,0.001,5990.969,14
14,24,1.806344581230731,3.388471891476306,-0.0003677095025659,27.86483051277738,0.0004,0.0,6002.156,14
14,24,1.806344581230731,3.384504281898276,-0.000744791080019,28.348767658756326,0.0004,0.001,5475.531,14
14,24,1.806344581230731,3.384525415575484,0.0003011141808165,28.321089216707637,0.0004,0.0,5486.75,14
14,24,1.806344581230731,3.3884948373279054,-0.0026322942302615,27.836120918182026,0.0004,0.001,6035.89,14
14,24,1.806344581230731,3.3873636902488857,-0.0004315801275952,27.957541404168243,0.0004,0.0,5867.719,14
14,24,1.806344581230731,3.3888690824222665,-0.0003959998664954,27.81428844528325,0.0004,0.001,6058.375,14
14,24,1.806344581230731,3.388642130329122,-0.0012747305805001,27.81483031682772,0.0004,0.0,6069.609,14
14,24,1.806344581230731,3.388897304291062,-0.0003646411351665,27.82200206539139,0.0006,0.001,6080.859,14
14,24,1.806344581230731,3.388936063388532,-0.0021683196805223,27.81422391446628,0.0004,0.0,6092.0,14
14,24,1.806344581230731,3.385215310456945,-0.0013727150117141,28.247044403694236,0.0004,0.001,5565.172,14
14,24,1.806344581230731,3.385261103426831,-0.0030734832257712,28.23015347453397,0.0004,0.0,5576.344,14
14,24,1.806344581230731,3.3891058588136027,0.0005053339424196,27.77688579339054,0.0004,0.001,6125.625,14
14,24,1.806344581230731,3.3880225525682404,-0.0020369514292189,27.894156249627702,0.0004,0.0,5957.422,14
14,24,1.806344581230731,3.384101502799899,-0.0043579027426012,28.39731708763168,0.0006,0.001,5430.734,14
14,24,1.806344581230731,3.384252948682386,-0.0016275089081928,28.39478359888796,0.0004,0.001,5441.922,14
14,24,1.806344581230731,3.3841775305010318,-0.0025083663754618,28.373846581053957,0.0004,0.001,5453.094,14
14,24,1.806344581230731,3.3841906785940155,-0.0009785433569161,28.36346891930421,0.0004,0.0,5464.281,14
14,24,1.806344581230731,3.390451343911623,-0.0011696616766424,27.659072033290105,0.0004,0.001,6372.297,14
14,24,1.806344581230731,3.3906393229118272,-0.00397907537717,27.643030066414653,0.0004,0.0,6383.547,14
14,24,1.806344581230731,3.3846660179743986,-0.0038910947359039,28.31054381338894,0.0004,0.001,5497.937,14
14,24,1.806344581230731,3.388627991891171,-0.0011346800062522,27.83686968803268,0.0004,0.0,6047.094,14
14,24,1.806344581230731,3.38497248093113,0.0001890138752979,28.27909963797128,0.0004,0.001,5520.344,14
14,24,1.806344581230731,3.384996326640635,-0.0040548500987375,28.293562239593477,0.0006,0.0,5531.547,14
14,24,1.806344581230731,3.385003041547509,-0.0033812244666925,28.28205829792056,0.0004,0.001,5542.719,14
14,24,1.806344581230731,3.385075221780824,-0.0019743468401088,28.25006172663725,0.0004,0.0,5553.969,14
14,24,1.806344581230731,3.3867945315255272,-0.0010721612965063,28.07312148895236,0.0004,0.001,5744.531,14
14,24,1.806344581230731,3.3868023937447167,-0.0007918144592874,28.06307057102929,0.0004,0.0,5755.672,14
14,24,1.806344581230731,3.3854432626117656,-0.0019653069189758,28.204208459822866,0.0004,0.001,5587.515,14
14,24,1.806344581230731,3.3839779930115896,-0.002108873401003,28.424903654324336,0.0004,0.0,5419.484,14
14,24,1.806344581230731,3.3902507962850064,-0.0047784699638376,27.68378358130955,0.0004,0.001,6327.484,14
14,24,1.806344581230731,3.390224607170616,-0.0055054140296097,27.68349477441619,0.0004,0.0,6338.672,14
14,24,1.806344581230731,3.390377991183065,-0.0030386465864515,27.677832056110333,0.0004,0.001,6349.906,14
14,24,1.806344581230731,3.3907620148387068,0.0012948456862487,27.659816974449097,0.0004,0.0,6361.109,14
14,24,1.806344581230731,3.4439956575031565,-3.9707441804120704,30.972967916968884,3.997,1.521,214.875,14
14,24,1.806344581230731,4.069407878953297,-0.0016182331961164,31.297980168119395,0.0008,4.076,225.672,14
14,24,1.806344581230731,3.3143888949652944,-3.9756715450336735,35.8148517592802,3.997,1.401,754.719,14
14,24,1.806344581230731,3.961685128982702,-0.0018350774797791,35.0814016308213,0.0008,3.968,592.969,14
14,24,1.806344581230731,3.3099316026549204,-3.973628707161161,35.88242876018102,3.997,1.399,776.297,14
14,24,1.806344581230731,3.9093118486239553,-0.0006721285665801,36.04480735600712,0.0008,3.917,787.094,14
14,24,1.806344581230731,3.305178760066734,-3.974407221099165,35.897974650647235,3.997,1.393,797.89,14
14,24,1.806344581230731,3.904349409886524,-0.001347698448499,36.08481313273241,0.0008,3.912,808.609,14
14,24,1.806344581230731,3.421917817939517,-3.9754319689170874,32.1546388630149,3.997,1.5,301.297,14
14,24,1.806344581230731,4.041445432282815,-0.0011524144847508,32.302575940425086,0.0008,4.048,312.062,14
14,24,1.806344581230731,3.295880950205352,-3.971780521710048,35.93155952293656,3.997,1.385,841.0,14
14,24,1.806344581230731,3.9348157514458943,-0.0017297404138121,35.67916832312477,0.0008,3.942,679.203,14
14,24,1.806344581230731,3.457534405651577,-3.974067852328412,30.41061196535492,3.997,1.532,171.703,14
14,24,1.806344581230731,4.085560913357245,-0.0016784476679604,30.691777845069534,0.0008,4.093,182.484,14
14,24,1.806344581230731,3.450729148067868,-3.973515746709075,30.69272717027631,3.997,1.527,193.25,14
14,24,1.806344581230731,4.077581858385023,0.0014382794522631,30.959718070614308,0.0006,4.085,204.047,14
14,24,1.806344581230731,3.247351109842887,-3.972524160228828,36.36912054979844,3.997,1.338,1078.703,14
14,24,1.806344581230731,3.8445932267112175,-0.0028880540556282,36.52926460743796,0.0006,3.853,1089.562,14
14,24,1.806344581230731,3.4380401941275207,-3.97455239829578,31.3258847233146,3.997,1.515,236.453,14
14,24,1.806344581230731,3.9140133806949655,0.0016549948949795,35.99444453590648,0.0008,3.922,765.531,14
14,24,1.806344581230731,3.4328386522244685,-3.974240023446694,31.54829249288532,3.997,1.511,258.031,14
14,24,1.806344581230731,4.0553453654736025,-0.0026953272235647,31.812002860442306,0.0008,4.063,268.797,14
14,24,1.806344581230731,3.426978777028393,-3.9745471471376232,31.83325992469844,3.997,1.506,279.734,14
14,24,1.806344581230731,4.048443850760342,-0.0032883513452587,32.14590626797234,0.0008,4.055,290.531,14
14,24,1.806344581230731,3.383586574285379,-3.975570120866879,33.92410316510983,3.997,1.466,474.125,14
14,24,1.806344581230731,3.99486274483263,-0.002886596569371,34.15452349331675,0.0008,4.001,484.953,14
14,24,1.806344581230731,3.4168360498612347,-3.975124120068872,32.331337854635414,3.997,1.495,322.906,14
14,24,1.806344581230731,4.094289032864909,-3.0242124930541497e-05,30.395575709889176,0.0008,4.102,160.844,14
14,24,1.806344581230731,3.255713584101246,-3.973922204298997,36.239330799138685,3.997,1.347,1035.484,14
14,24,1.806344581230731,3.8532987964905474,-0.0026970213243892,36.41350383115536,0.0008,3.861,1046.281,14
14,24,1.806344581230731,3.2514800755502016,-3.973872585837973,36.28995830038882,3.997,1.342,1057.125,14
14,24,1.806344581230731,3.848751966018961,-0.002930321730877,36.444601593170205,0.0008,3.857,1067.922,14
14,24,1.806344581230731,3.3893397414892927,0.0001408930153964,27.754060846824032,0.0004,0.001,6170.422,14
14,24,1.806344581230731,3.3894586163426017,-0.0027953033886632,27.740394748885112,0.0004,0.0,6181.656,14
14,24,1.806344581230731,3.389501172291673,-0.0013422700587427,27.75179516663996,0.0004,0.001,6192.875,14
14,24,1.806344581230731,3.389547581965539,-0.0010987215033026,27.733274720062685,0.0004,0.0,6204.156,14
14,24,1.806344581230731,3.411895042447138,-3.970319710624354,32.65451238213875,3.997,1.491,344.531,14
14,24,1.806344581230731,4.028903706277902,-0.0010867844589743,32.88179252743115,0.0008,4.036,355.234,14
14,24,1.806344581230731,4.205237613119845,-0.0008834026687323,26.679725292854272,0.0004,0.0,0.0,14
14,24,1.806344581230731,4.205268152663341,0.0009765301789129,26.68415156807798,0.0004,4.221,9.344,14
14,24,1.806344581230731,4.151877293163095,-0.004099612633753,28.35156727782172,0.0008,4.162,52.859,14
