cycle,ambient_temperature,capacity,voltage_measured,current_measured,temperature_measured,current_load,voltage_load,time,RUL
1,24,1.8132504303869896,3.9934501648069047,-0.0020607272044966,30.89932011242138,0.0004,3.992,408.829,27
1,24,1.8132504303869896,3.533017865005951,-4.027078480945219,30.96656304731792,4.0,1.714,418.766,27
1,24,1.8132504303869896,3.987916578141828,-0.0002213447246032,31.08217451879574,0.0004,3.986,428.735,27
1,24,1.8132504303869896,3.528925615147633,-4.024771884235207,31.13023497110168,4.0,1.711,438.735,27
1,24,1.8132504303869896,3.982224183242616,-0.0004321501388094,31.20807762786599,0.0004,3.98,448.704,27
1,24,1.8132504303869896,3.524881384663469,-4.0259107247022445,31.26468934008532,4.0,1.708,458.657,27
1,24,1.8132504303869896,3.9766314058363568,-0.0016329536354592,31.37072779999152,0.0004,3.976,468.594,27
1,24,1.8132504303869896,3.5208267956374715,-4.02635956270619,31.425515574237256,4.0,1.703,478.532,27
1,24,1.8132504303869896,4.01647071248024,0.0016143899361806,30.23310161531789,0.0004,4.015,329.11,27
1,24,1.8132504303869896,3.5493969766845987,-4.025478940167777,30.299123689628804,4.0,1.728,339.079,27
1,24,1.8132504303869896,4.010599843465374,-0.0011809438495278,30.416703109396103,0.0004,4.01,349.079,27
1,24,1.8132504303869896,3.5452754787370617,-4.025589156347094,30.46820315612837,4.0,1.725,359.032,27
1,24,1.8132504303869896,4.00481862229155,0.00042303923215,30.55799346921182,0.0004,4.003,368.969,27
1,24,1.8132504303869896,3.541064601757677,-4.024334267052951,30.618461292767403,4.0,1.722,378.922,27
1,24,1.8132504303869896,3.999059613420126,-0.001518528394444,30.73313862836057,0.0004,3.998,388.86,27
1,24,1.8132504303869896,3.5367379389900546,-4.024325652485515,30.788538011801304,4.0,1.718,398.875,27
1,24,1.8132504303869896,4.04200208245874,-0.0034520276796287,29.46950099828821,0.0004,4.041,249.204,27
1,24,1.8132504303869896,3.567899889779568,-4.024704443625661,29.54345572353467,4.0,1.744,259.172,27
1,24,1.8132504303869896,4.035446007300834,-0.0016135401588674,29.653511293281937,0.0004,4.033,269.219,27
1,24,1.8132504303869896,3.563087384977672,-4.025647092328334,29.74246105758547,4.0,1.74,279.141,27
1,24,1.8132504303869896,4.028738292285468,0.0006769837044978,29.87473637466696,0.0004,4.027,289.079,27
1,24,1.8132504303869896,3.5581234570833438,-4.021970351183907,29.92437850057908,4.0,1.735,299.032,27
1,24,1.8132504303869896,4.022631771042257,-0.0004486485855234,30.0453343878912,0.0004,4.021,309.094,27
1,24,1.8132504303869896,3.553533479433204,-4.025022994459742,30.09291051878253,4.001,1.733,319.11,27
1,24,1.8132504303869896,3.3343553889580475,-4.025470517645925,35.122386978403995,4.0,1.527,1475.75,27
1,24,1.8132504303869896,3.591466594471785,-4.026028439265795,28.70131644382428,4.0,1.759,179.36,27
1,24,1.8132504303869896,4.063843905244096,-0.0001871455606432,28.85143390267057,0.0004,4.064,189.313,27
1,24,1.8132504303869896,3.5847830722649445,-4.025634640122575,28.912996501628765,4.0,1.756,199.282,27
1,24,1.8132504303869896,4.05635138848337,-0.0008809786944947,29.062759596692683,0.0004,4.056,209.235,27
1,24,1.8132504303869896,3.5784826403216714,-4.026193556541453,29.13121211992001,4.0,1.75,219.282,27
1,24,1.8132504303869896,4.049070898901688,0.0011469739810522,29.27561254773437,0.0004,4.047,229.266,27
1,24,1.8132504303869896,3.5730809928670624,-4.024592429397352,29.33049627097089,4.0,1.746,239.266,27
1,24,1.8132504303869896,3.32815065169419,-4.026128273748187,35.21789479335222,4.0,1.521,1515.797,27
1,24,1.8132504303869896,3.755933386894549,-0.0019779363839396,35.25998594519992,0.0004,3.756,1525.766,27
1,24,1.8132504303869896,3.3250489251416497,-4.024600004467644,35.238777157145336,4.0,1.517,1535.782,27
1,24,1.8132504303869896,3.752668600407936,-0.0002365151511955,35.31800027359741,0.0006,3.752,1545.75,27
1,24,1.8132504303869896,3.3218101265398303,-4.02354345876878,35.287867127742736,4.0,1.513,1555.719,27
1,24,1.8132504303869896,3.7493912117531054,0.0008952675877448,35.360483333190615,0.0004,3.75,1565.641,27
1,24,1.8132504303869896,3.318590086345152,-4.025918393946457,35.34080838988252,4.0,1.511,1575.657,27
1,24,1.8132504303869896,3.746341810119345,-0.0003576514768765,35.390956731172544,0.0004,3.747,1585.625,27
1,24,1.8132504303869896,3.4560209867568554,-4.024132127652697,33.10780062109207,4.0,1.644,797.5,27
1,24,1.8132504303869896,3.893567379520068,0.0012080999247454,33.15083294974775,0.0004,3.894,807.5,27
1,24,1.8132504303869896,3.45203386359834,-4.02497562490591,33.13539840149471,4.0,1.639,817.516,27
1,24,1.8132504303869896,3.888963499364628,-0.0009693878322659,33.2013718421896,0.0004,3.888,827.438,27
1,24,1.8132504303869896,3.448206927781175,-4.025229218637361,33.178805493816405,4.0,1.635,837.375,27
1,24,1.8132504303869896,3.7622657529152983,-0.001425528317711,35.15381022368902,0.0004,3.763,1485.672,27
1,24,1.8132504303869896,3.3307982308698,-4.025030661871509,35.15062798041058,4.0,1.521,1495.75,27
1,24,1.8132504303869896,3.75928111416147,-0.0024679000283753,35.22436414429874,0.0004,3.76,1505.844,27
1,24,1.8132504303869896,3.640713467601136,-4.0239625736385785,27.51313160281265,4.0,1.796,79.344,27
1,24,1.8132504303869896,4.108984465398619,-0.0001781026456689,27.667899314387338,0.0004,4.111,89.375,27
1,24,1.8132504303869896,3.6269880777487056,-4.0260050080246605,27.760658520759115,4.0,1.786,99.391,27
1,24,1.8132504303869896,4.098163542256292,-0.0001326450824047,27.92264934980713,0.0004,4.1,109.422,27
1,24,1.8132504303869896,3.4643393158038083,-4.025271501635589,33.00856648133476,4.0,1.651,757.641,27
1,24,1.8132504303869896,3.902474170422528,-0.0025029593519573,33.04359001933355,0.0004,3.902,767.579,27
1,24,1.8132504303869896,3.4601008624570344,-4.024484275137344,33.03718619874915,4.0,1.647,777.594,27
1,24,1.8132504303869896,3.897687262321864,-0.0027213287902299,33.08123953353512,0.0004,3.898,787.532,27
1,24,1.8132504303869896,3.97141706259536,-4.4616260180416485e-05,31.52585808178905,0.0004,3.97,488.532,27
1,24,1.8132504303869896,4.185380317056206,-0.0015289190677622,26.41603138908335,0.0004,4.201,9.36,27
1,24,1.8132504303869896,3.706702973653771,-4.024990312662919,26.51113971859251,4.0,1.84,19.547,27
1,24,1.8132504303869896,4.154668571725315,-0.00028186697042,26.73695688613025,0.0004,4.162,29.5,27
1,24,1.8132504303869896,3.67828619261653,-4.025036105830359,26.8853672729499,4.0,1.83,39.469,27
1,24,1.8132504303869896,4.135570242916182,-0.001178879136625,27.09129487912311,0.0004,4.141,49.375,27
1,24,1.8132504303869896,3.656994048647744,-4.0257927865272825,27.212786698169204,4.0,1.81,59.407,27
1,24,1.8132504303869896,4.120904403284714,-0.0013123674534852,27.40245869994423,0.0004,4.125,69.375,27
1,24,1.8132504303869896,3.2430124160149,-4.025263317191756,36.50768826566726,4.0,1.436,2154.688,27
1,24,1.8132504303869896,3.673695479371667,-0.0009682118214938,36.53783860915392,0.0004,3.675,2164.641,27
1,24,1.8132504303869896,3.240888498268194,-4.025911649215082,36.50261297167158,4.0,1.435,2174.688,27
1,24,1.8132504303869896,3.672058392925636,0.0008022557359718,36.56387655361695,0.0004,3.672,2184.657,27
1,24,1.8132504303869896,3.238540798534945,-4.026747617037468,36.56088058227657,4.0,1.432,2194.688,27
1,24,1.8132504303869896,3.669960778995875,-0.0001746614677319,36.62936910028598,0.0004,3.67,2204.61,27
1,24,1.8132504303869896,3.236605141517294,-4.027213696815955,36.65399527389008,4.0,1.431,2214.563,27
1,24,1.8132504303869896,3.6684096776184143,-0.0002900498506098,36.67037635427087,0.0004,3.669,2224.594,27
1,24,1.8132504303869896,3.251332669284237,-4.025275408739808,36.344906715457846,4.0,1.445,2074.985,27
1,24,1.8132504303869896,3.681483236341011,-0.002554744042386,36.40522356031972,0.0004,3.682,2084.938,27
1,24,1.8132504303869896,3.2490380039358504,-4.024940234486617,36.36998827434273,4.0,1.443,2094.954,27
1,24,1.8132504303869896,3.679409098341548,-0.0004313216734561,36.44123613139745,0.0004,3.68,2104.891,27
1,24,1.8132504303869896,3.2469591526821344,-4.025056801200054,36.4149743960065,4.001,1.441,2114.844,27
1,24,1.8132504303869896,3.677575498129478,-0.0021242853643754,36.45983849267853,0.0004,3.678,2124.813,27
1,24,1.8132504303869896,3.2450394302562344,-4.022974798671329,36.464651535826526,4.0,1.438,2134.782,27
1,24,1.8132504303869896,3.675700914778206,-0.0007901451516856,36.46241915776355,0.0004,3.676,2144.75,27
1,24,1.8132504303869896,3.260392069726455,-4.025249575657826,36.17535617521794,4.0,1.454,1995.11,27
1,24,1.8132504303869896,3.689787914820389,-0.0040502175759935,36.22878434727258,0.0004,3.69,2005.125,27
1,24,1.8132504303869896,3.258087692648773,-4.024801137755525,36.25570244362103,4.0,1.451,2015.063,27
1,24,1.8132504303869896,3.6878053685055625,-0.0010212839511093,36.283855069780365,0.0004,3.689,2025.157,27
1,24,1.8132504303869896,3.2560647189767846,-4.026283414425623,36.2723092376339,4.0,1.45,2035.125,27
1,24,1.8132504303869896,3.68565195767016,-0.0026966317427503,36.26811056053994,0.0004,3.686,2045.094,27
1,24,1.8132504303869896,3.2536647371404364,-4.023616885216937,36.29180741111373,4.0,1.447,2055.079,27
1,24,1.8132504303869896,3.6834687977693497,-0.0028415947232614,36.34438589813848,0.0004,3.684,2065.032,27
1,24,1.8132504303869896,3.270278494486305,-4.024126547813995,36.02943092851277,4.0,1.463,1915.235,27
1,24,1.8132504303869896,3.6990319006920944,0.0005620605768192,36.06353936178778,0.0004,3.7,1925.172,27
1,24,1.8132504303869896,3.267532917442335,-4.026589675463352,36.07556206464949,4.001,1.461,1935.172,27
1,24,1.8132504303869896,3.696675476893033,-0.0004295692458653,36.12838662809303,0.0006,3.697,1945.204,27
1,24,1.8132504303869896,3.26532326344342,-4.025644277403671,36.11704588115381,4.0,1.458,1955.157,27
1,24,1.8132504303869896,3.6945194943327513,6.551918084621403e-05,36.1818459195553,0.0004,3.695,1965.125,27
1,24,1.8132504303869896,3.262871820285152,-4.024787264467508,36.130456684548406,4.001,1.456,1975.11,27
1,24,1.8132504303869896,3.6921647106803817,-0.00109306925353,36.21148844213883,0.0004,3.693,1985.079,27
1,24,1.8132504303869896,3.208302612996196,-4.027477092369205,37.11483211487701,4.0,1.404,2474.11,27
1,24,1.8132504303869896,3.6451739309592255,-0.0086444413622275,37.21858922162234,0.0004,3.644,2484.047,27
1,24,1.8132504303869896,3.206037410621584,-4.016362521989064,37.15617654984131,4.0,1.402,2494.0,27
1,24,1.8132504303869896,3.642711884506508,-0.000911763102762,37.25294579284107,0.0004,3.641,2503.954,27
1,24,1.8132504303869896,3.203411048307786,-4.025069612965116,37.237660501113055,4.0,1.399,2513.891,27
1,24,1.8132504303869896,3.640811804245928,-0.0006736514708712,37.28438452315264,0.0004,3.639,2523.844,27
1,24,1.8132504303869896,3.200880831629748,-4.025245977531427,37.28174624683771,4.0,1.397,2533.75,27
1,24,1.8132504303869896,3.638723639471672,0.0019760135663293,37.33928343587415,0.0004,3.637,2543.672,27
1,24,1.8132504303869896,3.217499096936426,-4.023650637334812,36.991171116873,4.0,1.412,2394.375,27
1,24,1.8132504303869896,3.65228811343742,-0.0007164649985052,37.06040592457846,0.0004,3.652,2404.313,27
1,24,1.8132504303869896,3.2153830346606584,-4.024642533172427,37.06293523923389,4.0,1.41,2414.266,27
1,24,1.8132504303869896,3.650497346389253,0.0008369108437972,37.066166989183806,0.0004,3.65,2424.204,27
1,24,1.8132504303869896,3.212825379776877,-4.025318675349255,37.09527272269881,4.0,1.409,2434.172,27
1,24,1.8132504303869896,3.648789522581261,6.145970621907546e-05,37.13524733807275,0.0004,3.648,2444.172,27
1,24,1.8132504303869896,3.210552379138453,-4.025453423801312,37.06829340577895,4.0,1.407,2454.157,27
1,24,1.8132504303869896,3.6467644900407614,-0.0005464116772502,37.1538894363021,0.0004,3.646,2464.188,27
1,24,1.8132504303869896,3.226457555192776,-4.027935564812271,36.81407027058134,4.0,1.421,2314.5,27
1,24,1.8132504303869896,3.6595630168230553,-0.0007618770749284,36.846217073230086,0.0004,3.66,2324.438,27
1,24,1.8132504303869896,3.224176688029555,-4.026563082205667,36.82842080185668,4.0,1.419,2334.375,27
1,24,1.8132504303869896,3.6580805434620727,-0.0004217704933734,36.87478603554567,0.0004,3.658,2344.407,27
1,24,1.8132504303869896,3.2221873647732395,-4.023524073599138,36.86438957321548,4.0,1.416,2354.375,27
1,24,1.8132504303869896,3.6561301034706095,-0.0014096160766781,36.91367400597198,0.0004,3.655,2364.329,27
1,24,1.8132504303869896,3.2195573817591807,-4.024151702455888,36.87179092149842,4.0,1.415,2374.375,27
1,24,1.8132504303869896,3.654247754193814,-0.001858805215735,36.95911266593578,0.0004,3.654,2384.422,27
1,24,1.8132504303869896,3.2348172499103383,-4.024890853843415,36.63821598111228,4.001,1.429,2234.547,27
1,24,1.8132504303869896,3.666633412149496,-0.0011552709454825,36.676039152428295,0.0004,3.667,2244.532,27
1,24,1.8132504303869896,3.232626869155603,-4.024313682385286,36.6858840170573,4.0,1.426,2254.485,27
1,24,1.8132504303869896,3.665061227797648,-0.0009538381885533,36.72018796755215,0.0004,3.665,2264.516,27
1,24,1.8132504303869896,3.2306672979186737,-4.025934649723932,36.72090835000227,4.0,1.425,2274.485,27
1,24,1.8132504303869896,3.66321399524785,-0.0019730267142952,36.76232966192833,0.0004,3.664,2284.438,27
1,24,1.8132504303869896,3.228443440854322,-4.025115583937382,36.77868881851613,4.0,1.422,2294.5,27
1,24,1.8132504303869896,3.661566621365703,-0.0014693280008221,36.77461083506682,0.0004,3.661,2304.516,27
1,24,1.8132504303869896,3.157942604260507,-4.026484045246792,37.97059439352675,4.0,1.359,2793.157,27
1,24,1.8132504303869896,3.603994923473316,-0.0002832687167197,37.99905751440157,0.0004,3.601,2803.125,27
1,24,1.8132504303869896,3.153241716408872,-4.02468708506413,38.00902894397442,4.0,1.356,2813.094,27
1,24,1.8132504303869896,3.600271361197838,-0.0022003227952636,38.06404399844293,0.0004,3.597,2823.047,27
1,24,1.8132504303869896,3.148243753635817,-4.025295366772469,38.105705000292815,4.0,1.35,2833.0320000000065,27
1,24,1.8132504303869896,3.596372077740672,-0.0003613660049744,38.13911807671243,0.0006,3.592,2842.9850000000006,27
1,24,1.8132504303869896,3.1432351664574067,-4.025442243019859,38.16769798925424,4.0,1.345,2852.922000000006,27
1,24,1.8132504303869896,3.592359857814269,-0.0001239562407901,38.18820335462303,0.0004,3.588,2862.875,27
1,24,1.8132504303869896,3.173272098943688,-4.024804781215617,37.73046735152154,4.0,1.373,2713.36,27
1,24,1.8132504303869896,3.616765334672018,0.0009088687002407,37.80773231410553,0.0006,3.613,2723.391,27
1,24,1.8132504303869896,3.1697134415953525,-4.024677707755783,37.84117189191271,4.0,1.371,2733.36,27
1,24,1.8132504303869896,3.613605569945207,0.0003387655633332,37.85227047807851,0.0004,3.611,2743.297,27
1,24,1.8132504303869896,3.165572381695732,-4.023689742165335,37.86810718264836,4.0,1.365,2753.313,27
1,24,1.8132504303869896,3.610318878201896,0.0006981587709192,37.9214837631036,0.0004,3.607,2763.266,27
1,24,1.8132504303869896,3.1616227205331637,-4.0248859192675095,37.955420339094864,4.0,1.362,2773.25,27
1,24,1.8132504303869896,3.607221241632274,-0.0007141919146463,37.97917389183837,0.0006,3.605,2783.266,27
1,24,1.8132504303869896,3.1862986659833976,-4.024932301668571,37.55337948083818,4.0,1.385,2633.547,27
1,24,1.8132504303869896,3.6273304730686737,0.0004700684601776,37.60730041313372,0.0004,3.625,2643.516,27
1,24,1.8132504303869896,3.18327901226122,-4.024740195926164,37.58946179501535,4.0,1.381,2653.469,27
1,24,1.8132504303869896,3.624528031850075,0.0011906976630591,37.666000578332046,0.0006,3.623,2663.469,27
1,24,1.8132504303869896,3.179937026962081,-4.023689730570113,37.64830734784637,4.0,1.379,2673.438,27
1,24,1.8132504303869896,3.6221384528043807,-0.0020754256519528,37.73387749506692,0.0004,3.62,2683.422,27
1,24,1.8132504303869896,3.176536562636684,-4.023941456794816,37.68161084178742,4.0,1.377,2693.407,27
1,24,1.8132504303869896,3.619315461898695,-0.0004257682459166,37.744002633876896,0.0004,3.617,2703.391,27
1,24,1.8132504303869896,3.197633123797405,-4.0252908614558,37.35357597230615,4.0,1.395,2553.672,27
1,24,1.8132504303869896,3.6365003067352015,-0.0012698537166584,37.421330863473415,0.0004,3.635,2563.641,27
1,24,1.8132504303869896,3.1952306351327,-4.022260431975574,37.40921242213696,4.0,1.393,2573.563,27
1,24,1.8132504303869896,3.634749448169472,0.0005696929812332,37.46393371814885,0.0004,3.633,2583.563,27
1,24,1.8132504303869896,3.192188504807877,-4.026558225417591,37.441435565291805,4.0,1.389,2593.594,27
1,24,1.8132504303869896,3.6322609832814337,-0.0018125365245678,37.511024240824526,0.0004,3.63,2603.625,27
1,24,1.8132504303869896,3.189656984218537,-4.025677123398867,37.50426357845435,4.0,1.388,2613.563,27
1,24,1.8132504303869896,3.6298760582549248,-0.0022148824577961,37.58724474022759,0.0004,3.629,2623.516,27
1,24,1.8132504303869896,2.992905119846341,-4.025170053087616,39.05676707398751,4.0,1.212,3112.4689999999973,27
1,24,1.8132504303869896,3.4660834493374435,0.0002226601977818,39.08503759848416,0.0004,3.457,3122.3910000000037,27
1,24,1.8132504303869896,2.966012180342241,-4.025529593775122,39.13749977826501,4.0,1.186,3132.437999999994,27
1,24,1.8132504303869896,3.4433665268460927,-0.0014709387435729,39.21466687765471,0.0004,3.433,3142.422000000006,27
1,24,1.8132504303869896,2.9362117380526183,-4.02599107291903,39.25007131763453,4.001,1.16,3152.422000000006,27
1,24,1.8132504303869896,3.416589333919832,-0.0016967813041155,39.336748545936274,0.0006,3.406,3162.3910000000037,27
1,24,1.8132504303869896,2.901274485012081,-4.02586307739101,39.36591644362199,4.0,1.13,3172.375,27
1,24,1.8132504303869896,3.3860762592182088,-0.0019947707219634,39.43853914763252,0.0004,3.374,3182.3439999999973,27
1,24,1.8132504303869896,3.067480150374218,-4.026066568244981,38.72262308692481,4.0,1.279,3032.7350000000006,27
1,24,1.8132504303869896,3.529741716474663,-0.000735093518581,38.796906843991245,0.0006,3.524,3042.6410000000037,27
1,24,1.8132504303869896,3.052824721610771,-4.025838441879076,38.81466462820129,4.0,1.266,3052.578999999998,27
1,24,1.8132504303869896,3.51727555294299,0.0001065538542616,38.88286726852654,0.0004,3.511,3062.5,27
1,24,1.8132504303869896,3.03577770674951,-4.025431305216668,38.89392116643916,4.0,1.251,3072.453999999998,27
1,24,1.8132504303869896,3.5030948515281843,-0.0003553771791708,38.96317523320256,0.0004,3.495,3082.5,27
1,24,1.8132504303869896,3.0162582044689423,-4.026273672537078,38.949519177838354,4.0,1.232,3092.4689999999973,27
1,24,1.8132504303869896,3.486105370770683,-0.001418910995662,39.0699621137452,0.0004,3.477,3102.422000000006,27
1,24,1.8132504303869896,3.1097935256188864,-4.025934072120322,38.44296904544779,4.0,1.317,2952.7350000000006,27
1,24,1.8132504303869896,3.565622274644724,-0.0028225255866959,38.4912860900034,0.0006,3.56,2962.75,27
1,24,1.8132504303869896,3.1011607027014434,-4.023200985952205,38.50878175536835,4.0,1.308,2972.7820000000065,27
1,24,1.8132504303869896,3.558545961150424,-0.0005540907676096,38.55707867324734,0.0004,3.553,2982.812999999994,27
1,24,1.8132504303869896,3.09173946047521,-4.024075638935934,38.5641081114159,4.0,1.301,2992.7660000000037,27
1,24,1.8132504303869896,3.550511874061684,-0.0002478866134307,38.64466197696724,0.0004,3.545,3002.7820000000065,27
1,24,1.8132504303869896,3.080828519114032,-4.025343004594526,38.65524669919242,4.0,1.29,3012.7189999999973,27
1,24,1.8132504303869896,3.541047858920417,-0.001206735328987,38.748386149541794,0.0004,3.534,3022.703999999998,27
1,24,1.8132504303869896,3.137202636630109,-4.024567098258515,38.248857114180055,4.0,1.341,2872.922000000006,27
1,24,1.8132504303869896,3.587671455833378,-0.0009450140947042,38.265453993525576,0.0004,3.584,2882.8439999999973,27
1,24,1.8132504303869896,3.131471760114501,-4.026145499371085,38.27459886835239,4.0,1.336,2892.828999999998,27
1,24,1.8132504303869896,3.583020471192861,0.0025381346004649,38.30471317382683,0.0004,3.579,2902.828999999998,27
1,24,1.8132504303869896,3.1250476197134147,-4.024696721603967,38.32918786370381,4.0,1.329,2912.828999999998,27
1,24,1.8132504303869896,3.5778966431227714,-0.0008278167699992,38.375551479399526,0.0004,3.573,2922.7820000000065,27
1,24,1.8132504303869896,3.117698622607758,-4.026352331126648,38.40533372517918,4.0,1.324,2932.828999999998,27
1,24,1.8132504303869896,3.571900699284815,-0.0015631535331364,38.45798416247526,0.0004,3.567,2942.75,27
1,24,1.8132504303869896,3.093155056691625,-0.0034256700909932,39.38494053134616,0.0004,0.0,3434.922000000006,27
1,24,1.8132504303869896,3.105651991576399,-0.0047151322602265,39.22782517339746,0.0004,0.0,3445.312999999994,27
1,24,1.8132504303869896,3.116881988396148,-0.0018914297528182,39.05396298906032,0.0004,-0.0,3455.7189999999973,27
1,24,1.8132504303869896,3.1267641290385337,-0.0014424039979021,38.91216218923233,0.0004,0.0,3466.0939999999973,27
1,24,1.8132504303869896,3.135594117493851,0.0001734811513576,38.76029289602224,0.0004,0.0,3476.5160000000037,27
1,24,1.8132504303869896,3.143720497772553,-0.0032904621015083,38.57823499804683,0.0004,-0.0,3486.922000000006,27
1,24,1.8132504303869896,3.1508884125620664,-0.0024769751740433,38.4297821429619,0.0004,-0.0,3497.312999999994,27
1,24,1.8132504303869896,3.157542030631734,-0.0028162872777028,38.27045263484956,0.0004,0.0,3507.797000000006,27
1,24,1.8132504303869896,2.890486298330571,-0.003005051029982,40.66334065222796,0.0004,0.001,3352.5320000000065,27
1,24,1.8132504303869896,2.9387773548512306,-0.0016838516825793,40.4421241491256,0.0006,0.0,3362.672000000006,27
1,24,1.8132504303869896,2.9735293778368668,-0.0002987328614689,40.29142554016575,0.0004,0.001,3372.75,27
1,24,1.8132504303869896,3.0015797855578,-0.0020489018745802,40.11397498883707,0.0004,0.0,3383.062999999994,27
1,24,1.8132504303869896,3.025011817377626,-0.0048616521797001,39.95029740951499,0.0004,0.001,3393.328999999998,27
1,24,1.8132504303869896,3.045695960186721,0.0001632183816718,39.831620742681885,0.0004,-0.0,3403.7189999999973,27
1,24,1.8132504303869896,3.063578869296452,-0.000151649607853,39.7113906105732,0.0004,-0.0,3414.1570000000065,27
1,24,1.8132504303869896,3.079329805330804,-0.0023858689853024,39.54953492795978,0.0004,-0.0,3424.5,27
1,24,1.8132504303869896,2.591775014460872,-4.026442449378302,39.98253059433778,4.0,0.858,3272.2660000000037,27
1,24,1.8132504303869896,3.118306333045988,-0.0007894290308137,40.09421253829204,0.0004,3.094,3282.25,27
1,24,1.8132504303869896,2.4444883565934545,-4.0258280668752455,40.1248951659196,4.001,0.752,3292.312999999994,27
1,24,1.8132504303869896,3.0148564127736157,-0.0022560813064252,40.25398193244908,0.0004,2.982,3302.312999999994,27
1,24,1.8132504303869896,2.21476958445233,-4.025697134451941,40.299766893893285,4.0,0.592,3312.3439999999973,27
1,24,1.8132504303869896,2.8985512727304816,-0.0013218451121256,40.47379522669921,0.0004,2.838,3322.297000000006,27
1,24,1.8132504303869896,1.98069037313681,-4.02281078841927,40.547833137690354,4.001,0.346,3332.2660000000037,27
1,24,1.8132504303869896,2.804455845888516,-0.0026831387892515,40.711455499237935,0.0004,0.0,3342.437999999994,27
1,24,1.8132504303869896,2.861149573015997,-4.025468382319221,39.46159963767408,4.0,1.091,3192.328999999998,27
1,24,1.8132504303869896,3.350010899249976,0.0010477373932892,39.54142959664377,0.0006,3.339,3202.312999999994,27
1,24,1.8132504303869896,2.8142327670505414,-4.023715893001823,39.532042591884895,4.0,1.05,3212.2660000000037,27
1,24,1.8132504303869896,3.3079246868893257,0.0008667752109889,39.64249933006052,0.0004,3.295,3222.25,27
1,24,1.8132504303869896,2.757536524435192,-4.026815771993725,39.656905194202814,4.0,1.002,3232.25,27
1,24,1.8132504303869896,3.257179330847692,-0.0029063019076727,39.7442246244521,0.0004,3.242,3242.2189999999973,27
1,24,1.8132504303869896,2.6873286710740563,-4.026136940412037,39.80819783443032,4.0,0.938,3252.2189999999973,27
1,24,1.8132504303869896,3.195884713743036,-0.0007752434173582,39.91546145844266,0.0004,3.18,3262.2350000000006,27
1,24,1.8132504303869896,3.234908423938088,-0.000288151563066,34.98935157026232,0.0004,-0.0,3767.875,27
1,24,1.8132504303869896,3.2364971446730912,-0.0002226710948728,34.877133997527714,0.0004,0.0,3778.218999999997,27
1,24,1.8132504303869896,3.2379916201371377,-0.0028878280660398,34.77152263602637,0.0004,-0.0,3788.657000000007,27
1,24,1.8132504303869896,3.2391403281795625,-0.0022339962391783,34.66806732493181,0.0004,0.0,3799.062999999994,27
1,24,1.8132504303869896,3.240623406836352,-0.0011665129384838,34.568553731211395,0.0004,0.0,3809.453999999998,27
1,24,1.8132504303869896,3.2420537301522105,-0.0009689554291754,34.472416837169256,0.0004,0.0,3819.8910000000033,27
1,24,1.8132504303869896,3.2431282856549557,-0.0006172918291263,34.37491362947073,0.0004,0.0,3830.297000000006,27
1,24,1.8132504303869896,3.24443178923735,-0.0008801329403837,34.26197861332747,0.0004,0.0,3840.7350000000006,27
1,24,1.8132504303869896,3.2199689539323324,-0.0008535834138425,35.89977577072357,0.0004,0.0,3684.547000000006,27
1,24,1.8132504303869896,3.222089258286843,-0.0014710968374521,35.77903146531298,0.0004,0.0,3694.968999999997,27
1,24,1.8132504303869896,3.2243657822403824,-0.0001817000448822,35.65962708612967,0.0004,0.0,3705.312999999994,27
1,24,1.8132504303869896,3.226221544194356,-0.001182491639974,35.5400666163796,0.0004,-0.0,3715.718999999997,27
1,24,1.8132504303869896,3.2281028504875517,-0.0031701549028052,35.423806937166866,0.0006,-0.0,3726.1410000000033,27
1,24,1.8132504303869896,3.2299870775241875,-0.0001870415980365,35.31812925692988,0.0004,0.0,3736.672000000006,27
1,24,1.8132504303869896,3.2317323218828893,0.0003415518257203,35.1942044245892,0.0004,-0.0,3747.032000000007,27
1,24,1.8132504303869896,3.233261900221743,-0.0010681796211741,35.09145513960318,0.0004,0.0,3757.422000000006,27
1,24,1.8132504303869896,3.1988237187777853,-0.003687049412299,36.945833993079766,0.0004,0.0,3601.3439999999973,27
1,24,1.8132504303869896,3.201868941840398,-0.0004396625906547,36.80764711888847,0.0004,-0.0,3611.703999999998,27
1,24,1.8132504303869896,3.205010507451336,-0.0021960008728519,36.68650858445234,0.0004,0.0,3622.1100000000006,27
1,24,1.8132504303869896,3.207745765110917,-0.0018857118767687,36.54251526982253,0.0004,0.0,3632.5160000000033,27
1,24,1.8132504303869896,3.210625209871058,-0.0006607851920382,36.40771953067678,0.0004,-0.0,3642.8910000000033,27
1,24,1.8132504303869896,3.2130740779263207,-0.0036289603540042,36.28343535992973,0.0004,0.0,3653.312999999994,27
1,24,1.8132504303869896,3.2157058178274727,-0.0030662255113978,36.157630902698095,0.0004,-0.0,3663.718999999997,27
1,24,1.8132504303869896,3.2180013230334543,-0.001575937765808,36.030661725805935,0.0004,0.0,3674.1100000000006,27
1,24,1.8132504303869896,3.163656354176919,-0.0007640038848001,38.123753853061416,0.0006,0.0,3518.187999999994,27
1,24,1.8132504303869896,3.1691800602107683,-0.0010261301156031,37.97314276627998,0.0004,0.0,3528.5939999999973,27
1,24,1.8132504303869896,3.1743670579046737,-0.0016963369308566,37.81743293087881,0.0004,0.0,3538.9850000000006,27
1,24,1.8132504303869896,3.1788920661642504,0.0009531998887047,37.68254971190981,0.0004,-0.0,3549.3910000000037,27
1,24,1.8132504303869896,3.183577295280939,-0.0012441365489491,37.51496632854404,0.0004,0.0,3559.7660000000037,27
1,24,1.8132504303869896,3.1875470517837687,-0.0025445077365351,37.35394385487678,0.0006,0.0,3570.0939999999973,27
1,24,1.8132504303869896,3.1917041200947467,-0.0002692567445277,37.23020332754016,0.0004,0.0,3580.5320000000065,27
1,24,1.8132504303869896,3.1952054046937843,-0.0016098103652443,37.09361427355565,0.0004,0.0,3590.922000000006,27
1,24,1.8132504303869896,3.266373275502449,0.0003766429002054,32.25257574730113,0.0004,-0.0,4100.672000000006,27
1,24,1.8132504303869896,3.266955949135433,-0.0017800549725709,32.188194599581,0.0004,0.0,4111.047000000006,27
1,24,1.8132504303869896,3.2677048383818086,0.0010160579287667,32.11096903781019,0.0004,0.0,4121.468999999997,27
1,24,1.8132504303869896,3.2681942478726245,-0.0017679877464385,32.05286963361885,0.0004,-0.0,4131.843999999997,27
1,24,1.8132504303869896,3.2688124011297366,-0.0028085683758435,31.981303738544337,0.0004,-0.0,4142.266000000003,27
1,24,1.8132504303869896,3.269415356014838,-0.0004301491970352,31.92689228680309,0.0004,0.0,4152.766000000003,27
1,24,1.8132504303869896,3.270102122290085,-0.0029601749013463,31.85338926125313,0.0004,0.0,4163.218999999997,27
1,24,1.8132504303869896,3.270753338543878,-0.0025623483782241,31.78262049358386,0.0004,0.0,4173.625,27
1,24,1.8132504303869896,3.260689584225457,-0.0013880227484751,32.81311230115203,0.0004,-0.0,4017.3910000000033,27
1,24,1.8132504303869896,3.2613281123459537,-0.0013931727626418,32.73751150648648,0.0004,-0.0,4027.812999999994,27
1,24,1.8132504303869896,3.2621670403077148,-0.0026705583501551,32.677751547011965,0.0004,0.0,4038.203999999998,27
1,24,1.8132504303869896,3.2629098377826917,-0.0031919195717269,32.593726275601426,0.0004,-0.0,4048.6410000000033,27
1,24,1.8132504303869896,3.263572669402499,-8.141397918142462e-05,32.52429203730488,0.0004,0.0,4059.078999999998,27
1,24,1.8132504303869896,3.2641553339580347,-0.0025182857212545,32.45983980814701,0.0004,0.0,4069.468999999997,27
1,24,1.8132504303869896,3.2649784260323718,-0.0001710798317559,32.38032422348777,0.0004,0.0,4079.875,27
1,24,1.8132504303869896,3.26575492158612,-0.0028250511694227,32.31589137354378,0.0004,0.0,4090.282000000007,27
1,24,1.8132504303869896,3.253911537300528,-0.0010920115361216,33.44982616526601,0.0004,0.0,3934.25,27
1,24,1.8132504303869896,3.254959205339417,-0.000418590334296,33.36631223292039,0.0004,0.0,3944.6410000000033,27
1,24,1.8132504303869896,3.255737975327744,-0.0008931419971156,33.28205871661001,0.0004,-0.0,3955.0,27
1,24,1.8132504303869896,3.256557466979182,-0.0021473862172387,33.210029420405256,0.0004,0.0,3965.375,27
1,24,1.8132504303869896,3.2574932724976446,-0.0002184331151237,33.12728223793274,0.0004,0.0,3975.843999999997,27
1,24,1.8132504303869896,3.2584895274551764,-0.000692928021718,33.05144925703555,0.0004,-0.0,3986.2350000000006,27
1,24,1.8132504303869896,3.258979737159404,-0.0005760716571923,32.96865333596882,0.0004,0.0,3996.625,27
1,24,1.8132504303869896,3.2598674785068926,-0.0015297205845938,32.89310273931553,0.0004,0.0,4007.047000000006,27
1,24,1.8132504303869896,3.2455510767800813,-0.0023374693644598,34.175677369902786,0.0006,0.0,3851.1100000000006,27
1,24,1.8132504303869896,3.246821196339413,-0.0017459008789935,34.0797135241507,0.0004,0.0,3861.468999999997,27
1,24,1.8132504303869896,3.247862787259254,-0.0001780353130157,33.99842397443689,0.0004,-0.0,3871.8910000000033,27
1,24,1.8132504303869896,3.2489429561507115,-0.0037350886071783,33.89127310540606,0.0004,0.0,3882.297000000006,27
1,24,1.8132504303869896,3.250027095365733,-0.004482882915687,33.80940168459592,0.0004,0.0,3892.672000000006,27
1,24,1.8132504303869896,3.2512427841265232,-0.0024764016071509,33.7228338171904,0.0004,-0.0,3903.078999999998,27
1,24,1.8132504303869896,3.252153875582336,-0.0007785273002423,33.627301644585366,0.0004,-0.0,3913.5,27
1,24,1.8132504303869896,3.2531114246511192,-0.0042311371133165,33.53936588773534,0.0004,-0.0,3923.875,27
1,24,1.8132504303869896,3.2827639378232285,-0.0010406240641424,30.487156264507977,0.0004,0.0,4433.797000000006,27
1,24,1.8132504303869896,3.2831862287557136,-0.0005336627851754,30.428704990117577,0.0004,-0.0,4444.203999999998,27
1,24,1.8132504303869896,3.283445232822658,-7.783669131090311e-05,30.386104617410496,0.0004,-0.0,4454.578999999998,27
1,24,1.8132504303869896,3.28397980854452,-0.001115349499501,30.339331835188467,0.0004,-0.0,4464.937999999995,27
1,24,1.8132504303869896,3.284127683829463,-0.001293414341848,30.306784361812426,0.0004,-0.0,4475.312999999995,27
1,24,1.8132504303869896,3.284677896391301,-0.0016606263461996,30.26887069678785,0.0004,-0.0,4485.75,27
1,24,1.8132504303869896,3.285085607140867,0.0020021538114208,30.21352534966027,0.0004,0.0,4496.110000000001,27
1,24,1.8132504303869896,3.2853361523375644,-0.0020706643927159,30.177323667019145,0.0004,0.0,4506.562999999995,27
1,24,1.8132504303869896,3.2793070426784467,-0.0001835444392663,30.857065196454236,0.0004,0.0,4350.641000000003,27
1,24,1.8132504303869896,3.279690664183591,-0.0011037856859376,30.80559772156889,0.0004,0.0,4361.047000000006,27
1,24,1.8132504303869896,3.2800538656453417,-0.0016666864449151,30.756647743043416,0.0004,0.0,4371.407000000007,27
1,24,1.8132504303869896,3.280378694597585,-0.001530389196585,30.722132380584664,0.0004,-0.0,4381.766000000003,27
1,24,1.8132504303869896,3.2809615259428506,-0.000723405198152,30.662667940454668,0.0004,0.0,4392.218999999997,27
1,24,1.8132504303869896,3.281521538734683,-0.0024265829275794,30.626547435407907,0.0004,-0.0,4402.578999999998,27
1,24,1.8132504303869896,3.2819074462628333,-0.0008192673541318,30.59031980584751,0.0004,0.0,4413.0,27
1,24,1.8132504303869896,3.2822799949053847,0.0007850021892931,30.5381285003492,0.0004,0.0,4423.343999999997,27
1,24,1.8132504303869896,3.275790424888405,-0.0026972026927044,31.2599469149818,0.0004,-0.0,4267.360000000001,27
1,24,1.8132504303869896,3.276025397776904,-0.0011663599670584,31.205559609136237,0.0004,0.0,4277.782000000007,27
1,24,1.8132504303869896,3.276231219101928,0.0006756250169812,31.1576887034711,0.0004,0.0,4288.172000000006,27
1,24,1.8132504303869896,3.276796084970479,0.0005632273370886,31.10562359067217,0.0004,0.0,4298.562999999995,27
1,24,1.8132504303869896,3.27721731369529,0.0001182660970082,31.04575184120764,0.0004,0.0,4308.937999999995,27
1,24,1.8132504303869896,3.2778785081827584,0.0003566383354393,30.998599793391527,0.0004,-0.0,4319.312999999995,27
1,24,1.8132504303869896,3.2783011050390134,0.0006655131887931,30.972254761105265,0.0004,-0.0,4329.766000000003,27
1,24,1.8132504303869896,3.278651053035057,0.0015207962105738,30.909270728770416,0.0004,0.0,4340.172000000006,27
1,24,1.8132504303869896,3.271206635826331,-0.0015504471244982,31.730209047772703,0.0004,0.0,4184.0,27
1,24,1.8132504303869896,3.271648728717877,-0.0016813425936824,31.67959856922998,0.0004,0.0,4194.407000000007,27
1,24,1.8132504303869896,3.2723125177769647,-0.0015688215467838,31.61601845849834,0.0004,0.0,4204.860000000001,27
1,24,1.8132504303869896,3.272922947151278,-0.0026558226483257,31.55335435374046,0.0004,0.0,4215.328999999998,27
1,24,1.8132504303869896,3.2733717098159345,-0.0019815083830818,31.4851160739065,0.0004,0.0,4225.687999999995,27
1,24,1.8132504303869896,3.273960260782664,-0.0016867312603455,31.43597425017227,0.0004,-0.0,4236.110000000001,27
1,24,1.8132504303869896,3.27436265058106,-0.0030327868937428,31.365180709553474,0.0004,0.0,4246.485000000001,27
1,24,1.8132504303869896,3.274778877055223,-0.0005821465807904,31.32371391619364,0.0004,-0.0,4256.937999999995,27
1,24,1.8132504303869896,3.2936468483206127,-0.0001755019681565,29.295795372477105,0.0004,0.0,4766.985000000001,27
1,24,1.8132504303869896,3.2938976841134093,0.0013577306268838,29.26617945377804,0.0004,0.0,4777.343999999997,27
1,24,1.8132504303869896,3.294306313335421,-0.0012122073134828,29.237231466627897,0.0004,0.0,4787.703999999998,27
1,24,1.8132504303869896,3.294388603615661,-0.0017122784473601,29.19774928426631,0.0004,0.0,4798.172000000006,27
1,24,1.8132504303869896,3.29477904837061,-0.0013064003642859,29.180301069260143,0.0004,0.0,4808.625,27
1,24,1.8132504303869896,3.2949052823263063,-0.0014177284937602,29.137469874687344,0.0004,-0.0,4819.016000000003,27
1,24,1.8132504303869896,3.2953554489697585,-0.0020781329236694,29.126220906195396,0.0004,0.0,4829.422000000006,27
1,24,1.8132504303869896,3.295524933014992,-0.0020615843498842,29.09797919575494,0.0004,0.0,4839.782000000007,27
1,24,1.8132504303869896,3.291303375136456,-0.0028174262080464,29.544117935663373,0.0004,-0.0,4683.407000000007,27
1,24,1.8132504303869896,3.2913686452101474,-0.0028153661147694,29.5094642344924,0.0004,0.0,4693.875,27
1,24,1.8132504303869896,3.2918024642829558,-0.0021254698012879,29.473050599847937,0.0004,0.0,4704.25,27
1,24,1.8132504303869896,3.292087820059161,-1.74204253816687e-05,29.44602076051199,0.0004,0.0,4714.641000000003,27
1,24,1.8132504303869896,3.292460536141738,-0.0007934631456885,29.41845242330647,0.0004,0.0,4725.110000000001,27
1,24,1.8132504303869896,3.2926277259592407,-0.0036956025059841,29.387862472741205,0.0004,0.0,4735.562999999995,27
1,24,1.8132504303869896,3.293036113751336,-0.0016611506206842,29.36256968846668,0.0004,0.0,4746.062999999995,27
1,24,1.8132504303869896,3.2929697600556604,-0.0009901737476158,29.326354178966024,0.0004,0.0,4756.516000000003,27
1,24,1.8132504303869896,3.288565398763322,-0.0019853442373958,29.81787440528459,0.0004,0.0,4600.235000000001,27
1,24,1.8132504303869896,3.2889145615497317,-0.0021849663549683,29.78037644174352,0.0004,0.0,4610.578999999998,27
1,24,1.8132504303869896,3.289149707489623,-0.0007019108695233,29.75293809505035,0.0004,-0.0,4621.016000000003,27
1,24,1.8132504303869896,3.289551516641529,-0.0033007164732465,29.71795970427784,0.0004,-0.0,4631.391000000003,27
1,24,1.8132504303869896,3.2899759632034704,-0.0005592590344762,29.68486508036856,0.0004,0.0,4641.766000000003,27
1,24,1.8132504303869896,3.290265777518421,-0.0021601665237315,29.640376134802644,0.0004,0.0,4652.187999999995,27
1,24,1.8132504303869896,3.2905597972622918,-0.00152110497631,29.60798455494866,0.0004,0.0,4662.593999999997,27
1,24,1.8132504303869896,3.2908344783351366,-0.0018468747600152,29.56840803170692,0.0004,-0.0,4672.937999999995,27
1,24,1.8132504303869896,3.2857546864896983,0.0005619136559231,30.14776558442582,0.0004,0.0,4516.968999999997,27
1,24,1.8132504303869896,3.2861426128504627,0.0002148352372032,30.098702077068484,0.0004,0.0,4527.343999999997,27
1,24,1.8132504303869896,3.286473126330459,-0.0028775024473147,30.049891769898355,0.0004,0.0,4537.797000000006,27
1,24,1.8132504303869896,3.2867477579872686,-0.0049995869540812,30.026507765902256,0.0004,0.0,4548.218999999997,27
1,24,1.8132504303869896,3.287031134903403,-0.0033482649571172,29.980265386935063,0.0004,-0.0,4558.625,27
1,24,1.8132504303869896,3.2874123799208483,0.000593921173498,29.94376638276191,0.0004,0.0,4569.062999999995,27
1,24,1.8132504303869896,3.287869815492172,0.0006221326243142,29.90427795069161,0.0004,-0.0,4579.422000000006,27
1,24,1.8132504303869896,3.2882689536563885,0.0001695271546571,29.849150789433363,0.0004,0.0,4589.812999999995,27
1,24,1.8132504303869896,3.301646784366459,-0.0001720462734643,28.506835298445168,0.0004,0.0,5100.016000000003,27
1,24,1.8132504303869896,3.3017627347335217,-0.0025306375220523,28.482400647892455,0.0004,-0.0,5110.407000000007,27
1,24,1.8132504303869896,3.302082897848109,-0.0003413372081072,28.45350197827084,0.0004,0.0,5120.985000000001,27
1,24,1.8132504303869896,3.3021703856676505,-0.0020847342433937,28.441892955284874,0.0004,0.0,5131.375,27
1,24,1.8132504303869896,3.302557247341864,-0.00172603183845,28.42486935252888,0.0004,-0.0,5141.766000000003,27
1,24,1.8132504303869896,3.3025898715893085,-0.0006181030929764,28.40667215228345,0.0004,0.0,5152.172000000006,27
1,24,1.8132504303869896,3.30283576144972,-0.0012328746453059,28.38092726663533,0.0004,0.0,5162.578999999998,27
1,24,1.8132504303869896,3.30297260239713,0.0005834896608503,28.366329564860617,0.0004,0.0,5173.0,27
1,24,1.8132504303869896,3.299809887561226,-0.0017924909446467,28.67599526000272,0.0004,0.0,5016.860000000001,27
1,24,1.8132504303869896,3.299968653386025,-0.0014274483211214,28.646637785942133,0.0004,0.0,5027.235000000001,27
1,24,1.8132504303869896,3.300249045671188,-0.002257463109256,28.631126868530853,0.0004,0.0,5037.641000000003,27
1,24,1.8132504303869896,3.300500159758593,-0.0011188896096802,28.609408465041216,0.0004,0.0,5048.032000000007,27
1,24,1.8132504303869896,3.3006581337278007,-0.0021908790360793,28.581955356266675,0.0004,0.0,5058.437999999995,27
1,24,1.8132504303869896,3.3010447944072148,-0.0024594128545662,28.568575187966815,0.0004,0.0,5068.812999999995,27
1,24,1.8132504303869896,3.3011038394129075,-0.0014726842350624,28.53647761955116,0.0004,0.0,5079.203999999998,27
1,24,1.8132504303869896,3.301294872508243,-0.0013161970979177,28.513972967051497,0.0004,0.0,5089.593999999997,27
1,24,1.8132504303869896,3.297833445311129,-0.0003444115696361,28.8646776431409,0.0004,0.0,4933.578999999998,27
1,24,1.8132504303869896,3.298109137760044,-0.0010265629947824,28.83413269506187,0.0004,0.0,4943.953999999998,27
1,24,1.8132504303869896,3.298339472829138,-0.0013455050805064,28.807659409100378,0.0004,-0.0,4954.375,27
1,24,1.8132504303869896,3.2985643259841764,-0.0030992487659081,28.794048341309065,0.0004,0.0,4964.843999999997,27
1,24,1.8132504303869896,3.298737798463683,-0.0009476632106999,28.764283947440276,0.0004,0.0,4975.266000000003,27
1,24,1.8132504303869896,3.2991672398378014,-0.0005477766186409,28.73522573475167,0.0004,-0.0,4985.672000000006,27
1,24,1.8132504303869896,3.2993649371011795,-0.0013226120481946,28.716780951985356,0.0004,0.0,4996.047000000006,27
1,24,1.8132504303869896,3.299483505033285,0.0002418649356756,28.69093032744461,0.0004,0.0,5006.485000000001,27
1,24,1.8132504303869896,3.2956796785856395,-0.0004307620802723,29.075322617861666,0.0004,0.0,4850.203999999998,27
1,24,1.8132504303869896,3.2960451651702343,-0.0011130106892864,29.034962686105185,0.0004,0.0,4860.578999999998,27
1,24,1.8132504303869896,3.2961498175203627,-0.0014824854849893,29.01079101459704,0.0004,0.0,4870.985000000001,27
1,24,1.8132504303869896,3.2964870346531407,0.000512129653653,28.988474166336367,0.0004,0.0,4881.422000000006,27
1,24,1.8132504303869896,3.2968544284364456,-0.0007546431029475,28.96281777240161,0.0004,-0.0,4891.812999999995,27
1,24,1.8132504303869896,3.296995310936317,-0.0030535103138269,28.94126735743864,0.0004,0.0,4902.218999999997,27
1,24,1.8132504303869896,3.297329503861397,-0.0021090823131548,28.912097377130745,0.0004,0.0,4912.703999999998,27
1,24,1.8132504303869896,3.2975966007513944,2.402027882778069e-05,28.88864261998286,0.0004,-0.0,4923.157000000007,27
1,24,1.8132504303869896,3.307943814408643,-0.0013739326414792,27.95617700213171,0.0004,-0.0,5433.343999999997,27
1,24,1.8132504303869896,3.3080000702982804,-0.000487865473191,27.93573816201199,0.0004,-0.0,5443.687999999995,27
1,24,1.8132504303869896,3.308259282647376,-0.000373956787507,27.912235401759755,0.0004,0.0,5454.078999999998,27
1,24,1.8132504303869896,3.3084780566414915,-0.001694741950965,27.901701778453624,0.0004,0.0,5464.485000000001,27
1,24,1.8132504303869896,3.3086392063987304,-0.0020308796127005,27.88396243781769,0.0004,0.0,5474.937999999995,27
1,24,1.8132504303869896,3.3088107736497534,-0.0008302029212019,27.87823346945944,0.0004,0.0,5485.312999999995,27
1,24,1.8132504303869896,3.3090965722863617,0.0006805446606116,27.863637695209835,0.0004,-0.0,5495.703999999998,27
1,24,1.8132504303869896,3.3091618328944032,-0.0031121432378905,27.85432153107432,0.0004,0.0,5506.141000000003,27
1,24,1.8132504303869896,3.3064925803572085,-0.0029330545279315,28.068596121723107,0.0004,0.0,5349.891000000003,27
1,24,1.8132504303869896,3.3066432990288352,-0.0006330298311498,28.043127512155078,0.0004,-0.0,5360.343999999997,27
1,24,1.8132504303869896,3.306931766216408,-0.0022735177078639,28.04271248130191,0.0004,-0.0,5370.766000000003,27
1,24,1.8132504303869896,3.306968344458939,-0.001872244039753,28.024901225960686,0.0004,0.0,5381.187999999995,27
1,24,1.8132504303869896,3.307270030376745,-0.0023041014877697,28.009797682853627,0.0004,0.0,5391.593999999997,27
1,24,1.8132504303869896,3.30737929317276,-0.0017102804205156,27.995641335247576,0.0004,-0.0,5402.047000000006,27
1,24,1.8132504303869896,3.307604901238577,-0.0023580700998332,27.97985728521228,0.0004,0.0,5412.516000000003,27
1,24,1.8132504303869896,3.3077259787339166,-0.0007077436621632,27.965001329020723,0.0004,-0.0,5422.953999999998,27
1,24,1.8132504303869896,3.304982385774532,-0.0007766882340947,28.20843909310532,0.0004,0.0,5266.593999999997,27
1,24,1.8132504303869896,3.305118971608941,-0.0015668188852443,28.18456827159287,0.0004,-0.0,5276.968999999997,27
1,24,1.8132504303869896,3.305385796689144,-0.0013601570112142,28.163826121118905,0.0004,-0.0,5287.391000000003,27
1,24,1.8132504303869896,3.305421871408509,0.0008853994017861,28.141694240481872,0.0004,0.0,5297.812999999995,27
1,24,1.8132504303869896,3.305902276034336,-0.0013029179942812,28.134233486181078,0.0004,-0.0,5308.203999999998,27
1,24,1.8132504303869896,3.30590097270968,-0.0041238028280485,28.115444493279533,0.0004,0.0,5318.687999999995,27
1,24,1.8132504303869896,3.306020962126855,-0.001793188003559,28.099467998684727,0.0004,-0.0,5329.062999999995,27
1,24,1.8132504303869896,3.3063122830144667,-4.230655240753969e-05,28.08058087689736,0.0004,-0.0,5339.485000000001,27
1,24,1.8132504303869896,3.3034136233387383,-0.0015767132041068,28.34585930852668,0.0004,0.0,5183.422000000006,27
1,24,1.8132504303869896,3.303551173086612,0.0004494774756916,28.318079421456076,0.0004,0.0,5193.860000000001,27
1,24,1.8132504303869896,3.3036633380751144,-0.0038111056281203,28.302685630916194,0.0004,0.0,5204.282000000007,27
1,24,1.8132504303869896,3.3040246029628486,-0.0008462153233766,28.2837048595634,0.0004,-0.0,5214.593999999997,27
1,24,1.8132504303869896,3.304045589244094,-0.0009658134238284,28.26876825799897,0.0004,0.0,5225.032000000007,27
1,24,1.8132504303869896,3.304269201097877,0.0009287226962267,28.249566056684312,0.0004,0.0,5235.391000000003,27
1,24,1.8132504303869896,3.3044182638652537,-0.0031040728914982,28.232220690638236,0.0004,0.0,5245.797000000006,27
1,24,1.8132504303869896,3.304713801327748,0.0011000205276819,28.22360360965405,0.0004,0.0,5256.203999999998,27
1,24,1.8132504303869896,3.3133720326110043,-0.0011946697949133,27.568051087054197,0.0004,0.0,5766.047000000006,27
1,24,1.8132504303869896,3.313274363613041,-0.0023189181616338,27.554596401331228,0.0004,0.0,5776.422000000006,27
1,24,1.8132504303869896,3.313617190903224,-0.0013584277764243,27.541997168025908,0.0004,0.0,5786.766000000003,27
1,24,1.8132504303869896,3.3137750552411998,-0.000757283149425,27.53029765067918,0.0004,0.0,5797.125,27
1,24,1.8132504303869896,3.3137887362038176,-0.0019660988047193,27.515596843012933,0.0004,0.0,5807.562999999995,27
1,24,1.8132504303869896,3.313989257228679,-0.0006496019302937,27.52091026794208,0.0004,0.0,5817.922000000006,27
1,24,1.8132504303869896,3.3140019406002272,-0.0016859917213263,27.510986903784552,0.0004,0.0,5828.437999999995,27
1,24,1.8132504303869896,3.3143785025448445,-0.0027235719656452,27.501925346212424,0.0004,0.0,5838.828999999998,27
1,24,1.8132504303869896,3.3119683083851688,-0.001920565769675,27.64786748692622,0.0006,0.0,5682.875,27
1,24,1.8132504303869896,3.3120774803975666,-0.0020596029127303,27.636568114888703,0.0004,0.0,5693.235000000001,27
1,24,1.8132504303869896,3.312384900890666,-0.0028257353408695,27.627073271010985,0.0004,0.0,5703.625,27
1,24,1.8132504303869896,3.3124347181934826,-0.0017658153648969,27.616638936865527,0.0004,-0.0,5714.016000000003,27
1,24,1.8132504303869896,3.312673981062707,-0.0028046989433796,27.614378032736838,0.0004,0.0,5724.437999999995,27
1,24,1.8132504303869896,3.3127670631243573,-0.0016439659792334,27.596482596040904,0.0004,-0.0,5734.907000000007,27
1,24,1.8132504303869896,3.312934324479391,-0.0005037254552902,27.58970597278902,0.0004,-0.0,5745.297000000006,27
1,24,1.8132504303869896,3.313009245655821,-0.0022851004695819,27.574861486773663,0.0004,0.0,5755.687999999995,27
1,24,1.8132504303869896,3.3107236359149304,-0.0007405518452401,27.74199160080793,0.0004,0.0,5599.672000000006,27
1,24,1.8132504303869896,3.3107902999803693,-0.0018638291790925,27.723387960224503,0.0004,-0.0,5610.062999999995,27
1,24,1.8132504303869896,3.310923074215717,-0.0019180319240969,27.70938014175398,0.0004,-0.0,5620.547000000006,27
1,24,1.8132504303869896,3.311183407371612,-0.0013771153461133,27.710511241292085,0.0004,0.0,5630.953999999998,27
1,24,1.8132504303869896,3.311253758720379,-0.0021517355506214,27.69710962083081,0.0004,-0.0,5641.360000000001,27
1,24,1.8132504303869896,3.311687255766817,0.0009452434033366,27.683102764252627,0.0004,0.0,5651.75,27
1,24,1.8132504303869896,3.311799277330578,0.0011049429783991,27.670837415216837,0.0004,0.0,5662.125,27
1,24,1.8132504303869896,3.311716736895367,-0.0016145604155066,27.66736609234286,0.0004,-0.0,5672.532000000007,27
1,24,1.8132504303869896,3.3092566464903945,-0.0007905486975156,27.836417634672028,0.0004,0.0,5516.516000000003,27
1,24,1.8132504303869896,3.309606917555265,-0.0015561239649226,27.824010594975885,0.0004,0.0,5526.891000000003,27
1,24,1.8132504303869896,3.309735590637569,0.0004353190721537,27.817005584722228,0.0004,-0.0,5537.266000000003,27
1,24,1.8132504303869896,3.3098616912576366,-0.0020225452383731,27.797200205901387,0.0004,0.0,5547.687999999995,27
1,24,1.8132504303869896,3.310162936776675,-0.0003804474981913,27.77923935156139,0.0004,0.0,5558.078999999998,27
1,24,1.8132504303869896,3.310220537990716,-0.0004489475499333,27.765697420817386,0.0004,0.0,5568.468999999997,27
1,24,1.8132504303869896,3.3103286957377978,-8.988086523543458e-05,27.768803189151065,0.0004,0.0,5578.828999999998,27
1,24,1.8132504303869896,3.310595628037679,-0.0007202172420542,27.76331764150044,0.0004,-0.0,5589.218999999997,27
1,24,1.8132504303869896,3.3177844143948727,0.0004047274862932,27.29598693689841,0.0004,0.0,6099.203999999998,27
1,24,1.8132504303869896,3.3181155306662253,-0.0010447092959592,27.28885367559265,0.0004,0.0,6109.562999999995,27
1,24,1.8132504303869896,3.318169699546698,-0.0013348480730731,27.270375850483425,0.0004,-0.0,6119.985000000001,27
1,24,1.8132504303869896,3.3182135382421376,-0.002169883249477,27.271563923830264,0.0004,0.0,6130.360000000001,27
1,24,1.8132504303869896,3.318341293487712,-0.002911750614336,27.26119429722099,0.0004,-0.0,6140.735000000001,27
1,24,1.8132504303869896,3.318495837402198,-0.0028586516843202,27.25858817490493,0.0004,0.0,6151.125,27
1,24,1.8132504303869896,3.318504082414488,0.0007017314828587,27.242599453537963,0.0004,0.0,6161.5,27
1,24,1.8132504303869896,3.3184286440702846,-0.0032735234478796,27.233798946556192,0.0004,0.0,6171.907000000007,27
1,24,1.8132504303869896,3.316571360994156,-0.0055278572081825,27.345733000041783,0.0004,0.0,6016.0,27
1,24,1.8132504303869896,3.3169094005312547,0.0016030387428812,27.333844315147463,0.0004,0.0,6026.468999999997,27
1,24,1.8132504303869896,3.317005939669488,-0.001809692924349,27.3412880249256,0.0004,-0.0,6036.875,27
1,24,1.8132504303869896,3.3172629293465232,-0.0025208544713484,27.336516186394046,0.0004,0.0,6047.25,27
1,24,1.8132504303869896,3.3172983922699197,-0.0012257822785578,27.321634295788403,0.0004,0.0,6057.625,27
1,24,1.8132504303869896,3.317421549473382,-0.0013877609366568,27.311767453462465,0.0004,0.0,6068.016000000003,27
1,24,1.8132504303869896,3.317668788060748,0.0001424702342171,27.30618423174562,0.0004,0.0,6078.375,27
1,24,1.8132504303869896,3.3176972518145247,-0.0026364990553744,27.303490593960326,0.0004,0.0,6088.828999999998,27
1,24,1.8132504303869896,3.315639993892101,-0.0024046072630559,27.40833559530457,0.0004,-0.0,5932.703999999998,27
1,24,1.8132504303869896,3.3156848451943475,-0.0031911035549592,27.406613568964826,0.0004,0.0,5943.078999999998,27
1,24,1.8132504303869896,3.3159672960732736,-0.001608240226458,27.402660680781835,0.0004,-0.0,5953.468999999997,27
1,24,1.8132504303869896,3.316341975378358,-0.0017764060023238,27.40126382475405,0.0006,-0.0,5963.860000000001,27
1,24,1.8132504303869896,3.316259788154054,-0.000179385201866,27.390492340130173,0.0004,0.0,5974.266000000003,27
1,24,1.8132504303869896,3.316249921182277,-0.0019665801226696,27.381165903244565,0.0004,-0.0,5984.672000000006,27
1,24,1.8132504303869896,3.316561260777656,-0.0022745527628206,27.366180903155,0.0004,-0.0,5995.187999999995,27
1,24,1.8132504303869896,3.316537356715246,-0.0003087378120851,27.362065398038197,0.0004,0.0,6005.641000000003,27
1,24,1.8132504303869896,3.3144768569421106,-0.0021194766197894,27.490768900560443,0.0006,-0.0,5849.25,27
1,24,1.8132504303869896,3.3145203364865927,-0.0020974873266886,27.479653278923596,0.0004,0.0,5859.657000000007,27
1,24,1.8132504303869896,3.3147306388256377,-0.0017403529496383,27.46611867668584,0.0004,0.0,5870.078999999998,27
1,24,1.8132504303869896,3.315003207991481,-0.0013970782320019,27.450154766382852,0.0004,0.0,5880.547000000006,27
1,24,1.8132504303869896,3.3150360443951734,-0.0008342826209513,27.450429817918685,0.0004,0.0,5891.032000000007,27
1,24,1.8132504303869896,3.3150597158430526,-0.0017115745291839,27.439539869776294,0.0004,-0.0,5901.485000000001,27
1,24,1.8132504303869896,3.315416623190588,-0.0007497975697415,27.41638919946294,0.0004,0.0,5911.843999999997,27
1,24,1.8132504303869896,3.3154972965293585,-0.0015519582519825,27.412856808202463,0.0004,0.0,5922.266000000003,27
1,24,1.8132504303869896,3.3219914829385964,-0.00150197720587,27.08655462147528,0.0004,0.0,6432.187999999995,27
1,24,1.8132504303869896,3.321983998721815,0.0008059144982525,27.08889563152851,0.0004,0.0,6442.578999999998,27
1,24,1.8132504303869896,3.322077474883273,2.9707902759462517e-05,27.07631259063365,0.0004,0.0,6452.968999999997,27
1,24,1.8132504303869896,3.3220679757124785,-0.0041046608219238,27.073594281574167,0.0004,0.0,6463.437999999995,27
1,24,1.8132504303869896,3.322326177907609,-5.776001573469061e-05,27.0682160823015,0.0004,0.0,6473.843999999997,27
1,24,1.8132504303869896,3.3225052021569668,0.0011175887867891,27.06306523587155,0.0004,0.0,6484.235000000001,27
1,24,1.8132504303869896,3.322541695447209,-0.0007767688660393,27.05272157359148,0.0004,0.0,6494.593999999997,27
1,24,1.8132504303869896,3.322704206277292,-0.0016278761596471,27.05109471428304,0.0004,-0.0,6504.968999999997,27
1,24,1.8132504303869896,3.3209490215248105,-0.0020706009965616,27.12774277843032,0.0004,0.0,6348.843999999997,27
1,24,1.8132504303869896,3.3210293424170434,-0.0016255266012836,27.11650222361662,0.0004,0.0,6359.266000000003,27
1,24,1.8132504303869896,3.321154332294157,-0.0010097437847625,27.11223510423109,0.0004,0.0,6369.703999999998,27
1,24,1.8132504303869896,3.3213067313432303,-0.0043098383345063,27.116451276469853,0.0004,0.0,6380.141000000003,27
1,24,1.8132504303869896,3.321419757286069,-0.0007097975333809,27.10555996199141,0.0004,0.0,6390.5,27
1,24,1.8132504303869896,3.321544547087554,-0.0024998540764713,27.096179069446865,0.0004,0.0,6400.968999999997,27
1,24,1.8132504303869896,3.3214856321598814,-0.0030033303179331,27.083963225472186,0.0004,0.0,6411.360000000001,27
1,24,1.8132504303869896,3.321812825530642,-0.002435708326752,27.09271309299047,0.0004,-0.0,6421.75,27
1,24,1.8132504303869896,3.3199151783010272,0.0001547667048404,27.178368140344404,0.0004,0.0,6265.75,27
1,24,1.8132504303869896,3.320161468777004,-0.0002770700437042,27.16836722663142,0.0004,0.0,6276.125,27
1,24,1.8132504303869896,3.3201568059295146,0.0004924701198209,27.161521367465543,0.0004,0.0,6286.516000000003,27
1,24,1.8132504303869896,3.320178238300088,-0.0022421322410613,27.16493930563149,0.0004,0.0,6296.891000000003,27
1,24,1.8132504303869896,3.320536041857604,-0.0037476676225078,27.15714856335329,0.0004,-0.0,6307.282000000007,27
1,24,1.8132504303869896,3.3206005700470023,-0.0015015972523264,27.149823424682804,0.0004,0.0,6317.703999999998,27
1,24,1.8132504303869896,3.320822956284815,-0.0011594463395712,27.150850222443797,0.0004,0.0,6328.093999999997,27
1,24,1.8132504303869896,3.3207191136406133,-0.0007859307238627,27.136744931814857,0.0004,0.0,6338.485000000001,27
1,24,1.8132504303869896,3.3189639383923253,0.0003254920459305,27.239116109904263,0.0004,0.0,6182.360000000001,27
1,24,1.8132504303869896,3.3190869543542623,-0.0024778778731566,27.22629764984344,0.0004,0.0,6192.797000000006,27
1,24,1.8132504303869896,3.319250424611263,-0.0038983735932416,27.23002625022587,0.0004,-0.0,6203.218999999997,27
1,24,1.8132504303869896,3.319133315400042,-0.0012641758096334,27.21447218721105,0.0004,-0.0,6213.610000000001,27
1,24,1.8132504303869896,3.3193695224423414,-0.0019647649627523,27.200670512633486,0.0004,-0.0,6224.078999999998,27
1,24,1.8132504303869896,3.319378558037124,0.0001215704920331,27.199420506201896,0.0004,0.0,6234.532000000007,27
1,24,1.8132504303869896,3.3195929316460644,2.0891331005344997e-05,27.191609260444427,0.0004,-0.0,6244.922000000006,27
1,24,1.8132504303869896,3.319712157724406,-0.0007169512286811,27.1901458079317,0.0004,0.0,6255.312999999995,27
1,24,1.8132504303869896,3.392076906034668,-4.025801778766061,34.13221409796118,4.0,1.583,1136.61,27
1,24,1.8132504303869896,3.823392426196551,-0.0007754838570335,34.183597164829955,0.0006,3.824,1146.594,27
1,24,1.8132504303869896,3.388777640535209,-4.025176674429421,34.18199975302328,4.0,1.578,1156.547,27
1,24,1.8132504303869896,3.819610613905835,-0.0012803597844166,34.22557953816667,0.0004,3.82,1166.516,27
1,24,1.8132504303869896,3.3848887460626145,-4.02381644655011,34.235406512478875,4.0,1.575,1176.594,27
1,24,1.8132504303869896,3.8155635835211528,0.0007016033329131,34.30351748972108,0.0004,3.816,1186.516,27
1,24,1.8132504303869896,3.38150924314508,-4.025088628398316,34.30228583248455,4.0,1.571,1196.532,27
1,24,1.8132504303869896,3.811847359987959,0.0001280463448457,34.377921032474106,0.0004,3.812,1206.485,27
1,24,1.8132504303869896,3.4068680734160366,-4.026452588068359,33.85157496499646,4.0,1.597,1056.766,27
1,24,1.8132504303869896,3.839244088002424,-0.0016802251801006,33.93618386407188,0.0004,3.84,1066.735,27
1,24,1.8132504303869896,3.4032013029475805,-4.02566766343715,33.91623184984641,4.0,1.594,1076.719,27
1,24,1.8132504303869896,3.8352761291918815,-0.0008933833884549,33.97828197764032,0.0004,3.836,1086.657,27
1,24,1.8132504303869896,3.399022955364193,-4.02347428795953,33.961399127636184,4.0,1.589,1096.75,27
1,24,1.8132504303869896,3.831206051929247,-0.0022693452722629,34.0361029241347,0.0004,3.83,1106.704,27
1,24,1.8132504303869896,3.395793157809015,-4.022874394342089,34.04642274564984,4.0,1.585,1116.688,27
1,24,1.8132504303869896,3.8272792950363983,0.0017336383080253,34.10215418995535,0.0004,3.828,1126.641,27
1,24,1.8132504303869896,3.421478263551557,-4.025529605239536,33.596019960279264,4.0,1.609,976.954,27
1,24,1.8132504303869896,3.855378290264101,-0.0012530765686093,33.64404298950966,0.0004,3.855,986.954,27
1,24,1.8132504303869896,3.4175148064259377,-4.024912923556809,33.64465152867885,4.0,1.607,997.016,27
1,24,1.8132504303869896,3.8511329467835114,-0.0014486774717241,33.729465738141,0.0006,3.851,1006.969,27
1,24,1.8132504303869896,3.4139721218895174,-4.024747054444854,33.727307601647965,4.001,1.602,1016.938,27
1,24,1.8132504303869896,3.846962453220328,-0.0033351275020705,33.78757480192661,0.0004,3.847,1026.86,27
1,24,1.8132504303869896,3.4103794973884747,-4.025808766081339,33.76410033178892,4.0,1.599,1036.86,27
1,24,1.8132504303869896,3.843053557721077,0.0003543244575569,33.845202552914564,0.0004,3.842,1046.829,27
1,24,1.8132504303869896,3.3226569002740027,-0.0019189619625085,27.037200886948213,0.0004,0.0,6515.422000000006,27
1,24,1.8132504303869896,3.872032829120868,-2.249977940032641e-05,33.41504399409918,0.0004,3.872,907.313,27
1,24,1.8132504303869896,3.4331307577644274,-4.0243615148666185,33.417203443592726,4.0,1.623,917.235,27
1,24,1.8132504303869896,3.8678234601412447,-0.0004129450721394,33.45124018950755,0.0006,3.868,927.172,27
1,24,1.8132504303869896,3.4292556329287183,-4.0249736154553215,33.50413028329564,4.0,1.619,937.125,27
1,24,1.8132504303869896,3.8634947292573782,-0.0018161567219832,33.5392300828464,0.0004,3.864,947.063,27
1,24,1.8132504303869896,3.425542949657365,-4.025789516341093,33.55085967643799,4.0,1.616,957.0,27
1,24,1.8132504303869896,3.8594306669501215,-0.0004965540049564,33.607851616333164,0.0004,3.86,966.954,27
1,24,1.8132504303869896,3.9252628056943633,-0.0009643912109952,32.63149204052292,0.0004,3.924,668.016,27
1,24,1.8132504303869896,3.48007931956951,-4.025477475924385,32.6857759579254,4.0,1.666,677.985,27
1,24,1.8132504303869896,3.920481279217593,-0.0008729107007937,32.72643645234592,0.0004,3.92,687.969,27
1,24,1.8132504303869896,3.4761464508975912,-4.026588000116985,32.75781390817951,4.001,1.663,697.922,27
1,24,1.8132504303869896,3.9159594524676256,-0.0006739399888051,32.798305870971205,0.0004,3.916,707.86,27
1,24,1.8132504303869896,3.4722015961522272,-4.026551066508684,32.83681874534577,4.0,1.66,717.797,27
1,24,1.8132504303869896,3.911332270917821,-0.0019990373812039,32.88348946511589,0.0004,3.911,727.75,27
1,24,1.8132504303869896,3.468075685109538,-4.025502161433641,32.952155141016,4.0,1.656,737.719,27
1,24,1.8132504303869896,3.944660069258093,-0.000772348506958,32.204263764128264,0.0004,3.944,588.266,27
1,24,1.8132504303869896,3.495950501520986,-4.023273346112354,32.25586373774353,4.0,1.679,598.266,27
1,24,1.8132504303869896,3.939916247857022,-0.0005321532895916,32.35230986642453,0.0004,3.94,608.313,27
1,24,1.8132504303869896,3.492219824670864,-4.026236731563307,32.395014566215494,4.0,1.675,618.266,27
1,24,1.8132504303869896,3.9348976273633767,0.0001065898857173,32.460113038508496,0.0004,3.934,628.219,27
1,24,1.8132504303869896,3.488364874655548,-4.022268319447747,32.49237761770232,4.0,1.673,638.219,27
1,24,1.8132504303869896,3.929859983326923,0.0019308644700682,32.574668672982,0.0004,3.929,648.141,27
1,24,1.8132504303869896,3.484221555186901,-4.02586183906583,32.5986838346567,4.0,1.668,658.079,27
1,24,1.8132504303869896,3.9660171150233863,-0.0005564583661435,31.67506993779579,0.0004,3.965,508.422,27
1,24,1.8132504303869896,3.512280749572659,-4.024698298746141,31.72418762966478,4.0,1.694,518.485,27
1,24,1.8132504303869896,3.960184020915472,-0.0011950960531976,31.80249344589837,0.0004,3.96,528.422,27
1,24,1.8132504303869896,3.507870479897936,-4.026045643408,31.88893780136974,4.0,1.691,538.485,27
1,24,1.8132504303869896,3.955050189416314,-7.689782425895556e-05,31.96042419102196,0.0004,3.954,548.485,27
1,24,1.8132504303869896,3.5043718289107546,-4.024176391838502,31.98952010112503,4.0,1.687,558.485,27
1,24,1.8132504303869896,3.949862904328332,-0.0013753162382728,32.09625511161228,0.0004,3.948,568.422,27
1,24,1.8132504303869896,3.500198945815398,-4.027549643239946,32.15285346213927,4.0,1.684,578.36,27
1,24,1.8132504303869896,3.378174481490351,-4.024529150726771,34.364700249862466,4.001,1.567,1216.438,27
1,24,1.8132504303869896,3.616065014656756,-4.025040048031207,28.003923357728773,4.0,1.776,119.407,27
1,24,1.8132504303869896,4.088730483252139,-0.0020589751230361,28.171463227903725,0.0004,4.089,129.438,27
1,24,1.8132504303869896,3.606731494617722,-4.02450666070139,28.254531936546517,4.0,1.768,139.391,27
1,24,1.8132504303869896,4.0799121527307545,-0.0018835056291885,28.393692814950093,0.0004,4.081,149.407,27
1,24,1.8132504303869896,3.5986266757224468,-4.025401555123177,28.475347744553225,4.0,1.762,159.36,27
1,24,1.8132504303869896,4.071547758018273,-0.0017895181223852,28.623659111183976,0.0004,4.071,169.36,27
1,24,1.8132504303869896,3.516792565824658,-4.023759189226156,31.56230556147333,4.0,1.7,498.485,27
1,24,1.8132504303869896,3.3475755582949644,-4.0260228321029725,34.88762792302662,4.0,1.539,1396.047,27
1,24,1.8132504303869896,3.775965831461244,-0.0003490590945176,34.95968471466206,0.0006,3.776,1405.985,27
1,24,1.8132504303869896,3.344267396582134,-4.025087459626455,34.94443527012356,4.0,1.534,1415.938,27
1,24,1.8132504303869896,3.772675918976984,-0.0039300510215046,35.00954804807097,0.0004,3.773,1425.86,27
1,24,1.8132504303869896,3.3407841483422334,-4.023270356873906,35.00757303219837,4.0,1.531,1435.86,27
1,24,1.8132504303869896,3.768989922370809,-0.0019725417771659,35.04473722369142,0.0004,3.769,1445.797,27
1,24,1.8132504303869896,3.3374311170084705,-4.02328580990827,35.08196750972261,4.0,1.529,1455.797,27
1,24,1.8132504303869896,3.765817195356246,-0.0016063647870539,35.1165892995179,0.0006,3.766,1465.797,27
1,24,1.8132504303869896,3.361115874854882,-4.024414966475199,34.66242063791616,4.0,1.553,1316.329,27
1,24,1.8132504303869896,3.790069748297994,-0.001202211314891,34.73591834721114,0.0004,3.79,1326.266,27
1,24,1.8132504303869896,3.3575524532036853,-4.026158830887566,34.72469575032674,4.0,1.548,1336.266,27
1,24,1.8132504303869896,3.786467454463458,0.0007102165424883,34.78197930331065,0.0004,3.786,1346.235,27
1,24,1.8132504303869896,3.354189654274464,-4.0258008315921865,34.77873333496431,4.0,1.545,1356.204,27
1,24,1.8132504303869896,3.7829659515826,-0.0012259055329023,34.83869511360291,0.0004,3.784,1366.188,27
1,24,1.8132504303869896,3.3510467202666008,-4.027079916361151,34.84782658019059,4.0,1.542,1376.11,27
1,24,1.8132504303869896,3.77960431391696,-0.0017836257160505,34.90846052184689,0.0006,3.78,1386.079,27
1,24,1.8132504303869896,3.374566437175496,-4.024249772045798,34.43244642972505,4.0,1.565,1236.36,27
1,24,1.8132504303869896,3.804460488781377,0.0008663859558676,34.48904621168111,0.0004,3.804,1246.375,27
1,24,1.8132504303869896,3.3711286218935586,-4.0250944495069305,34.48139476227946,4.0,1.562,1256.391,27
1,24,1.8132504303869896,3.800874300930312,-0.0034845746348437,34.55085154721201,0.0004,3.801,1266.391,27
1,24,1.8132504303869896,3.367906894527198,-4.024705747157318,34.5273085787941,4.0,1.558,1276.344,27
1,24,1.8132504303869896,3.7972023064180425,-0.0009414609576603,34.61684079341566,0.0004,3.797,1286.329,27
1,24,1.8132504303869896,3.364402993079919,-4.024636276751228,34.60831294734145,4.001,1.555,1296.297,27
1,24,1.8132504303869896,3.793752814313703,-0.0001320523199314,34.66252361362276,0.0004,3.794,1306.375,27
1,24,1.8132504303869896,3.906978899967973,-0.0016418891474059,32.966269597893486,0.0004,3.906,747.719,27
1,24,1.8132504303869896,3.8846371887964897,-0.000996932328977,33.26111278305011,0.0004,3.884,847.36,27
1,24,1.8132504303869896,3.4442077941133484,-4.025702960793104,33.289287035329174,4.0,1.631,857.375,27
1,24,1.8132504303869896,3.880308341558626,-0.0006948498194548,33.31740755293808,0.0004,3.88,867.36,27
1,24,1.8132504303869896,3.4403193631118807,-4.0236321156079,33.31377148234051,4.0,1.63,877.329,27
1,24,1.8132504303869896,3.8762504010475616,-0.0012769111269161,33.36569909914255,0.0004,3.876,887.36,27
1,24,1.8132504303869896,3.436863431678248,-4.025050747797188,33.35433810703709,4.0,1.625,897.297,27
1,24,1.8132504303869896,3.808022815351571,-0.0003050543226318,34.43253073775064,0.0004,3.808,1226.391,27
1,24,1.8132504303869896,3.2810398075134657,-4.024914266094849,35.88071888353051,4.0,1.475,1835.375,27
1,24,1.8132504303869896,3.709141523198792,0.0019021825412026,35.93537253519252,0.0004,3.71,1845.391,27
1,24,1.8132504303869896,3.278389324142132,-4.022948295800426,35.94694994303998,4.0,1.471,1855.313,27
1,24,1.8132504303869896,3.706735823798418,0.0002984774153894,35.95311417374668,0.0004,3.706,1865.36,27
1,24,1.8132504303869896,3.275775011541351,-4.026826825600299,35.95861938303517,4.0,1.469,1875.313,27
1,24,1.8132504303869896,3.704085492038357,-0.0004837827217769,36.0201474445084,0.0004,3.705,1885.313,27
1,24,1.8132504303869896,3.2729909196089464,-4.02405447215795,36.007703575761525,4.0,1.465,1895.266,27
1,24,1.8132504303869896,3.7014050134262,-0.0007784368019026,36.017784403690534,0.0004,3.702,1905.235,27
1,24,1.8132504303869896,3.2914549119719405,-4.026712383652835,35.73426346462564,4.0,1.484,1755.532,27
1,24,1.8132504303869896,3.719466502437421,-6.950803608174936e-05,35.78310217867549,0.0004,3.72,1765.469,27
1,24,1.8132504303869896,3.28854057450261,-4.026747297244534,35.77386597301777,4.0,1.482,1775.485,27
1,24,1.8132504303869896,3.7167270324998194,-6.708324226853424e-05,35.820727594706185,0.0004,3.717,1785.422,27
1,24,1.8132504303869896,3.285930349182745,-4.025332796894814,35.81213064659451,4.0,1.479,1795.36,27
1,24,1.8132504303869896,3.714271146206196,-0.0003856275840489,35.84519478739416,0.0004,3.714,1805.391,27
1,24,1.8132504303869896,3.283264860851537,-4.02392505711154,35.83455427893515,4.0,1.476,1815.375,27
1,24,1.8132504303869896,3.711784656432389,-0.0008818362091125,35.89720140378672,0.0004,3.712,1825.438,27
1,24,1.8132504303869896,3.303294958190446,-4.024807003251947,35.5585054554495,4.0,1.497,1675.594,27
1,24,1.8132504303869896,3.731234338048549,0.0008644787818264,35.63413903077766,0.0004,3.732,1685.547,27
1,24,1.8132504303869896,3.3000813730629144,-4.023986865989229,35.6360464031947,4.0,1.492,1695.579,27
1,24,1.8132504303869896,3.728053627590926,-8.428057088982943e-05,35.65889405255872,0.0004,3.728,1705.532,27
1,24,1.8132504303869896,3.2973391807658325,-4.024983759327001,35.6499337441114,4.0,1.49,1715.516,27
1,24,1.8132504303869896,3.725302456935872,-0.0002715149096369,35.701541898849534,0.0006,3.726,1725.454,27
1,24,1.8132504303869896,3.29427779252278,-4.024604367010527,35.701866476394386,4.0,1.487,1735.5,27
1,24,1.8132504303869896,3.7224695103633967,-0.0003962341278356,35.73490601218128,0.0006,3.722,1745.516,27
1,24,1.8132504303869896,3.31531267839974,-4.024379318878529,35.37975665602864,4.0,1.507,1595.657,27
1,24,1.8132504303869896,3.743164164925158,-0.0011467259342605,35.434670988311744,0.0004,3.743,1605.641,27
1,24,1.8132504303869896,3.312693632575914,-4.02506541629166,35.41294957949495,4.0,1.505,1615.547,27
1,24,1.8132504303869896,3.7403570603859033,-0.0030890283224155,35.46766283007212,0.0004,3.742,1625.594,27
1,24,1.8132504303869896,3.309578871705224,-4.027388623985814,35.46740670086186,4.0,1.503,1635.61,27
1,24,1.8132504303869896,3.737273711987435,0.0006355603152183,35.510947733516225,0.0004,3.737,1645.61,27
1,24,1.8132504303869896,3.3064658945927463,-4.026382723428703,35.52355781493541,4.0,1.499,1655.563,27
1,24,1.8132504303869896,3.734112028126924,0.000796625280559,35.571184395114194,0.0004,3.735,1665.625,27
1,24,1.8132504303869896,4.185453870728775,-0.0001146353859743,26.419339530533897,0.0004,0.0,0.0,27
2,24,1.8149760087078304,3.77952045094699,-0.0007532441362927,34.665793416698946,0.0004,3.78,1396.5,26
2,24,1.8149760087078304,3.3785881544733747,-4.022583227901151,34.17296084662751,4.0,1.567,1245.844,26
2,24,1.8149760087078304,3.8048756677359736,-0.0005357398753909,34.23590617547574,0.0006,3.806,1255.969,26
2,24,1.8149760087078304,3.37541180005373,-4.023505813300255,34.21411874921931,4.0,1.564,1265.969,26
2,24,1.8149760087078304,3.8010778450031535,-0.0005426981560386,34.27895951834485,0.0004,3.802,1276.0,26
2,24,1.8149760087078304,3.564619050224663,-4.025772108348573,29.923904450554364,4.0,1.739,321.563,26
2,24,1.8149760087078304,4.01994748604726,-0.0008160495018992,30.05087146126971,0.0004,4.018,331.657,26
2,24,1.8149760087078304,3.55975748097187,-4.025295982948388,30.10339719397426,4.0,1.735,341.719,26
2,24,1.8149760087078304,3.765524460119232,1.2310834459846366e-05,34.865285852179866,0.0004,3.766,1476.782,26
2,24,1.8149760087078304,3.3648942787549307,-4.023763474217796,34.406634827560275,4.0,1.554,1326.188,26
2,24,1.8149760087078304,3.7902906195185406,-0.0010940735842406,34.48919759988012,0.0006,3.791,1336.282,26
2,24,1.8149760087078304,3.361402923168016,-4.024839280423638,34.477957150623105,4.0,1.551,1346.344,26
2,24,1.8149760087078304,3.786389495011752,3.930488129816716e-05,34.552748906602034,0.0004,3.787,1356.328,26
2,24,1.8149760087078304,3.3577064837209143,-4.026758208971963,34.53526027177106,4.0,1.548,1366.391,26
2,24,1.8149760087078304,3.782744316283891,0.0007112676148127,34.61140058643297,0.0004,3.783,1376.375,26
2,24,1.8149760087078304,3.354301124465854,-4.025494993180536,34.607566463980746,4.0,1.545,1386.422,26
2,24,1.8149760087078304,3.8725963323658026,-0.0011192402456467,33.20290109518604,0.0004,3.872,914.141,26
2,24,1.8149760087078304,3.351074327422324,-4.024487582577495,34.65784947027302,4.0,1.541,1406.563,26
2,24,1.8149760087078304,3.775856650196914,-0.0024634844159935,34.69972043730239,0.0004,3.777,1416.594,26
2,24,1.8149760087078304,3.347696142233471,-4.026575375117742,34.701727975741775,4.0,1.537,1426.625,26
2,24,1.8149760087078304,3.7725490329345126,-0.0005594709147551,34.762149680010346,0.0004,3.774,1436.688,26
2,24,1.8149760087078304,3.3444602220808286,-4.025557515779468,34.78675916700687,4.0,1.535,1446.719,26
2,24,1.8149760087078304,3.7689418033997737,-2.7933801979540413e-05,34.81838310244167,0.0006,3.77,1456.782,26
2,24,1.8149760087078304,3.3413380205597787,-4.025197626936596,34.80344229883776,4.0,1.531,1466.797,26
2,24,1.8149760087078304,3.8559043078652335,0.000538515866092,33.416948358093705,0.0006,3.856,994.703,26
2,24,1.8149760087078304,3.453453342766842,-4.024944406034498,33.01483463604353,4.0,1.641,843.953,26
2,24,1.8149760087078304,3.88563492572695,-0.0018630923306718,33.039812023928654,0.0004,3.885,854.016,26
2,24,1.8149760087078304,3.4496111160438163,-4.025845104891501,33.08436293998361,4.0,1.635,864.032,26
2,24,1.8149760087078304,3.881283218892372,-0.0005034527642876,33.12620714104673,0.0004,3.881,874.063,26
2,24,1.8149760087078304,3.445629599318163,-4.0251989482135935,33.13965176671732,4.0,1.631,884.078,26
2,24,1.8149760087078304,3.8770220808299274,-1.5354666112329746e-05,33.15630598843732,0.0006,3.877,894.141,26
2,24,1.8149760087078304,3.4419388297112685,-4.026419009333472,33.17225114353655,4.0,1.629,904.141,26
2,24,1.8149760087078304,3.392885936137155,-4.026540149951207,33.919043440496374,4.0,1.581,1165.641,26
2,24,1.8149760087078304,3.819791630912997,-0.0001163664885029,33.99474869359802,0.0004,3.82,1175.672,26
2,24,1.8149760087078304,3.3892201381989104,-4.027521231488273,33.97926133298591,4.0,1.577,1185.735,26
2,24,1.8149760087078304,3.8159288236365545,0.001417253661409,34.05424351849786,0.0004,3.816,1195.75,26
2,24,1.8149760087078304,3.385660805112796,-4.024039886848299,34.06022109973071,4.0,1.573,1205.766,26
2,24,1.8149760087078304,3.8123593810639975,0.0026753842679465,34.116264610716605,0.0004,3.812,1215.782,26
2,24,1.8149760087078304,3.3818804134315723,-4.025328133496104,34.10971869954388,4.0,1.571,1225.828,26
2,24,1.8149760087078304,3.808192340902302,-0.0010209928869916,34.160333338043785,0.0006,3.808,1235.828,26
2,24,1.8149760087078304,3.437494759993394,-4.025295001191794,33.209950954833424,4.0,1.624,924.235,26
2,24,1.8149760087078304,3.868540892140557,-0.0012781615799692,33.24504441665848,0.0006,3.868,934.36,26
2,24,1.8149760087078304,3.433826355306016,-4.02637673242606,33.262553964969925,4.0,1.621,944.422,26
2,24,1.8149760087078304,3.864299058336218,-0.0033692185315131,33.30234653318972,0.0004,3.864,954.532,26
2,24,1.8149760087078304,3.371729501896491,-4.024023549354453,34.29040149450171,4.0,1.562,1286.047,26
2,24,1.8149760087078304,3.7973154031561847,-0.00331447687425,34.36458382638202,0.0006,3.798,1296.094,26
2,24,1.8149760087078304,3.3682375020178528,-4.025367363105144,34.358643227177346,4.0,1.558,1306.125,26
2,24,1.8149760087078304,3.793700221994422,-0.0019887527188298,34.44215915768475,0.0004,3.794,1316.157,26
2,24,1.8149760087078304,3.421883682389456,-4.0257480936413925,33.401595764733855,4.0,1.609,1004.875,26
2,24,1.8149760087078304,3.851452839096588,-0.0020371532879275,33.492418445169434,0.0004,3.852,1014.938,26
2,24,1.8149760087078304,3.4185854610975746,-4.025269114269721,33.50218556626278,4.0,1.606,1024.938,26
2,24,1.8149760087078304,3.847460393269253,-0.001072135895369,33.566931940279616,0.0004,3.848,1034.985,26
2,24,1.8149760087078304,3.414890252247885,-4.025799688143682,33.54131359844531,4.0,1.603,1045.078,26
2,24,1.8149760087078304,3.843419196987857,0.0002567360516133,33.62163367869518,0.0004,3.844,1055.094,26
2,24,1.8149760087078304,3.4112044362270533,-4.025643736609712,33.60741338390969,4.0,1.6,1065.078,26
2,24,1.8149760087078304,3.839391881185915,-0.0013943737765901,33.676230991079336,0.0006,3.84,1075.11,26
2,24,1.8149760087078304,4.013848820011601,-0.0013126164581806,30.215990238261806,0.0006,4.012,351.75,26
2,24,1.8149760087078304,3.835754872815044,-0.0012944287533891,33.7473336119867,0.0004,3.836,1095.219,26
2,24,1.8149760087078304,3.4035058648906324,-4.025354513931328,33.74441316040961,4.0,1.591,1105.328,26
2,24,1.8149760087078304,3.831429114815837,-0.0004981515588632,33.808671742035926,0.0004,3.832,1115.344,26
2,24,1.8149760087078304,3.399928671559015,-4.026272375748762,33.78190010399475,4.0,1.588,1125.407,26
2,24,1.8149760087078304,3.827674622488481,-0.0002670673803599,33.852780215979905,0.0004,3.828,1135.485,26
2,24,1.8149760087078304,3.3966169746590187,-4.027338829561877,33.839407981654674,4.0,1.584,1145.547,26
2,24,1.8149760087078304,3.8238614579659376,-0.0003801572660471,33.91692848980357,0.0004,3.825,1155.61,26
2,24,1.8149760087078304,3.289334076062608,-4.024565702792071,35.587474494037544,4.0,1.481,1808.203,26
2,24,1.8149760087078304,3.7141301957203536,0.0003056848446957,35.631782208458176,0.0004,3.714,1818.266,26
2,24,1.8149760087078304,3.2868204667682863,-4.026149326533905,35.605876957718195,4.0,1.477,1828.36,26
2,24,1.8149760087078304,3.711643079011312,-0.0002869369519082,35.67832010643897,0.0004,3.713,1838.422,26
2,24,1.8149760087078304,3.2841621650090698,-4.025094332321693,35.64663587689454,4.0,1.477,1848.422,26
2,24,1.8149760087078304,3.708958989992022,0.0010477265029305,35.720440609128936,0.0004,3.71,1858.422,26
2,24,1.8149760087078304,3.2813160530652645,-4.024623099072279,35.68009522115075,4.0,1.473,1868.485,26
2,24,1.8149760087078304,3.7062990803536624,-0.0016500603991818,35.758013827378605,0.0004,3.707,1878.516,26
2,24,1.8149760087078304,3.278553049404348,-4.026336506639104,35.71988955584618,4.0,1.469,1888.578,26
2,24,1.8149760087078304,3.7039403654550376,-0.001917209276374,35.80242276583346,0.0004,3.705,1898.688,26
2,24,1.8149760087078304,3.2757756216111877,-4.026220488908759,35.766124114591776,4.0,1.467,1908.828,26
2,24,1.8149760087078304,3.7013772097769664,0.0008914201104817,35.81339839946408,0.0004,3.702,1918.922,26
2,24,1.8149760087078304,3.273503598586446,-4.024747834890491,35.823085671939126,4.0,1.465,1928.953,26
2,24,1.8149760087078304,3.698864439714986,0.0014325190735881,35.84626596021885,0.0006,3.7,1938.938,26
2,24,1.8149760087078304,3.270763080404523,-4.025894498751488,35.876194186828,4.0,1.462,1949.032,26
2,24,1.8149760087078304,3.696529498376655,-0.002243848653751,35.89546867771813,0.0004,3.696,1959.032,26
2,24,1.8149760087078304,3.268163885827816,-4.0271652697449,35.85464971515911,4.0,1.461,1969.094,26
2,24,1.8149760087078304,3.694030727914046,-0.0019502910005868,35.93339218779838,0.0006,3.695,1979.11,26
2,24,1.8149760087078304,3.265947433635465,-4.024721574151887,35.941194125354926,4.0,1.458,1989.141,26
2,24,1.8149760087078304,3.691941451706436,-0.00084765961448,35.97796886824782,0.0004,3.692,1999.282,26
2,24,1.8149760087078304,3.263650931197758,-4.026385689856223,36.009904227963254,4.0,1.455,2009.313,26
2,24,1.8149760087078304,3.6899565613907273,-0.0010505600681481,36.0050046820925,0.0004,3.69,2019.422,26
2,24,1.8149760087078304,3.2613684919520547,-4.024982352140868,36.01794923841582,4.0,1.453,2029.5,26
2,24,1.8149760087078304,3.687757346100229,-0.0012222399161459,36.04492297217005,0.0006,3.688,2039.547,26
2,24,1.8149760087078304,3.258980258744236,-4.0263367047557255,36.059871998744434,4.0,1.451,2049.594,26
2,24,1.8149760087078304,3.6855391918494895,-0.0020679154625662,36.08302636125322,0.0004,3.686,2059.625,26
2,24,1.8149760087078304,3.256324459379456,-4.024960995000835,36.105934752177006,4.0,1.448,2069.766,26
2,24,1.8149760087078304,3.683212862705083,0.0010312201384226,36.135944483450274,0.0004,3.684,2079.75,26
2,24,1.8149760087078304,3.2541908291210206,-4.024418219212065,36.1359551070107,4.0,1.447,2089.797,26
2,24,1.8149760087078304,3.681488199358143,0.0007978082059309,36.17289515216437,0.0006,3.682,2099.891,26
2,24,1.8149760087078304,3.2525967464169687,-4.025794449160246,36.15371599349415,4.0,1.445,2109.985,26
2,24,1.8149760087078304,3.679479943470454,-0.0004658538904384,36.24933069592405,0.0006,3.68,2120.047,26
2,24,1.8149760087078304,3.250299508474714,-4.025559875028473,36.229920112436965,4.0,1.443,2130.078,26
2,24,1.8149760087078304,3.677588372029262,-0.0024258000393037,36.23923122808646,0.0006,3.678,2140.141,26
2,24,1.8149760087078304,3.2480707216873976,-4.025024728610371,36.25692013578161,4.0,1.441,2150.203,26
2,24,1.8149760087078304,3.675882307715077,-0.0008394207605505,36.317260764233765,0.0004,3.676,2160.313,26
2,24,1.8149760087078304,3.246288089531499,-4.026083568142133,36.31405136401329,4.0,1.439,2170.407,26
2,24,1.8149760087078304,3.6739684971745095,-0.0015712621147589,36.33569168216913,0.0004,3.674,2180.438,26
2,24,1.8149760087078304,3.244096551508123,-4.026956472190213,36.33995465260772,4.0,1.437,2190.438,26
2,24,1.8149760087078304,3.6720824314529215,-0.0005868103952082,36.3616070553876,0.0004,3.673,2200.5,26
2,24,1.8149760087078304,3.242031494593118,-4.025730597786063,36.369744926032496,4.0,1.435,2210.5,26
2,24,1.8149760087078304,3.67036234063843,-0.000932354319999,36.42043564532438,0.0004,3.67,2220.532,26
2,24,1.8149760087078304,3.2395825238112104,-4.025654322579957,36.4051607913583,4.0,1.432,2230.641,26
2,24,1.8149760087078304,3.6684729859472016,-0.001322651322389,36.48863233949093,0.0004,3.668,2240.657,26
2,24,1.8149760087078304,3.2374257904717827,-4.025122476705501,36.50714765515589,4.0,1.431,2250.703,26
2,24,1.8149760087078304,3.666888065752462,-0.0013776766041821,36.52562070928256,0.0004,3.667,2260.828,26
2,24,1.8149760087078304,3.23571417175746,-4.024799960831751,36.51074324527072,4.0,1.429,2270.828,26
2,24,1.8149760087078304,3.665031062067435,0.0003175802091662,36.55318600558317,0.0004,3.665,2280.875,26
2,24,1.8149760087078304,3.2334669999402674,-4.02443703304608,36.53335031561553,4.0,1.427,2290.907,26
2,24,1.8149760087078304,3.663598420400412,-0.0021406647085247,36.59127028703287,0.0004,3.664,2301.016,26
2,24,1.8149760087078304,3.2313909427923493,-4.025871936467651,36.54519385936266,4.0,1.425,2311.078,26
2,24,1.8149760087078304,3.661521451422112,-0.0016520863969729,36.66630733595921,0.0004,3.662,2321.125,26
2,24,1.8149760087078304,3.228914745970513,-4.025652090195427,36.64373146749712,4.0,1.423,2331.219,26
2,24,1.8149760087078304,3.6595154965417063,-0.0009130540952701,36.67652379430334,0.0006,3.66,2341.25,26
2,24,1.8149760087078304,3.2269963564160964,-4.024657441920343,36.64900933503989,4.0,1.422,2351.282,26
2,24,1.8149760087078304,3.657766620806522,-0.0001447865206225,36.72758373722215,0.0004,3.657,2361.313,26
2,24,1.8149760087078304,3.2245440111704307,-4.02614794937104,36.70294194197771,4.0,1.419,2371.391,26
2,24,1.8149760087078304,3.655987608653004,-0.0013870821675487,36.76760428426629,0.0006,3.656,2381.422,26
2,24,1.8149760087078304,3.2223942226184854,-4.023902081141536,36.73771375760915,4.0,1.417,2391.438,26
2,24,1.8149760087078304,3.654196556135513,-0.0006384774207132,36.80643168705681,0.0004,3.654,2401.469,26
2,24,1.8149760087078304,3.220201861653241,-4.026288705547816,36.80646788593932,4.0,1.415,2411.5,26
2,24,1.8149760087078304,3.652447484011794,-0.0012939789437515,36.86119393797404,0.0006,3.652,2421.532,26
2,24,1.8149760087078304,3.2177609380885626,-4.024557982435775,36.83550512954543,4.0,1.413,2431.563,26
2,24,1.8149760087078304,3.65053320885207,-0.0011727219091109,36.924656363142006,0.0006,3.65,2441.594,26
2,24,1.8149760087078304,3.215229284528862,-4.0269897324772215,36.90711858921836,4.0,1.411,2451.625,26
2,24,1.8149760087078304,3.64853280417932,-0.0008132552198685,36.93151145760434,0.0006,3.648,2461.641,26
2,24,1.8149760087078304,3.2129414896878514,-4.026060068884272,36.96167860845944,4.0,1.408,2471.688,26
2,24,1.8149760087078304,3.6467600724786298,-0.0005053365148283,36.990444140540426,0.0004,3.647,2481.75,26
2,24,1.8149760087078304,3.210647376154113,-4.023975719519528,37.006292146028414,4.0,1.407,2491.75,26
2,24,1.8149760087078304,3.644787974602923,0.0002310844996563,37.05172529295207,0.0004,3.644,2501.797,26
2,24,1.8149760087078304,3.2079184589350604,-4.02607207347286,37.024724723612096,4.0,1.405,2511.891,26
2,24,1.8149760087078304,3.6426836932820112,-0.00101131685984,37.11400372950093,0.0004,3.641,2521.938,26
2,24,1.8149760087078304,3.205394177717449,-4.026033920679072,37.06017650834936,4.0,1.402,2531.938,26
2,24,1.8149760087078304,3.6405944738345495,-0.0022427334939208,37.18143924230549,0.0004,3.64,2541.985,26
2,24,1.8149760087078304,3.202702633824062,-4.024166257721604,37.15284139341029,4.001,1.399,2552.0,26
2,24,1.8149760087078304,3.638509386745709,0.0004028579394059,37.2289327825042,0.0006,3.637,2562.032,26
2,24,1.8149760087078304,3.199885996646295,-4.026924581752211,37.19002277137261,4.0,1.398,2572.032,26
2,24,1.8149760087078304,3.636330671411244,-0.0009044288470135,37.24740038420876,0.0004,3.635,2582.047,26
2,24,1.8149760087078304,3.1970651498121865,-4.024868357288406,37.24742003230496,4.0,1.394,2592.078,26
2,24,1.8149760087078304,3.634478198010337,-0.0009208183007841,37.30780108180902,0.0004,3.633,2602.235,26
2,24,1.8149760087078304,3.1944592073870584,-4.024600166052147,37.28756415054786,4.0,1.392,2612.266,26
2,24,1.8149760087078304,3.631715401007642,-0.000987366277415,37.35513594518705,0.0004,3.631,2622.297,26
2,24,1.8149760087078304,3.1911898644504637,-4.025617469879228,37.33240989810408,4.0,1.391,2632.297,26
2,24,1.8149760087078304,3.6293433726705686,-0.0032371217813448,37.399746030223234,0.0006,3.627,2642.297,26
2,24,1.8149760087078304,3.1878645603206084,-4.027135782357565,37.42931132410168,4.0,1.387,2652.375,26
2,24,1.8149760087078304,3.626654508689432,0.0003781778731363,37.459463329128674,0.0004,3.625,2662.422,26
2,24,1.8149760087078304,3.184846353771712,-4.026089755183173,37.501403903057536,4.0,1.383,2672.438,26
2,24,1.8149760087078304,3.6243337669447873,-0.0007584932238549,37.518349331777486,0.0006,3.623,2682.485,26
2,24,1.8149760087078304,3.181569912342597,-4.025382970899455,37.56004695170183,4.0,1.382,2692.5,26
2,24,1.8149760087078304,3.6214605192706393,-0.0008580725503264,37.60944008831564,0.0004,3.619,2702.532,26
2,24,1.8149760087078304,3.1778059086793244,-4.025456093797718,37.551885115830366,4.0,1.378,2712.578,26
2,24,1.8149760087078304,3.6186946717565593,-0.0022039193643439,37.645937408463226,0.0004,3.616,2722.594,26
2,24,1.8149760087078304,3.1740625683088064,-4.02552283477821,37.635007621915626,4.0,1.374,2732.625,26
2,24,1.8149760087078304,3.615792949977032,0.0001068905032505,37.696825238589,0.0004,3.613,2742.688,26
2,24,1.8149760087078304,3.170326184409367,-4.025678453651587,37.73167235696712,4.0,1.37,2752.703,26
2,24,1.8149760087078304,3.612755624006224,-0.0018596519168473,37.75846753494047,0.0006,3.609,2762.719,26
2,24,1.8149760087078304,3.166372278218441,-4.025282410865187,37.75128059036975,4.0,1.368,2772.735,26
2,24,1.8149760087078304,3.609354997431509,-0.0015612252736824,37.80874413080443,0.0006,3.606,2782.735,26
2,24,1.8149760087078304,3.161996718910357,-4.026916788269152,37.80544848657221,4.0,1.363,2792.797,26
2,24,1.8149760087078304,3.6062201010411714,-0.0021196679259209,37.869704977096376,0.0004,3.603,2802.875,26
2,24,1.8149760087078304,3.1578237260899686,-4.0270988095147,37.870890528529486,4.0,1.359,2812.875,26
2,24,1.8149760087078304,3.602546619333393,-0.0013947390604653,37.96005755156753,0.0004,3.598,2822.907,26
2,24,1.8149760087078304,3.1530778285623824,-4.026082329972241,37.925493095779565,4.0,1.357,2832.922,26
2,24,1.8149760087078304,3.5988455907099604,4.0785190861249246e-05,37.99286026128279,0.0006,3.595,2842.938,26
2,24,1.8149760087078304,3.1475850500438884,-4.024357009890855,37.983971572987095,4.0,1.351,2853.0,26
2,24,1.8149760087078304,3.5948361088013048,-0.0001196938424742,38.0615624824534,0.0004,3.591,2863.016,26
2,24,1.8149760087078304,3.1423122952298725,-4.025934966693331,38.05970676987244,4.0,1.345,2873.063,26
2,24,1.8149760087078304,3.5904465782737405,-0.001421309578079,38.09727101935254,0.0004,3.585,2883.078,26
2,24,1.8149760087078304,3.136250977989998,-4.026758450470176,38.13878064456535,4.0,1.341,2893.141,26
2,24,1.8149760087078304,3.585912490752352,-0.0001637586261854,38.12864557232184,0.0004,3.581,2903.157,26
2,24,1.8149760087078304,3.130044703017725,-4.024460298378318,38.15527578226322,4.0,1.335,2913.188,26
2,24,1.8149760087078304,3.580924311029695,9.199581352837316e-05,38.22168424499071,0.0004,3.576,2923.219,26
2,24,1.8149760087078304,3.123244506056228,-4.024932204372895,38.20665963156715,4.0,1.329,2933.25,26
2,24,1.8149760087078304,3.575610223352789,-0.0013926649174345,38.27876935959395,0.0004,3.571,2943.344,26
2,24,1.8149760087078304,3.115775734786588,-4.025160303196265,38.28322835058192,4.0,1.322,2953.36,26
2,24,1.8149760087078304,3.569684448116728,-0.0018216875460103,38.32778603926751,0.0004,3.565,2963.469,26
2,24,1.8149760087078304,3.1070809730404245,-4.026732540076977,38.35097282571489,4.0,1.317,2973.547,26
2,24,1.8149760087078304,3.5625066040297915,-0.0014162277995525,38.41378803243502,0.0004,3.557,2983.594,26
2,24,1.8149760087078304,3.097331381676454,-4.025056132587477,38.41017578355533,4.0,1.308,2993.625,26
2,24,1.8149760087078304,3.554750203391364,-0.0003708685661556,38.47455327104981,0.0006,3.549,3003.641,26
2,24,1.8149760087078304,3.0859011650138477,-4.025033870027338,38.48699200890427,4.0,1.297,3013.703,26
2,24,1.8149760087078304,3.5453354848763947,-0.0011038510461405,38.5377864464378,0.0006,3.539,3023.75,26
2,24,1.8149760087078304,3.0738403050701826,-4.025149479906217,38.52735681493711,4.0,1.285,3033.75,26
2,24,1.8149760087078304,3.5349734645515976,-0.0019467724680717,38.59313041284072,0.0004,3.527,3043.75,26
2,24,1.8149760087078304,3.059201552275257,-4.024736468683045,38.624220558492006,4.0,1.274,3053.797,26
2,24,1.8149760087078304,3.5229132738011804,-0.0011933955866644,38.69009835016512,0.0004,3.515,3063.907,26
2,24,1.8149760087078304,3.0411192323806397,-4.0250173488859895,38.73531932351113,4.0,1.258,3074.063,26
2,24,1.8149760087078304,3.508771024798675,-0.0018534528400388,38.794225019961296,0.0004,3.499,3084.141,26
2,24,1.8149760087078304,3.0218007985906903,-4.029362314258353,38.81933505156535,4.0,1.239,3094.219,26
2,24,1.8149760087078304,3.4927424702600685,-0.001415328997788,38.86007703889195,0.0006,3.483,3104.313,26
2,24,1.8149760087078304,2.9999924516819547,-4.0252289572714295,38.87739459608692,4.0,1.222,3114.328,26
2,24,1.8149760087078304,3.473773727972753,-0.003876772939458,38.98787072283992,0.0004,3.464,3124.391,26
2,24,1.8149760087078304,2.9737398564874766,-4.024199186991873,38.99497523213635,4.0,1.198,3134.469,26
2,24,1.8149760087078304,3.4513254415522896,-0.0004283300860603,39.010482438466695,0.0006,3.441,3144.469,26
2,24,1.8149760087078304,2.9433988921709404,-4.0262904054410855,39.069649763627936,4.0,1.17,3154.516,26
2,24,1.8149760087078304,3.4258819413275554,-0.0006493130229741,39.14898864680489,0.0006,3.415,3164.625,26
2,24,1.8149760087078304,2.909672359574184,-4.024545647743008,39.18986282279134,4.0,1.14,3174.672,26
2,24,1.8149760087078304,3.395615570989696,-0.0023930055355405,39.24697784392804,0.0004,3.383,3184.766,26
2,24,1.8149760087078304,2.8688554742327987,-4.024359429423559,39.32519310477105,4.0,1.102,3194.782,26
2,24,1.8149760087078304,3.360143887124875,-0.001941059572801,39.41664068954765,0.0006,3.347,3204.766,26
2,24,1.8149760087078304,2.8218249495164693,-4.0255145904551215,39.44696761996915,4.0,1.062,3214.766,26
2,24,1.8149760087078304,3.3185925157293235,-0.0013731136151855,39.49606300386591,0.0004,3.304,3224.813,26
2,24,1.8149760087078304,2.7645283040296835,-4.0257845024944645,39.54066181912943,4.0,1.01,3234.907,26
2,24,1.8149760087078304,3.268149265306241,-0.002975382713963,39.64816897747405,0.0006,3.252,3244.953,26
2,24,1.8149760087078304,2.6957558740338747,-4.02635230876035,39.65778702377448,4.0,0.95,3254.985,26
2,24,1.8149760087078304,3.2078869241160297,-0.0012170289729907,39.76287779942006,0.0006,3.19,3265.0,26
2,24,1.8149760087078304,2.601619620698482,-4.024396485898666,39.81585925399017,4.0,0.873,3275.078,26
2,24,1.8149760087078304,3.1316102128753776,-0.0011207675743191,39.90697458635571,0.0004,3.108,3285.094,26
2,24,1.8149760087078304,2.457601339153764,-4.027599334868336,39.92924426892792,4.0,0.772,3295.141,26
2,24,1.8149760087078304,3.0290608813221467,-0.0011843416387962,40.065924432321474,0.0006,2.993,3305.141,26
2,24,1.8149760087078304,2.2153219811136093,-4.02531372217862,40.109608774971015,4.0,0.602,3315.172,26
2,24,1.8149760087078304,2.9077272311843854,-0.0002952488307005,40.28924097598442,0.0004,2.846,3325.203,26
2,24,1.8149760087078304,1.9296821070764223,-4.025592280983198,40.38355140496064,4.0,0.336,3335.25,26
2,24,1.8149760087078304,2.8012877716541884,-0.0019005572029495,40.56984371986605,0.0006,-0.0,3345.375,26
2,24,1.8149760087078304,2.896015978864979,-0.002042395562762,40.50235671392853,0.0004,0.001,3355.516,26
2,24,1.8149760087078304,2.94811459271788,-0.00229457574512,40.33042511754677,0.0006,0.0,3365.735,26
2,24,1.8149760087078304,2.985456305220656,-0.0010240430007816,40.15331823169628,0.0004,0.001,3375.86,26
2,24,1.8149760087078304,3.015644986814744,-0.0040269107020106,39.96834809771624,0.0006,0.0,3386.157,26
2,24,1.8149760087078304,3.0408486687900345,-0.0005603871930318,39.81792104433922,0.0004,0.001,3396.438,26
2,24,1.8149760087078304,3.063049700466736,-0.0025017844829748,39.7130631712236,0.0004,0.0,3406.875,26
2,24,1.8149760087078304,3.082307210680641,-0.0003331877234732,39.556236371429854,0.0006,-0.0,3417.375,26
2,24,1.8149760087078304,3.0991685930233976,-0.001836102729465,39.42253966382064,0.0004,0.0,3427.813,26
2,24,1.8149760087078304,3.1138452637477023,-0.0043768907095529,39.26207307424179,0.0004,0.0,3438.313,26
2,24,1.8149760087078304,3.126716181069998,-0.0014289047929335,39.07980332062456,0.0004,-0.0,3448.719,26
2,24,1.8149760087078304,3.1381197684774738,-0.0019689675584346,38.91656319311965,0.0004,0.0,3459.172,26
2,24,1.8149760087078304,3.1480627887189065,-0.0032133982186287,38.76580789521821,0.0004,0.0,3469.672,26
2,24,1.8149760087078304,3.157044336479242,-0.0013413131355625,38.61584765664871,0.0004,-0.0,3480.188,26
2,24,1.8149760087078304,3.165123720825747,-0.0010717714819657,38.45770482872097,0.0004,0.0,3490.625,26
2,24,1.8149760087078304,3.172366773422612,-0.0015485963806658,38.2989637422778,0.0004,0.0,3501.063,26
2,24,1.8149760087078304,3.179108525494997,-0.0035152822502491,38.13871377387088,0.0004,-0.0,3511.578,26
2,24,1.8149760087078304,3.1851340512489186,-0.0018119227808743,37.985423507041226,0.0004,0.0,3522.063,26
2,24,1.8149760087078304,3.190937549033829,-0.0022101244605711,37.82993011296894,0.0004,0.0,3532.594,26
2,24,1.8149760087078304,3.19616271857822,-0.0016980962636486,37.68187988242179,0.0004,-0.0,3543.016,26
2,24,1.8149760087078304,3.201029357235298,-0.0010614881546982,37.51887811082096,0.0004,0.0,3553.469,26
2,24,1.8149760087078304,3.205664615502455,-0.0038338387643289,37.37573572105631,0.0004,0.0,3563.969,26
2,24,1.8149760087078304,3.209823552194761,-0.0007416212248862,37.228131071512806,0.0004,0.0,3574.375,26
2,24,1.8149760087078304,3.2137693635979616,-0.0007367638064849,37.08951878689768,0.0004,0.0,3584.875,26
2,24,1.8149760087078304,3.217740479470632,-0.0008707048723397,36.93137952355279,0.0004,0.0,3595.391,26
2,24,1.8149760087078304,3.2211834942864828,-0.0043888892131478,36.78990433824371,0.0006,0.0,3605.875,26
2,24,1.8149760087078304,3.22465637992561,-0.0025669200764166,36.66337768705867,0.0004,0.0,3616.297,26
2,24,1.8149760087078304,3.22785940647908,0.0002319324236428,36.51797704615316,0.0004,0.0,3626.766,26
2,24,1.8149760087078304,3.230910244190756,-0.0018524794365283,36.39041194921249,0.0004,0.0,3637.266,26
2,24,1.8149760087078304,3.233683219273764,-0.0043123421909384,36.2505094233413,0.0004,0.0,3647.703,26
2,24,1.8149760087078304,3.236646459332536,-0.0011682387413083,36.12002926566287,0.0004,0.0,3658.172,26
2,24,1.8149760087078304,3.239145987326672,-0.000330230809936,35.97928879005603,0.0004,0.0,3668.641,26
2,24,1.8149760087078304,3.241690497297649,0.0015741805228577,35.86899463341485,0.0004,-0.0,3679.032,26
2,24,1.8149760087078304,3.243798188423904,-0.0030824809611253,35.74277388261293,0.0004,0.0,3689.485,26
2,24,1.8149760087078304,3.2463082898473186,-0.0019561935727752,35.61816530303633,0.0004,0.0,3700.0,26
2,24,1.8149760087078304,3.248516025027412,-0.0026580621898373,35.49084413426028,0.0004,0.0,3710.453,26
2,24,1.8149760087078304,3.250584592911303,-0.0023076377349604,35.37877301034644,0.0004,-0.0,3720.985,26
2,24,1.8149760087078304,3.252604067599917,-0.0020823969774278,35.26493045896769,0.0004,0.0,3731.5,26
2,24,1.8149760087078304,3.254571122002992,-0.0039033938497503,35.15373641289158,0.0004,-0.0,3741.922,26
2,24,1.8149760087078304,3.25632372604774,-0.001698998838692,35.02927526101544,0.0004,-0.0,3752.453,26
2,24,1.8149760087078304,3.258259614351026,-0.0007419612612805,34.90605590544373,0.0004,0.0,3762.907,26
2,24,1.8149760087078304,3.2599432034452502,-0.0009485576740171,34.81147601644524,0.0004,0.0,3773.36,26
2,24,1.8149760087078304,3.2618693809481103,-0.000561443951103,34.69752717799295,0.0004,0.0,3783.813,26
2,24,1.8149760087078304,3.263133714046932,-0.0022588800032305,34.58487863174505,0.0006,-0.0,3794.297,26
2,24,1.8149760087078304,3.2645349870752143,-0.0011277211502152,34.486284839826055,0.0004,0.0,3804.766,26
2,24,1.8149760087078304,3.2659995722292403,-0.0025832745966707,34.38330421659677,0.0004,0.0,3815.282,26
2,24,1.8149760087078304,3.2678859410630103,-0.0025098657172333,34.28214806760961,0.0004,0.0,3825.719,26
2,24,1.8149760087078304,3.268975933802849,-0.0015385562217305,34.17939662811924,0.0004,0.0,3836.141,26
2,24,1.8149760087078304,3.270322281477069,-0.0037192913034951,34.07074729677227,0.0004,0.0,3846.547,26
2,24,1.8149760087078304,3.271615957764773,-0.0030772339971691,33.982008042038586,0.0004,0.0,3856.969,26
2,24,1.8149760087078304,3.272992687309621,-0.0012109121760321,33.89617433389512,0.0004,0.0,3867.547,26
2,24,1.8149760087078304,3.2741793829291037,-0.0003109421306808,33.79680667440921,0.0004,-0.0,3878.0,26
2,24,1.8149760087078304,3.275182916859946,-0.0013903867249389,33.722390392163014,0.0004,-0.0,3888.422,26
2,24,1.8149760087078304,3.27641674763889,-0.0023970992241496,33.619954747640634,0.0004,-0.0,3898.844,26
2,24,1.8149760087078304,3.277537707888837,-0.0040790047028381,33.52389708706537,0.0004,-0.0,3909.313,26
2,24,1.8149760087078304,3.2787203353964385,-0.0022566630850488,33.428436650409985,0.0006,0.0,3919.782,26
2,24,1.8149760087078304,3.2797624483819696,-0.001706413830893,33.33457430538184,0.0004,0.0,3930.266,26
2,24,1.8149760087078304,3.280878352294541,-0.0023626057000839,33.26911482014073,0.0004,0.0,3940.688,26
2,24,1.8149760087078304,3.281704695254677,0.0002048091654696,33.170621531392065,0.0004,0.0,3951.172,26
2,24,1.8149760087078304,3.2827121418514373,-0.001298989375164,33.075284824861015,0.0004,-0.0,3961.641,26
2,24,1.8149760087078304,3.2836623843670227,-0.0036674901940888,33.007507271188146,0.0004,0.0,3972.078,26
2,24,1.8149760087078304,3.2845868970749628,-0.0008471933291522,32.91336369794395,0.0004,-0.0,3982.625,26
2,24,1.8149760087078304,3.2854311753065364,-0.0001442025138996,32.84855256151111,0.0004,0.0,3993.078,26
2,24,1.8149760087078304,3.2861754375498866,-0.0031390342688243,32.75819922883989,0.0004,-0.0,4003.625,26
2,24,1.8149760087078304,3.286999659069687,-0.0006726131537656,32.67726851497517,0.0004,-0.0,4014.157,26
2,24,1.8149760087078304,3.2877989119007043,-0.0024447477191294,32.61202744465201,0.0006,-0.0,4024.641,26
2,24,1.8149760087078304,3.288565378687593,-0.0019245563873808,32.52231158554981,0.0004,0.0,4035.141,26
2,24,1.8149760087078304,3.289293791674457,-0.0006683329353621,32.44835499918277,0.0004,-0.0,4045.641,26
2,24,1.8149760087078304,3.290101271306689,-0.0030479055316172,32.38212870806847,0.0004,0.0,4056.063,26
2,24,1.8149760087078304,3.2909198280366856,-0.0035324870434139,32.30417308386526,0.0004,-0.0,4066.532,26
2,24,1.8149760087078304,3.291514823207768,-0.0028527260453907,32.24104497212067,0.0004,-0.0,4077.016,26
2,24,1.8149760087078304,3.2922334695256303,-0.0015536195749399,32.171128621844495,0.0004,0.0,4087.422,26
2,24,1.8149760087078304,3.2929656269059437,-0.0030645167291057,32.090874202531204,0.0004,0.0,4097.813,26
2,24,1.8149760087078304,3.293488411959524,-0.0032596914613608,32.0193620166468,0.0004,0.0,4108.235,26
2,24,1.8149760087078304,3.294263207690274,-0.0017990160472027,31.96458957525211,0.0006,0.0,4118.703,26
2,24,1.8149760087078304,3.2948044930455924,-0.0015211298704228,31.8933438611309,0.0004,0.0,4129.188,26
2,24,1.8149760087078304,3.295321790640963,-0.0046862585129335,31.826564667998326,0.0006,0.0,4139.625,26
2,24,1.8149760087078304,3.296143445227419,-0.0023665679898946,31.752729252443824,0.0004,0.0,4150.125,26
2,24,1.8149760087078304,3.2966308176396724,-0.0028402577785356,31.695905249957267,0.0004,0.0,4160.594,26
2,24,1.8149760087078304,3.297147688347937,-0.0004955139380458,31.62417856661784,0.0004,0.0,4171.032,26
2,24,1.8149760087078304,3.2977044019176303,-0.0010279975964779,31.55558264494578,0.0004,-0.0,4181.516,26
2,24,1.8149760087078304,3.29836415120598,-0.0025517646708659,31.499199140265542,0.0004,-0.0,4192.016,26
2,24,1.8149760087078304,3.298822401782296,-0.0005930291577617,31.43364051942583,0.0004,0.0,4202.5,26
2,24,1.8149760087078304,3.29937408465792,-0.0006172940686136,31.396837444778296,0.0004,0.0,4212.922,26
2,24,1.8149760087078304,3.2998994787917733,-0.0019438879532185,31.32039197845754,0.0004,-0.0,4223.407,26
2,24,1.8149760087078304,3.300622645222716,-0.0014963317178898,31.238750802915984,0.0004,0.0,4233.875,26
2,24,1.8149760087078304,3.3007518812406937,0.0009704614173741,31.19801705443231,0.0004,-0.0,4244.282,26
2,24,1.8149760087078304,3.301320094278665,-0.001321873099751,31.13999621118385,0.0004,0.0,4254.703,26
2,24,1.8149760087078304,3.3017755267252644,-0.0019020310086038,31.076548230451344,0.0004,-0.0,4265.157,26
2,24,1.8149760087078304,3.302558611072072,-8.114637916693826e-05,31.02369533281436,0.0004,0.0,4275.61,26
2,24,1.8149760087078304,3.3028508040659887,-0.000931568553704,30.984050610121383,0.0004,0.0,4286.078,26
2,24,1.8149760087078304,3.303266998524789,-0.0009464711759452,30.917460408117776,0.0004,0.0,4296.563,26
2,24,1.8149760087078304,3.3036262323745005,6.257796209378804e-05,30.87012283163289,0.0004,0.0,4307.032,26
2,24,1.8149760087078304,3.304230994048497,-0.000763917332637,30.821210431484744,0.0004,0.0,4317.5,26
2,24,1.8149760087078304,3.304739393055068,0.0005720701608634,30.778379290297813,0.0004,0.0,4327.969,26
2,24,1.8149760087078304,3.3051404184913533,-0.002060976452474,30.70965213586734,0.0004,0.0,4338.375,26
2,24,1.8149760087078304,3.305650601423037,-0.0037332107410976,30.65521778317971,0.0004,0.0,4348.875,26
2,24,1.8149760087078304,3.305980108035365,-0.0014136159917734,30.606260719475607,0.0004,0.0,4359.438,26
2,24,1.8149760087078304,3.306347994108751,-0.0008014945057948,30.565492802049054,0.0004,-0.0,4369.891,26
2,24,1.8149760087078304,3.3067753646273705,-0.0005159267705767,30.50211702607008,0.0006,0.0,4380.328,26
2,24,1.8149760087078304,3.3072852351037305,-0.001183214345291,30.45595440969956,0.0004,0.0,4390.797,26
2,24,1.8149760087078304,3.3075480532890325,-0.0014746528181534,30.41086330645429,0.0004,-0.0,4401.25,26
2,24,1.8149760087078304,3.308058854614984,-0.0022195854053377,30.36151318983404,0.0004,0.0,4411.719,26
2,24,1.8149760087078304,3.308439930091821,-0.0005355926754056,30.30581466402497,0.0004,0.0,4422.141,26
2,24,1.8149760087078304,3.308781641671376,0.0006255693006301,30.251491285298776,0.0004,0.0,4432.563,26
2,24,1.8149760087078304,3.3092898112233504,-0.0021364627891933,30.19613601353604,0.0004,0.0,4443.047,26
2,24,1.8149760087078304,3.309403111087589,0.0003835218112429,30.156253423053023,0.0004,0.0,4453.594,26
2,24,1.8149760087078304,3.30992512844414,-0.0005047433794937,30.119526710762717,0.0004,0.0,4464.063,26
2,24,1.8149760087078304,3.310354565078664,-0.0018491190721216,30.075107611207045,0.0004,0.0,4474.5,26
2,24,1.8149760087078304,3.3108280698077337,-0.0030344516613285,30.03238058982493,0.0004,0.0,4485.016,26
2,24,1.8149760087078304,3.31097057243928,-0.0019537119476997,29.993428164652563,0.0004,0.0,4495.61,26
2,24,1.8149760087078304,3.311345874599518,-0.003312780127855,29.952835855031665,0.0004,-0.0,4506.078,26
2,24,1.8149760087078304,3.311744321193053,-0.003017940105098,29.908724976498057,0.0004,0.0,4516.594,26
2,24,1.8149760087078304,3.3121086930212087,-0.000756237410405,29.86170805346248,0.0004,0.0,4527.032,26
2,24,1.8149760087078304,3.312425995716783,-0.0011237623777184,29.833117177078748,0.0004,-0.0,4537.469,26
2,24,1.8149760087078304,3.3128341252168108,-0.0021486301906629,29.794775881792464,0.0004,-0.0,4547.969,26
2,24,1.8149760087078304,3.3130657380670776,-0.0017887417640929,29.753728942284692,0.0004,-0.0,4558.485,26
2,24,1.8149760087078304,3.3134606849754182,-0.0029457109806396,29.716891254698886,0.0004,0.0,4569.0,26
2,24,1.8149760087078304,3.313825611667632,-0.0010500462090992,29.681411661188505,0.0004,0.0,4579.422,26
2,24,1.8149760087078304,3.314051848446825,-0.0005206562063339,29.643919179073368,0.0004,0.0,4589.875,26
2,24,1.8149760087078304,3.3144261517313804,-0.001614665765744,29.612251522718964,0.0004,0.0,4600.36,26
2,24,1.8149760087078304,3.314890429430354,-0.002518382034605,29.57841810840185,0.0004,-0.0,4610.782,26
2,24,1.8149760087078304,3.3149727890943903,-0.0005990170112304,29.53415241147469,0.0004,0.0,4621.313,26
2,24,1.8149760087078304,3.315281901959191,-0.0026646971328979,29.48954998032882,0.0004,-0.0,4631.75,26
2,24,1.8149760087078304,3.315720394946512,-0.0013722474630829,29.45687836784563,0.0004,-0.0,4642.266,26
2,24,1.8149760087078304,3.316001878401431,0.0004090473804322,29.42749044712133,0.0004,-0.0,4652.688,26
2,24,1.8149760087078304,3.3162417210493,-0.0011207958028753,29.387116173445925,0.0004,0.0,4663.172,26
2,24,1.8149760087078304,3.3166328443202087,-0.0008089886854837,29.35347408993981,0.0004,-0.0,4673.625,26
2,24,1.8149760087078304,3.3169206855295794,-0.0033127912940627,29.325502743218884,0.0004,0.0,4684.188,26
2,24,1.8149760087078304,3.317055292006524,-0.0004165761763229,29.276213281245745,0.0004,0.0,4694.782,26
2,24,1.8149760087078304,3.3175923569319816,-0.0025775583520762,29.25331096379242,0.0004,0.0,4705.266,26
2,24,1.8149760087078304,3.3177187567650583,-0.0019049172684011,29.21905908931164,0.0004,0.0,4715.719,26
2,24,1.8149760087078304,3.3179055130054294,-0.0020456182483712,29.17519533649499,0.0004,-0.0,4726.141,26
2,24,1.8149760087078304,3.318364850496828,-0.0039296314792964,29.1548540510318,0.0004,-0.0,4736.594,26
2,24,1.8149760087078304,3.318539784041551,-0.0013046740462576,29.124413274495915,0.0004,0.0,4747.047,26
2,24,1.8149760087078304,3.318901938697123,-0.0042701734713803,29.09788992462473,0.0004,-0.0,4757.469,26
2,24,1.8149760087078304,3.3192465986795083,-0.0023441968163858,29.08045362006489,0.0004,0.0,4767.907,26
2,24,1.8149760087078304,3.3193940172100813,0.0007723214261736,29.038836104283032,0.0004,0.0,4778.422,26
2,24,1.8149760087078304,3.3196882540395087,-0.002322522070778,29.009225766321094,0.0004,0.0,4788.891,26
2,24,1.8149760087078304,3.3198118805378503,-0.0030409781127607,28.97963578672098,0.0004,-0.0,4799.36,26
2,24,1.8149760087078304,3.320211709573891,-0.0014635427372954,28.953482247210147,0.0004,0.0,4809.828,26
2,24,1.8149760087078304,3.3202328047743404,-0.000191769361776,28.922430220577127,0.0004,0.0,4820.297,26
2,24,1.8149760087078304,3.320766452564019,-0.0039457878047877,28.889897430871383,0.0004,0.0,4830.86,26
2,24,1.8149760087078304,3.3209013807113243,-0.0029001252588614,28.86561123914533,0.0004,0.0,4841.407,26
2,24,1.8149760087078304,3.3210098611278736,-0.0027829665765862,28.846627896076992,0.0004,0.0,4851.875,26
2,24,1.8149760087078304,3.321380490916125,-0.0032575135091545,28.805550029626914,0.0004,0.0,4862.36,26
2,24,1.8149760087078304,3.3216269829519653,-0.000304351558347,28.7800151149548,0.0006,-0.0,4872.797,26
2,24,1.8149760087078304,3.321744221334477,-0.00066737402351,28.762113837158388,0.0004,-0.0,4883.235,26
2,24,1.8149760087078304,3.3221323209415834,-0.0001838509896863,28.73848686220452,0.0006,0.0,4893.688,26
2,24,1.8149760087078304,3.322111208807002,-0.0023383459106303,28.711752815763457,0.0004,0.0,4904.125,26
2,24,1.8149760087078304,3.322598230578669,-0.0009713027257812,28.68414256330185,0.0004,0.0,4914.641,26
2,24,1.8149760087078304,3.322875097105169,-0.0013114444080508,28.665024919184383,0.0004,0.0,4925.125,26
2,24,1.8149760087078304,3.323066607403478,-0.0050051443394813,28.637707854399803,0.0004,-0.0,4935.563,26
2,24,1.8149760087078304,3.323231423902554,0.0014354854553095,28.603523535575228,0.0004,0.0,4946.063,26
2,24,1.8149760087078304,3.323463091137118,-0.000341070426069,28.586326744992096,0.0004,0.0,4956.516,26
2,24,1.8149760087078304,3.323749531100649,0.0004817613708757,28.556882194224613,0.0004,0.0,4966.938,26
2,24,1.8149760087078304,3.3240306498572245,-0.0028226988483431,28.536544223164444,0.0004,0.0,4977.328,26
2,24,1.8149760087078304,3.3241787446186004,-0.0010409263651747,28.50967754109428,0.0004,-0.0,4987.75,26
2,24,1.8149760087078304,3.3243100928151343,-0.000870143872615,28.486995078160422,0.0004,0.0,4998.219,26
2,24,1.8149760087078304,3.32459901136999,-0.0008599659566475,28.465232534353717,0.0006,-0.0,5008.703,26
2,24,1.8149760087078304,3.324687450532483,-0.000197565111068,28.440700089390432,0.0004,0.0,5019.141,26
2,24,1.8149760087078304,3.325020841201507,-0.0026289584002015,28.412860720914136,0.0004,0.0,5029.657,26
2,24,1.8149760087078304,3.325158925496868,-0.002769974022575,28.39979474359517,0.0004,-0.0,5040.11,26
2,24,1.8149760087078304,3.325469256069544,-0.0039998119044315,28.37624183318408,0.0004,-0.0,5050.563,26
2,24,1.8149760087078304,3.3253794288571106,-0.0029597385758755,28.362647882712796,0.0004,0.0,5061.016,26
2,24,1.8149760087078304,3.325709739009501,-0.0022072201796849,28.33741147954448,0.0006,0.0,5071.563,26
2,24,1.8149760087078304,3.3260388540684853,-0.0013987788590204,28.316505211139013,0.0004,0.0,5082.032,26
2,24,1.8149760087078304,3.3262375844465413,-0.0014012002294099,28.29835441093461,0.0004,-0.0,5092.5,26
2,24,1.8149760087078304,3.326283811558305,-0.0023991867968496,28.285235425713893,0.0004,-0.0,5102.969,26
2,24,1.8149760087078304,3.3267265708398943,-0.001440318476294,28.25770659933361,0.0004,0.0,5113.516,26
2,24,1.8149760087078304,3.3265482408004035,0.0001121224830496,28.23475272907825,0.0004,0.0,5123.969,26
2,24,1.8149760087078304,3.326853038756421,-0.002001206721099,28.21595912604438,0.0004,-0.0,5134.422,26
2,24,1.8149760087078304,3.3269671113296178,0.0012912883547547,28.2012989664506,0.0004,0.0,5144.86,26
2,24,1.8149760087078304,3.3273044339227726,-0.00393517447037,28.183740748562126,0.0004,0.0,5155.313,26
2,24,1.8149760087078304,3.3273514579799466,-0.0008582107092118,28.1569152554955,0.0004,0.0,5165.735,26
2,24,1.8149760087078304,3.3277004963787853,-0.0025849203409137,28.14800350762369,0.0004,0.0,5176.219,26
2,24,1.8149760087078304,3.327875119045532,0.0007873964867359,28.13001938485484,0.0004,-0.0,5186.672,26
2,24,1.8149760087078304,3.328079017033759,-0.0035113736948483,28.110511711419853,0.0004,0.0,5197.078,26
2,24,1.8149760087078304,3.3283172459114425,-0.0006361901196253,28.091043545390352,0.0004,0.0,5207.547,26
2,24,1.8149760087078304,3.3285438016247757,-0.0011001269572656,28.08832288938417,0.0004,0.0,5218.0,26
2,24,1.8149760087078304,3.3288193996145923,0.0014226086452845,28.06538947066246,0.0004,-0.0,5228.438,26
2,24,1.8149760087078304,3.328877942941709,-0.0044331771442937,28.040146678548112,0.0004,0.0,5238.969,26
2,24,1.8149760087078304,3.3291405145373663,-0.001754742561512,28.021456009565245,0.0004,0.0,5249.422,26
2,24,1.8149760087078304,3.3292563362820977,0.0017273482920543,28.00615950293292,0.0004,-0.0,5259.86,26
2,24,1.8149760087078304,3.329352501262557,-0.0020915847384017,27.990431804972516,0.0004,0.0,5270.266,26
2,24,1.8149760087078304,3.329551019372913,-0.0030429351825115,27.97662913000887,0.0004,0.0,5280.735,26
2,24,1.8149760087078304,3.3297848424817977,-0.0008578017094532,27.95508640680202,0.0004,0.0,5291.203,26
2,24,1.8149760087078304,3.3298685567791706,-0.0029310339782017,27.94020407575684,0.0004,-0.0,5301.703,26
2,24,1.8149760087078304,3.3301112248327778,-0.0042288931030127,27.922318341521542,0.0004,-0.0,5312.203,26
2,24,1.8149760087078304,3.3303206344925456,8.088432797821397e-05,27.896210158557064,0.0004,-0.0,5322.688,26
2,24,1.8149760087078304,3.330375523075058,-0.0032211717104183,27.88772423714447,0.0006,-0.0,5333.11,26
2,24,1.8149760087078304,3.330491213916366,-0.001044396726793,27.88015925996257,0.0004,-0.0,5343.563,26
2,24,1.8149760087078304,3.330835872941865,-0.0003045061853985,27.861489238100194,0.0004,0.0,5353.985,26
2,24,1.8149760087078304,3.330947927473393,5.7826485405757816e-05,27.85100915966805,0.0004,0.0,5364.438,26
2,24,1.8149760087078304,3.3308801057729847,-0.0015405741541059,27.824506437979338,0.0004,-0.0,5374.875,26
2,24,1.8149760087078304,3.3312414468831384,-0.001012531286739,27.81163187086382,0.0004,0.0,5385.36,26
2,24,1.8149760087078304,3.331500847213173,-0.0024696282047624,27.785379962512238,0.0004,0.0,5395.797,26
2,24,1.8149760087078304,3.331676161380278,-0.0021424919768645,27.77897279428573,0.0004,-0.0,5406.235,26
2,24,1.8149760087078304,3.331797828527081,-0.0004665811816128,27.778068840748865,0.0004,0.0,5416.703,26
2,24,1.8149760087078304,3.331844962539439,0.0001551053993063,27.75583073973636,0.0004,-0.0,5427.157,26
2,24,1.8149760087078304,3.3321623064693835,-0.002645133244681,27.74091081662971,0.0004,0.0,5437.61,26
2,24,1.8149760087078304,3.3321814253527635,-0.0057781906548505,27.71918229756382,0.0004,0.0,5448.11,26
2,24,1.8149760087078304,3.332356701614377,-0.0040334801136073,27.713620456183094,0.0006,0.0,5458.578,26
2,24,1.8149760087078304,3.332503837149478,0.0007044822912079,27.695805198618626,0.0004,0.0,5469.094,26
2,24,1.8149760087078304,3.332740160352463,-0.0017637029721511,27.678914918914103,0.0004,0.0,5479.5,26
2,24,1.8149760087078304,3.333042653766033,-0.001522074015823,27.666389501598545,0.0004,0.0,5489.985,26
2,24,1.8149760087078304,3.33316589078239,-0.0039713078964715,27.64930502556441,0.0004,0.0,5500.469,26
2,24,1.8149760087078304,3.3332590692375224,-0.0020219361748531,27.641375868059576,0.0004,-0.0,5510.938,26
2,24,1.8149760087078304,3.333265333792612,-0.00255457105428,27.629764106151352,0.0004,0.0,5521.375,26
2,24,1.8149760087078304,3.333662939904845,-0.0015987186636414,27.612827261303675,0.0004,0.0,5531.875,26
2,24,1.8149760087078304,3.333857060714626,-0.0064920806969869,27.6009615764482,0.0004,0.0,5542.36,26
2,24,1.8149760087078304,3.333723509805977,-0.0031173064225523,27.5833317090493,0.0004,-0.0,5552.797,26
2,24,1.8149760087078304,3.3339208613105127,-0.0043499737755092,27.572360272983392,0.0004,0.0,5563.282,26
2,24,1.8149760087078304,3.334301717684649,-0.0011011795216237,27.557425632974176,0.0004,0.0,5573.797,26
2,24,1.8149760087078304,3.3342671117494285,-0.0053137559495505,27.543374215687187,0.0004,0.0,5584.25,26
2,24,1.8149760087078304,3.334605751604577,0.0010689605010534,27.519038001586896,0.0004,0.0,5594.657,26
2,24,1.8149760087078304,3.3344336517872737,0.0023412950688065,27.52534131145967,0.0004,0.0,5605.157,26
2,24,1.8149760087078304,3.334730041430984,0.0008382030682943,27.51088268122735,0.0004,0.0,5615.672,26
2,24,1.8149760087078304,3.334877724392741,-0.0018552259988312,27.49649927405392,0.0004,0.0,5626.094,26
2,24,1.8149760087078304,3.3349574447661587,-0.0017576352037499,27.48629011711153,0.0004,0.0,5636.594,26
2,24,1.8149760087078304,3.335256875465995,-0.006595756906437,27.479436551064666,0.0004,-0.0,5647.047,26
2,24,1.8149760087078304,3.335344551789696,-0.0025219939104559,27.45401073965928,0.0004,-0.0,5657.469,26
2,24,1.8149760087078304,3.3353738167351312,-0.0028357769526134,27.44693111923045,0.0004,0.0,5667.985,26
2,24,1.8149760087078304,3.3355454992832234,-0.0039056164017621,27.43801337726679,0.0004,0.0,5678.407,26
2,24,1.8149760087078304,3.33579722986897,-0.0020111732713459,27.42681129064813,0.0004,0.0,5688.969,26
2,24,1.8149760087078304,3.3358417953765147,-0.002658611666901,27.4287726941033,0.0004,0.0,5699.422,26
2,24,1.8149760087078304,3.3357694130454565,-0.0050411694844856,27.41383227565187,0.0004,-0.0,5710.0,26
2,24,1.8149760087078304,3.336120581164598,-0.0058637734964963,27.403102097258884,0.0004,0.0,5720.5,26
2,24,1.8149760087078304,3.3361725250403715,-0.0013666444716676,27.38765035444088,0.0004,0.0,5731.0,26
2,24,1.8149760087078304,3.336572941891466,-0.0017112448262557,27.37482147004007,0.0004,-0.0,5741.469,26
2,24,1.8149760087078304,3.3366237566851167,-0.0014213528067441,27.36928297990037,0.0004,0.0,5752.0,26
2,24,1.8149760087078304,3.336819609636032,-0.0004375675747207,27.354815166621197,0.0004,0.0,5762.407,26
2,24,1.8149760087078304,3.3368473011843496,-0.0036771585903331,27.346616313297723,0.0004,-0.0,5772.875,26
2,24,1.8149760087078304,3.336977726228084,-0.0035282346877679,27.33717950204148,0.0004,-0.0,5783.344,26
2,24,1.8149760087078304,3.3372355023276072,-0.0035821326998333,27.32357018128953,0.0004,-0.0,5793.797,26
2,24,1.8149760087078304,3.3372892292208545,-0.0046091308222944,27.3178672450746,0.0004,0.0,5804.282,26
2,24,1.8149760087078304,3.337405855151997,-0.003237314917462,27.31226850890397,0.0004,0.0,5814.735,26
2,24,1.8149760087078304,3.3375510078502075,-0.0014316643914003,27.302286554974888,0.0004,0.0,5825.282,26
2,24,1.8149760087078304,3.337668478923301,-0.0015454679637292,27.280885310537982,0.0004,0.0,5835.782,26
2,24,1.8149760087078304,3.33773383832336,-0.0010572399351266,27.277319961626183,0.0004,0.0,5846.375,26
2,24,1.8149760087078304,3.337715765613173,-0.0046376505605364,27.2780629570415,0.0004,0.0,5856.797,26
2,24,1.8149760087078304,3.3380356591905165,-0.0025294892757227,27.265163782645477,0.0004,0.0,5867.297,26
2,24,1.8149760087078304,3.33822680970371,-0.0002053723848262,27.25884935498496,0.0004,0.0,5877.75,26
2,24,1.8149760087078304,3.3382922056697164,-0.0027840654937376,27.249951534035574,0.0004,0.0,5888.266,26
2,24,1.8149760087078304,3.338546158885242,-0.001999026413704,27.25076637422799,0.0004,0.0,5898.703,26
2,24,1.8149760087078304,3.338565863578628,-0.0023041165295986,27.24583381585109,0.0004,0.0,5909.203,26
2,24,1.8149760087078304,3.338694714899615,-0.0042233787751688,27.221999908301378,0.0004,-0.0,5919.672,26
2,24,1.8149760087078304,3.3388269338147745,0.0002259975225267,27.21557829155739,0.0004,-0.0,5930.11,26
2,24,1.8149760087078304,3.338833108267683,-0.0024553791421962,27.21939020337083,0.0004,-0.0,5940.594,26
2,24,1.8149760087078304,3.33903769688291,-0.0007279759711535,27.211080369902454,0.0004,0.0,5951.11,26
2,24,1.8149760087078304,3.3392114866738627,0.0001386900464246,27.19811643069784,0.0004,0.0,5961.594,26
2,24,1.8149760087078304,3.3393075086489965,-0.0017999936694362,27.19248585452472,0.0004,0.0,5972.016,26
2,24,1.8149760087078304,3.339409729381596,-0.0016348057764817,27.181459140269872,0.0004,0.0,5982.5,26
2,24,1.8149760087078304,3.339492501148816,-0.0005846426414043,27.17156448353114,0.0004,0.0,5992.953,26
2,24,1.8149760087078304,3.339812549867958,-0.0003071652055259,27.154663630703425,0.0004,0.0,6003.344,26
2,24,1.8149760087078304,3.339722613236068,-0.0063696589767344,27.150030182747784,0.0006,-0.0,6013.797,26
2,24,1.8149760087078304,3.3400067841755328,-0.0003252718705908,27.14368428849971,0.0004,0.0,6024.219,26
2,24,1.8149760087078304,3.3401930368836474,-0.0024039845821693,27.13905238738522,0.0004,0.0,6034.672,26
2,24,1.8149760087078304,3.3402794631586388,0.0011068287236822,27.126694726326814,0.0004,0.0,6045.188,26
2,24,1.8149760087078304,3.3402930501714594,-0.0019491085492052,27.119616049696297,0.0004,-0.0,6055.672,26
2,24,1.8149760087078304,3.340439944503053,-0.0017949312331961,27.11200447974219,0.0004,0.0,6066.125,26
2,24,1.8149760087078304,3.3405208713100225,-0.0043712799035124,27.11612532144451,0.0006,0.0,6076.532,26
2,24,1.8149760087078304,3.3406553271287684,-0.0012489661518462,27.10764298798784,0.0004,-0.0,6087.0,26
2,24,1.8149760087078304,3.3408441708158185,-0.0030323340604896,27.086734158567197,0.0004,0.0,6097.485,26
2,24,1.8149760087078304,3.340928747984722,-0.0024889826977506,27.082029495137306,0.0004,-0.0,6107.938,26
2,24,1.8149760087078304,3.34113919662229,-0.002242291299358,27.078239052020702,0.0004,-0.0,6118.438,26
2,24,1.8149760087078304,3.3412654779318705,-0.0015155167442677,27.06815911711872,0.0004,0.0,6128.875,26
2,24,1.8149760087078304,3.341185561999972,-0.0007478463602999,27.06878751478158,0.0004,0.0,6139.375,26
2,24,1.8149760087078304,3.3414832599592734,0.0018337769159259,27.062016664783105,0.0004,0.0,6149.828,26
2,24,1.8149760087078304,3.3415282004145053,-0.0015158719847768,27.06114371401921,0.0004,0.0,6160.266,26
2,24,1.8149760087078304,3.341688797546935,-0.0002278888321906,27.04226145540842,0.0004,0.0,6170.782,26
2,24,1.8149760087078304,3.3416895258078103,-0.0026853509339329,27.02332951700509,0.0006,-0.0,6181.235,26
2,24,1.8149760087078304,3.341524059008864,0.0002877623803482,27.015869559201303,0.0004,0.0,6191.719,26
2,24,1.8149760087078304,3.34195908293312,-0.0011365836975231,27.01434817596689,0.0004,0.0,6202.157,26
2,24,1.8149760087078304,3.3419994439299403,-0.0046311622877179,27.00894338335477,0.0004,-0.0,6212.657,26
2,24,1.8149760087078304,3.3421955640926715,-0.0018683782434655,27.00541635122301,0.0004,0.0,6223.125,26
2,24,1.8149760087078304,3.3422043411772213,-0.0008998163358926,26.99869829037421,0.0004,0.0,6233.578,26
2,24,1.8149760087078304,3.342367359855946,-0.0019447947480935,27.004231542863327,0.0004,0.0,6244.047,26
2,24,1.8149760087078304,3.342633250002818,-0.002459745574041,26.98225669596108,0.0004,-0.0,6254.532,26
2,24,1.8149760087078304,3.3425488495633187,-0.0021222276751431,26.977700450358345,0.0004,0.0,6265.032,26
2,24,1.8149760087078304,3.3426232160248577,-0.0069637841961997,26.969634946428894,0.0004,0.0,6275.438,26
2,24,1.8149760087078304,3.342719015359197,-0.0026123020995319,26.954793103215884,0.0004,0.0,6285.86,26
2,24,1.8149760087078304,3.343106346782088,-0.0023519838592851,26.9537249474183,0.0004,0.0,6296.282,26
2,24,1.8149760087078304,3.342686215966405,-0.0040002183037672,26.949303384371028,0.0004,0.0,6306.719,26
2,24,1.8149760087078304,3.3432459773622094,0.0003929023689977,26.941966105754084,0.0004,0.0,6317.157,26
2,24,1.8149760087078304,3.3432805607458995,-0.0009160483236862,26.943650087563583,0.0004,-0.0,6327.641,26
2,24,1.8149760087078304,3.343384291263216,-0.004208249620685,26.93097006879067,0.0004,0.0,6338.125,26
2,24,1.8149760087078304,3.3434743961268296,-0.0020382770899208,26.920958450222244,0.0004,0.0,6348.672,26
2,24,1.8149760087078304,3.3434281383346414,-0.0024004414806506,26.91562898408764,0.0004,-0.0,6359.047,26
2,24,1.8149760087078304,3.343666735264348,-0.0075173928111845,26.91573641356836,0.0004,0.0,6369.547,26
2,24,1.8149760087078304,3.3438069492002715,-0.003390748667466,26.907901687455787,0.0004,0.0,6380.016,26
2,24,1.8149760087078304,3.344082212146106,-0.0009558908491509,26.89577199321176,0.0004,0.0,6390.5,26
2,24,1.8149760087078304,3.343911335989452,-0.0027932160951479,26.89830600495313,0.0004,0.0,6400.953,26
2,24,1.8149760087078304,3.344168980122677,-0.0046222468009801,26.88837683578844,0.0004,-0.0,6411.407,26
2,24,1.8149760087078304,3.3443048359796097,-0.001628574262405,26.885062515914605,0.0004,0.0,6421.922,26
2,24,1.8149760087078304,4.002316032636092,-0.001109534031201,30.56938482839567,0.0004,4.001,391.844,26
2,24,1.8149760087078304,3.546282019823224,-4.023940385620917,30.603337233559422,4.0,1.724,401.891,26
2,24,1.8149760087078304,3.996561117231471,0.0014493749723636,30.70411969705989,0.0004,3.995,411.891,26
2,24,1.8149760087078304,3.542088811507909,-4.023695737848032,30.783100668473438,4.0,1.719,421.907,26
2,24,1.8149760087078304,3.990954131472081,-0.0006795464120298,30.8752177090323,0.0004,3.99,431.953,26
2,24,1.8149760087078304,3.574615995923839,-4.024968899250663,29.58247787752953,4.0,1.744,281.266,26
2,24,1.8149760087078304,4.032657595682832,-0.0016014644477259,29.70172879045523,0.0004,4.031,291.235,26
2,24,1.8149760087078304,3.569516317545158,-4.025142715047416,29.746641840191923,4.0,1.741,301.36,26
2,24,1.8149760087078304,3.9796708249370942,-0.0014704260714781,31.19483304589793,0.0004,3.978,472.032,26
2,24,1.8149760087078304,3.5290844125201493,-4.025816911082056,31.290008892805872,4.0,1.707,482.094,26
2,24,1.8149760087078304,3.9739929228048334,-0.0030024638849651,31.32980206481831,0.0004,3.973,492.172,26
2,24,1.8149760087078304,3.5251222545875875,-4.026430569560674,31.356286396591397,4.0,1.703,502.172,26
2,24,1.8149760087078304,3.968482220056321,-0.0018783773720061,31.477773639783717,0.0004,3.967,512.203,26
2,24,1.8149760087078304,3.555421548684066,-4.026354999865794,30.269935683375767,4.0,1.732,361.766,26
2,24,1.8149760087078304,4.0080167626870535,0.0026649379794278,30.400238417792423,0.0004,4.007,371.782,26
2,24,1.8149760087078304,3.55085848382858,-4.026564466096765,30.462981322949776,4.0,1.726,381.828,26
2,24,1.8149760087078304,3.957756029474568,-0.0015357251514997,31.732682669848288,0.0004,3.957,552.469,26
2,24,1.8149760087078304,3.512189142264133,-4.0255452407883725,31.827897396161177,4.0,1.692,562.453,26
2,24,1.8149760087078304,3.952319430403585,0.0002927967464061,31.89205098780575,0.0006,3.952,572.5,26
2,24,1.8149760087078304,3.507442493603089,-4.024121431362359,31.90254399932276,4.0,1.688,582.578,26
2,24,1.8149760087078304,3.946781870480073,-0.0006156688724169,31.983008170601597,0.0004,3.946,592.657,26
2,24,1.8149760087078304,3.538077139743282,-4.02124899124586,30.928483367105088,4.0,1.715,441.985,26
2,24,1.8149760087078304,3.985295558206783,-0.0014831654700362,31.029063563124183,0.0004,3.984,451.985,26
2,24,1.8149760087078304,3.533450398533007,-4.026419730822369,31.102211934102044,4.0,1.712,462.016,26
2,24,1.8149760087078304,3.344948612326286,-0.0018217455857445,26.840423414618783,0.0004,-0.0,6516.219,26
2,24,1.8149760087078304,3.4944012906001296,-4.025518635637963,32.253957842415936,4.0,1.676,643.016,26
2,24,1.8149760087078304,3.931668207471624,0.000144242315851,32.274523268602195,0.0004,3.932,653.11,26
2,24,1.8149760087078304,3.490156955584834,-4.02602100810956,32.38761894664477,4.0,1.672,663.188,26
2,24,1.8149760087078304,3.926639549878532,-0.0008514210958181,32.4003228336179,0.0004,3.926,673.219,26
2,24,1.8149760087078304,3.520363479812377,-4.025980191271946,31.56309016772974,4.0,1.701,522.25,26
2,24,1.8149760087078304,3.9628691112489673,-0.0024602011297224,31.616177438149915,0.0004,3.962,532.297,26
2,24,1.8149760087078304,3.515962459890291,-4.0256112212995125,31.620972982905403,4.0,1.696,542.344,26
2,24,1.8149760087078304,3.907819356730965,-0.0012561477422904,32.718832342052046,0.0004,3.908,753.563,26
2,24,1.8149760087078304,3.503117674640292,-4.025923839632119,32.037564080985284,4.0,1.684,602.75,26
2,24,1.8149760087078304,3.9418387273374815,-0.001947587060824,32.10056399787463,0.0004,3.942,612.797,26
2,24,1.8149760087078304,3.4988806466421902,-4.025645426490524,32.09346895031715,4.0,1.681,622.844,26
2,24,1.8149760087078304,3.9369872543036384,-0.0004460292386475,32.20136970795486,0.0004,3.936,632.907,26
2,24,1.8149760087078304,3.4300379570394983,-4.025474299653613,33.30665480107611,4.0,1.617,964.578,26
2,24,1.8149760087078304,3.8601126189701382,-0.0007525239290371,33.36411058741285,0.0004,3.86,974.61,26
2,24,1.8149760087078304,3.426185422536144,-4.026281743768491,33.35065527975705,4.0,1.611,984.641,26
2,24,1.8149760087078304,3.8896891855140856,-0.0037190982736761,32.97255370333518,0.0004,3.89,833.938,26
2,24,1.8149760087078304,3.486234290868392,-4.025194663590988,32.48346714228207,4.0,1.67,683.25,26
2,24,1.8149760087078304,3.922156961216043,-0.0010379464485574,32.54767010819514,0.0004,3.921,693.344,26
2,24,1.8149760087078304,3.482084173943355,-4.025249386619536,32.54851355699393,4.0,1.665,703.407,26
2,24,1.8149760087078304,3.9171315079005606,8.299377893883115e-06,32.580249310652334,0.0004,3.917,713.407,26
2,24,1.8149760087078304,3.4776750706178023,-4.026702709652026,32.64708919932538,4.0,1.662,723.5,26
2,24,1.8149760087078304,3.912713879217345,-0.0016531368144495,32.68575898441738,0.0004,3.912,733.485,26
2,24,1.8149760087078304,3.473715792930385,-4.025571412205268,32.713619016561445,4.0,1.657,743.5,26
2,24,1.8149760087078304,3.344997866276228,-0.006157086061722,26.852401809982084,0.0004,-0.0,6505.735,26
2,24,1.8149760087078304,3.469863341814959,-4.025793211613823,32.788094963836905,4.0,1.655,763.563,26
2,24,1.8149760087078304,3.903433690193087,-0.001149387062785,32.8091193494623,0.0004,3.903,773.563,26
2,24,1.8149760087078304,3.465664249971155,-4.024725185215261,32.80083016415802,4.0,1.651,783.594,26
2,24,1.8149760087078304,3.898913270589184,-0.0001739789034972,32.84908042902421,0.0004,3.899,793.641,26
2,24,1.8149760087078304,3.461352833746543,-4.025767484034303,32.888165322223,4.0,1.645,803.75,26
2,24,1.8149760087078304,3.8941855629677526,-0.0004173908479542,32.91951073906256,0.0006,3.894,813.828,26
2,24,1.8149760087078304,3.457227182268113,-4.024536972038974,32.94032279638214,4.0,1.642,823.922,26
2,24,1.8149760087078304,4.026500927060956,-0.00051067287741,29.84622065249851,0.0004,4.025,311.453,26
2,24,1.8149760087078304,3.344402321763606,-0.005821642520177,26.8840947348078,0.0004,-0.0,6432.36,26
2,24,1.8149760087078304,3.3446728213391963,-0.000883551575357,26.8686083517639,0.0004,0.0,6442.844,26
2,24,1.8149760087078304,3.3445793814139178,-0.0057510630254762,26.861048839238183,0.0004,-0.0,6453.313,26
2,24,1.8149760087078304,3.344408844616962,-0.0063405209100313,26.862703735762505,0.0004,-0.0,6463.797,26
2,24,1.8149760087078304,3.3447437644779505,-0.000910593189525,26.8632558653391,0.0004,0.0,6474.235,26
2,24,1.8149760087078304,3.344729467307494,-0.0016875794825169,26.852910388121884,0.0004,-0.0,6484.719,26
2,24,1.8149760087078304,3.344884437863144,-0.0032056930544596,26.838035398158453,0.0004,0.0,6495.266,26
2,24,1.8149760087078304,3.337820464566061,-4.0249027935409325,34.86047878039803,4.0,1.527,1486.875,26
2,24,1.8149760087078304,3.762193597141091,-0.0006557903202661,34.905859161839274,0.0004,3.763,1496.875,26
2,24,1.8149760087078304,3.3342601215306518,-4.025696166855354,34.9126254969859,4.0,1.525,1506.938,26
2,24,1.8149760087078304,3.75900624221928,-0.0009165676033736,34.9663304995201,0.0004,3.759,1516.969,26
2,24,1.8149760087078304,3.331387422236906,-4.024834533616832,34.95154860210987,4.0,1.521,1527.016,26
2,24,1.8149760087078304,3.7557570587790967,-0.0005912915850467,35.0384721572933,0.0004,3.756,1537.078,26
2,24,1.8149760087078304,3.328169297826045,-4.024643502347007,34.9816690512996,4.0,1.519,1547.157,26
2,24,1.8149760087078304,3.7526194769767702,-0.0016561436513046,35.05268799423928,0.0006,3.753,1557.25,26
2,24,1.8149760087078304,3.325452486297361,-4.024288256165266,35.05141397475093,4.0,1.516,1567.313,26
2,24,1.8149760087078304,3.749531454537055,-0.0021694683607886,35.11338870052921,0.0004,3.75,1577.36,26
2,24,1.8149760087078304,3.3221108332686384,-4.025667450419248,35.093482246219295,4.0,1.513,1587.391,26
2,24,1.8149760087078304,3.746356175838508,-0.0006472867727716,35.17236705389636,0.0004,3.747,1597.469,26
2,24,1.8149760087078304,3.3189410674221858,-4.024609295721168,35.11911849673927,4.0,1.509,1607.516,26
2,24,1.8149760087078304,3.7428600624016095,-0.0002275883531296,35.19384196893836,0.0004,3.743,1617.516,26
2,24,1.8149760087078304,3.316003540228305,-4.026353926622155,35.18146249507313,4.0,1.507,1627.532,26
2,24,1.8149760087078304,3.7398818128859457,-0.0009689495206871,35.229266170124326,0.0006,3.74,1637.563,26
2,24,1.8149760087078304,3.312926096589924,-4.024126084607982,35.222148123789744,4.0,1.503,1647.578,26
2,24,1.8149760087078304,3.736801104982705,-0.001807108140265,35.28751898556365,0.0004,3.738,1657.547,26
2,24,1.8149760087078304,3.309843365782879,-4.025503713712182,35.256647364525875,4.0,1.502,1667.625,26
2,24,1.8149760087078304,3.733902406243387,-0.0009239424538817,35.34535575234677,0.0004,3.734,1677.719,26
2,24,1.8149760087078304,3.3068051327201258,-4.025561157981997,35.31336415692927,4.0,1.498,1687.735,26
2,24,1.8149760087078304,3.73089146826321,-0.0003212313112131,35.375761997398875,0.0004,3.732,1697.782,26
2,24,1.8149760087078304,3.303957005416865,-4.025234306235952,35.37918596945879,4.0,1.495,1707.797,26
2,24,1.8149760087078304,3.7280496189327694,-0.0007021395924492,35.41662661732775,0.0006,3.729,1717.86,26
2,24,1.8149760087078304,3.3009505593960675,-4.025069091986276,35.40433940371842,4.0,1.491,1727.891,26
2,24,1.8149760087078304,3.725268379090251,-0.0016237696503177,35.457000731040274,0.0004,3.726,1737.985,26
2,24,1.8149760087078304,3.298190050364296,-4.025276039100654,35.44539682861127,4.0,1.489,1748.0,26
2,24,1.8149760087078304,3.722544273435899,0.0002293111835614,35.508995005743465,0.0004,3.722,1758.032,26
2,24,1.8149760087078304,3.2950831653675703,-4.026487548130718,35.46881556329607,4.0,1.487,1768.11,26
2,24,1.8149760087078304,3.719537459836112,-0.0022526980061495,35.53701628029713,0.0004,3.72,1778.125,26
2,24,1.8149760087078304,3.2922345359407683,-4.024894635624827,35.550803473978874,4.0,1.484,1788.172,26
2,24,1.8149760087078304,3.716633525578096,-0.0012263227986295,35.57256478172868,0.0004,3.718,1798.157,26
2,24,1.8149760087078304,3.5980962591624768,-4.025234528543372,28.766422306937333,4.0,1.76,200.657,26
2,24,1.8149760087078304,4.060809634988699,-0.0024476234004768,28.908283864390427,0.0004,4.061,210.75,26
2,24,1.8149760087078304,3.5919236497067164,-4.02408961894987,28.97824868732089,4.0,1.756,220.844,26
2,24,1.8149760087078304,4.053734454501158,-0.0003419123409404,29.1113765384151,0.0004,4.053,230.922,26
2,24,1.8149760087078304,3.586373769844751,-4.025963023383818,29.170731449303453,4.0,1.752,240.938,26
2,24,1.8149760087078304,4.046794604194591,-0.000636947098614,29.316980179311784,0.0006,4.045,251.016,26
2,24,1.8149760087078304,3.5805300007180194,-4.024625928076215,29.371458978584823,4.0,1.748,261.094,26
2,24,1.8149760087078304,4.039464278567584,0.0011237322989688,29.502874427752467,0.0004,4.039,271.172,26
2,24,1.8149760087078304,3.6302394146783055,-4.025852127406059,27.889749142233285,4.0,1.782,120.032,26
2,24,1.8149760087078304,4.093597576123893,-0.0024326318701411,28.02819465538325,0.0004,4.095,130.141,26
2,24,1.8149760087078304,3.62068439920498,-4.024881930753797,28.12669553584804,4.0,1.774,140.219,26
2,24,1.8149760087078304,4.084470555611537,-0.0006720365458558,28.2751805894848,0.0004,4.085,150.313,26
2,24,1.8149760087078304,3.6122952180606505,-4.026640665877147,28.34790104603755,4.0,1.771,160.40699999999998,26
2,24,1.8149760087078304,4.076441287475975,0.0001258109119355,28.489617134686785,0.0004,4.077,170.5,26
2,24,1.8149760087078304,3.605084123144369,-4.025846722402235,28.564100820317297,4.0,1.766,180.485,26
2,24,1.8149760087078304,4.068724482541611,-0.0012257448181501,28.70541750375966,0.0004,4.069,190.578,26
2,24,1.8149760087078304,3.692577642203005,-4.022500364690639,26.80798547009585,4.0,1.838,39.735,26
2,24,1.8149760087078304,4.140702693491882,-0.0005889928653528,27.011884041182665,0.0004,4.146,49.813,26
2,24,1.8149760087078304,3.671685256516955,-4.026877962723942,27.12774670685812,4.0,1.815,59.813,26
2,24,1.8149760087078304,4.126262533256955,0.0020164395403619,27.298344459335382,0.0004,4.131,69.86,26
2,24,1.8149760087078304,3.655083134097004,-4.02827510415689,27.39631673045877,4.0,1.8,79.907,26
2,24,1.8149760087078304,4.114044724725213,-0.0015775175690185,27.55568885729438,0.0006,4.117,89.969,26
2,24,1.8149760087078304,3.64174561499943,-4.023928746739209,27.64765378451495,4.0,1.79,99.985,26
2,24,1.8149760087078304,4.103274091900008,0.0002251462330515,27.801138380805597,0.0004,4.105,110.0,26
2,24,1.8149760087078304,4.191986600147927,-0.0016276930441184,26.345820643464837,0.0004,0.0,0.0,26
2,24,1.8149760087078304,4.191937430491539,-0.0001880328811933,26.345453817866563,0.0004,4.207,9.421999999999995,26
2,24,1.8149760087078304,3.720510689073984,-4.025234713270039,26.454017679682345,4.0,1.838,19.703,26
2,24,1.8149760087078304,4.15995591234543,-0.0005087600946944,26.66194630581811,0.0004,4.167,29.703,26
2,24,1.8149760087078304,3.4075718359063907,-4.026314907868491,33.65398467765614,4.0,1.595,1085.11,26
3,24,1.8135354175561995,3.838654524102256,-0.0001144830886987,33.84812947161952,0.0006,3.838,1079.625,25
3,24,1.8135354175561995,3.409796135020565,-4.024486928010602,33.857393693550385,4.0,1.597,1089.734,25
3,24,1.8135354175561995,3.834823495485718,0.0013215445717888,33.93116486831746,0.0006,3.834,1099.859,25
3,24,1.8135354175561995,3.4059792060919927,-4.02700920438477,33.89534738332988,4.0,1.595,1109.984,25
3,24,1.8135354175561995,3.863257798885509,-0.0005174400702294,33.44448342674937,0.0004,3.864,958.578,25
3,24,1.8135354175561995,3.432769707244821,-4.026146975516636,33.44699471284081,4.0,1.619,968.671,25
3,24,1.8135354175561995,3.8590854131729135,-5.65264616056175e-05,33.49946902698438,0.0004,3.859,978.75,25
3,24,1.8135354175561995,3.428995315841849,-4.024273970165029,33.5172226118085,4.0,1.615,988.812,25
3,24,1.8135354175561995,3.8227490165071143,-0.0013477384105539,34.10763627553025,0.0006,3.824,1160.484,25
3,24,1.8135354175561995,3.395518418329735,-4.025967801881703,34.083186372013856,4.0,1.581,1170.531,25
3,24,1.8135354175561995,3.8190078843402175,0.0001901914766815,34.15990253861109,0.0006,3.82,1180.64,25
3,24,1.8135354175561995,3.3916240218186653,-4.025531616569787,34.15624741015452,4.0,1.578,1190.812,25
3,24,1.8135354175561995,3.846721519049911,-0.0001256830094802,33.69092225075676,0.0006,3.847,1039.203,25
3,24,1.8135354175561995,3.4174688485390616,-4.026821837968583,33.72413280889998,4.0,1.604,1049.281,25
3,24,1.8135354175561995,3.8427087395440505,-0.0015346188049442,33.79149932211563,0.0004,3.843,1059.421,25
3,24,1.8135354175561995,3.4136475679288085,-4.024079701399561,33.785238956204665,4.0,1.601,1069.515,25
3,24,1.8135354175561995,3.946916376338318,-0.0015089474021746,32.210631601920184,0.0006,3.946,595.046,25
3,24,1.8135354175561995,3.5075452538468626,-4.027846247982629,32.253748617022296,4.0,1.688,605.14,25
3,24,1.8135354175561995,3.941869384797093,-0.0018716843021528,32.31274415949584,0.0006,3.942,615.218,25
3,24,1.8135354175561995,3.5033237842742166,-4.0239940054615495,32.37561660308853,4.0,1.684,625.328,25
3,24,1.8135354175561995,3.83047950050123,-0.0021440736701386,33.981836818037834,0.0006,3.83,1120.078,25
3,24,1.8135354175561995,3.4025687605424686,-4.024955832747073,33.98231734735486,4.0,1.589,1130.14,25
3,24,1.8135354175561995,3.8267715572460728,-0.0015671875112085,34.058626256615895,0.0006,3.826,1140.265,25
3,24,1.8135354175561995,3.398793616746284,-4.024435523457596,34.03492438917273,4.0,1.587,1150.359,25
3,24,1.8135354175561995,3.926525633139523,0.000253434422743,32.60349163257668,0.0006,3.926,676.078,25
3,24,1.8135354175561995,3.4903461905457265,-4.0260634240273925,32.59169388811677,4.0,1.672,686.14,25
3,24,1.8135354175561995,3.921748836518516,0.0001310675718565,32.679272281870865,0.0004,3.922,696.187,25
3,24,1.8135354175561995,3.486008578894128,-4.025720308278256,32.71133659919418,4.0,1.668,706.281,25
3,24,1.8135354175561995,3.9576017767695566,0.0012296582607196,32.04076243862701,0.0004,3.958,554.656,25
3,24,1.8135354175561995,3.516672170344732,-4.026813555836521,31.996990984750035,4.0,1.695,564.75,25
3,24,1.8135354175561995,3.952291548592536,0.0013799790252452,32.11327462399073,0.0004,3.952,574.859,25
3,24,1.8135354175561995,3.5122849187337737,-4.0255883885111245,32.17514590181295,4.0,1.691,584.984,25
3,24,1.8135354175561995,3.7779037897664463,-0.0031911157515041,34.78507089402139,0.0006,3.778,1402.89,25
3,24,1.8135354175561995,3.352753427819947,-4.026034812568152,34.77636855475722,4.0,1.541,1412.968,25
3,24,1.8135354175561995,3.774782482779192,-0.0026201556011456,34.8033235650692,0.0006,3.775,1423.156,25
3,24,1.8135354175561995,3.349597512624068,-4.0238652994150526,34.80418420044167,4.0,1.539,1433.234,25
3,24,1.8135354175561995,3.79990961985308,-0.0032233980979201,34.445462997281695,0.0004,3.8,1281.625,25
3,24,1.8135354175561995,3.37339010501433,-4.024372532030961,34.43239813960362,4.0,1.561,1291.796,25
3,24,1.8135354175561995,3.795976652784442,-0.001646487452439,34.483875816477195,0.0006,3.796,1301.89,25
3,24,1.8135354175561995,3.369818335832606,-4.026541269119958,34.48711973093657,4.0,1.557,1312.015,25
3,24,1.8135354175561995,3.764444964719213,-0.0001769042771062,34.974710148025,0.0004,3.766,1483.796,25
3,24,1.8135354175561995,3.339785083913183,-4.0260786732609,34.96483919739519,4.0,1.529,1493.875,25
3,24,1.8135354175561995,3.760938799942576,-0.0026228959593624,35.01286060061267,0.0004,3.762,1503.953,25
3,24,1.8135354175561995,3.336455771324573,-4.025488327619286,35.03063598992328,4.0,1.525,1514.078,25
3,24,1.8135354175561995,3.7852685238200734,-0.0005795178160408,34.649717375158744,0.0004,3.786,1362.531,25
3,24,1.8135354175561995,3.3596107726212985,-4.024781838932916,34.65022374164523,4.0,1.548,1372.64,25
3,24,1.8135354175561995,3.781398580784853,-0.0015136065829236,34.71766966939438,0.0006,3.782,1382.718,25
3,24,1.8135354175561995,3.3560986282069534,-4.0257539118780485,34.71044943987628,4.001,1.545,1392.828,25
3,24,1.8135354175561995,3.872061661747928,-0.00354816075931,33.33736493957507,0.0006,3.873,918.218,25
3,24,1.8135354175561995,3.4407724387592764,-4.026153637924302,33.333965273421306,4.0,1.627,928.281,25
3,24,1.8135354175561995,3.868069803399806,-0.0021385943296511,33.390428544754215,0.0004,3.868,938.39,25
3,24,1.8135354175561995,3.43678267497031,-4.02516861534,33.38436638315318,4.0,1.623,948.531,25
3,24,1.8135354175561995,3.77121409601008,-0.0013852933113854,34.85194392024279,0.0004,3.771,1443.375,25
3,24,1.8135354175561995,3.3462108514285327,-4.026069687612736,34.86586148290196,4.0,1.535,1453.453,25
3,24,1.8135354175561995,3.7676307191238574,0.0008082777943338,34.9068422680649,0.0006,3.768,1463.578,25
3,24,1.8135354175561995,3.3429888634668607,-4.02516680335646,34.92771781390914,4.0,1.531,1473.64,25
3,24,1.8135354175561995,3.854885804888977,-0.0011460153215919,33.571043945678774,0.0006,3.856,998.843,25
3,24,1.8135354175561995,3.4249761875390905,-4.025000959245229,33.54907702418634,4.0,1.61,1008.921,25
3,24,1.8135354175561995,3.850795935683829,0.0006447630301414,33.664820914820375,0.0006,3.851,1019.031,25
3,24,1.8135354175561995,3.421227244840092,-4.024633425138135,33.621122128517655,4.0,1.608,1029.125,25
3,24,1.8135354175561995,3.880543947329691,0.0004328649470153,33.27207692970014,0.0006,3.88,877.718,25
3,24,1.8135354175561995,3.448526599573757,-4.02471562596539,33.25056146042984,4.0,1.635,887.89,25
3,24,1.8135354175561995,3.876196106950203,-0.0012336884334529,33.29750290074806,0.0004,3.876,898.0,25
3,24,1.8135354175561995,3.444752173010074,-4.026205500998973,33.2868609515792,4.0,1.631,908.078,25
3,24,1.8135354175561995,3.7267634503436926,-0.0019375522135113,35.49496136099817,0.0006,3.728,1726.328,25
3,24,1.8135354175561995,3.302241659846575,-4.025530169588962,35.47643319532628,4.0,1.492,1736.437,25
3,24,1.8135354175561995,3.723940972437338,-0.0004611632788866,35.5384259308664,0.0006,3.724,1746.609,25
3,24,1.8135354175561995,3.299543847897605,-4.024117712641632,35.52977652357914,4.0,1.49,1756.765,25
3,24,1.8135354175561995,3.7447975856531497,-0.0035413681689495,35.22757342735759,0.0006,3.746,1605.015,25
3,24,1.8135354175561995,3.3205847550213297,-4.026154841074936,35.222946203886565,4.0,1.509,1615.109,25
3,24,1.8135354175561995,3.741575794840641,-0.0007486803639389,35.267583859403594,0.0006,3.742,1625.218,25
3,24,1.8135354175561995,3.3173696933174948,-4.026176747946431,35.29782752626151,4.0,1.507,1635.312,25
3,24,1.8135354175561995,3.7154498266169016,-0.0005449945246082,35.64579041823673,0.0006,3.716,1807.187,25
3,24,1.8135354175561995,3.2909395117378013,-4.024671369893135,35.63427067629793,4.0,1.482,1817.296,25
3,24,1.8135354175561995,3.7124407515587454,0.0007118232477948,35.690328276721424,0.0004,3.714,1827.421,25
3,24,1.8135354175561995,3.287960220759568,-4.02643816002791,35.716913949288475,4.0,1.477,1837.515,25
3,24,1.8135354175561995,3.732413322879019,-0.0022601661661913,35.422446059682166,0.0004,3.732,1685.89,25
3,24,1.8135354175561995,3.308076134584905,-4.0271562392048,35.4253163847728,4.0,1.499,1696.015,25
3,24,1.8135354175561995,3.729562543644936,-0.0032121812422541,35.45008549131022,0.0006,3.73,1706.109,25
3,24,1.8135354175561995,3.3051388766421144,-4.024904828236364,35.47289144055237,4.0,1.495,1716.218,25
3,24,1.8135354175561995,3.807255136861428,-0.0006504747678215,34.331424112723475,0.0006,3.808,1241.296,25
3,24,1.8135354175561995,3.380900840015161,-4.02438880165119,34.33093559584445,4.0,1.569,1251.343,25
3,24,1.8135354175561995,3.803593669977495,-0.0014695256869361,34.377626677338576,0.0004,3.804,1261.437,25
3,24,1.8135354175561995,3.377257823567132,-4.027106220242329,34.383779688095615,4.0,1.565,1271.531,25
3,24,1.8135354175561995,3.720983583517022,-0.0007399066863562,35.57806113138436,0.0004,3.721,1766.859,25
3,24,1.8135354175561995,3.296484031750341,-4.026124141665589,35.56001672444494,4.0,1.487,1776.953,25
3,24,1.8135354175561995,3.718177513411375,-0.0025274653627588,35.626575912209084,0.0004,3.718,1787.062,25
3,24,1.8135354175561995,3.293851552787609,-4.026457608258816,35.592123381509566,4.001,1.483,1797.14,25
3,24,1.8135354175561995,3.792130190391173,-0.0017421969127362,34.54721919402827,0.0006,3.793,1322.093,25
3,24,1.8135354175561995,3.366548805001968,-4.026158665352237,34.52748668609848,4.0,1.554,1332.203,25
3,24,1.8135354175561995,3.788722516511094,-0.0004554677439427,34.58726347293755,0.0006,3.79,1342.312,25
3,24,1.8135354175561995,3.363006526487025,-4.024235028298956,34.59482445203541,4.0,1.551,1352.437,25
3,24,1.8135354175561995,3.8149782540520993,-5.351636573426591e-05,34.227750504554336,0.0006,3.815,1200.89,25
3,24,1.8135354175561995,3.3878121365661027,-4.0246269428731045,34.209256543313515,4.0,1.575,1211.0,25
3,24,1.8135354175561995,3.810955443212875,-0.0012773327020968,34.27071625895394,0.0004,3.812,1221.093,25
3,24,1.8135354175561995,3.3841054416617253,-4.02451548899137,34.26411785351177,4.0,1.572,1231.203,25
3,24,1.8135354175561995,3.686626553713539,-0.0016534385995842,36.12264101619481,0.0006,3.688,2049.562,25
3,24,1.8135354175561995,3.2607676995983184,-4.025945764407376,36.1410552876376,4.0,1.451,2059.64,25
3,24,1.8135354175561995,3.6843790323302192,-0.002651592519751,36.18617633279142,0.0006,3.685,2069.718,25
3,24,1.8135354175561995,3.2584645911424683,-4.025567725805915,36.1815435373974,4.0,1.449,2079.812,25
3,24,1.8135354175561995,3.7000387821353,0.0010078441325672,35.87873229421353,0.0004,3.7,1928.484,25
3,24,1.8135354175561995,3.2749976115654107,-4.025990592821461,35.874535273314194,4.0,1.466,1938.531,25
3,24,1.8135354175561995,3.697482870111544,0.0004419029646739,35.91244730331284,0.0006,3.698,1948.562,25
3,24,1.8135354175561995,3.2723669541806943,-4.025087932296022,35.93095884774954,4.0,1.463,1958.625,25
3,24,1.8135354175561995,3.678583246809305,-2.8335500518225765e-05,36.27756109046192,0.0004,3.678,2130.39,25
3,24,1.8135354175561995,3.2518515809244546,-4.023879289818726,36.26903157353304,4.001,1.442,2140.5,25
3,24,1.8135354175561995,3.676718082940643,-0.0031928788008661,36.321781896550185,0.0004,3.678,2150.609,25
3,24,1.8135354175561995,3.249629407545122,-4.024421528364639,36.338985962542814,4.0,1.441,2160.75,25
3,24,1.8135354175561995,3.6907287464949694,-0.0012743895261494,36.06159892124451,0.0006,3.692,2009.156,25
3,24,1.8135354175561995,3.2652003822250952,-4.024985279374683,36.06286774324561,4.0,1.455,2019.234,25
3,24,1.8135354175561995,3.68859982063947,-0.0021129195873192,36.08928691628597,0.0006,3.69,2029.343,25
3,24,1.8135354175561995,3.2628711785873907,-4.026755841678173,36.06922665822412,4.0,1.453,2039.453,25
3,24,1.8135354175561995,3.7510797568178345,0.0004188341960831,35.13911223199142,0.0004,3.751,1564.64,25
3,24,1.8135354175561995,3.326733549475528,-4.025084037788365,35.14927849416303,4.0,1.517,1574.734,25
3,24,1.8135354175561995,3.7478805542295937,-0.0014887128070807,35.175479393797424,0.0006,3.749,1584.859,25
3,24,1.8135354175561995,3.323746907576286,-4.0248541394347015,35.194431426258134,4.0,1.513,1594.921,25
3,24,1.8135354175561995,3.682620720320676,-0.0008013826946808,36.21875528962053,0.0006,3.683,2089.984,25
3,24,1.8135354175561995,3.2565509881162304,-4.024513966305299,36.19101047757975,4.0,1.448,2100.062,25
3,24,1.8135354175561995,3.680472763532818,-0.0015770997489863,36.253299231778506,0.0006,3.681,2110.156,25
3,24,1.8135354175561995,3.2541868075856173,-4.025228116034852,36.245476867469726,4.0,1.446,2120.265,25
3,24,1.8135354175561995,3.738607942839809,0.0006535061382838,35.312826533185444,0.0006,3.74,1645.406,25
3,24,1.8135354175561995,3.314132345594019,-4.024602106578312,35.31409304676462,4.0,1.504,1655.546,25
3,24,1.8135354175561995,3.7354370826651886,0.0003649335047645,35.361364024743494,0.0006,3.736,1665.64,25
3,24,1.8135354175561995,3.3110137055965128,-4.025477180160565,35.35704343997437,4.001,1.501,1675.765,25
3,24,1.8135354175561995,3.7575615884288993,-0.0013483800776326,35.06655618898634,0.0004,3.758,1524.156,25
3,24,1.8135354175561995,3.33303790603184,-4.025126442336814,35.03148121363796,4.0,1.522,1534.328,25
3,24,1.8135354175561995,3.754351205860635,-0.0023929289217833,35.09147446398486,0.0006,3.754,1544.437,25
3,24,1.8135354175561995,3.3298321165654188,-4.024178965193624,35.080208112267044,4.0,1.52,1554.546,25
3,24,1.8135354175561995,3.656664515366492,-0.0004997002092025,36.80947030907733,0.0006,3.657,2372.968,25
3,24,1.8135354175561995,3.2257420618931065,-4.02510365112534,36.79808305717877,4.0,1.419,2383.156,25
3,24,1.8135354175561995,3.654895342256368,-0.002218238550233,36.83461688957881,0.0004,3.655,2393.25,25
3,24,1.8135354175561995,3.2237783341741686,-4.025025923307646,36.82167048033232,4.0,1.417,2403.312,25
3,24,1.8135354175561995,3.667475493321124,-0.0008416747933458,36.53873641567248,0.0006,3.668,2251.859,25
3,24,1.8135354175561995,3.239180065056104,-4.026326246725754,36.52564397481174,4.0,1.432,2262.078,25
3,24,1.8135354175561995,3.6656459971325273,-0.0010953723950465,36.57579160087714,0.0004,3.666,2272.125,25
3,24,1.8135354175561995,3.237014084580581,-4.02571528379654,36.58094523282311,4.001,1.428,2282.234,25
3,24,1.8135354175561995,3.649571187117551,-0.0024056816273738,36.9650652756905,0.0006,3.649,2454.015,25
3,24,1.8135354175561995,3.216661853542151,-4.025112046921294,36.98472332154601,4.0,1.411,2464.156,25
3,24,1.8135354175561995,3.647498166456373,-0.000923829110558,37.041460931023714,0.0004,3.647,2474.281,25
3,24,1.8135354175561995,3.214517271195423,-4.026060607309657,37.02538779430122,4.0,1.409,2484.312,25
3,24,1.8135354175561995,3.6604423279680143,-0.0020770297138089,36.68803009361788,0.0004,3.66,2332.625,25
3,24,1.8135354175561995,3.230604400564016,-4.026153164697053,36.689318846767215,4.0,1.423,2342.718,25
3,24,1.8135354175561995,3.65868437685755,-0.0011675706857592,36.72724434188369,0.0006,3.659,2352.812,25
3,24,1.8135354175561995,3.2284354580304684,-4.025734636753479,36.761756650710254,4.0,1.421,2362.875,25
3,24,1.8135354175561995,3.7048992612069536,-0.0002003655441094,35.839047300059434,0.0006,3.705,1888.093,25
3,24,1.8135354175561995,3.28011090381989,-4.025924465335394,35.79589083430215,4.0,1.471,1898.156,25
3,24,1.8135354175561995,3.702345144761305,0.0003563863970843,35.85153376795254,0.0006,3.703,1908.25,25
3,24,1.8135354175561995,3.277355268796825,-4.025621920673086,35.846386258306545,4.0,1.469,1918.406,25
3,24,1.8135354175561995,3.653279009676016,-0.0008525632157472,36.88365609016791,0.0004,3.653,2413.468,25
3,24,1.8135354175561995,3.221178708106065,-4.026069318349543,36.88454465143392,4.001,1.415,2423.671,25
3,24,1.8135354175561995,3.651504471229201,-0.0020824173877176,36.91882496683054,0.0006,3.651,2433.843,25
3,24,1.8135354175561995,3.2193335313408,-4.026617621875968,36.92760139959222,4.0,1.413,2443.906,25
3,24,1.8135354175561995,3.695427468937937,-0.0005833926973361,35.950187392927546,0.0004,3.696,1968.734,25
3,24,1.8135354175561995,3.269935388641513,-4.026792775117849,35.95312146567466,4.0,1.461,1978.89,25
3,24,1.8135354175561995,3.692841319533864,-0.0019692185900733,35.997896803404146,0.0006,3.693,1988.937,25
3,24,1.8135354175561995,3.267509634003692,-4.026151075735076,35.99598362009346,4.0,1.459,1999.046,25
3,24,1.8135354175561995,3.709997384538257,-0.0027848270062859,35.7244111213994,0.0006,3.711,1847.671,25
3,24,1.8135354175561995,3.285600607894753,-4.025890092100373,35.749262060752535,4.0,1.476,1857.765,25
3,24,1.8135354175561995,3.707486295580687,-0.0035571631449402,35.7940933954729,0.0006,3.708,1867.843,25
3,24,1.8135354175561995,3.282641844035263,-4.02649472356328,35.785808884023666,4.0,1.473,1878.0,25
3,24,1.8135354175561995,3.6223417460053065,-0.0016767382488191,37.61319376569627,0.0004,3.621,2696.265,25
3,24,1.8135354175561995,3.181091536715235,-4.025281847460256,37.6345540518575,4.0,1.379,2706.437,25
3,24,1.8135354175561995,3.6193579822628177,-0.0006046946664511,37.676701120272114,0.0004,3.617,2716.515,25
3,24,1.8135354175561995,3.17737499893134,-4.023943978693046,37.658707688588606,4.0,1.377,2726.593,25
3,24,1.8135354175561995,3.636899782740156,-0.0011956742930022,37.29051292409415,0.0006,3.636,2575.328,25
3,24,1.8135354175561995,3.200659074369635,-4.02585347316664,37.26387641764536,4.0,1.397,2585.421,25
3,24,1.8135354175561995,3.634727020075178,0.0013142394869179,37.30398422269544,0.0004,3.633,2595.5,25
3,24,1.8135354175561995,3.1975785681560933,-4.026266600901512,37.327590243267565,4.001,1.394,2605.593,25
3,24,1.8135354175561995,3.6103731748184593,-0.0020390236876805,37.81625685704245,0.0006,3.607,2777.187,25
3,24,1.8135354175561995,3.1657106859290027,-4.025935156016956,37.83195719692831,4.0,1.365,2787.265,25
3,24,1.8135354175561995,3.606981237374025,-0.0017323800630966,37.89601613586499,0.0006,3.604,2797.39,25
3,24,1.8135354175561995,3.161475837324641,-4.023912331581224,37.93808436615668,4.0,1.361,2807.453,25
3,24,1.8135354175561995,3.6276300891417534,-0.0014864669580053,37.46250539874443,0.0004,3.625,2655.968,25
3,24,1.8135354175561995,3.1883030046926395,-4.025763004923197,37.48788419811746,4.0,1.385,2666.031,25
3,24,1.8135354175561995,3.624734344186548,0.0009537876105105,37.56257237748925,0.0006,3.623,2676.093,25
3,24,1.8135354175561995,3.184935311982318,-4.025520023062798,37.57734842778675,4.0,1.382,2686.14,25
3,24,1.8135354175561995,3.6708481752369178,0.0002150378865405,36.45811440591016,0.0006,3.672,2211.359,25
3,24,1.8135354175561995,3.243244702959234,-4.026786866904653,36.43938913842783,4.0,1.435,2221.5,25
3,24,1.8135354175561995,3.6692088798641738,0.0001380586679128,36.486987357282025,0.0004,3.67,2231.609,25
3,24,1.8135354175561995,3.24116236417434,-4.025386317600817,36.46796048594389,4.001,1.433,2241.734,25
3,24,1.8135354175561995,3.616450479731705,-0.0012931534533467,37.72138179646096,0.0006,3.613,2736.671,25
3,24,1.8135354175561995,3.1736246307445666,-4.026124923833033,37.71710989486273,4.0,1.373,2746.765,25
3,24,1.8135354175561995,3.613507167934274,-0.0022163985720543,37.75362546917687,0.0006,3.61,2756.968,25
3,24,1.8135354175561995,3.1699499329099305,-4.025963423541136,37.77433792661021,4.001,1.369,2767.062,25
3,24,1.8135354175561995,3.663816950070597,-0.0018649909686045,36.64528660027584,0.0004,3.664,2292.312,25
3,24,1.8135354175561995,3.2349705109014004,-4.024906445118521,36.59909032455643,4.0,1.427,2302.359,25
3,24,1.8135354175561995,3.661878079093787,-0.0001447135483183,36.645005141280514,0.0006,3.662,2312.375,25
3,24,1.8135354175561995,3.232590571382844,-4.026286056716199,36.65299518841824,4.0,1.426,2322.5,25
3,24,1.8135354175561995,3.674900052602532,-0.001009511489317,36.38958437713178,0.0004,3.676,2170.906,25
3,24,1.8135354175561995,3.2477732114325337,-4.025371176733519,36.347710598730416,4.0,1.44,2181.062,25
3,24,1.8135354175561995,3.672972419376544,1.3928237449153148e-06,36.38077821744306,0.0006,3.673,2191.14,25
3,24,1.8135354175561995,3.2454613448623806,-4.025262983849815,36.36948291237923,4.0,1.436,2201.312,25
3,24,1.8135354175561995,3.5462532531301907,-0.0023620467147247,38.69291865321621,0.0006,3.539,3019.625,25
3,24,1.8135354175561995,3.075855747358663,-4.025636794899121,38.672798492886606,4.0,1.285,3029.765,25
3,24,1.8135354175561995,3.5355977253789947,-0.002693555694059,38.71230505245274,0.0004,3.529,3039.859,25
3,24,1.8135354175561995,3.0613570633390013,-4.025843950605869,38.73064954109191,4.0,1.272,3049.953,25
3,24,1.8135354175561995,3.586904389145134,-0.0014017035409325,38.20622776571945,0.0004,3.583,2898.406,25
3,24,1.8135354175561995,3.133448269124848,-4.025622240778957,38.23532063432163,4.0,1.335,2908.515,25
3,24,1.8135354175561995,3.581974864696436,-0.0029291098665252,38.28093443047728,0.0004,3.577,2918.687,25
3,24,1.8135354175561995,3.126736597890441,-4.025480867232566,38.28930327430309,4.0,1.331,2928.781,25
3,24,1.8135354175561995,3.493315335251703,-0.000570890585008,38.92417244137868,0.0006,3.484,3100.468,25
3,24,1.8135354175561995,3.0018130409010886,-4.025790570179025,39.01870248055403,4.0,1.221,3110.546,25
3,24,1.8135354175561995,3.474423770277522,-3.9227122721727226e-05,39.09212332869655,0.0006,3.465,3120.656,25
3,24,1.8135354175561995,2.974916771723511,-4.026410215980338,39.09131919218488,4.0,1.198,3130.796,25
3,24,1.8135354175561995,3.5633969029814336,-0.0031509464471823,38.47751400019161,0.0004,3.557,2979.234,25
3,24,1.8135354175561995,3.1002892339790216,-4.026552123083741,38.481322924478064,4.0,1.308,2989.359,25
3,24,1.8135354175561995,3.555121787192648,-0.0011208191815594,38.55661552296235,0.0006,3.549,2999.39,25
3,24,1.8135354175561995,3.088722058898266,-4.026687720435876,38.60521373488998,4.0,1.298,3009.515,25
3,24,1.8135354175561995,3.641281560071719,-0.0004823491450698,37.156813875647366,0.0006,3.641,2534.921,25
3,24,1.8135354175561995,3.205841517188234,-4.02597192284924,37.1737308689338,4.0,1.401,2545.031,25
3,24,1.8135354175561995,3.6391671574472575,-0.002754983128211,37.22726376361605,0.0006,3.638,2555.14,25
3,24,1.8135354175561995,3.2035264852586454,-4.025331108646194,37.24482238328507,4.0,1.399,2565.218,25
3,24,1.8135354175561995,3.523569712798224,-0.0024660631482892,38.79424462044853,0.0006,3.517,3060.078,25
3,24,1.8135354175561995,3.044428410271357,-4.025957784670822,38.79639280977136,4.0,1.258,3070.171,25
3,24,1.8135354175561995,3.509523291628544,-0.00232396554345,38.81796477348031,0.0006,3.501,3080.265,25
3,24,1.8135354175561995,3.024607261438905,-4.02696485927672,38.86543670223539,4.0,1.241,3090.375,25
3,24,1.8135354175561995,3.632246400350407,-0.0030047682774984,37.37989467193713,0.0006,3.631,2615.687,25
3,24,1.8135354175561995,3.1946697359642195,-4.026838111328132,37.36189575828975,4.0,1.391,2625.75,25
3,24,1.8135354175561995,3.630095276820739,-0.000561851074903,37.46277576853227,0.0006,3.628,2635.796,25
3,24,1.8135354175561995,3.191383714391679,-4.025056126939019,37.43006976084738,4.0,1.388,2645.875,25
3,24,1.8135354175561995,3.6454442673427465,-0.0011313350787689,37.06182194633528,0.0004,3.645,2494.39,25
3,24,1.8135354175561995,3.2113624238424774,-4.026105634831058,37.054620242413336,4.0,1.407,2504.578,25
3,24,1.8135354175561995,3.643290616049932,-0.0017945874963275,37.130259205115486,0.0006,3.642,2514.671,25
3,24,1.8135354175561995,3.208595040161635,-4.026092234736912,37.13156509431697,4.0,1.405,2524.812,25
3,24,1.8135354175561995,3.0245830937259277,-0.0019081671589471,40.13240236405014,0.0006,0.0,3343.468,25
3,24,1.8135354175561995,3.060459273102522,-0.0019911520821948,40.01491313653466,0.0004,0.001,3353.75,25
3,24,1.8135354175561995,3.089199206729048,-0.0011672909491495,39.7904581714392,0.0006,0.0,3364.125,25
3,24,1.8135354175561995,3.113437374385342,-0.0032340705662223,39.66238284034184,0.0004,0.001,3374.546,25
3,24,1.8135354175561995,3.316878702590764,0.0006934162196963,39.63057377029404,0.0004,3.302,3221.734,25
3,24,1.8135354175561995,2.762144357869887,-4.025475564110715,39.67045297401055,4.0,1.007,3231.812,25
3,24,1.8135354175561995,3.2658315018913235,-0.0017261414628474,39.74397802208154,0.0004,3.248,3241.906,25
3,24,1.8135354175561995,2.689666490663233,-4.0259983382078905,39.79097891095367,4.0,0.946,3252.031,25
3,24,1.8135354175561995,3.1866498073541605,7.422004942652124e-05,38.91841680700822,0.0004,0.0,3426.843,25
3,24,1.8135354175561995,3.1961904777524524,-0.0027164600644161,38.762530046512296,0.0004,-0.0,3437.375,25
3,24,1.8135354175561995,3.2045521134898647,0.0006625572763614,38.6197553620155,0.0004,0.0,3447.859,25
3,24,1.8135354175561995,3.212157943831919,-0.0007581691729276,38.44962989844803,0.0004,0.0,3458.359,25
3,24,1.8135354175561995,3.017030550384198,-0.0008831344251492,40.24414250272189,0.0006,2.98,3302.609,25
3,24,1.8135354175561995,2.169258771295841,-4.025018502060528,40.27545414271083,4.0,0.572,3312.671,25
3,24,1.8135354175561995,2.899801377452404,-0.0043951660013482,40.42073541309615,0.0006,0.0,3322.89,25
3,24,1.8135354175561995,2.977299213586113,-0.0013741292074485,40.29090652972253,0.0006,0.001,3333.203,25
3,24,1.8135354175561995,3.595579623313876,-0.0016654812119372,38.11877149311877,0.0004,3.591,2858.0,25
3,24,1.8135354175561995,3.145727106636969,-4.0246328837533385,38.10237173446247,4.0,1.348,2868.109,25
3,24,1.8135354175561995,3.5915561981974755,-0.0016222039046693,38.176366044832974,0.0006,3.588,2878.234,25
3,24,1.8135354175561995,3.1401814972555098,-4.025916296428341,38.161368866315854,4.0,1.341,2888.312,25
3,24,1.8135354175561995,3.133176808660527,-0.0033575881894693,39.51683998064887,0.0006,0.0,3384.968,25
3,24,1.8135354175561995,3.1496595911519907,-0.0013798625911559,39.37491909315921,0.0004,0.001,3395.343,25
3,24,1.8135354175561995,3.163799277649601,-0.0012364675177428,39.25561662194693,0.0004,0.0,3405.828,25
3,24,1.8135354175561995,3.1760724728706635,-0.001913594865932,39.07558543650202,0.0004,0.0,3416.296,25
3,24,1.8135354175561995,3.576293248642175,-0.002128280516672,38.33282239036212,0.0006,3.571,2938.843,25
3,24,1.8135354175561995,3.119096462062688,-4.025234782333103,38.3286451955472,4.0,1.324,2948.89,25
3,24,1.8135354175561995,3.57021816809476,0.0003679414841927,38.4147397440496,0.0004,3.565,2959.046,25
3,24,1.8135354175561995,3.1103916109971204,-4.026398019175799,38.419719648386895,4.0,1.317,2969.125,25
3,24,1.8135354175561995,3.603472809396288,-0.0015931170743964,37.997591790647945,0.0006,3.6,2817.609,25
3,24,1.8135354175561995,3.156560184287157,-4.023790358725993,37.99695845959793,4.0,1.357,2827.687,25
3,24,1.8135354175561995,3.599630062522789,-0.0008212335658422,38.08174938084055,0.0004,3.596,2837.781,25
3,24,1.8135354175561995,3.1512732464701347,-4.026167424403107,38.03928933548414,4.0,1.353,2847.89,25
3,24,1.8135354175561995,3.294590938916216,-0.002822621405409,35.49991883477102,0.0004,-0.0,3679.093,25
3,24,1.8135354175561995,3.296466222156927,-0.00182072197849,35.393051101231784,0.0004,0.0,3689.578,25
3,24,1.8135354175561995,3.2985675337790044,-0.0008502095023173,35.283442637383395,0.0004,0.0,3700.062,25
3,24,1.8135354175561995,3.3006221936126594,-0.00080296664897,35.16995213678064,0.0004,0.0,3710.593,25
3,24,1.8135354175561995,3.2593876175120164,-0.0007091808472035,37.082937419247074,0.0004,0.0,3552.937,25
3,24,1.8135354175561995,3.2631868978916265,-0.0010517685514963,36.91910527000448,0.0006,0.0,3563.421,25
3,24,1.8135354175561995,3.26675035668381,-0.0021994827577127,36.789983487779175,0.0004,0.0,3573.953,25
3,24,1.8135354175561995,3.2702123836568577,-0.0027072161074038,36.65827079832307,0.0004,-0.0,3584.468,25
3,24,1.8135354175561995,3.309584466674224,-0.0017813390701473,34.64242318887129,0.0006,0.0,3763.328,25
3,24,1.8135354175561995,3.3112362413098064,-0.0007995371064368,34.51683862289113,0.0004,0.0,3773.906,25
3,24,1.8135354175561995,3.312809097647942,-0.0031768641749983,34.424505547113725,0.0004,0.0,3784.437,25
3,24,1.8135354175561995,3.3142317207448144,-0.0029031230856782,34.329022965561606,0.0006,0.0,3795.0,25
3,24,1.8135354175561995,3.284653296207132,-0.0002170999947756,35.99680754777765,0.0004,0.0,3637.093,25
3,24,1.8135354175561995,3.2873643028400115,-0.0005232336454461,35.868695918329834,0.0004,0.0,3647.578,25
3,24,1.8135354175561995,3.2897926789627587,-0.0015125156392766,35.72996502470901,0.0004,0.0,3658.062,25
3,24,1.8135354175561995,3.2921065284412783,-0.0013296205195721,35.62404589237944,0.0006,0.0,3668.593,25
3,24,1.8135354175561995,3.3954993111099045,-0.0025581639884334,39.32309892402868,0.0004,3.383,3181.312,25
3,24,1.8135354175561995,2.8679530144527448,-4.0249659778342295,39.383074483615374,4.0,1.1,3191.406,25
3,24,1.8135354175561995,3.359562600904612,-0.0003739898718881,39.45701077037362,0.0006,3.346,3201.515,25
3,24,1.8135354175561995,2.819510613099922,-4.026079824122832,39.51567321476864,4.0,1.057,3211.609,25
3,24,1.8135354175561995,3.3026476808836627,0.0010893153652515,35.059814181319936,0.0004,0.0,3721.187,25
3,24,1.8135354175561995,3.3044950842794107,-0.0017694744820565,34.953592886495706,0.0004,0.0,3731.718,25
3,24,1.8135354175561995,3.306270232659555,-0.0017771753607666,34.84187439739659,0.0004,-0.0,3742.328,25
3,24,1.8135354175561995,3.307846458120993,-0.0016923398419199,34.742506928231265,0.0006,0.0,3752.843,25
3,24,1.8135354175561995,3.2035033587798987,0.0003555798787273,39.883530979577735,0.0006,3.183,3262.14,25
3,24,1.8135354175561995,2.5899872869375424,-4.02568343365574,39.89789072202108,4.0,0.863,3272.312,25
3,24,1.8135354175561995,3.1232014062337186,0.0006900000706061,40.0479353878372,0.0006,3.098,3282.375,25
3,24,1.8135354175561995,2.435580722587914,-4.025322427405154,40.07766636355363,4.0,0.749,3292.453,25
3,24,1.8135354175561995,3.451754953344216,-0.001520387905736,39.11639982231786,0.0006,3.441,3140.89,25
3,24,1.8135354175561995,2.944084468580581,-4.025742097756108,39.17391074105955,4.0,1.171,3151.015,25
3,24,1.8135354175561995,3.42569288207848,-0.002675767775538,39.22652079774849,0.0006,3.415,3161.109,25
3,24,1.8135354175561995,2.90901521398762,-4.025490557336398,39.252389495416274,4.0,1.136,3171.187,25
3,24,1.8135354175561995,3.337519848561112,-0.0017386333099977,32.58658802824171,0.0004,0.0,4016.015,25
3,24,1.8135354175561995,3.3382625543924904,-0.0016189414356122,32.51841862477079,0.0006,0.0,4026.484,25
3,24,1.8135354175561995,3.338942943935599,-0.0018814502253978,32.43402629374589,0.0004,-0.0,4037.0,25
3,24,1.8135354175561995,3.3397711271770603,-0.0033832567666389,32.38022500706238,0.0004,0.0,4047.484,25
3,24,1.8135354175561995,3.326019985622052,-0.0009117731913525,33.5094971410534,0.0004,-0.0,3889.734,25
3,24,1.8135354175561995,3.3272022171983027,-0.000631975335093,33.4179382655747,0.0006,-0.0,3900.25,25
3,24,1.8135354175561995,3.3281674788275737,-0.0016120061394658,33.34226571592946,0.0006,0.0,3910.734,25
3,24,1.8135354175561995,3.3295662078753803,-0.0010562024471884,33.25367606737221,0.0004,-0.0,3921.328,25
3,24,1.8135354175561995,3.343240455331044,-0.0020632092205808,32.03113117162331,0.0004,0.0,4100.156,25
3,24,1.8135354175561995,3.3438241755756875,-0.0029829581051248,31.96632188633229,0.0004,-0.0,4110.671,25
3,24,1.8135354175561995,3.3443490913693585,-0.000857223704751,31.90256869358812,0.0004,0.0,4121.218,25
3,24,1.8135354175561995,3.3450138049517384,-0.0035152139489388,31.84892866550891,0.0004,0.0,4131.75,25
3,24,1.8135354175561995,3.334209840691915,-0.0029596644696371,32.87959462775494,0.0004,0.0,3973.953,25
3,24,1.8135354175561995,3.3350149364158166,-0.0021148871363461,32.80064849372562,0.0006,-0.0,3984.453,25
3,24,1.8135354175561995,3.335826376070784,-0.0013122624990966,32.7172240923199,0.0006,-0.0,3994.984,25
3,24,1.8135354175561995,3.3367218211504475,-0.0020412657454509,32.65578719892617,0.0004,0.0,4005.5,25
3,24,1.8135354175561995,3.2419660380082864,-0.0018279567104791,37.655460317117,0.0004,0.0,3510.937,25
3,24,1.8135354175561995,3.246728766348713,-0.0016386962724209,37.50144086054081,0.0004,0.0,3521.437,25
3,24,1.8135354175561995,3.2514039783278883,-0.0037472864512095,37.36109780549982,0.0004,0.0,3531.953,25
3,24,1.8135354175561995,3.255719759369198,-0.0028706336810128,37.21536723779416,0.0004,0.0,3542.484,25
3,24,1.8135354175561995,3.3403833435929564,0.0004890881429215,32.307940751418506,0.0004,-0.0,4058.078,25
3,24,1.8135354175561995,3.341102316427797,-0.0020444517770786,32.23918901053739,0.0004,0.0,4068.578,25
3,24,1.8135354175561995,3.341825669969125,-0.0017163416872201,32.16499997898664,0.0004,-0.0,4079.062,25
3,24,1.8135354175561995,3.3424599130007966,-0.0001571612188431,32.10532844075378,0.0004,0.0,4089.687,25
3,24,1.8135354175561995,3.273390322501021,-0.002849784765482,36.5204974477029,0.0006,0.0,3594.968,25
3,24,1.8135354175561995,3.2764035734152928,-0.0018641544826969,36.37695095261296,0.0004,0.0,3605.546,25
3,24,1.8135354175561995,3.279373970707611,-0.0038455251359177,36.25529769770713,0.0004,0.0,3616.062,25
3,24,1.8135354175561995,3.282212618220814,-0.0004387543429578,36.105360525442414,0.0004,0.0,3626.593,25
3,24,1.8135354175561995,3.2191479158349714,3.60792392246506e-05,38.29855424401312,0.0004,0.0,3468.843,25
3,24,1.8135354175561995,3.2256029274779263,-0.0018431032164288,38.12923127970975,0.0004,-0.0,3479.343,25
3,24,1.8135354175561995,3.2314104028025104,-0.0035003851669537,37.98499369212168,0.0006,0.0,3489.906,25
3,24,1.8135354175561995,3.2369760425710683,-0.0022391877824808,37.79292384552707,0.0006,0.0,3500.421,25
3,24,1.8135354175561995,3.35492581908624,-0.0014454672598169,30.71646677362413,0.0004,0.0,4352.562,25
3,24,1.8135354175561995,3.3552906880886413,-0.0016862385740609,30.67825967060032,0.0006,0.0,4363.093,25
3,24,1.8135354175561995,3.355836386858023,-0.0012581172998967,30.6361004920334,0.0004,-0.0,4373.625,25
3,24,1.8135354175561995,3.356040325911243,-0.0018729514554292,30.58281233859162,0.0004,0.0,4384.171,25
3,24,1.8135354175561995,3.349792640961652,-0.0017407065564042,31.311820433671304,0.0004,0.0,4226.359,25
3,24,1.8135354175561995,3.350370161531499,-0.0033509879323308,31.270228150010496,0.0004,-0.0,4236.89,25
3,24,1.8135354175561995,3.350775321155317,-0.0041186544826423,31.202238615483665,0.0004,0.0,4247.421,25
3,24,1.8135354175561995,3.3511264658437727,-0.0030480481970709,31.15037693635792,0.0006,0.0,4257.906,25
3,24,1.8135354175561995,3.357821549234737,-0.0026265424419352,30.3702053718035,0.0004,0.0,4436.843,25
3,24,1.8135354175561995,3.3580688479643945,-0.0019645383700877,30.347524996493394,0.0004,0.0,4447.328,25
3,24,1.8135354175561995,3.358563257884694,-0.0031820336054855,30.2841977759314,0.0004,-0.0,4457.984,25
3,24,1.8135354175561995,3.3589689325844327,-0.0030906517838653,30.238871038691,0.0004,-0.0,4468.468,25
3,24,1.8135354175561995,3.353378514795829,-0.0018990892281895,30.91085647136563,0.0004,0.0,4310.531,25
3,24,1.8135354175561995,3.3536988122596783,-0.0025321160887673,30.86648035215446,0.0004,-0.0,4321.046,25
3,24,1.8135354175561995,3.354216562950432,0.0004207486400976,30.811392396294416,0.0004,-0.0,4331.484,25
3,24,1.8135354175561995,3.3544289329179917,-0.0010807111255639,30.77294681936786,0.0004,0.0,4342.046,25
3,24,1.8135354175561995,3.321193981462584,-0.0021032645516498,33.86453379634484,0.0006,0.0,3847.64,25
3,24,1.8135354175561995,3.3226004930493054,-0.0010441500946797,33.77567825522651,0.0006,0.0,3858.14,25
3,24,1.8135354175561995,3.3237528651621644,-0.0019392242779628,33.67885675015597,0.0004,0.0,3868.671,25
3,24,1.8135354175561995,3.324988305930139,-0.0012971296695586,33.59938972638292,0.0004,0.0,3879.187,25
3,24,1.8135354175561995,3.35624647513925,-0.0006554206718045,30.53487788229449,0.0004,-0.0,4394.687,25
3,24,1.8135354175561995,3.3565299396292856,-0.0020242501317201,30.479781684681367,0.0004,0.0,4405.296,25
3,24,1.8135354175561995,3.3570563692115183,-0.0026069262898136,30.46392985495838,0.0004,0.0,4415.812,25
3,24,1.8135354175561995,3.357480491478704,-0.0040929063294809,30.414883558104947,0.0004,-0.0,4426.359,25
3,24,1.8135354175561995,3.3301424101625154,0.0020228573210968,33.17621448203789,0.0004,0.0,3931.859,25
3,24,1.8135354175561995,3.3312899510129834,-0.0003396031781959,33.09977303857848,0.0004,0.0,3942.375,25
3,24,1.8135354175561995,3.3323250308264405,-0.0001282693179146,33.03832681033637,0.0004,0.0,3952.859,25
3,24,1.8135354175561995,3.3331687324170187,-0.0018072585462209,32.95371443444963,0.0004,0.0,3963.375,25
3,24,1.8135354175561995,3.3159140760039394,-0.0042703640620147,34.24784371469239,0.0004,0.0,3805.515,25
3,24,1.8135354175561995,3.317218908916338,-0.0015630163134222,34.14699012837401,0.0004,0.0,3816.046,25
3,24,1.8135354175561995,3.3185453266626834,-0.0012727927328065,34.05825194511756,0.0006,-0.0,3826.531,25
3,24,1.8135354175561995,3.3199672585810105,-0.0043007422638701,33.956188880313604,0.0004,-0.0,3837.109,25
3,24,1.8135354175561995,3.364858900872005,-0.0002992309067736,29.488575533399093,0.0006,0.0,4689.453,25
3,24,1.8135354175561995,3.365063560845641,-0.0011991870433054,29.45787300443031,0.0004,0.0,4699.953,25
3,24,1.8135354175561995,3.3652405875718734,-0.0020350365802537,29.433208191973662,0.0004,0.0,4710.437,25
3,24,1.8135354175561995,3.3654605258601,-0.0039866291455869,29.409041866414427,0.0004,0.0,4720.953,25
3,24,1.8135354175561995,3.3616618008308103,-0.0019906731540938,29.91108649031531,0.0004,-0.0,4563.218,25
3,24,1.8135354175561995,3.361839815714088,0.0005936556662539,29.876590000555943,0.0004,0.0,4573.703,25
3,24,1.8135354175561995,3.3622535248361203,-0.0017853967466587,29.82756090954323,0.0004,0.0,4584.203,25
3,24,1.8135354175561995,3.362202989765166,-0.0015393672390232,29.79524262639347,0.0004,0.0,4594.703,25
3,24,1.8135354175561995,3.366699586836777,-0.0001302048937896,29.25407046699777,0.0004,0.0,4773.562,25
3,24,1.8135354175561995,3.366863641893695,-0.0015988414478915,29.22594184682421,0.0004,0.0,4784.078,25
3,24,1.8135354175561995,3.3671254914623487,-0.000408324489141,29.202595246401145,0.0004,-0.0,4794.609,25
3,24,1.8135354175561995,3.367272202122168,-0.0014306235361053,29.17463021482068,0.0004,0.0,4805.109,25
3,24,1.8135354175561995,3.3637007209915337,-0.0004804723734889,29.60707542321876,0.0004,0.0,4647.359,25
3,24,1.8135354175561995,3.364041122245249,-0.0039909034970385,29.595021284499182,0.0006,-0.0,4657.843,25
3,24,1.8135354175561995,3.364172675985993,-0.0022706598295288,29.56028428120204,0.0006,0.0,4668.359,25
3,24,1.8135354175561995,3.364554669567292,0.000422385116472,29.51775107626888,0.0004,-0.0,4678.859,25
3,24,1.8135354175561995,3.3477295067077177,-0.0006437680780439,31.56135627299229,0.0004,0.0,4184.343,25
3,24,1.8135354175561995,3.3483189352630207,-0.0015999534476441,31.486306093917506,0.0004,-0.0,4194.921,25
3,24,1.8135354175561995,3.348867362991351,-0.0002735894333761,31.435523826523784,0.0004,-0.0,4205.406,25
3,24,1.8135354175561995,3.349319870630587,-0.0015882645013931,31.38025696806685,0.0006,-0.0,4215.859,25
3,24,1.8135354175561995,3.365796714829042,-0.0012894329471224,29.36858014643156,0.0004,-0.0,4731.468,25
3,24,1.8135354175561995,3.3658792155207777,-0.0010485751062241,29.34571203693692,0.0004,0.0,4741.953,25
3,24,1.8135354175561995,3.366286115447117,-0.0041067437906636,29.313056448833777,0.0006,0.0,4752.437,25
3,24,1.8135354175561995,3.3663538287816537,-0.00248311554928,29.285245312108536,0.0004,-0.0,4763.078,25
3,24,1.8135354175561995,3.3517022456171537,0.0008604078113043,31.11692528061404,0.0004,0.0,4268.421,25
3,24,1.8135354175561995,3.3521566471486626,-0.0012260807041629,31.04816634680989,0.0004,0.0,4278.937,25
3,24,1.8135354175561995,3.3525928879132088,-0.0015911376731473,30.99907924894625,0.0004,0.0,4289.546,25
3,24,1.8135354175561995,3.3529777221605377,-0.001585155117521,30.95585591824732,0.0004,0.0,4300.015,25
3,24,1.8135354175561995,3.345571993791358,0.0014925339047296,31.78593938619257,0.0006,-0.0,4142.234,25
3,24,1.8135354175561995,3.3460594864976985,-0.0006491378294424,31.712857215141007,0.0004,0.0,4152.812,25
3,24,1.8135354175561995,3.3467186337418173,-0.0019911634562506,31.67349310377886,0.0006,0.0,4163.312,25
3,24,1.8135354175561995,3.347231295278824,-0.0015583537644797,31.604088223322623,0.0006,0.0,4173.812,25
3,24,1.8135354175561995,3.371417721787912,-0.0025972642583473,28.707652210409638,0.0004,0.0,5026.031,25
3,24,1.8135354175561995,3.3718175164947506,-0.0039511271425357,28.673564229585164,0.0006,-0.0,5036.531,25
3,24,1.8135354175561995,3.371954646975533,-0.0007556635825452,28.665891507410677,0.0004,-0.0,5047.062,25
3,24,1.8135354175561995,3.3719619156650302,0.0001233196684409,28.64282895564152,0.0004,0.0,5057.578,25
3,24,1.8135354175561995,3.3692285761180423,-0.0003257459470651,28.94870041067443,0.0004,0.0,4899.781,25
3,24,1.8135354175561995,3.3694691759961493,-0.0014608271487979,28.936357865802144,0.0004,0.0,4910.281,25
3,24,1.8135354175561995,3.369910339228555,-0.0017442218830548,28.910196680352197,0.0006,0.0,4920.843,25
3,24,1.8135354175561995,3.3696098413229825,-0.001254932756119,28.88870629036084,0.0004,0.0,4931.328,25
3,24,1.8135354175561995,3.3727238725988147,-0.0025856512401765,28.554660042265645,0.0004,-0.0,5110.093,25
3,24,1.8135354175561995,3.3730724305695943,-2.462017204766001e-05,28.530607398607224,0.0004,0.0,5120.609,25
3,24,1.8135354175561995,3.373375788204892,-0.0008304475522995,28.52970668884199,0.0004,0.0,5131.125,25
3,24,1.8135354175561995,3.37338995593032,-0.000460269194715,28.49173394802789,0.0004,-0.0,5141.64,25
3,24,1.8135354175561995,3.370773181626007,-0.0013906131089427,28.775199783307396,0.0004,-0.0,4984.031,25
3,24,1.8135354175561995,3.370854539644611,-0.00083944676343,28.768583596302268,0.0004,0.0,4994.593,25
3,24,1.8135354175561995,3.3711117175215706,-0.0009893587413112,28.758430544646863,0.0004,0.0,5005.062,25
3,24,1.8135354175561995,3.3712682540121874,-0.0002088301458356,28.72428413975503,0.0006,0.0,5015.562,25
3,24,1.8135354175561995,3.36041429301733,-0.0016495519904127,30.062457196395066,0.0004,0.0,4521.046,25
3,24,1.8135354175561995,3.3608251828588043,-0.0033773292820356,30.033013634431747,0.0004,-0.0,4531.609,25
3,24,1.8135354175561995,3.361148907439244,-0.002451151253029,29.999532515258483,0.0004,-0.0,4542.14,25
3,24,1.8135354175561995,3.3613213335445025,-0.0021432791098987,29.96834833687728,0.0004,0.0,4552.718,25
3,24,1.8135354175561995,3.372332744705147,-0.0029233945387944,28.612771248819197,0.0006,-0.0,5068.078,25
3,24,1.8135354175561995,3.3721949944847585,0.0004040462170651,28.598744552249983,0.0004,0.0,5078.515,25
3,24,1.8135354175561995,3.3725400590212398,-0.0006818664417979,28.589890294838824,0.0004,-0.0,5089.0,25
3,24,1.8135354175561995,3.3727027384981363,-0.0018991182617526,28.56996368374462,0.0006,0.0,5099.593,25
3,24,1.8135354175561995,3.3627572180438343,-0.0018016667339894,29.76041259637796,0.0004,0.0,4605.203,25
3,24,1.8135354175561995,3.363039587322908,-0.0012221149814134,29.71300892816484,0.0004,0.0,4615.734,25
3,24,1.8135354175561995,3.363028434518507,0.0004066730325919,29.715215358968223,0.0004,-0.0,4626.281,25
3,24,1.8135354175561995,3.363511949246288,-0.0021884480725368,29.65699773828939,0.0004,-0.0,4636.859,25
3,24,1.8135354175561995,3.359136181515095,-0.0031730061390085,30.200108216278803,0.0004,-0.0,4478.937,25
3,24,1.8135354175561995,3.3595303866527044,-0.0022160697972354,30.164426345680653,0.0006,0.0,4489.421,25
3,24,1.8135354175561995,3.360011545879223,-0.0027823214383787,30.146093881381347,0.0004,0.0,4499.906,25
3,24,1.8135354175561995,3.3600980586512548,0.0001980587131986,30.11606520900588,0.0004,0.0,4510.515,25
3,24,1.8135354175561995,3.3766514283314315,-0.001465479370965,28.15697850716178,0.0004,0.0,5362.937,25
3,24,1.8135354175561995,3.3767321103417487,-0.0019846042219625,28.128407854031234,0.0004,0.0,5373.531,25
3,24,1.8135354175561995,3.376809234629554,-4.536827506677348e-05,28.13248893315664,0.0004,0.0,5384.046,25
3,24,1.8135354175561995,3.377075598489463,-0.0045158060975479,28.10640693531607,0.0004,0.0,5394.64,25
3,24,1.8135354175561995,3.374808230360214,-0.0065339020536695,28.35784589476537,0.0004,0.0,5236.515,25
3,24,1.8135354175561995,3.374949730360649,-0.0021842218714959,28.342344779944877,0.0004,0.0,5247.031,25
3,24,1.8135354175561995,3.375087766818956,-0.0045350087938368,28.335779808154317,0.0006,-0.0,5257.593,25
3,24,1.8135354175561995,3.3751402685087157,0.0020648960115252,28.31432084306003,0.0006,0.0,5268.125,25
3,24,1.8135354175561995,3.3776713702527297,-0.0012019883510615,28.03266762910503,0.0004,0.0,5447.171,25
3,24,1.8135354175561995,3.3779495411374563,-0.0017078754943921,28.01068880311948,0.0004,-0.0,5457.734,25
3,24,1.8135354175561995,3.37801198118111,0.0006185151142724,28.00823470255975,0.0004,0.0,5468.281,25
3,24,1.8135354175561995,3.378037308856871,0.0010220247536256,27.99769934498613,0.0004,0.0,5478.812,25
3,24,1.8135354175561995,3.3759289667517374,0.000626653149177,28.201062229519945,0.0004,-0.0,5320.812,25
3,24,1.8135354175561995,3.376063996633502,-0.0026524744386759,28.196783441345374,0.0004,0.0,5331.312,25
3,24,1.8135354175561995,3.376369923927415,-0.0039672637456494,28.192879564320457,0.0004,0.0,5341.812,25
3,24,1.8135354175561995,3.3765167283225868,-0.0002345951876174,28.16733383123243,0.0006,0.0,5352.421,25
3,24,1.8135354175561995,3.368232915219375,-0.0007772281462285,29.051962783637908,0.0006,0.0,4857.671,25
3,24,1.8135354175561995,3.3687263647754824,-0.0017627131831554,29.032146435184696,0.0004,0.0,4868.171,25
3,24,1.8135354175561995,3.368882000563829,0.0006484191149153,29.004655024867493,0.0006,0.0,4878.671,25
3,24,1.8135354175561995,3.3688458193695507,-0.0015041851604657,28.97542730139225,0.0004,-0.0,4889.218,25
3,24,1.8135354175561995,3.377194912837521,-0.0033658289073326,28.106433317045664,0.0004,-0.0,5405.125,25
3,24,1.8135354175561995,3.377367206800405,-0.0001501547250508,28.089199152993583,0.0004,-0.0,5415.656,25
3,24,1.8135354175561995,3.377366863584148,0.0002699788791242,28.07352279319431,0.0004,0.0,5426.156,25
3,24,1.8135354175561995,3.3775415503237958,-0.0020674461395075,28.056920668521972,0.0004,0.0,5436.671,25
3,24,1.8135354175561995,3.370031665565411,-0.0024481335834146,28.86138289824522,0.0004,-0.0,4941.859,25
3,24,1.8135354175561995,3.370120804569172,0.0002843192405165,28.836482389543296,0.0006,-0.0,4952.375,25
3,24,1.8135354175561995,3.370367461575304,-0.0005231527019759,28.819963170486545,0.0004,0.0,4962.906,25
3,24,1.8135354175561995,3.370637872658964,-0.0030518533512367,28.797333769445142,0.0006,-0.0,4973.531,25
3,24,1.8135354175561995,3.3676555350819743,-0.0002767063676495,29.13817801206701,0.0004,0.0,4815.64,25
3,24,1.8135354175561995,3.367649072556605,-0.0003366121066031,29.117197067574587,0.0006,0.0,4826.171,25
3,24,1.8135354175561995,3.3679543542961663,0.000365602699997,29.095393841723805,0.0004,-0.0,4836.656,25
3,24,1.8135354175561995,3.368307922484786,-0.0029100094192254,29.07435007384469,0.0006,-0.0,4847.171,25
3,24,1.8135354175561995,3.380909007754718,-0.0036664937175012,27.76067902341885,0.0004,-0.0,5699.968,25
3,24,1.8135354175561995,3.380909368682199,-0.0004346718757189,27.747037706276178,0.0006,-0.0,5710.531,25
3,24,1.8135354175561995,3.3809834582471026,0.0006059094941079,27.73371133430519,0.0004,0.0,5721.046,25
3,24,1.8135354175561995,3.38122585767291,-0.0043358211817836,27.716379961007167,0.0004,0.0,5731.531,25
3,24,1.8135354175561995,3.3794743246455146,-0.0014065257968552,27.87595846035978,0.0006,-0.0,5573.609,25
3,24,1.8135354175561995,3.3795614252011075,-0.0015410889313085,27.867479410879543,0.0004,0.0,5584.125,25
3,24,1.8135354175561995,3.3795351031108414,-0.0029184049329401,27.85614518145897,0.0004,-0.0,5594.703,25
3,24,1.8135354175561995,3.3798175576438365,-0.0012862951311942,27.84784743286987,0.0004,0.0,5605.218,25
3,24,1.8135354175561995,3.3817009188475504,-0.0044184528124088,27.662371908909723,0.0004,0.0,5784.14,25
3,24,1.8135354175561995,3.3820296186500363,-0.0006762302618482,27.676034137006795,0.0004,0.0,5794.656,25
3,24,1.8135354175561995,3.381807502748157,-5.261296781554599e-05,27.662953095258047,0.0006,0.0,5805.14,25
3,24,1.8135354175561995,3.381889492445264,-0.0005760351722151,27.64488137678996,0.0004,0.0,5815.656,25
3,24,1.8135354175561995,3.380413185392356,-0.0027630819134138,27.79654515725889,0.0006,0.0,5657.875,25
3,24,1.8135354175561995,3.380255315146317,0.0020611858484422,27.781332574048555,0.0004,0.0,5668.375,25
3,24,1.8135354175561995,3.380437587876691,-0.0056714953016237,27.777105095087197,0.0006,-0.0,5678.875,25
3,24,1.8135354175561995,3.380598119487154,0.0022300953649009,27.76587510157852,0.0006,0.0,5689.468,25
3,24,1.8135354175561995,3.3740086556444395,-0.0022889735023459,28.40842392025236,0.0004,0.0,5194.375,25
3,24,1.8135354175561995,3.3744422660221125,-0.0002014727170849,28.406177787614304,0.0006,-0.0,5204.89,25
3,24,1.8135354175561995,3.3746081885943733,-0.0011433186595004,28.388078731054765,0.0004,-0.0,5215.359,25
3,24,1.8135354175561995,3.374633608022831,-0.0001192987680055,28.36606216235497,0.0004,-0.0,5226.015,25
3,24,1.8135354175561995,3.381301287835802,-0.0008741051448751,27.70296928403719,0.0004,0.0,5742.062,25
3,24,1.8135354175561995,3.3812522848619526,-0.0061967293843694,27.701545170053244,0.0006,0.0,5752.656,25
3,24,1.8135354175561995,3.3815915317140672,0.0003598450587823,27.679135196056,0.0004,0.0,5763.125,25
3,24,1.8135354175561995,3.381615775619672,-0.0033919585621073,27.67834366849248,0.0006,-0.0,5773.656,25
3,24,1.8135354175561995,3.3753711106434827,-0.0015021393336366,28.26847246051401,0.0004,0.0,5278.734,25
3,24,1.8135354175561995,3.375649956251052,-0.003668341332505,28.267006172385717,0.0004,0.0,5289.234,25
3,24,1.8135354175561995,3.37562014320356,-0.0006616042181716,28.254257197125437,0.0006,0.0,5299.703,25
3,24,1.8135354175561995,3.3759611698939493,-0.0011478771784022,28.231693768015035,0.0004,-0.0,5310.218,25
3,24,1.8135354175561995,3.373433997311903,-0.0029263107811186,28.471357263492777,0.0004,-0.0,5152.312,25
3,24,1.8135354175561995,3.37371991801616,-0.0021987228341641,28.457798955140728,0.0004,0.0,5162.828,25
3,24,1.8135354175561995,3.373859544243394,-0.0022669354720314,28.432158585382936,0.0004,-0.0,5173.359,25
3,24,1.8135354175561995,3.373957880943104,-0.0004233825122323,28.41974957439246,0.0006,0.0,5183.875,25
3,24,1.8135354175561995,3.384110583325568,8.34432874897847e-05,27.477779691165875,0.0006,0.0,6036.828,25
3,24,1.8135354175561995,3.384290400814952,-0.0028068579225062,27.46560952771536,0.0004,0.0,6047.328,25
3,24,1.8135354175561995,3.384605481552283,-0.0023364507454888,27.450670686753337,0.0004,0.0,6057.812,25
3,24,1.8135354175561995,3.384681148310254,-0.0021708476781409,27.44679138950335,0.0006,0.0,6068.343,25
3,24,1.8135354175561995,3.383129444020037,-0.0022046814662177,27.56878085971922,0.0004,0.0,5910.343,25
3,24,1.8135354175561995,3.383251400556115,-0.0014331162982315,27.554775371514832,0.0004,0.0,5920.937,25
3,24,1.8135354175561995,3.383218472339609,-0.0025600397757072,27.54985662377057,0.0004,0.0,5931.468,25
3,24,1.8135354175561995,3.383473523521165,-0.0010591838393329,27.5405164848138,0.0006,-0.0,5942.031,25
3,24,1.8135354175561995,3.38494125838025,-0.0037216966460781,27.415857575107207,0.0004,0.0,6120.859,25
3,24,1.8135354175561995,3.385051425160687,-0.0016474114175631,27.39793746159021,0.0004,0.0,6131.359,25
3,24,1.8135354175561995,3.3851151457802557,-0.003411882047346,27.39181789034081,0.0004,0.0,6141.843,25
3,24,1.8135354175561995,3.385331180090013,-0.0004004105661129,27.388815851847507,0.0006,-0.0,6152.328,25
3,24,1.8135354175561995,3.383792329290807,-0.0011609334957093,27.4991905029122,0.0006,0.0,5994.75,25
3,24,1.8135354175561995,3.383882752655475,-0.0030138040378348,27.49595704337601,0.0006,0.0,6005.218,25
3,24,1.8135354175561995,3.383948354147964,-0.001386883280848,27.49098407954524,0.0004,0.0,6015.765,25
3,24,1.8135354175561995,3.384135264043442,-0.0021528280371609,27.47164898655762,0.0004,-0.0,6026.25,25
3,24,1.8135354175561995,3.378705571840351,-0.002278102885411,27.93161066978385,0.0004,0.0,5531.39,25
3,24,1.8135354175561995,3.378992134300609,-0.0025259049781387,27.916534016813014,0.0006,-0.0,5541.968,25
3,24,1.8135354175561995,3.379054585796249,-0.0047609032043083,27.90431689555737,0.0004,0.0,5552.484,25
3,24,1.8135354175561995,3.379191925696541,-0.0009925602976793,27.879790018372542,0.0004,0.0,5563.015,25
3,24,1.8135354175561995,3.3846628393723828,-0.0013565612770925,27.44098347637829,0.0006,0.0,6078.812,25
3,24,1.8135354175561995,3.384571156952524,-0.0032489163971307,27.428871368133137,0.0004,-0.0,6089.343,25
3,24,1.8135354175561995,3.3848200130149677,-0.0038889722201398,27.428968676088378,0.0004,0.0,6099.843,25
3,24,1.8135354175561995,3.384958391795908,1.1220661978429535e-05,27.41669746524085,0.0004,0.0,6110.39,25
3,24,1.8135354175561995,3.3798165841481618,-0.0020935761184445,27.83548734928672,0.0004,0.0,5615.734,25
3,24,1.8135354175561995,3.379931078335068,-0.0027559293808534,27.822284985571194,0.0004,0.0,5626.328,25
3,24,1.8135354175561995,3.3800820957963555,-0.0019777382788991,27.823494193908,0.0006,0.0,5636.859,25
3,24,1.8135354175561995,3.380198733969777,-0.0027445004123617,27.79894463021125,0.0004,0.0,5647.421,25
3,24,1.8135354175561995,3.3782901892234314,-0.0054797798070356,28.00008836869871,0.0004,-0.0,5489.39,25
3,24,1.8135354175561995,3.378244829859633,-0.0017940993018227,27.993524633427665,0.0004,0.0,5499.937,25
3,24,1.8135354175561995,3.3784342011493123,-0.0034458862746172,27.967914687648797,0.0004,0.0,5510.39,25
3,24,1.8135354175561995,3.378704425381701,-0.0010259322968526,27.95324709358861,0.0004,0.0,5520.89,25
3,24,1.8135354175561995,3.387330476263013,-0.0001110636673788,27.25478522080636,0.0004,0.0,6373.562,25
3,24,1.8135354175561995,3.387451878611944,-0.002707315585767,27.250589892069144,0.0006,0.0,6384.109,25
3,24,1.8135354175561995,3.387414295269988,-0.0047065858710752,27.24641935935736,0.0006,0.0,6394.671,25
3,24,1.8135354175561995,3.3876793296641137,-0.0023416511859445,27.235186224522494,0.0004,0.0,6405.171,25
3,24,1.8135354175561995,3.3865052026114197,-0.0005312278315434,27.327270237671765,0.0004,-0.0,6247.093,25
3,24,1.8135354175561995,3.3863541901416983,-0.0066637306071664,27.321631751826523,0.0004,-0.0,6257.656,25
3,24,1.8135354175561995,3.386202078980866,-0.0017090529340326,27.319953699875963,0.0006,0.0,6268.187,25
3,24,1.8135354175561995,3.386418808098405,-0.003150461951191,27.31431403585815,0.0006,0.0,6278.687,25
3,24,1.8135354175561995,3.388005170488404,-0.0006510475655331,27.211609570606296,0.0004,-0.0,6457.859,25
3,24,1.8135354175561995,3.388180325670233,-0.0037413364966912,27.197003802040705,0.0004,0.0,6468.39,25
3,24,1.8135354175561995,3.388074814994564,-0.001663689676163,27.195609013933268,0.0004,-0.0,6478.968,25
3,24,1.8135354175561995,3.388101955667073,-0.0001095668984638,27.184229613358173,0.0004,0.0,6489.5,25
3,24,1.8135354175561995,3.3870046521507144,-0.0015741580632918,27.273736965443085,0.0006,0.0,6331.406,25
3,24,1.8135354175561995,3.387109059241512,-0.0018640158734062,27.26990842589709,0.0006,0.0,6341.937,25
3,24,1.8135354175561995,3.3870860362231805,-0.005538052245082,27.257233787609408,0.0004,0.0,6352.437,25
3,24,1.8135354175561995,3.3873752838477897,-0.0009888702879272,27.260679978941944,0.0004,-0.0,6362.984,25
3,24,1.8135354175561995,3.382499756232085,-0.0029391765950568,27.599336610793305,0.0006,0.0,5868.265,25
3,24,1.8135354175561995,3.382915831489796,-0.0054827180418775,27.600497259548284,0.0006,0.0,5878.796,25
3,24,1.8135354175561995,3.382807335016171,-0.0033284668451498,27.595538445901703,0.0006,0.0,5889.328,25
3,24,1.8135354175561995,3.383100653632927,-0.0017281929070503,27.57542685065044,0.0004,-0.0,5899.828,25
3,24,1.8135354175561995,3.3878214195032776,-0.0019730730414126,27.225444034171478,0.0004,0.0,6415.703,25
3,24,1.8135354175561995,3.3877618202906743,-0.0012375334745045,27.22246387588396,0.0004,0.0,6426.25,25
3,24,1.8135354175561995,3.388060537193516,-0.0055251956011132,27.22477929859516,0.0004,0.0,6436.765,25
3,24,1.8135354175561995,3.3880557163463,0.0002804534066999,27.22301472019742,0.0006,0.0,6447.39,25
3,24,1.8135354175561995,3.383463436189589,-0.0058628740710829,27.535988781307,0.0006,0.0,5952.5,25
3,24,1.8135354175561995,3.383646303005487,-0.0028033854393569,27.5209214351922,0.0004,0.0,5963.093,25
3,24,1.8135354175561995,3.383615481679394,-0.0023316299601378,27.513685976704014,0.0006,0.0,5973.609,25
3,24,1.8135354175561995,3.3837118764586585,-0.0020494337851069,27.50169625138227,0.0004,-0.0,5984.171,25
3,24,1.8135354175561995,3.3819611022981424,-0.0025729612054409,27.63674780899266,0.0004,-0.0,5826.156,25
3,24,1.8135354175561995,3.3820892415975887,-0.0043015006007177,27.6283801099296,0.0006,0.0,5836.656,25
3,24,1.8135354175561995,3.3824451275066494,-5.738400471503821e-05,27.618628459902705,0.0004,0.0,5847.203,25
3,24,1.8135354175561995,3.382779837950736,-0.0014184460053077,27.611493097247127,0.0004,0.0,5857.781,25
3,24,1.8135354175561995,3.907961927800191,-0.0014142851637715,32.91639440162157,0.0004,3.908,756.718,25
3,24,1.8135354175561995,3.4734431897625564,-4.0271620272395845,32.9234504572327,4.0,1.657,766.796,25
3,24,1.8135354175561995,3.90312588886992,-0.0008260135312321,32.98232004242674,0.0006,3.903,776.875,25
3,24,1.8135354175561995,3.469230684254548,-4.025684134004794,32.999715038802854,4.0,1.653,786.937,25
3,24,1.8135354175561995,3.936544178278753,-0.0009542805397738,32.430652866861266,0.0006,3.936,635.453,25
3,24,1.8135354175561995,3.498893238077875,-4.026280614563598,32.47931048533096,4.0,1.68,645.531,25
3,24,1.8135354175561995,3.9317945999248662,-0.0007781108070389,32.51016758412877,0.0004,3.931,655.734,25
3,24,1.8135354175561995,3.4942960519681887,-4.025152332413188,32.53087902308012,4.0,1.675,665.984,25
3,24,1.8135354175561995,3.8896444041210727,0.0005646458179197,33.132421999848546,0.0004,3.89,837.343,25
3,24,1.8135354175561995,3.457106815699784,-4.024805528197448,33.150121268432905,4.0,1.642,847.421,25
3,24,1.8135354175561995,3.885391475602602,-0.0034090143066265,33.19676980489816,0.0004,3.886,857.593,25
3,24,1.8135354175561995,3.4530457156262675,-4.026255881348828,33.21118809752255,4.0,1.638,867.671,25
3,24,1.8135354175561995,3.916880180022152,-0.0010950101596014,32.7954211019413,0.0004,3.917,716.312,25
3,24,1.8135354175561995,3.4816378134453365,-4.026039988300324,32.82232178627279,4.0,1.665,726.39,25
3,24,1.8135354175561995,3.9125315595865735,-0.0021842081772791,32.852788208400035,0.0004,3.912,736.5,25
3,24,1.8135354175561995,3.4776976898934806,-4.0255981111525445,32.88373104584994,4.0,1.659,746.593,25
3,24,1.8135354175561995,4.040444569501358,-0.0008361626892835,29.87531617007161,0.0004,4.039,271.984,25
3,24,1.8135354175561995,3.58285934829335,-4.0245493593745145,29.931842133986247,4.0,1.754,282.046,25
3,24,1.8135354175561995,4.033836594265277,-0.0007511531777102,30.048790118619785,0.0004,4.032,292.093,25
3,24,1.8135354175561995,3.577137075659388,-4.024379048776443,30.11346138646982,4.0,1.75,302.218,25
3,24,1.8135354175561995,3.898296445507305,-0.0010366845705968,33.038672175999416,0.0006,3.898,797.031,25
3,24,1.8135354175561995,3.465184933269732,-4.024970648774298,33.056120069494305,4.0,1.649,807.109,25
3,24,1.8135354175561995,3.893897562046604,-0.0010431283847358,33.07890098757318,0.0006,3.894,817.156,25
3,24,1.8135354175561995,3.4608760111814925,-4.0260954560043976,33.069687867564014,4.0,1.645,827.234,25
3,24,1.8135354175561995,4.014777542024397,-0.0017939122859629,30.540905585508558,0.0004,4.013,352.796,25
3,24,1.8135354175561995,3.5623440506528,-4.026581808192636,30.603727593169584,4.0,1.736,362.89,25
3,24,1.8135354175561995,4.008809419112482,0.0014364576729154,30.710337949105316,0.0006,4.007,372.968,25
3,24,1.8135354175561995,3.5577088431170893,-4.024946823797301,30.769934088601147,4.0,1.732,383.062,25
3,24,1.8135354175561995,4.054640812234884,-0.0013652824532912,29.501416718676413,0.0004,4.054,231.593,25
3,24,1.8135354175561995,3.594149011197957,-4.025468550715557,29.557511120120814,4.0,1.762,241.687,25
3,24,1.8135354175561995,4.047558918042896,-0.0016431874424787,29.68548311778296,0.0006,4.046,251.765,25
3,24,1.8135354175561995,3.5880663427729727,-4.026128308025978,29.752230892247592,4.0,1.758,261.89,25
3,24,1.8135354175561995,3.385748826437582,-0.0024783412541761,27.352629641696176,0.0004,0.0,6204.937,25
3,24,1.8135354175561995,3.3860061939903168,-0.0026262704544891,27.34226953247443,0.0004,-0.0,6215.437,25
3,24,1.8135354175561995,3.386051318534898,-0.0058152907666221,27.337949786572224,0.0004,-0.0,6225.984,25
3,24,1.8135354175561995,3.386059073936882,-0.0012725525093741,27.33409252852548,0.0004,-0.0,6236.531,25
3,24,1.8135354175561995,3.3866911479121784,-0.00444982388704,27.30544809842721,0.0004,0.0,6289.265,25
3,24,1.8135354175561995,3.3866610649569675,-0.0027809013643676,27.29792543144359,0.0004,-0.0,6299.765,25
3,24,1.8135354175561995,3.387054475992572,-0.0003434040457733,27.28485888273796,0.0004,0.0,6310.406,25
3,24,1.8135354175561995,3.386886113238353,-0.0032829590511401,27.282643419118862,0.0006,0.0,6320.906,25
3,24,1.8135354175561995,3.3854265193644597,0.0008741047664202,27.381055345758774,0.0004,0.0,6162.875,25
3,24,1.8135354175561995,3.3857924579360037,-0.0032220796602294,27.371168203365254,0.0006,0.0,6173.375,25
3,24,1.8135354175561995,3.3856949870199995,-0.0001357209814356,27.36964778966259,0.0004,-0.0,6183.89,25
3,24,1.8135354175561995,3.385784560192772,-0.002189751861303,27.35905152240227,0.0004,0.0,6194.421,25
3,24,1.8135354175561995,3.991733734346916,-0.002023928766273,31.177605076934025,0.0004,3.99,433.593,25
3,24,1.8135354175561995,3.544471698204765,-4.026601314903147,31.21994230794134,4.0,1.722,443.64,25
3,24,1.8135354175561995,3.986053540411804,-0.0020767992905085,31.32317630226297,0.0004,3.984,453.718,25
3,24,1.8135354175561995,3.5398308119857456,-4.025722654973599,31.386635525691503,4.0,1.718,463.781,25
3,24,1.8135354175561995,4.0275881223436985,-0.0005799451231941,30.224862395132128,0.0004,4.025,312.359,25
3,24,1.8135354175561995,3.572058380833929,-4.026152373174718,30.268996025723325,4.0,1.745,322.531,25
3,24,1.8135354175561995,4.020937182420783,-0.0012951510127954,30.36629541029575,0.0006,4.02,332.609,25
3,24,1.8135354175561995,3.567171824621051,-4.025945633005637,30.41972942126748,4.0,1.74,342.718,25
3,24,1.8135354175561995,3.968729950828089,0.0013767433342755,31.75240662496714,0.0006,3.968,514.187,25
3,24,1.8135354175561995,3.52552889083972,-4.025225780540822,31.802692923388047,4.0,1.704,524.343,25
3,24,1.8135354175561995,3.9630591998702274,-8.02772701961257e-06,31.875731313092164,0.0004,3.962,534.437,25
3,24,1.8135354175561995,3.520988090366715,-4.024883772771218,31.929580957979574,4.0,1.701,544.562,25
3,24,1.8135354175561995,4.00317812903245,-0.0018289604128569,30.879050985376395,0.0004,4.001,393.171,25
3,24,1.8135354175561995,3.553373858844342,-4.025679341857555,30.913698417021,4.0,1.729,403.281,25
3,24,1.8135354175561995,3.997457287677762,0.0001178862471318,31.015377836014792,0.0006,3.996,413.421,25
3,24,1.8135354175561995,3.5488666558165285,-4.024889181593127,31.08887418067869,4.0,1.726,423.5,25
3,24,1.8135354175561995,3.980258221519288,-0.003323139703301,31.456949207376148,0.0006,3.979,473.843,25
3,24,1.8135354175561995,3.535240643187231,-4.026246637453491,31.50752901844787,4.0,1.713,483.937,25
3,24,1.8135354175561995,3.9745132786279034,-0.0010102806844969,31.61598162264888,0.0004,3.974,494.015,25
3,24,1.8135354175561995,3.5305536403944098,-4.024645765822443,31.68540960828013,4.0,1.709,504.125,25
3,24,1.8135354175561995,4.160084455376093,-0.0002152879894016,27.14716050517447,0.0004,4.167,29.687,25
3,24,1.8135354175561995,3.699679761300407,-4.025976887531739,27.275961330272057,4.0,1.848,39.765,25
3,24,1.8135354175561995,4.141242393573846,-0.0006021345688215,27.46370756500205,0.0004,4.147,49.921,25
3,24,1.8135354175561995,3.679648427307941,-4.025607907283836,27.57325741541096,4.0,1.827,59.984,25
3,24,1.8135354175561995,4.103895085003833,-0.0006585865532442,28.244564432148728,0.0004,4.107,110.437,25
3,24,1.8135354175561995,3.638515353939223,-4.025310695217497,28.32227143943392,4.0,1.791,120.593,25
3,24,1.8135354175561995,4.094050049824546,-0.0007364655516434,28.47694486303492,0.0006,4.096,130.671,25
3,24,1.8135354175561995,3.629118381649106,-4.026790570778124,28.54477776652669,4.0,1.786,140.796,25
3,24,1.8135354175561995,4.19141376026019,-0.002425633431315,26.85570584198223,0.0004,0.0,0.0,25
3,24,1.8135354175561995,4.191172998232113,-0.0015461556836021,26.842146069678503,0.0004,4.206,9.312,25
3,24,1.8135354175561995,3.72701876450927,-4.025902786639062,26.949564441195687,4.0,1.845,19.625,25
3,24,1.8135354175561995,4.069606914961296,0.0003625741903673,29.105212840852783,0.0006,4.069,191.296,25
3,24,1.8135354175561995,3.6063955906609366,-4.025312864278149,29.18181878062112,4.0,1.77,201.39,25
3,24,1.8135354175561995,4.061939458054112,0.0005392522872608,29.303123955668443,0.0006,4.063,211.5,25
3,24,1.8135354175561995,3.6002670522540985,-4.02467334551406,29.36266400306129,4.0,1.767,221.531,25
3,24,1.8135354175561995,4.126888129818615,-0.001190494551053,27.755807206827832,0.0004,4.131,70.093,25
3,24,1.8135354175561995,3.663510380686545,-4.024698162679949,27.83786913228377,4.0,1.81,80.203,25
3,24,1.8135354175561995,4.114644111540376,0.0006991406268021,28.00169053281541,0.0004,4.118,90.265,25
3,24,1.8135354175561995,3.6500494151794975,-4.025999243550367,28.087568245710397,4.0,1.799,100.39,25
3,24,1.8135354175561995,4.0853686353552,-0.00197378585357,28.689417711709343,0.0006,4.086,150.843,25
3,24,1.8135354175561995,3.6207704285713462,-4.025780057703335,28.750057231373813,4.0,1.779,160.96800000000002,25
3,24,1.8135354175561995,4.077129609414022,0.0009616617135406,28.89406849429771,0.0004,4.077,171.062,25
3,24,1.8135354175561995,3.613167921976991,-4.025164685192838,28.960749821795645,4.0,1.774,181.156,25
4,24,1.815149273310334,4.0374902013499145,0.002320190203652,29.82778943552092,0.0006,4.037,273.766,24
4,24,1.815149273310334,3.581162784708218,-4.026073690540872,29.885292659566005,4.0,1.754,283.922,24
4,24,1.815149273310334,4.030798957247241,0.0003541548514479,30.029171686843604,0.0004,4.029,294.063,24
4,24,1.815149273310334,3.627650995239053,-4.026390690366856,28.47304184838289,4.0,1.786,141.563,24
4,24,1.815149273310334,4.083008999123392,-0.001162378857122,28.624599636593828,0.0006,4.084,151.75,24
4,24,1.815149273310334,3.619347530533344,-4.024983640838182,28.699388797190554,4.0,1.781,161.922,24
4,24,1.815149273310334,4.0745042030402905,-0.0008721232853082,28.828021632364884,0.0006,4.075,172.078,24
4,24,1.815149273310334,3.61143355338816,-4.026297811114182,28.90222856045741,4.0,1.777,182.313,24
4,24,1.815149273310334,3.835015679363553,0.0001418368736501,33.93442277269083,0.0006,3.835,1087.656,24
4,24,1.815149273310334,3.561188432364347,-4.025534022107747,30.556642285642525,4.0,1.736,365.281,24
4,24,1.815149273310334,4.005753551588956,0.0001782545529197,30.68793443360629,0.0006,4.004,375.406,24
4,24,1.815149273310334,3.598171211582328,-4.026220944891854,29.318372391978244,4.0,1.767,222.938,24
4,24,1.815149273310334,4.051356110786373,-0.0005180416520899,29.453119511786458,0.0006,4.051,233.047,24
4,24,1.815149273310334,3.591711041265315,-4.024758362664811,29.50968085281746,4.0,1.761,243.313,24
4,24,1.815149273310334,4.044073616282263,0.000118695657595,29.63133761542933,0.0006,4.043,253.453,24
4,24,1.815149273310334,3.586335750495814,-4.025725084137345,29.704299588407896,4.0,1.758,263.609,24
4,24,1.815149273310334,3.819118156192421,-0.0014226957046015,34.21888855675775,0.0004,3.819,1168.953,24
4,24,1.815149273310334,3.393531201162911,-4.02491511685948,34.225149412387765,4.0,1.581,1179.172,24
4,24,1.815149273310334,3.815061467429983,-0.0025474984415562,34.29501738052711,0.0006,3.815,1189.266,24
4,24,1.815149273310334,3.4196445099594244,-4.026307896004549,33.74851592340244,4.0,1.607,1036.875,24
4,24,1.815149273310334,3.842962457451782,-0.0021895964352,33.813708135874016,0.0006,3.843,1047.0,24
4,24,1.815149273310334,3.4157673790926517,-4.026989664584858,33.82481030173887,4.0,1.602,1057.219,24
4,24,1.815149273310334,3.8389812835471218,0.0001689638116945,33.87695574985809,0.0006,3.839,1067.359,24
4,24,1.815149273310334,3.41204506732962,-4.026641146792997,33.87849084072133,4.0,1.599,1077.516,24
4,24,1.815149273310334,3.804171587838735,-0.0022831407081692,34.47630988848335,0.0006,3.803,1250.328,24
4,24,1.815149273310334,3.3793972793127867,-4.025396273592347,34.460273065827344,4.0,1.567,1260.5,24
4,24,1.815149273310334,3.799902771118069,-0.003897201079787,34.55397535281549,0.0006,3.8,1270.688,24
4,24,1.815149273310334,3.404568912214828,-4.02636183849285,34.002968171745536,4.001,1.591,1118.094,24
4,24,1.815149273310334,3.826998707679168,-0.001087700019239,34.10046086910859,0.0004,3.827,1128.281,24
4,24,1.815149273310334,3.400929204321938,-4.024742121197339,34.08908130205484,4.0,1.587,1138.453,24
4,24,1.815149273310334,3.8230654864336486,-0.0006640728983431,34.1654450955797,0.0006,3.824,1148.609,24
4,24,1.815149273310334,3.397238130344386,-4.025861133915865,34.160038553240426,4.0,1.585,1158.813,24
4,24,1.815149273310334,3.4848619030356947,-4.026226316605301,32.693670846746265,4.0,1.667,711.391,24
4,24,1.815149273310334,3.9142266219191018,-0.0021045904282461,32.755406620835025,0.0006,3.914,721.609,24
4,24,1.815149273310334,3.48071533301515,-4.026470837752468,32.77406667138815,4.0,1.665,731.766,24
4,24,1.815149273310334,3.909206413662997,-0.0019880821668489,32.8429493358011,0.0006,3.91,741.891,24
4,24,1.815149273310334,3.476337123497508,-4.025591297311405,32.85125865236342,4.0,1.66,752.063,24
4,24,1.815149273310334,3.904416976300676,-0.0008208777661098,32.9068332131378,0.0004,3.904,762.203,24
4,24,1.815149273310334,3.4085438183475287,-4.0255838085562665,33.93994197236549,4.0,1.595,1097.813,24
4,24,1.815149273310334,3.8309660730696025,-0.0020269955338525,34.00639997646062,0.0006,3.832,1107.922,24
4,24,1.815149273310334,3.4680730778934272,-4.026838882100955,32.98104025725236,4.0,1.653,792.734,24
4,24,1.815149273310334,3.895910125392557,-0.0011858976414493,33.037092317379326,0.0006,3.896,803.047,24
4,24,1.815149273310334,3.46428151711991,-4.025391637549223,33.04233569652778,4.0,1.648,813.203,24
4,24,1.815149273310334,3.891151102064075,-0.0007981755790813,33.07679357190882,0.0006,3.89,823.422,24
4,24,1.815149273310334,3.4601580241771823,-4.025758160101986,33.08136409194652,4.001,1.645,833.531,24
4,24,1.815149273310334,3.886446475288168,0.0001147158602652,33.16722069395319,0.0006,3.887,843.656,24
4,24,1.815149273310334,3.455616870543041,-4.025167533090711,33.17061422351436,4.0,1.642,853.828,24
4,24,1.815149273310334,3.882103290244497,-7.633805410480573e-05,33.22307011254821,0.0006,3.882,863.984,24
4,24,1.815149273310334,3.451596915031664,-4.026609750573966,33.20745306100864,4.0,1.639,874.172,24
4,24,1.815149273310334,3.877451526520763,-0.0016139974813633,33.285727866606464,0.0004,3.878,884.391,24
4,24,1.815149273310334,3.4474780178343054,-4.0255833413670095,33.27580447547191,4.0,1.634,894.547,24
4,24,1.815149273310334,3.872855589315869,-0.0020781176162291,33.354389389173285,0.0006,3.874,904.781,24
4,24,1.815149273310334,3.4432679999317104,-4.0246748130798,33.34768808150882,4.0,1.629,914.969,24
4,24,1.815149273310334,3.868629018261142,-0.0009065770226648,33.43685264698252,0.0006,3.868,925.078,24
4,24,1.815149273310334,3.439008222412677,-4.025270343272749,33.44051106501044,4.0,1.625,935.266,24
4,24,1.815149273310334,3.86433165118579,-0.0008057940654915,33.515370536000326,0.0006,3.864,945.438,24
4,24,1.815149273310334,4.066325071473868,-0.003594367010284,29.05414357427751,0.0006,4.066,192.453,24
4,24,1.815149273310334,3.9333356224193983,-0.0031555432293943,32.40971968657229,0.0006,3.932,640.109,24
4,24,1.815149273310334,3.4975630309468277,-4.024344701374999,32.47219868607391,4.0,1.679,650.266,24
4,24,1.815149273310334,3.92841085597405,-0.002110071750646,32.53644253534237,0.0004,3.928,660.422,24
4,24,1.815149273310334,3.4930697310976373,-4.024095722652239,32.57332417317863,4.0,1.676,670.641,24
4,24,1.815149273310334,3.923750448843347,1.3189177091068288e-05,32.63452728095983,0.0006,3.924,680.875,24
4,24,1.815149273310334,3.423695474544082,-4.025508749477179,33.68701854602438,4.0,1.61,1016.516,24
4,24,1.815149273310334,3.847487309023686,0.0007117298063208,33.74258994648049,0.0006,3.848,1026.688,24
4,24,1.815149273310334,3.3101914570451645,-4.02653264054742,35.56507681720133,4.0,1.5,1688.016,24
4,24,1.815149273310334,3.729469429115525,-0.0030915571836178,35.59746701032267,0.0004,3.73,1698.156,24
4,24,1.815149273310334,3.3070806995974986,-4.024910184271467,35.605835439587494,4.0,1.496,1708.281,24
4,24,1.815149273310334,3.726385298308827,-0.001477831556657,35.65468821341469,0.0006,3.727,1718.438,24
4,24,1.815149273310334,3.304277713957972,-4.024417577358011,35.62466919801012,4.0,1.494,1728.578,24
4,24,1.815149273310334,3.72371610716184,-0.0023103999773572,35.69952988278053,0.0004,3.724,1738.734,24
4,24,1.815149273310334,3.301299101913211,-4.026337475186257,35.676293438083974,4.0,1.492,1748.891,24
4,24,1.815149273310334,3.720513575525307,-0.0005251164961991,35.73410128170431,0.0006,3.722,1759.047,24
4,24,1.815149273310334,3.2983231970289397,-4.025430265511239,35.73685291713366,4.001,1.488,1769.234,24
4,24,1.815149273310334,3.717921102911149,-0.0030953068202503,35.775493497085385,0.0006,3.718,1779.406,24
4,24,1.815149273310334,3.295376955772361,-4.026708826285434,35.76772368064539,4.0,1.485,1789.672,24
4,24,1.815149273310334,3.715001608275237,-0.0005482524274078,35.81713829551619,0.0006,3.716,1799.813,24
4,24,1.815149273310334,3.292471723446949,-4.027072573244829,35.82815377248857,4.0,1.482,1810.0,24
4,24,1.815149273310334,3.712448764704703,-0.0018693108620643,35.854841222246854,0.0006,3.713,1820.172,24
4,24,1.815149273310334,3.2896446339237704,-4.025967742182877,35.85978750246678,4.0,1.48,1830.375,24
4,24,1.815149273310334,3.709868604272371,-0.0006905401353677,35.90759118827702,0.0006,3.71,1840.531,24
4,24,1.815149273310334,3.287197933757033,-4.024645079424982,35.90683014058081,4.0,1.477,1850.672,24
4,24,1.815149273310334,3.7073446805945593,-0.0032819943509326,35.92658804750354,0.0006,3.708,1860.891,24
4,24,1.815149273310334,3.28471497955205,-4.028635959108659,35.94325709422907,4.0,1.475,1871.016,24
4,24,1.815149273310334,3.7047395703240777,-0.00080498689618,35.984819897036694,0.0006,3.706,1881.188,24
4,24,1.815149273310334,3.281948932412678,-4.025559821728149,35.99369142655783,4.001,1.471,1891.328,24
4,24,1.815149273310334,3.702314794777958,-0.0025546202239939,36.00569608890455,0.0006,3.703,1901.516,24
4,24,1.815149273310334,3.279258308592229,-4.024902195201135,36.03531894055855,4.0,1.469,1911.797,24
4,24,1.815149273310334,3.699757507058325,-0.001981439347132,36.06893437424312,0.0006,3.7,1922.078,24
4,24,1.815149273310334,3.2768136209715144,-4.0262002828759424,36.085275642041225,4.0,1.466,1932.234,24
4,24,1.815149273310334,3.697305314990504,-0.0020753485457798,36.12446421797446,0.0006,3.698,1942.406,24
4,24,1.815149273310334,3.2741251231481,-4.026393555324364,36.12323551250853,4.0,1.465,1952.578,24
4,24,1.815149273310334,3.695188968599212,-0.0019547778923385,36.1663314606855,0.0006,3.696,1962.875,24
4,24,1.815149273310334,3.2719628476499207,-4.024719497994905,36.148829897659,4.0,1.463,1973.031,24
4,24,1.815149273310334,3.692809233234249,-0.0002073592151667,36.17275568605684,0.0006,3.693,1983.141,24
4,24,1.815149273310334,3.269479624175049,-4.026374995863831,36.17898129718349,4.0,1.459,1993.313,24
4,24,1.815149273310334,3.690488810220596,-0.002730329242365,36.221535958260624,0.0006,3.691,2003.453,24
4,24,1.815149273310334,3.26710462502407,-4.025306465343784,36.23989146081752,4.0,1.457,2013.594,24
4,24,1.815149273310334,3.688286742444346,-0.0003295861638099,36.25358397261494,0.0006,3.689,2023.734,24
4,24,1.815149273310334,3.2648026042587466,-4.026408084023438,36.28645314081513,4.001,1.455,2033.953,24
4,24,1.815149273310334,3.68603316215972,-0.0004959601580227,36.31350780975684,0.0006,3.686,2044.141,24
4,24,1.815149273310334,3.2623947504631814,-4.025453369129386,36.25998511948169,4.0,1.453,2054.313,24
4,24,1.815149273310334,3.6839470780511134,-0.0025934522238452,36.35652703688422,0.0006,3.685,2064.469,24
4,24,1.815149273310334,3.260116595414958,-4.025889891695901,36.36991682882896,4.0,1.45,2074.594,24
4,24,1.815149273310334,3.682013422561255,-0.0026944794948375,36.38320258035032,0.0006,3.683,2084.719,24
4,24,1.815149273310334,3.2577349703561054,-4.02664587387623,36.40994003508375,4.0,1.448,2094.906,24
4,24,1.815149273310334,3.680122709201634,-0.0014150497567533,36.46252274088136,0.0004,3.681,2105.078,24
4,24,1.815149273310334,3.2557690089619897,-4.025785217235515,36.42488624753373,4.0,1.446,2115.234,24
4,24,1.815149273310334,3.678173298998554,-0.0028110661612413,36.451180601376336,0.0006,3.678,2125.422,24
4,24,1.815149273310334,3.253542422412025,-4.025419604785445,36.49615346691314,4.001,1.445,2135.594,24
4,24,1.815149273310334,3.6762425725974825,0.0019105051669101,36.50881188510612,0.0006,3.677,2145.797,24
4,24,1.815149273310334,3.251248095194444,-4.024558172186467,36.52806048409626,4.0,1.442,2155.953,24
4,24,1.815149273310334,3.674188145585103,-0.0008295948558018,36.581010003349824,0.0006,3.674,2166.094,24
4,24,1.815149273310334,3.249130890321432,-4.026662070257026,36.57101148046001,4.0,1.441,2176.25,24
4,24,1.815149273310334,3.67241180593788,-0.0001394602200157,36.57793982560975,0.0006,3.673,2186.406,24
4,24,1.815149273310334,3.247117926318871,-4.026722918143268,36.61594039024635,4.0,1.438,2196.563,24
4,24,1.815149273310334,3.6705827057738376,0.0003670978518699,36.6693590587526,0.0006,3.671,2206.688,24
4,24,1.815149273310334,3.2449023155063075,-4.02445802890496,36.66759971975026,4.001,1.437,2216.844,24
4,24,1.815149273310334,3.6687650192798937,-0.002374818100513,36.712663575926086,0.0006,3.67,2227.0,24
4,24,1.815149273310334,3.2427717964337592,-4.026375735345075,36.68466566720797,4.0,1.433,2237.141,24
4,24,1.815149273310334,3.667159394043562,-0.0017971481937527,36.75193695700578,0.0006,3.668,2247.266,24
4,24,1.815149273310334,3.2409624087475915,-4.026314793546808,36.73203193068333,4.0,1.433,2257.484,24
4,24,1.815149273310334,3.665440067544182,-0.0005893739742624,36.790035676093225,0.0006,3.666,2267.672,24
4,24,1.815149273310334,3.238699249234249,-4.0248453382415335,36.75859392679931,4.0,1.43,2277.859,24
4,24,1.815149273310334,3.663620306405989,-0.0002497015099854,36.81540973759412,0.0006,3.663,2288.016,24
4,24,1.815149273310334,3.236483267383052,-4.024233589711156,36.78978673865748,4.0,1.427,2298.219,24
4,24,1.815149273310334,3.661733854747484,-0.000365493661387,36.83863683807992,0.0006,3.662,2308.344,24
4,24,1.815149273310334,3.234117588126761,-4.024934105506945,36.8549135809088,4.001,1.427,2318.531,24
4,24,1.815149273310334,3.659992645352319,-0.0014832008133836,36.90154023301217,0.0006,3.659,2328.766,24
4,24,1.815149273310334,3.23219293253524,-4.024198513043588,36.8930555774966,4.0,1.425,2338.922,24
4,24,1.815149273310334,3.658165757097608,-0.0001755503241605,36.96352751973629,0.0006,3.658,2349.078,24
4,24,1.815149273310334,3.2299131348852623,-4.025664332695008,36.92865254787816,4.0,1.422,2359.266,24
4,24,1.815149273310334,3.656542124575109,-0.0022891281569369,36.97476738655566,0.0006,3.657,2369.422,24
4,24,1.815149273310334,3.2274272973367224,-4.024789450085221,36.97077163347724,4.001,1.42,2379.625,24
4,24,1.815149273310334,3.654475315751908,-0.0024298635276574,37.0605053736526,0.0006,3.655,2389.781,24
4,24,1.815149273310334,3.2254130708686373,-4.026528081871758,37.07204168867975,4.0,1.417,2399.891,24
4,24,1.815149273310334,3.652784769039779,-0.0008585898861282,37.080025970863495,0.0006,3.653,2410.016,24
4,24,1.815149273310334,3.2225499143628005,-4.025518943194692,37.07432994247864,4.0,1.416,2420.25,24
4,24,1.815149273310334,3.650786164830676,-0.000585099131233,37.13630743839005,0.0006,3.649,2430.406,24
4,24,1.815149273310334,3.2203579291423887,-4.024335653967508,37.11528216491079,4.0,1.413,2440.563,24
4,24,1.815149273310334,3.648845024048609,0.0002823652579453,37.19041962237832,0.0006,3.649,2450.719,24
4,24,1.815149273310334,3.2179622460522155,-4.025690001228782,37.16501962256826,4.0,1.412,2460.844,24
4,24,1.815149273310334,3.646782908931201,-0.0010523508001353,37.23335083096914,0.0006,3.645,2471.031,24
4,24,1.815149273310334,3.2156391240806714,-4.025657989396889,37.19362739280944,4.0,1.409,2481.203,24
4,24,1.815149273310334,3.644895577386868,-0.001876698470667,37.24182852317946,0.0006,3.644,2491.375,24
4,24,1.815149273310334,3.2128115997622677,-4.024356630965451,37.283896387404525,4.0,1.407,2501.563,24
4,24,1.815149273310334,3.642835489097799,-0.0042801846289734,37.31663680829652,0.0006,3.643,2511.766,24
4,24,1.815149273310334,3.210311127247215,-4.025124028786223,37.3011371559136,4.0,1.405,2521.906,24
4,24,1.815149273310334,3.641002390487429,-0.0032636588695123,37.3490685229251,0.0006,3.639,2532.141,24
4,24,1.815149273310334,3.2077309281554527,-4.025442065027237,37.35577470718189,4.0,1.401,2542.281,24
4,24,1.815149273310334,3.6387537796752714,-0.0020088297917523,37.43091954470711,0.0006,3.637,2552.438,24
4,24,1.815149273310334,3.2047171887646546,-4.0265344347708325,37.43651057792456,4.0,1.4,2562.609,24
4,24,1.815149273310334,3.6364183835170025,-0.0005885142424128,37.51059134100856,0.0006,3.634,2572.734,24
4,24,1.815149273310334,3.201494104857296,-4.0259663283168825,37.482845498291255,4.001,1.397,2583.031,24
4,24,1.815149273310334,3.633978104006961,-0.001072973521647,37.54138586209136,0.0006,3.632,2593.156,24
4,24,1.815149273310334,3.1983137525904013,-4.026236597162932,37.532180344775306,4.0,1.393,2603.375,24
4,24,1.815149273310334,3.631526205929759,-0.0005453038822097,37.626398969983896,0.0006,3.629,2613.531,24
4,24,1.815149273310334,3.19539660916659,-4.02835538412038,37.54710167461503,4.0,1.391,2623.688,24
4,24,1.815149273310334,3.6290683757642888,-0.0001458350409089,37.66013362863155,0.0006,3.627,2633.891,24
4,24,1.815149273310334,3.192616412428594,-4.027323084465195,37.623438678323474,4.0,1.389,2644.031,24
4,24,1.815149273310334,3.6263887239883577,-0.0002443548412653,37.6756542580926,0.0006,3.624,2654.125,24
4,24,1.815149273310334,3.188973072081989,-4.027177581743982,37.67944185615633,4.0,1.386,2664.281,24
4,24,1.815149273310334,3.623998093390935,-0.0009324208888594,37.76103410915468,0.0006,3.621,2674.516,24
4,24,1.815149273310334,3.185807086868406,-4.025260311556701,37.7454100332037,4.0,1.382,2684.656,24
4,24,1.815149273310334,3.621217225046032,-0.0005998660612801,37.81763051021921,0.0006,3.619,2694.891,24
4,24,1.815149273310334,3.182234453722718,-4.025910719049194,37.82415433143684,4.0,1.379,2705.141,24
4,24,1.815149273310334,3.61823988411771,0.0009908732426508,37.84039479837286,0.0006,3.615,2715.281,24
4,24,1.815149273310334,3.178355496576144,-4.024946992191545,37.86462775504905,4.0,1.377,2725.438,24
4,24,1.815149273310334,3.615213169275835,-0.0026917030297427,37.94101503775953,0.0006,3.613,2735.578,24
4,24,1.815149273310334,3.174216199775436,-4.025869360436031,37.95566424246879,4.0,1.372,2745.766,24
4,24,1.815149273310334,3.612296156632804,-0.0025856076302448,38.000152047081926,0.0006,3.609,2755.922,24
4,24,1.815149273310334,3.1699937989244025,-4.027808824273617,38.03139140005285,4.0,1.369,2766.078,24
4,24,1.815149273310334,3.6087881624101215,-0.0014518030783746,38.0450827170984,0.0006,3.606,2776.281,24
4,24,1.815149273310334,3.1656618842327657,-4.024658696037499,38.090229488382434,4.0,1.365,2786.453,24
4,24,1.815149273310334,3.6054120493956514,-0.0013535094701995,38.10625299290483,0.0006,3.601,2796.672,24
4,24,1.815149273310334,3.1611296360833654,-4.025682773869997,38.15826565539293,4.0,1.361,2806.844,24
4,24,1.815149273310334,3.6014600949995303,-0.000197297871388,38.20199288073141,0.0006,3.597,2817.016,24
4,24,1.815149273310334,3.156016779636712,-4.026980738706137,38.21505479113893,4.0,1.357,2827.141,24
4,24,1.815149273310334,3.597691403670696,-0.0029975191953594,38.27881520308872,0.0006,3.593,2837.297,24
4,24,1.815149273310334,3.150810131375608,-4.026770739512048,38.24503474811529,4.001,1.351,2847.453,24
4,24,1.815149273310334,3.593394714890258,-0.0011257549727353,38.32304606096952,0.0006,3.589,2857.656,24
4,24,1.815149273310334,3.1451817091714767,-4.025145650075433,38.29061724038481,4.0,1.347,2867.797,24
4,24,1.815149273310334,3.5890500580107862,-0.0007881406766861,38.38711158542319,0.0004,3.585,2878.016,24
4,24,1.815149273310334,3.1390526095457054,-4.027749901212591,38.39596260706238,4.0,1.341,2888.156,24
4,24,1.815149273310334,3.5840395382057,0.0001210282959992,38.43436879699452,0.0004,3.579,2898.313,24
4,24,1.815149273310334,3.131651247662658,-4.025232810553837,38.387394842018615,4.0,1.333,2908.516,24
4,24,1.815149273310334,3.578730275995057,-8.654913131401019e-05,38.52069924701154,0.0006,3.573,2918.688,24
4,24,1.815149273310334,3.124641746042673,-4.026253063318521,38.524632680640615,4.0,1.329,2928.891,24
4,24,1.815149273310334,3.57259251095288,-0.0004382923677979,38.57867541035091,0.0006,3.566,2939.031,24
4,24,1.815149273310334,3.1159800309926657,-4.025318534193601,38.600315047691744,4.0,1.32,2949.203,24
4,24,1.815149273310334,3.566023598310011,0.0001570173681856,38.63755100043226,0.0006,3.56,2959.422,24
4,24,1.815149273310334,3.1060999558646003,-4.028749226179444,38.66860907904033,4.001,1.311,2969.656,24
4,24,1.815149273310334,3.5581032903910925,-0.001599093735154,38.72546799235265,0.0006,3.552,2979.813,24
4,24,1.815149273310334,3.095364611602147,-4.026222363707685,38.68465175685122,4.001,1.303,2989.953,24
4,24,1.815149273310334,3.5495463524268214,-0.0007985367704218,38.8039938873371,0.0004,3.544,3000.172,24
4,24,1.815149273310334,3.0831120462615376,-4.026495343550544,38.75052318417969,4.0,1.292,3010.328,24
4,24,1.815149273310334,3.539279350395341,-0.0006046147460964,38.85504586498113,0.0006,3.533,3020.531,24
4,24,1.815149273310334,3.068894820527688,-4.026487761513609,38.86654574130814,4.0,1.281,3030.688,24
4,24,1.815149273310334,3.527784199343405,0.0012202480087048,38.90034804091758,0.0006,3.521,3040.922,24
4,24,1.815149273310334,3.05263387228128,-4.025908072991637,38.91904512677388,4.0,1.266,3051.078,24
4,24,1.815149273310334,3.51410416317339,-0.0009961911508318,38.98223233486984,0.0006,3.505,3061.203,24
4,24,1.815149273310334,3.0323744725392165,-4.025805318850392,38.98267537411985,4.0,1.247,3071.422,24
4,24,1.815149273310334,3.498241048042568,-0.0005630035160259,39.06623897009576,0.0006,3.489,3081.609,24
4,24,1.815149273310334,3.0096789475321057,-4.026167037433423,39.07480768012468,4.001,1.23,3091.828,24
4,24,1.815149273310334,3.4796752837439118,-0.000208261312428,39.15912664958725,0.0006,3.469,3102.031,24
4,24,1.815149273310334,2.983622235968396,-4.025845057739556,39.19333246551882,4.0,1.206,3112.25,24
4,24,1.815149273310334,3.457526245574735,-0.0015104114045485,39.28892767745411,0.0006,3.447,3122.422,24
4,24,1.815149273310334,2.953602353872867,-4.027974618334615,39.3433073521501,4.0,1.178,3132.594,24
4,24,1.815149273310334,3.4320448554272485,-0.0015816885999099,39.39933781359465,0.0004,3.419,3142.734,24
4,24,1.815149273310334,2.919688169398819,-4.027218787943055,39.45153942137301,4.0,1.148,3152.844,24
4,24,1.815149273310334,3.402846541904321,-0.0011680505095682,39.50989379462079,0.0004,3.391,3163.063,24
4,24,1.815149273310334,2.8788897276091734,-4.0255046978983975,39.52694930792576,4.0,1.111,3173.234,24
4,24,1.815149273310334,3.3675140267607677,-5.4420829663658464e-05,39.59782808376391,0.0006,3.353,3183.406,24
4,24,1.815149273310334,2.832056330197801,-4.025926672820216,39.61449107688629,4.0,1.066,3193.531,24
4,24,1.815149273310334,3.326275032819233,-0.0012736321043198,39.70970107605564,0.0004,3.311,3203.75,24
4,24,1.815149273310334,2.774451539841696,-4.024151230440788,39.745998337224016,4.001,1.02,3213.969,24
4,24,1.815149273310334,3.2752440464835963,-0.0006466559542676,39.87175590302128,0.0006,3.258,3224.125,24
4,24,1.815149273310334,2.7048717463930827,-4.022905968539217,39.8968577487096,4.0,0.957,3234.266,24
4,24,1.815149273310334,3.214647325042609,0.0005442513376747,40.015009717720645,0.0006,3.194,3244.453,24
4,24,1.815149273310334,2.6109632910479377,-4.025341783501822,40.06288621432933,4.001,0.879,3254.609,24
4,24,1.815149273310334,3.1375656822963065,0.000344358994226,40.17854703056373,0.0006,3.112,3264.766,24
4,24,1.815149273310334,2.462337773033882,-4.025742371687079,40.2326409567443,4.001,0.775,3275.016,24
4,24,1.815149273310334,3.031887803720668,-0.0023822507713441,40.35660939532403,0.0006,2.997,3285.188,24
4,24,1.815149273310334,2.20723780675205,-4.0264058617896925,40.39100191220248,4.0,0.604,3295.375,24
4,24,1.815149273310334,2.9053762081886094,-0.000567655140034,40.55036894489268,0.0006,2.836,3305.516,24
4,24,1.815149273310334,1.898741105703338,-3.99905466949963,40.654652938852806,4.0,0.314,3315.703,24
4,24,1.815149273310334,2.795443203582048,-0.0017888575410869,40.839359753382105,0.0006,-0.0,3326.016,24
4,24,1.815149273310334,2.8958601685405165,-0.0043767766710092,40.78967488869386,0.0006,0.001,3336.313,24
4,24,1.815149273310334,2.949797757738464,-0.0029708245633204,40.589242127287534,0.0006,-0.0,3346.609,24
4,24,1.815149273310334,2.9883848773796737,-0.0023077092215311,40.436303828606576,0.0006,0.001,3356.953,24
4,24,1.815149273310334,3.0192365030504544,-0.0019435554074018,40.23939795739864,0.0006,0.0,3367.375,24
4,24,1.815149273310334,3.0455122615116905,-0.0026973412692438,40.13949271185029,0.0006,0.001,3377.875,24
4,24,1.815149273310334,3.068321537862268,-0.0013460999138408,39.99932492715975,0.0004,0.0,3388.516,24
4,24,1.815149273310334,3.0875671725508917,-0.0022811468516087,39.87462987211246,0.0006,-0.0,3399.078,24
4,24,1.815149273310334,3.104639058909798,-0.0014759155595391,39.73782151754089,0.0006,-0.0,3409.672,24
4,24,1.815149273310334,3.119600563511668,-0.0019122541005997,39.57985932999134,0.0006,0.0,3420.313,24
4,24,1.815149273310334,3.132661362724242,-0.0018879327306239,39.38669570974004,0.0006,0.0,3430.938,24
4,24,1.815149273310334,3.14388585527496,-0.0023184094565034,39.24152189647887,0.0004,0.0,3441.531,24
4,24,1.815149273310334,3.1539966320346684,7.655679587227057e-05,39.08372833234716,0.0004,-0.0,3452.109,24
4,24,1.815149273310334,3.16304069410985,-0.0008450469411776,38.93467813849535,0.0004,-0.0,3462.734,24
4,24,1.815149273310334,3.1712685211985634,-0.0032313987650939,38.76719939397567,0.0006,0.0,3473.375,24
4,24,1.815149273310334,3.1788346855236367,-0.0023823830861281,38.59836575437088,0.0006,0.0,3483.984,24
4,24,1.815149273310334,3.185627956743763,-0.0017143351108751,38.42888750104698,0.0004,0.0,3494.531,24
4,24,1.815149273310334,3.1919661576048566,-0.0028338451232582,38.289075267133576,0.0006,-0.0,3505.188,24
4,24,1.815149273310334,3.197866967543242,-0.0017411050873729,38.1106136203425,0.0006,-0.0,3515.797,24
4,24,1.815149273310334,3.203302521480073,-0.0014184394899006,37.964947164640826,0.0006,0.0,3526.375,24
4,24,1.815149273310334,3.208491614553,-0.0007959857748795,37.81232874290794,0.0004,-0.0,3536.969,24
4,24,1.815149273310334,3.213273109467163,-0.0016543467689165,37.66298729856573,0.0006,-0.0,3547.625,24
4,24,1.815149273310334,3.2178442787823625,-0.0028902862863065,37.52573551088668,0.0006,-0.0,3558.188,24
4,24,1.815149273310334,3.222097486766972,-0.001773690783933,37.36634873902702,0.0006,0.0,3568.766,24
4,24,1.815149273310334,3.226110458253929,-0.0021623619114737,37.24094720222615,0.0006,-0.0,3579.313,24
4,24,1.815149273310334,3.229978001798048,-0.001191236721418,37.09085755653752,0.0004,0.0,3589.859,24
4,24,1.815149273310334,3.23367512198137,-0.001528673489502,36.94441582428001,0.0006,0.0,3600.453,24
4,24,1.815149273310334,3.2370271944999702,-0.0017747455996045,36.81520868498032,0.0006,0.0,3611.078,24
4,24,1.815149273310334,3.240423322438607,-0.0015165022457252,36.66579953966086,0.0004,-0.0,3621.641,24
4,24,1.815149273310334,3.243611258295628,-0.0006470053645882,36.53575109507685,0.0006,0.0,3632.281,24
4,24,1.815149273310334,3.246811334823013,-0.0017543528206722,36.3981704967162,0.0006,0.0,3642.859,24
4,24,1.815149273310334,3.249570062260996,-0.0014590234279571,36.27815752328067,0.0006,-0.0,3653.391,24
4,24,1.815149273310334,3.252470092905643,-0.0008098030912046,36.1419324566226,0.0006,0.0,3663.969,24
4,24,1.815149273310334,3.2550922452858564,-0.0003976896349981,36.0119262175683,0.0004,-0.0,3674.516,24
4,24,1.815149273310334,3.2577162678164826,-0.0019104472392369,35.9158407061221,0.0004,-0.0,3685.047,24
4,24,1.815149273310334,3.2602752069549026,-0.0003851940265662,35.79092720661717,0.0006,-0.0,3695.672,24
4,24,1.815149273310334,3.2626938196859268,-0.001453104295775,35.6645284126896,0.0004,0.0,3706.328,24
4,24,1.815149273310334,3.264977845321225,-0.0028879391951881,35.547623959321854,0.0006,0.0,3716.938,24
4,24,1.815149273310334,3.2672749237151284,0.0006921521588778,35.43928401099662,0.0004,-0.0,3727.516,24
4,24,1.815149273310334,3.26928342748318,0.0005646966059561,35.31984274181657,0.0004,0.0,3738.094,24
4,24,1.815149273310334,3.271326864521389,-0.0009144685884162,35.202396589433874,0.0006,0.0,3748.734,24
4,24,1.815149273310334,3.273388001523767,-0.000627163910317,35.09481835372208,0.0006,0.0,3759.406,24
4,24,1.815149273310334,3.2753989277862234,-0.0020720516819498,35.01767067256343,0.0006,-0.0,3769.969,24
4,24,1.815149273310334,3.277269892771624,-0.002444018818496,34.89627315543172,0.0004,0.0,3780.563,24
4,24,1.815149273310334,3.279097021732391,-0.002428004644502,34.78951877432543,0.0004,0.0,3791.188,24
4,24,1.815149273310334,3.280804870673884,-0.0018479716834148,34.71210993578648,0.0006,0.0,3801.828,24
4,24,1.815149273310334,3.282507108843826,-0.0012855765617999,34.5798433822209,0.0004,0.0,3812.359,24
4,24,1.815149273310334,3.284054751124681,-0.0043164684593176,34.48473059411315,0.0006,0.0,3823.016,24
4,24,1.815149273310334,3.285675364616044,-0.0015659739355404,34.392393762260575,0.0004,0.0,3833.609,24
4,24,1.815149273310334,3.2870934329871533,-0.0032845659588055,34.29447950764592,0.0006,0.0,3844.281,24
4,24,1.815149273310334,3.2887983528052454,-0.0013697525666876,34.215057010330405,0.0004,0.0,3854.906,24
4,24,1.815149273310334,3.290197011820479,-0.0024076910059134,34.1158178183619,0.0006,-0.0,3865.5,24
4,24,1.815149273310334,3.29167110020764,-0.0030516854461683,34.02488023737717,0.0006,0.0,3876.063,24
4,24,1.815149273310334,3.2927820976876507,-0.0012689889768678,33.91607725302643,0.0006,-0.0,3886.625,24
4,24,1.815149273310334,3.294422969032199,-0.0005676374547918,33.83757107094109,0.0006,-0.0,3897.203,24
4,24,1.815149273310334,3.295642862606941,0.0005399602716332,33.748817108432675,0.0004,0.0,3907.781,24
4,24,1.815149273310334,3.296594363377262,-0.000813204878585,33.67693545709752,0.0006,0.0,3918.344,24
4,24,1.815149273310334,3.298066259931317,-0.0046407933453572,33.591899465435105,0.0006,0.0,3928.969,24
4,24,1.815149273310334,3.2991693169981757,-0.0012559531254494,33.486559196380696,0.0004,-0.0,3939.563,24
4,24,1.815149273310334,3.3000241060685784,-0.0019556726485036,33.39396550863056,0.0004,0.0,3950.109,24
4,24,1.815149273310334,3.3009006218048804,-0.0004132960130947,33.32010096609155,0.0006,-0.0,3960.703,24
4,24,1.815149273310334,3.302258101769418,-0.0022194008013215,33.23568388976235,0.0004,0.0,3971.297,24
4,24,1.815149273310334,3.3032227210344884,-0.0048925634365807,33.16074513967664,0.0004,0.0,3981.859,24
4,24,1.815149273310334,3.3045442919750894,-0.0007035130297808,33.08357506408314,0.0006,0.0,3992.516,24
4,24,1.815149273310334,3.30524918751902,0.0007908006954459,32.99974611405237,0.0006,0.0,4003.172,24
4,24,1.815149273310334,3.3063112910420074,-0.0023092194404453,32.91850938450452,0.0006,-0.0,4013.734,24
4,24,1.815149273310334,3.3073097898388286,-0.0022830223176691,32.84390593996729,0.0004,0.0,4024.328,24
4,24,1.815149273310334,3.3081407605955784,-0.001401309675713,32.7702161458498,0.0006,-0.0,4034.938,24
4,24,1.815149273310334,3.309079865392902,-0.0009764970554536,32.70708140599758,0.0004,0.0,4045.578,24
4,24,1.815149273310334,3.30997022966408,-0.0027819661219179,32.632941325513734,0.0006,0.0,4056.156,24
4,24,1.815149273310334,3.310779991774194,-0.001798574234971,32.56390997258952,0.0006,0.0,4066.703,24
4,24,1.815149273310334,3.3114539784924344,-0.000799867384121,32.49150570452029,0.0006,-0.0,4077.281,24
4,24,1.815149273310334,3.312480582273753,-0.0011356669639552,32.42768785086951,0.0004,-0.0,4087.953,24
4,24,1.815149273310334,3.3130477449100417,-0.0047850821930582,32.36167194173924,0.0006,0.0,4098.531,24
4,24,1.815149273310334,3.3137978471834795,0.0008330670595102,32.2889625554115,0.0004,0.0,4109.109,24
4,24,1.815149273310334,3.3144337637794665,-0.004133541819182,32.22271169147145,0.0004,0.0,4119.688,24
4,24,1.815149273310334,3.3152414272988007,-0.0042033131858034,32.15739037988249,0.0006,0.0,4130.313,24
4,24,1.815149273310334,3.31607201802134,-0.0006289899957689,32.08938615495778,0.0004,-0.0,4140.953,24
4,24,1.815149273310334,3.3166419423715614,-0.001035437427985,32.019531788036915,0.0004,0.0,4151.578,24
4,24,1.815149273310334,3.317321008067572,-0.000965251858708,31.966031338029197,0.0004,0.0,4162.172,24
4,24,1.815149273310334,3.317915420503021,-0.0035302112960006,31.89316591883509,0.0006,0.0,4172.766,24
4,24,1.815149273310334,3.318456964088424,-0.0031707097037278,31.84284170020817,0.0006,-0.0,4183.375,24
4,24,1.815149273310334,3.319097658961411,-0.0044542499731949,31.78036136746197,0.0006,0.0,4193.984,24
4,24,1.815149273310334,3.3197265879445754,-0.0043533560984774,31.715872691764165,0.0006,0.0,4204.563,24
4,24,1.815149273310334,3.3200751326484994,-0.0010213966197662,31.65371330615524,0.0006,0.0,4215.156,24
4,24,1.815149273310334,3.320888138995341,-0.0030826074565637,31.60236447399361,0.0004,0.0,4225.719,24
4,24,1.815149273310334,3.321270152270121,-0.00427968337605,31.53805240580695,0.0004,0.0,4236.281,24
4,24,1.815149273310334,3.3218537792743605,-0.0022780666106346,31.48014527010224,0.0006,-0.0,4246.828,24
4,24,1.815149273310334,3.322235185993457,-0.0026377025484729,31.43110677614777,0.0006,0.0,4257.391,24
4,24,1.815149273310334,3.323026809095486,-0.0010093534707102,31.3834135082386,0.0006,0.0,4268.031,24
4,24,1.815149273310334,3.32354439221338,-0.0005040285995753,31.318919629337096,0.0006,-0.0,4278.625,24
4,24,1.815149273310334,3.323868778036811,-0.0012566758483983,31.26025956848892,0.0006,0.0,4289.203,24
4,24,1.815149273310334,3.3243562438226597,-0.0019359509900276,31.208631753661383,0.0004,-0.0,4299.875,24
4,24,1.815149273310334,3.3248470414389635,-0.0021956168282867,31.154745648676368,0.0006,0.0,4310.469,24
4,24,1.815149273310334,3.325211553073485,0.000760999382011,31.10508811257789,0.0004,-0.0,4321.047,24
4,24,1.815149273310334,3.325794024715288,-0.0028831848632513,31.05768847866125,0.0006,0.0,4331.625,24
4,24,1.815149273310334,3.326439084196165,-0.0041669774597107,31.011402689281116,0.0006,0.0,4342.266,24
4,24,1.815149273310334,3.326790155353053,-0.0013689011570952,30.961261843530096,0.0004,0.0,4352.922,24
4,24,1.815149273310334,3.327108737877169,0.0002025942910172,30.92166733076764,0.0006,0.0,4363.5,24
4,24,1.815149273310334,3.327728639324792,-0.0002642201555764,30.863849338453026,0.0004,-0.0,4374.063,24
4,24,1.815149273310334,3.3280368219331904,-0.0019095299235332,30.808591348807816,0.0006,0.0,4384.672,24
4,24,1.815149273310334,3.328324236712949,-0.0031123912870153,30.757261405356832,0.0004,0.0,4395.25,24
4,24,1.815149273310334,3.3289700794642587,-0.0009987888376933,30.712811873414267,0.0006,0.0,4405.953,24
4,24,1.815149273310334,3.329389430055232,-0.0015940267842377,30.66838854418479,0.0004,-0.0,4416.516,24
4,24,1.815149273310334,3.3294281801867736,-0.0040706263201019,30.62867647330775,0.0004,-0.0,4427.141,24
4,24,1.815149273310334,3.330245164408875,-0.0029491348901768,30.588335530104317,0.0004,-0.0,4437.781,24
4,24,1.815149273310334,3.330321147447491,0.0010064346859562,30.54031422517392,0.0004,0.0,4448.375,24
4,24,1.815149273310334,3.3307433043454564,-0.0002224326746621,30.497448300298306,0.0006,-0.0,4458.953,24
4,24,1.815149273310334,3.3311204966902097,-0.0019431121990723,30.45180637877929,0.0006,-0.0,4469.594,24
4,24,1.815149273310334,3.331410418300892,-0.0043253089042032,30.40545742177468,0.0004,-0.0,4480.188,24
4,24,1.815149273310334,3.331744003089106,-0.0021094294406251,30.36374100240533,0.0004,-0.0,4490.734,24
4,24,1.815149273310334,3.331960719166509,-0.003065049123623,30.335993868852714,0.0006,-0.0,4501.328,24
4,24,1.815149273310334,3.3324667447692478,-0.0019870327209142,30.29010525853396,0.0004,0.0,4511.875,24
4,24,1.815149273310334,3.3328652684495217,-0.0013923422057844,30.260978860187816,0.0006,0.0,4522.547,24
4,24,1.815149273310334,3.3331498158174475,-0.0046538987413594,30.218264879264623,0.0004,0.0,4533.094,24
4,24,1.815149273310334,3.333478360439721,-0.0041203250404743,30.176739190146005,0.0004,0.0,4543.766,24
4,24,1.815149273310334,3.3338615586482283,-0.0029254074216814,30.144050070714304,0.0004,0.0,4554.297,24
4,24,1.815149273310334,3.33417672637245,-0.000102085598428,30.10132349689063,0.0006,0.0,4564.953,24
4,24,1.815149273310334,3.3345553589796384,-0.0003520645715436,30.07339703031668,0.0004,-0.0,4575.547,24
4,24,1.815149273310334,3.3349715506988997,-0.0011545712199898,30.043646496931267,0.0004,0.0,4586.156,24
4,24,1.815149273310334,3.335234528239868,-0.0017530526895502,29.992489220815056,0.0006,0.0,4596.719,24
4,24,1.815149273310334,3.335516010475232,-0.0028956352043135,29.96380711320812,0.0004,0.0,4607.375,24
4,24,1.815149273310334,3.3357673965471646,-0.0021338034675512,29.9296190279541,0.0004,0.0,4617.984,24
4,24,1.815149273310334,3.3358584424408373,-0.0035773762581027,29.88665020675784,0.0004,-0.0,4628.578,24
4,24,1.815149273310334,3.336253497588748,-0.0022205121634839,29.856021907336448,0.0006,0.0,4639.125,24
4,24,1.815149273310334,3.336489467973262,-0.005866736130541,29.831657991568257,0.0004,0.0,4649.703,24
4,24,1.815149273310334,3.336927918492957,-0.0025364532042401,29.785499680870444,0.0004,0.0,4660.25,24
4,24,1.815149273310334,3.337087949596261,-0.0020247454580897,29.744208623786783,0.0006,0.0,4670.828,24
4,24,1.815149273310334,3.337491291239296,-0.003164958758406,29.726204884281188,0.0006,0.0,4681.422,24
4,24,1.815149273310334,3.337856908716164,-0.0056205421009844,29.68875878125206,0.0004,-0.0,4692.0,24
4,24,1.815149273310334,3.3381072807720398,0.0007671817121201,29.674855690268704,0.0004,0.0,4702.672,24
4,24,1.815149273310334,3.338391367410894,-9.898251465039405e-05,29.63233667430203,0.0004,0.0,4713.234,24
4,24,1.815149273310334,3.3387046387748334,-0.0008412260308173,29.60456632518517,0.0004,-0.0,4723.828,24
4,24,1.815149273310334,3.338716225530671,0.0021988220615161,29.56544846064301,0.0004,0.0,4734.453,24
4,24,1.815149273310334,3.338992559414103,-0.0022021997757107,29.538128242274944,0.0006,0.0,4744.953,24
4,24,1.815149273310334,3.339434561394332,-0.0008317715352398,29.50094264688905,0.0004,-0.0,4755.578,24
4,24,1.815149273310334,3.339540293269934,-0.0023048518308908,29.474857420960912,0.0004,0.0,4766.188,24
4,24,1.815149273310334,3.3398098119069264,-0.0032649309710575,29.45445135101356,0.0004,0.0,4776.781,24
4,24,1.815149273310334,3.340227399018159,-0.00093152540632,29.429368458458768,0.0004,-0.0,4787.391,24
4,24,1.815149273310334,3.3406355391116,-0.0016410598616717,29.391689190148064,0.0006,-0.0,4798.016,24
4,24,1.815149273310334,3.3404500168228752,-0.0021920596521368,29.361264412260837,0.0004,0.0,4808.656,24
4,24,1.815149273310334,3.340945272957877,-0.0011695432825976,29.328988248781005,0.0006,0.0,4819.234,24
4,24,1.815149273310334,3.3408671641546617,-0.0010095289747842,29.30580209241063,0.0004,0.0,4829.828,24
4,24,1.815149273310334,3.341416517349688,-0.0012407914599468,29.27832919738968,0.0006,-0.0,4840.438,24
4,24,1.815149273310334,3.3415644124362704,-0.0021407354080019,29.245774590409923,0.0004,-0.0,4851.047,24
4,24,1.815149273310334,3.341890200235908,-0.0012410524008712,29.219645386608207,0.0006,0.0,4861.75,24
4,24,1.815149273310334,3.342184950428485,-0.003045604369934,29.193566007305044,0.0006,-0.0,4872.422,24
4,24,1.815149273310334,3.3424121535313653,-0.0005562723256545,29.17289024126143,0.0004,0.0,4882.969,24
4,24,1.815149273310334,3.342588151555516,-0.0021707698949343,29.15243981404056,0.0004,0.0,4893.547,24
4,24,1.815149273310334,3.3428624328915,-0.0005819000200426,29.12904075785015,0.0004,-0.0,4904.094,24
4,24,1.815149273310334,3.3429189893114284,-0.0010265374400225,29.10140843566916,0.0004,0.0,4914.703,24
4,24,1.815149273310334,3.3432368772130325,0.0008201343681581,29.071114592975,0.0004,0.0,4925.313,24
4,24,1.815149273310334,3.3435063703508896,0.0002318280565726,29.046811566438368,0.0006,-0.0,4935.938,24
4,24,1.815149273310334,3.343684976919165,-0.0030944609448611,29.02137672407976,0.0004,-0.0,4946.5,24
4,24,1.815149273310334,3.343861109725559,-0.0014223122003011,28.991525545041025,0.0006,0.0,4957.156,24
4,24,1.815149273310334,3.344141305925341,-0.002401663042999,28.973663218577656,0.0004,-0.0,4967.766,24
4,24,1.815149273310334,3.344192564142728,-0.001851899933477,28.941977542776527,0.0006,-0.0,4978.328,24
4,24,1.815149273310334,3.344571962353062,-0.003972955489033,28.92460165854621,0.0004,-0.0,4988.906,24
4,24,1.815149273310334,3.344743916597427,-0.002651631706308,28.90474084556892,0.0006,-0.0,4999.547,24
4,24,1.815149273310334,3.3448979736923707,0.0003850537086975,28.879443250689505,0.0004,0.0,5010.109,24
4,24,1.815149273310334,3.345216909622363,-9.682551240053966e-06,28.86364505239101,0.0004,0.0,5020.719,24
4,24,1.815149273310334,3.345233225994712,-0.0054303897532912,28.830903069821076,0.0006,0.0,5031.281,24
4,24,1.815149273310334,3.345409218490925,-0.0019398835493292,28.809281698901827,0.0004,0.0,5041.844,24
4,24,1.815149273310334,3.3455780770792325,-0.0020686044887615,28.794729468571227,0.0006,-0.0,5052.422,24
4,24,1.815149273310334,3.3461510021747527,-0.0030418669255336,28.77217516188467,0.0006,-0.0,5062.938,24
4,24,1.815149273310334,3.346298275306559,-0.0001741434224028,28.75746394105531,0.0006,0.0,5073.531,24
4,24,1.815149273310334,3.346421638329526,-0.0016457089722948,28.73243187994945,0.0006,0.0,5084.125,24
4,24,1.815149273310334,3.3463730554285678,-0.0046588385309224,28.71692525868514,0.0006,0.0,5094.719,24
4,24,1.815149273310334,3.346720246488941,0.0001811548409331,28.705709200612525,0.0006,-0.0,5105.266,24
4,24,1.815149273310334,3.346847764698534,0.0031754521995803,28.68063648704852,0.0004,-0.0,5115.844,24
4,24,1.815149273310334,3.347099286249252,-0.0048628178512349,28.66331796963136,0.0004,-0.0,5126.406,24
4,24,1.815149273310334,3.3471957689498697,-0.0022864172926837,28.63879829499017,0.0006,-0.0,5136.984,24
4,24,1.815149273310334,3.347427271418573,-0.0032828036747454,28.62544816637713,0.0004,-0.0,5147.563,24
4,24,1.815149273310334,3.3475472479289445,-0.0010575336734381,28.603412708909897,0.0006,0.0,5158.125,24
4,24,1.815149273310334,3.347804746856528,-0.0031857307614952,28.58862423738872,0.0006,0.0,5168.703,24
4,24,1.815149273310334,3.347961784948296,-0.0031157809167308,28.566234753607517,0.0004,-0.0,5179.281,24
4,24,1.815149273310334,3.34823124003539,-6.645729930055872e-05,28.551967796567286,0.0006,0.0,5189.844,24
4,24,1.815149273310334,3.3483520915336857,-0.0022599774470356,28.539326420987027,0.0004,-0.0,5200.484,24
4,24,1.815149273310334,3.3486871263560363,-0.0015052918385918,28.519246792094275,0.0004,0.0,5211.109,24
4,24,1.815149273310334,3.348596058716176,-0.0015594918752326,28.48925289068392,0.0006,-0.0,5221.703,24
4,24,1.815149273310334,3.348728878692093,-0.0017049043638441,28.480735293003782,0.0006,-0.0,5232.281,24
4,24,1.815149273310334,3.3489238246889474,-0.003513514330097,28.46175053799652,0.0004,-0.0,5242.938,24
4,24,1.815149273310334,3.3491642976170937,-0.0007276807013918,28.44144724576373,0.0004,0.0,5253.531,24
4,24,1.815149273310334,3.349302007140805,-0.0051872577453372,28.43583866828975,0.0004,0.0,5264.078,24
4,24,1.815149273310334,3.3494997960842405,-0.0021408763405978,28.40677099316792,0.0004,0.0,5274.641,24
4,24,1.815149273310334,3.349790588916207,0.0020635793625607,28.38801415698967,0.0004,0.0,5285.344,24
4,24,1.815149273310334,3.3498476993033988,-0.001390235878606,28.370864562305965,0.0006,0.0,5295.969,24
4,24,1.815149273310334,3.350043129516344,-0.0022387162007175,28.358885961078308,0.0004,0.0,5306.547,24
4,24,1.815149273310334,3.350219587546162,-0.0039803394403454,28.34558019466505,0.0004,0.0,5317.109,24
4,24,1.815149273310334,3.3504107947603474,-0.000960760798284,28.330402824878117,0.0004,0.0,5327.703,24
4,24,1.815149273310334,3.350521324645433,-0.0033476867024683,28.30650621718877,0.0004,0.0,5338.266,24
4,24,1.815149273310334,3.3505932678463526,-0.0009606488658013,28.3046060469938,0.0006,0.0,5348.891,24
4,24,1.815149273310334,3.3507294947243773,-0.0016633000263949,28.285439229008905,0.0006,0.0,5359.438,24
4,24,1.815149273310334,3.3509818915940324,-0.0041132801787845,28.271708002547907,0.0004,0.0,5370.047,24
4,24,1.815149273310334,3.350947905622058,-0.0027352229332868,28.258378961518247,0.0004,0.0,5380.609,24
4,24,1.815149273310334,3.3512078409318766,-0.0002583162201371,28.236756234428192,0.0006,0.0,5391.188,24
4,24,1.815149273310334,3.3512326050551087,-0.0010655907052652,28.227621566330168,0.0006,-0.0,5401.781,24
4,24,1.815149273310334,3.3516014056104946,-0.0019658256704324,28.210774111802777,0.0006,-0.0,5412.344,24
4,24,1.815149273310334,3.3517877491891457,-0.0013713454288633,28.19849429168001,0.0004,0.0,5422.953,24
4,24,1.815149273310334,3.3516883741657657,-0.0055131696624444,28.17954548495977,0.0006,0.0,5433.531,24
4,24,1.815149273310334,3.3520490239049114,0.0020205109770964,28.16450563964536,0.0006,0.0,5444.078,24
4,24,1.815149273310334,3.3521020991111548,-0.0027794912328407,28.150989965255544,0.0004,-0.0,5454.688,24
4,24,1.815149273310334,3.3523550079794524,-0.0064729103885486,28.14137910829584,0.0006,-0.0,5465.297,24
4,24,1.815149273310334,3.3524316630872253,-0.0024695322689534,28.12912838701205,0.0004,0.0,5475.859,24
4,24,1.815149273310334,3.3525376661789124,-0.002592438533451,28.11563457681324,0.0004,-0.0,5486.484,24
4,24,1.815149273310334,3.352864299071902,-0.0015715564974709,28.09200401666105,0.0004,-0.0,5497.078,24
4,24,1.815149273310334,3.352990659206778,-0.0033970653351694,28.075621051451105,0.0006,0.0,5507.625,24
4,24,1.815149273310334,3.3531055646271173,-0.0027638789249837,28.071545747685285,0.0004,0.0,5518.188,24
4,24,1.815149273310334,3.353101444783888,0.0015762954668184,28.06014890992282,0.0004,-0.0,5528.734,24
4,24,1.815149273310334,3.353152088148499,-0.0020077454883299,28.05479972547345,0.0004,0.0,5539.313,24
4,24,1.815149273310334,3.353565760558285,-0.0061095245787558,28.033342680914917,0.0004,0.0,5549.891,24
4,24,1.815149273310334,3.353634537246446,-0.0016659369574297,28.021400817722512,0.0004,0.0,5560.453,24
4,24,1.815149273310334,3.3536356826018023,-0.0020041826769023,28.01412378280041,0.0006,0.0,5571.031,24
4,24,1.815149273310334,3.3538040548652472,-0.0043600199008991,27.99460492421337,0.0004,-0.0,5581.672,24
4,24,1.815149273310334,3.3538084717731618,-0.0025436461024038,27.977336677388067,0.0004,0.0,5592.234,24
4,24,1.815149273310334,3.3540246511869136,-0.0027437636543262,27.964701306563388,0.0004,0.0,5602.828,24
4,24,1.815149273310334,3.354471996681203,-0.0028331081596067,27.96368386816894,0.0006,0.0,5613.438,24
4,24,1.815149273310334,3.354582117073121,-0.0038984880241473,27.956610214230736,0.0006,-0.0,5623.969,24
4,24,1.815149273310334,3.354433331204353,-0.0020043870594806,27.92907766682248,0.0006,-0.0,5634.563,24
4,24,1.815149273310334,3.3547471867247065,-0.0008533032179994,27.93360503294285,0.0004,-0.0,5645.219,24
4,24,1.815149273310334,3.35483013431498,-0.0012955384919771,27.917126935565744,0.0004,0.0,5655.75,24
4,24,1.815149273310334,3.354940286654923,1.296365452077707e-05,27.90791353938957,0.0006,0.0,5666.328,24
4,24,1.815149273310334,3.355033295231078,9.487570977832544e-05,27.8987732595132,0.0004,0.0,5676.906,24
4,24,1.815149273310334,3.355428047680993,-0.0016024820133077,27.879280001675674,0.0004,-0.0,5687.516,24
4,24,1.815149273310334,3.355371192212238,-0.0030931789335382,27.875100486396867,0.0006,0.0,5698.125,24
4,24,1.815149273310334,3.3555096114088423,-0.0036258310786151,27.864663057218227,0.0006,0.0,5708.734,24
4,24,1.815149273310334,3.355595976535517,-0.0021808558496987,27.850048127386756,0.0004,0.0,5719.375,24
4,24,1.815149273310334,3.355829709754306,-0.0027061804519269,27.832343319233686,0.0006,0.0,5729.938,24
4,24,1.815149273310334,3.355797956417577,0.0013471238303768,27.824464660254023,0.0004,0.0,5740.547,24
4,24,1.815149273310334,3.3561193184798035,-0.0005559820919602,27.817257861252955,0.0006,0.0,5751.219,24
4,24,1.815149273310334,3.356240801467408,-0.0018838905109629,27.800584933632223,0.0004,0.0,5761.875,24
4,24,1.815149273310334,3.356413368624608,-0.0034465026398835,27.79339044401897,0.0006,0.0,5772.469,24
4,24,1.815149273310334,3.3564407929840314,-0.0010809828639427,27.78283773604295,0.0004,0.0,5783.047,24
4,24,1.815149273310334,3.356570913817599,-0.002371312227695,27.793626690838305,0.0006,0.0,5793.578,24
4,24,1.815149273310334,3.356748945363138,-0.0026908934207705,27.768047145352988,0.0004,0.0,5804.172,24
4,24,1.815149273310334,3.35682200798129,-0.0013042636535064,27.760721264223243,0.0006,-0.0,5814.781,24
4,24,1.815149273310334,3.3568291743365406,-0.0013267375329942,27.74488533066168,0.0004,-0.0,5825.328,24
4,24,1.815149273310334,3.3569733643310142,-0.0022611831278776,27.74205614593944,0.0006,-0.0,5835.891,24
4,24,1.815149273310334,3.3571800298621444,-0.002116393862775,27.730002816046245,0.0004,0.0,5846.422,24
4,24,1.815149273310334,3.357217659883634,-0.0017196555750915,27.71916097027032,0.0006,0.0,5856.984,24
4,24,1.815149273310334,3.357370233760972,-0.0006937892658655,27.70709901651219,0.0006,-0.0,5867.578,24
4,24,1.815149273310334,3.3575619479175898,-0.0006614536499188,27.7018522893278,0.0004,0.0,5878.156,24
4,24,1.815149273310334,3.3578615053793825,-0.0018756157516882,27.698813203100467,0.0004,0.0,5888.734,24
4,24,1.815149273310334,3.3577565338321307,-0.0006769547663306,27.689130433589597,0.0006,0.0,5899.422,24
4,24,1.815149273310334,3.3578499536823805,-0.0015639847288059,27.66943350207774,0.0004,0.0,5909.969,24
4,24,1.815149273310334,3.358131826351693,-0.0005807714505341,27.66620182289121,0.0004,-0.0,5920.563,24
4,24,1.815149273310334,3.3582589217391106,-0.0001710445175401,27.65822719688673,0.0004,-0.0,5931.141,24
4,24,1.815149273310334,3.358379472886916,-0.0021201698100602,27.653550266530083,0.0004,0.0,5941.703,24
4,24,1.815149273310334,3.358424650611317,-0.0014887299072685,27.652150287239984,0.0004,0.0,5952.281,24
4,24,1.815149273310334,3.358454046068276,-0.0022614410397883,27.635432729805935,0.0004,-0.0,5963.016,24
4,24,1.815149273310334,3.35852169728735,-0.000490307318178,27.616436637316266,0.0006,-0.0,5973.578,24
4,24,1.815149273310334,3.3587528347157907,0.0001296999308815,27.61590566142136,0.0006,0.0,5984.141,24
4,24,1.815149273310334,3.3587310746978054,-0.0032399442237176,27.604836438563574,0.0004,-0.0,5994.703,24
4,24,1.815149273310334,3.3587928300325585,-0.0016009680735273,27.59522463246397,0.0004,0.0,6005.281,24
4,24,1.815149273310334,3.3591447162768664,0.0007392077636927,27.59260224808257,0.0006,0.0,6015.922,24
4,24,1.815149273310334,3.3591285458134017,-0.0026388726451647,27.58464680189675,0.0004,0.0,6026.516,24
4,24,1.815149273310334,3.359362952714898,-0.0005959430268362,27.57009276224909,0.0004,0.0,6037.094,24
4,24,1.815149273310334,3.359484100663591,-0.0014906823535066,27.56976090007621,0.0004,-0.0,6047.672,24
4,24,1.815149273310334,3.359554438445906,-0.0013924057055593,27.55285217030689,0.0006,0.0,6058.234,24
4,24,1.815149273310334,3.359538347148152,-0.0023502107217418,27.553917927664187,0.0004,0.0,6068.813,24
4,24,1.815149273310334,3.359782394101794,-0.0016672014172354,27.54572639083681,0.0004,0.0,6079.375,24
4,24,1.815149273310334,3.3597268375700526,-0.0038411227596418,27.539738157418043,0.0004,0.0,6089.984,24
4,24,1.815149273310334,3.3599510432968125,-0.0039735709193784,27.531086732877576,0.0006,0.0,6100.594,24
4,24,1.815149273310334,3.3600405000274107,-0.0027473982743472,27.519858492912427,0.0006,-0.0,6111.188,24
4,24,1.815149273310334,3.360308427450004,-0.0028204153581071,27.51625008628682,0.0006,0.0,6121.797,24
4,24,1.815149273310334,3.3602550903976702,-0.0007624693200098,27.50841259548044,0.0006,0.0,6132.375,24
4,24,1.815149273310334,3.36034755794843,0.0020428526151063,27.503425354204843,0.0006,0.0,6142.906,24
4,24,1.815149273310334,3.3604476118436963,-0.0037507316714751,27.486171566597,0.0004,-0.0,6153.5,24
4,24,1.815149273310334,3.3608019852724245,-0.0036939064344412,27.48846748412857,0.0006,0.0,6164.063,24
4,24,1.815149273310334,3.3605971975812454,-0.0046766789200608,27.482298634973365,0.0004,0.0,6174.641,24
4,24,1.815149273310334,3.3609040587560326,-0.0011338672719193,27.47191964081828,0.0004,0.0,6185.234,24
4,24,1.815149273310334,3.360709066419901,0.0001784638688031,27.460527368049245,0.0006,0.0,6195.797,24
4,24,1.815149273310334,3.3608665491936267,-0.003709250026869,27.45092296957101,0.0006,0.0,6206.359,24
4,24,1.815149273310334,3.3612064190529702,-0.0035580735313841,27.447346656819352,0.0006,-0.0,6216.938,24
4,24,1.815149273310334,3.361038869234656,-0.0012204314152354,27.438972515184226,0.0006,-0.0,6227.531,24
4,24,1.815149273310334,3.361379496872986,-0.0029790117249723,27.425933276082343,0.0006,0.0,6238.172,24
4,24,1.815149273310334,3.3615437439864864,-0.0003587555195024,27.429361930893176,0.0004,0.0,6248.766,24
4,24,1.815149273310334,3.361547734869528,-0.0021831087575013,27.420472265990483,0.0006,0.0,6259.344,24
4,24,1.815149273310334,3.3616328781670965,-0.0023904634504015,27.416543112345583,0.0006,-0.0,6269.969,24
4,24,1.815149273310334,3.3617620732100706,-0.001360972003795,27.41194986037953,0.0006,0.0,6280.609,24
4,24,1.815149273310334,3.361915847529154,-0.001880064024203,27.40845279688433,0.0004,0.0,6291.25,24
4,24,1.815149273310334,3.361825163350749,0.0003277491289611,27.40200806303453,0.0004,0.0,6301.844,24
4,24,1.815149273310334,3.3620689156957626,-0.0017042450672639,27.40601417296207,0.0006,0.0,6312.438,24
4,24,1.815149273310334,3.362052551500212,-0.001119038119755,27.400534463453276,0.0006,0.0,6322.953,24
4,24,1.815149273310334,3.3622751440767367,0.0003438835078214,27.382354951006395,0.0004,0.0,6333.5,24
4,24,1.815149273310334,3.362218533543148,-0.0010140180989854,27.375974162273398,0.0006,-0.0,6344.141,24
4,24,1.815149273310334,3.362465772147994,2.020396824210593e-05,27.367013589355786,0.0006,0.0,6354.656,24
4,24,1.815149273310334,3.965472604217242,-0.0032913083094247,31.736457773373747,0.0006,3.965,518.031,24
4,24,1.815149273310334,3.5244810567673626,-4.024975648579018,31.80118414783068,4.0,1.704,528.219,24
4,24,1.815149273310334,3.9597999258638303,-0.0017338579244892,31.877217042443828,0.0006,3.958,538.375,24
4,24,1.815149273310334,3.5564526938376413,-4.026302253849974,30.735262201109755,4.0,1.733,385.578,24
4,24,1.815149273310334,3.9998247240820937,-0.0017361437391214,30.848230863718165,0.0006,3.999,395.766,24
4,24,1.815149273310334,3.551838481206666,-4.025442683154526,30.89073580318975,4.0,1.728,405.922,24
4,24,1.815149273310334,3.994256221176116,-0.002736148865005,31.002626763337165,0.0006,3.993,416.109,24
4,24,1.815149273310334,3.546744672966632,-4.025773938002574,31.05932577475442,4.0,1.724,426.406,24
4,24,1.815149273310334,3.943731788556813,-0.0012623212343209,32.23743551441863,0.0004,3.944,599.328,24
4,24,1.815149273310334,3.506776508032384,-4.0250427223418175,32.24933019899307,4.0,1.688,609.469,24
4,24,1.815149273310334,3.938582804256904,-0.0012637389109546,32.33358583778052,0.0006,3.939,619.688,24
4,24,1.815149273310334,3.5381750501055524,-4.023209928275315,31.36678300832164,4.0,1.717,467.063,24
4,24,1.815149273310334,3.977051104858928,-0.0030942756818163,31.466180561344867,0.0006,3.977,477.313,24
4,24,1.815149273310334,3.5337379016542405,-4.02797582773032,31.5180697497464,4.0,1.712,487.484,24
4,24,1.815149273310334,3.971030526000461,-0.0034088171836115,31.59667720459864,0.0006,3.97,497.641,24
4,24,1.815149273310334,3.52888015755886,-4.025591434179392,31.643639080435165,4.0,1.708,507.844,24
4,24,1.815149273310334,3.3630572810195383,-0.0040907309532518,27.33959283344545,0.0006,0.0,6418.188,24
4,24,1.815149273310334,3.4890393445964603,-4.025578898563597,32.65107615310333,4.001,1.672,691.047,24
4,24,1.815149273310334,3.918606640942591,-0.0026315733328846,32.74706735425677,0.0006,3.918,701.25,24
4,24,1.815149273310334,3.5196207597683173,-4.026587082294622,31.91958264650294,4.0,1.7,548.594,24
4,24,1.815149273310334,3.954024702386532,-0.0013384855054955,31.984999779167065,0.0006,3.953,558.719,24
4,24,1.815149273310334,3.5151140665247524,-4.025388895080794,32.07040524580346,4.0,1.696,568.844,24
4,24,1.815149273310334,3.948967478048974,-0.0034987957673676,32.102556165547405,0.0006,3.948,579.016,24
4,24,1.815149273310334,3.510975043735712,-4.025909026433999,32.13162385427083,4.0,1.691,589.125,24
4,24,1.815149273310334,3.363267763577132,2.4581640591640308e-05,27.31784188263523,0.0006,0.0,6449.984,24
4,24,1.815149273310334,3.363412645228139,-0.00231385760243,27.31457507180326,0.0006,0.0,6460.625,24
4,24,1.815149273310334,3.3635099671869173,-0.0026042294791235,27.304149296067106,0.0004,-0.0,6471.25,24
4,24,1.815149273310334,3.36257276101914,-0.001964425109,27.366315672613048,0.0006,-0.0,6365.281,24
4,24,1.815149273310334,3.3627127689671865,-0.0043953842567127,27.359073378342103,0.0006,0.0,6375.859,24
4,24,1.815149273310334,3.3625249577672687,-0.0052660049937494,27.34647343737193,0.0004,0.0,6386.422,24
4,24,1.815149273310334,3.36271371700558,-0.0032810786848529,27.34883503394351,0.0006,0.0,6397.047,24
4,24,1.815149273310334,3.3628015809004426,0.0009747514867693,27.349905500976863,0.0004,-0.0,6407.641,24
4,24,1.815149273310334,3.788770633401029,-0.0010330765908253,34.706806358876705,0.0006,3.788,1331.781,24
4,24,1.815149273310334,3.3650721654998232,-4.027129014667731,34.69296116298105,4.0,1.553,1341.938,24
4,24,1.815149273310334,3.785382518542463,-0.0016999731495294,34.76581884185011,0.0004,3.786,1352.172,24
4,24,1.815149273310334,3.3899604517680886,-4.025788512115591,34.26611138865612,4.0,1.578,1199.406,24
4,24,1.815149273310334,3.811202702700141,-0.0008912760048475,34.34957643126449,0.0006,3.811,1209.547,24
4,24,1.815149273310334,3.386322005329512,-4.025123594755325,34.33053313362904,4.0,1.575,1219.703,24
4,24,1.815149273310334,3.807415316704512,-0.0028371952476325,34.41260661516334,0.0006,3.808,1229.938,24
4,24,1.815149273310334,3.3829446639740164,-4.025779235866111,34.40995798313907,4.0,1.571,1240.094,24
4,24,1.815149273310334,4.011853575472664,0.0006321713331342,30.51855313073993,0.0006,4.011,355.141,24
4,24,1.815149273310334,3.4720178912575177,-4.026835172912228,32.92521714614966,4.0,1.657,772.375,24
4,24,1.815149273310334,3.9002612774718792,-0.0001865125342142,32.98114505577279,0.0006,3.9,782.594,24
4,24,1.815149273310334,3.3756653095733125,-4.02597018870687,34.53804526599227,4.0,1.563,1280.844,24
4,24,1.815149273310334,3.796333420746479,-0.0043754633705203,34.60604441182571,0.0006,3.797,1291.063,24
4,24,1.815149273310334,3.372275796685212,-4.024484291026997,34.57751494106093,4.0,1.561,1301.234,24
4,24,1.815149273310334,3.7927888587143537,-0.0010808828627859,34.65184697570645,0.0006,3.794,1311.406,24
4,24,1.815149273310334,3.3688093096183214,-4.024557602349361,34.63531234386847,4.0,1.557,1321.594,24
4,24,1.815149273310334,3.8514732893479633,-0.0016194829115296,33.69148052641309,0.0006,3.851,1006.375,24
4,24,1.815149273310334,3.3630293438211822,-0.002876144338105,27.327673466698204,0.0004,0.0,6428.813,24
4,24,1.815149273310334,3.363208304066422,-0.0022228219151469,27.331607466730173,0.0004,0.0,6439.422,24
4,24,1.815149273310334,3.575307079604473,-4.025798535053391,30.068133360467883,4.0,1.75,304.297,24
4,24,1.815149273310334,4.024136335892674,0.0017171609678128,30.175042960760564,0.0004,4.023,314.453,24
4,24,1.815149273310334,3.570659513788617,-4.026526983905396,30.236822719129364,4.0,1.745,324.625,24
4,24,1.815149273310334,4.018156431971296,-0.00158974421847,30.37770574054241,0.0006,4.017,334.781,24
4,24,1.815149273310334,3.56577822508922,-4.023939846340141,30.389483097703348,4.0,1.741,344.953,24
4,24,1.815149273310334,3.9880931913540114,-0.0008708377894639,31.18023815671021,0.0006,3.987,436.563,24
4,24,1.815149273310334,3.5425969217091007,-4.026890661792426,31.19139212017024,4.0,1.721,446.703,24
4,24,1.815149273310334,3.98245628396144,8.683621729622094e-05,31.30540551265744,0.0004,3.982,456.938,24
4,24,1.815149273310334,3.4351423700250376,-4.026215291796036,33.49027699100271,4.0,1.621,955.641,24
4,24,1.815149273310334,3.8600012691744423,-0.0018609255765225,33.57853745656616,0.0006,3.859,965.781,24
4,24,1.815149273310334,3.4315716060366137,-4.026538375212204,33.533949555209226,4.0,1.617,975.859,24
4,24,1.815149273310334,3.8558785429410034,-0.0013175925337904,33.6281510545399,0.0004,3.856,985.984,24
4,24,1.815149273310334,3.4273961809247107,-4.025771407798935,33.61461082511511,4.0,1.615,996.266,24
4,24,1.815149273310334,3.3619405338193493,-4.0268113518890845,34.75421669674018,4.0,1.551,1362.297,24
4,24,1.815149273310334,3.781778511182592,-0.0031048969239237,34.82126236306141,0.0004,3.782,1372.469,24
4,24,1.815149273310334,3.3577100590601483,-4.025757912208694,34.8198581930093,4.0,1.547,1382.781,24
4,24,1.815149273310334,3.777911341132932,-0.0046194232376725,34.87762485014723,0.0006,3.779,1392.969,24
4,24,1.815149273310334,3.354885754439186,-4.027090035464931,34.86939339054098,4.0,1.543,1403.094,24
4,24,1.815149273310334,3.774667965528897,-0.0020706865101755,34.932490673237794,0.0006,3.775,1413.297,24
4,24,1.815149273310334,3.351569618660755,-4.024645458328276,34.91058197710417,4.0,1.541,1423.438,24
4,24,1.815149273310334,3.771200024424767,-0.0009101603983702,34.991504300044355,0.0006,3.772,1433.656,24
4,24,1.815149273310334,3.348099199804719,-4.025370371122778,34.97018732619505,4.0,1.537,1443.828,24
4,24,1.815149273310334,3.76773314722108,-0.0018130063789803,35.06013273367567,0.0006,3.768,1454.031,24
4,24,1.815149273310334,3.3447909212311315,-4.025280083449196,35.048921233246794,4.0,1.533,1464.188,24
4,24,1.815149273310334,3.7639625700528856,0.0001139247535614,35.08731314538677,0.0006,3.764,1474.375,24
4,24,1.815149273310334,3.341288639327692,-4.025857155621386,35.090470867078494,4.0,1.531,1484.531,24
4,24,1.815149273310334,3.760971134002234,-0.000969863122628,35.14227622122191,0.0006,3.762,1494.828,24
4,24,1.815149273310334,3.338327946626664,-4.024860628506175,35.10275575752404,4.0,1.528,1505.0,24
4,24,1.815149273310334,3.75768445199925,-0.0036013868894664,35.1898639591018,0.0006,3.758,1515.219,24
4,24,1.815149273310334,3.335075090123947,-4.025437508180959,35.16305752563215,4.001,1.525,1525.391,24
4,24,1.815149273310334,3.7543108651239008,-0.0028972081454143,35.23958240005967,0.0006,3.755,1535.578,24
4,24,1.815149273310334,3.331876492315837,-4.02596939586202,35.201084143769215,4.0,1.521,1545.734,24
4,24,1.815149273310334,3.7510279912740554,0.0009825438014222,35.280334619456696,0.0006,3.752,1555.875,24
4,24,1.815149273310334,3.328500030401387,-4.025879055182257,35.27093081141266,4.0,1.518,1566.047,24
4,24,1.815149273310334,3.7475479494669535,-0.0008646815309236,35.31526370297399,0.0004,3.748,1576.219,24
4,24,1.815149273310334,3.3254393082113456,-4.024743816264852,35.33067269276209,4.0,1.514,1586.375,24
4,24,1.815149273310334,3.744590956673924,-0.0018910962409148,35.36678971002606,0.0004,3.745,1596.531,24
4,24,1.815149273310334,3.3222256606010068,-4.024735495883833,35.37679859058485,4.0,1.512,1606.688,24
4,24,1.815149273310334,3.741530132151112,-0.0022046249011729,35.430482445119296,0.0006,3.742,1616.844,24
4,24,1.815149273310334,3.3191268367605646,-4.025924592958459,35.403427934667576,4.0,1.508,1626.984,24
4,24,1.815149273310334,3.7382162300585584,0.0006508937695587,35.4676114956778,0.0006,3.739,1637.141,24
4,24,1.815149273310334,3.316007752079587,-4.024620135339823,35.4623610879252,4.0,1.505,1647.281,24
4,24,1.815149273310334,3.7354507368791054,-0.003093864248107,35.531536541106426,0.0006,3.736,1657.469,24
4,24,1.815149273310334,3.312973233040742,-4.026663799082838,35.50190083927384,4.0,1.502,1667.672,24
4,24,1.815149273310334,3.732216134123912,4.102545474143929e-05,35.55517406708837,0.0006,3.733,1677.844,24
4,24,1.815149273310334,3.604452270730811,-4.026485699820971,29.114758704411265,4.0,1.771,202.672,24
4,24,1.815149273310334,4.058359042042032,-0.0035621802044707,29.253491263971668,0.0004,4.058,212.797,24
4,24,1.815149273310334,3.6770761151183255,-4.026078589976205,27.496599826184987,4.0,1.828,60.438,24
4,24,1.815149273310334,4.123874412367004,-0.001762789198562,27.67036021178395,0.0006,4.129,70.594,24
4,24,1.815149273310334,3.661235264978508,-4.024005089686733,27.773540828832623,4.0,1.812,80.719,24
4,24,1.815149273310334,4.111787181834249,-0.0029856215063606,27.94641804793387,0.0006,4.115,90.844,24
4,24,1.815149273310334,3.648061669915868,-4.025787727793298,28.033323347948052,4.0,1.8,101.0,24
4,24,1.815149273310334,4.101222770526681,-0.0031724396371772,28.19661892242139,0.0004,4.103,111.125,24
4,24,1.815149273310334,3.6370906102665055,-4.024723406546377,28.266573792395803,4.0,1.792,121.234,24
4,24,1.815149273310334,4.09183878766983,-0.0029864059062786,28.41412476331527,0.0004,4.094,131.406,24
4,24,1.815149273310334,4.188413709802578,-0.0033805111749828,26.73411994275517,0.0006,-0.0,0.0,24
4,24,1.815149273310334,4.188502919522219,-0.0013638389110458,26.735053797215304,0.0006,4.203,9.344,24
4,24,1.815149273310334,3.7247652618570166,-4.025096329143347,26.841039483339,4.0,1.851,19.734,24
4,24,1.815149273310334,4.157366022628048,-0.0007810048584785,27.051745590989825,0.0006,4.165,29.906,24
4,24,1.815149273310334,3.696978335306199,-4.02716785612522,27.18779472625728,4.0,1.847,40.125,24
4,24,1.815149273310334,4.138253965893631,-0.001520442937002,27.39114608614196,0.0004,4.144,50.266000000000005,24
4,24,1.815149273310334,3.5018088306917936,-4.025976841348307,32.356938458736266,4.0,1.684,629.953,24
5,24,1.81429130140682,3.923416293957736,-0.0028641601488942,32.60915246892575,0.0004,3.923,684.984,23
5,24,1.81429130140682,3.490693676214952,-4.026549253863466,32.632623340150424,4.0,1.671,695.172,23
5,24,1.81429130140682,3.960825789573261,-0.0031589921800947,31.85692000732215,0.0006,3.96,541.578,23
5,24,1.81429130140682,3.522133903024664,-4.023769203439425,31.85325341258768,4.0,1.701,551.797,23
5,24,1.81429130140682,3.955083796942173,-0.0004390973368598,31.96974900101859,0.0006,3.955,562.015,23
5,24,1.81429130140682,3.517902808487998,-4.024872461677573,31.99863047890609,4.0,1.697,572.25,23
5,24,1.81429130140682,3.949502895746245,-0.0015394388568975,32.100148794860345,0.0006,3.95,582.437,23
5,24,1.81429130140682,3.5130189820600157,-4.025312812400555,32.110248059822815,4.0,1.692,592.687,23
5,24,1.81429130140682,3.904878321701151,-0.0016118965574596,32.928734875505526,0.0006,3.904,766.812,23
5,24,1.81429130140682,3.473842615971328,-4.024383650094356,32.9051627277529,4.0,1.657,777.078,23
5,24,1.81429130140682,3.938990479765486,-0.0014971870013913,32.30664367329115,0.0006,3.938,623.328,23
5,24,1.81429130140682,3.5042561120409483,-4.024783295869553,32.35695725829645,4.0,1.685,633.578,23
5,24,1.81429130140682,3.933705293382365,-0.0024698149883916,32.42626581390023,0.0006,3.934,643.875,23
5,24,1.81429130140682,3.4999394019616163,-4.025671588281296,32.440015384734835,4.0,1.682,654.156,23
5,24,1.81429130140682,3.92863530979371,-0.0010170734562986,32.49990318847165,0.0006,3.928,664.406,23
5,24,1.81429130140682,3.494774981593009,-4.025879085536277,32.55214024408992,4.0,1.676,674.75,23
5,24,1.81429130140682,3.886639880337268,-0.0011024496403235,33.19127163208371,0.0006,3.886,848.781,23
5,24,1.81429130140682,3.457677445783985,-4.025677133216295,33.17258925307387,4.0,1.64,858.984,23
5,24,1.81429130140682,3.91891146889768,0.000887782571152,32.69049546279182,0.0006,3.918,705.406,23
5,24,1.81429130140682,3.486429127153656,-4.025234753916498,32.72702537171351,4.0,1.666,715.672,23
5,24,1.81429130140682,3.9142235995268666,0.0002191457266958,32.75868669034376,0.0006,3.914,725.937,23
5,24,1.81429130140682,3.4825920722264936,-4.024789758614133,32.810490640891025,4.0,1.665,736.14,23
5,24,1.81429130140682,3.9097467970001736,0.0009759043410335,32.88608808162094,0.0006,3.909,746.375,23
5,24,1.81429130140682,3.4780553755743955,-4.024556264666882,32.8858578420711,4.001,1.659,756.609,23
5,24,1.81429130140682,4.038958866411701,-0.0018544697083351,29.8113049977214,0.0006,4.037,275.547,23
5,24,1.81429130140682,3.5841811364831058,-4.02513794298998,29.879428703186274,4.0,1.754,285.843,23
5,24,1.81429130140682,3.900156082426396,0.0012343142720135,32.992825306872525,0.0006,3.9,787.343,23
5,24,1.81429130140682,3.4695261069721206,-4.026756529779343,33.0051435985468,4.0,1.652,797.609,23
5,24,1.81429130140682,3.895396219202925,7.420424397628188e-05,33.05369704456754,0.0006,3.895,807.797,23
5,24,1.81429130140682,3.4655624082470986,-4.025236673778578,33.03028472935844,4.0,1.648,818.015,23
5,24,1.81429130140682,3.890930513048031,-0.0033910324796715,33.11840505001348,0.0006,3.891,828.297,23
5,24,1.81429130140682,3.461452189491324,-4.025832360931788,33.145630673728775,4.0,1.645,838.562,23
5,24,1.81429130140682,3.851358327986104,-0.0020280392989283,33.71145351192059,0.0006,3.852,1012.547,23
5,24,1.81429130140682,3.425132707695865,-4.025921367259657,33.71728003704308,4.0,1.61,1022.75,23
5,24,1.81429130140682,3.881900547881519,-0.0007810209197608,33.2532608609685,0.0006,3.882,869.203,23
5,24,1.81429130140682,3.453235312577001,-4.024524934644556,33.23583341225221,4.0,1.635,879.468,23
5,24,1.81429130140682,3.877185411571623,0.0013534815364152,33.30938426602327,0.0006,3.876,889.656,23
5,24,1.81429130140682,3.4489750912281414,-4.026835185070736,33.30662365150246,4.0,1.632,899.875,23
5,24,1.81429130140682,3.8728905365507367,0.000771011692246,33.36795655597316,0.0006,3.872,910.109,23
5,24,1.81429130140682,3.444892285556698,-4.02416326950866,33.354259776428414,4.0,1.627,920.343,23
5,24,1.81429130140682,3.83483042411267,-0.0014118730726835,33.983150925799606,0.0006,3.836,1094.468,23
5,24,1.81429130140682,3.4095635232257164,-4.025190035836822,33.969637646757185,4.0,1.595,1104.734,23
5,24,1.81429130140682,3.863959680191949,-0.0033605164227748,33.469907171369094,0.0006,3.864,951.172,23
5,24,1.81429130140682,3.436853368833764,-4.027335557760866,33.47687878164779,4.0,1.621,961.375,23
5,24,1.81429130140682,3.859760336486288,-0.0001912008368019,33.5672633766424,0.0006,3.86,971.562,23
5,24,1.81429130140682,3.4330962146378163,-4.024686417242257,33.54725586348979,4.0,1.618,981.859,23
5,24,1.81429130140682,3.855786237651573,-0.0029901469346618,33.62927174368854,0.0006,3.856,992.14,23
5,24,1.81429130140682,3.429088917892167,-4.025908457729507,33.63411630247413,4.0,1.615,1002.343,23
5,24,1.81429130140682,3.818630751791286,-0.0017589390177035,34.236166447158,0.0006,3.819,1176.093,23
5,24,1.81429130140682,3.394667107381094,-4.0254072895176,34.207236240735504,4.0,1.581,1186.328,23
5,24,1.81429130140682,3.847249655970336,-0.0003005355970013,33.759605852541085,0.0006,3.847,1032.984,23
5,24,1.81429130140682,3.421259278617421,-4.023989798814545,33.74542363691065,4.0,1.606,1043.218,23
5,24,1.81429130140682,3.8429721515828126,-0.0031176870572816,33.7955182437065,0.0006,3.842,1053.406,23
5,24,1.81429130140682,3.417295304626294,-4.025529824236019,33.81535717065354,4.0,1.603,1063.64,23
5,24,1.81429130140682,3.838839505401032,-0.0010996594292875,33.87437119655314,0.0006,3.839,1073.859,23
5,24,1.81429130140682,3.413070317395549,-4.025171024279376,33.8967962220263,4.0,1.599,1084.187,23
5,24,1.81429130140682,3.944056610503349,-0.0024313940030872,32.20723673066006,0.0006,3.944,602.89,23
5,24,1.81429130140682,3.50869772275246,-4.024686745271541,32.22717294707419,4.0,1.688,613.093,23
5,24,1.81429130140682,3.830620166453995,-0.0015294305800417,34.05237424925804,0.0006,3.831,1114.937,23
5,24,1.81429130140682,3.405825774083116,-4.025135101204063,34.03814872575802,4.0,1.591,1125.125,23
5,24,1.81429130140682,3.826621047028382,-0.0014096792228545,34.09007645739531,0.0006,3.826,1135.359,23
5,24,1.81429130140682,3.4022323851998766,-4.025135918086222,34.09924130215275,4.0,1.587,1145.547,23
5,24,1.81429130140682,3.822575315330252,-0.0016771417006166,34.1646735464055,0.0004,3.822,1155.703,23
5,24,1.81429130140682,3.3985217260313987,-4.024459625430211,34.16046189379202,4.0,1.583,1165.906,23
5,24,1.81429130140682,3.7883670628247392,0.0004862705789059,34.71288870879999,0.0006,3.788,1339.765,23
5,24,1.81429130140682,3.366154530389086,-4.024723249873497,34.71590763069812,4.0,1.553,1349.984,23
5,24,1.81429130140682,3.814969207103078,-0.0016510771866962,34.278670877119765,0.0006,3.816,1196.578,23
5,24,1.81429130140682,3.391131130454415,-4.024685460905516,34.29698819878068,4.0,1.578,1206.812,23
5,24,1.81429130140682,3.8109454081255945,-0.0004149673319324,34.35452311669503,0.0006,3.812,1217.0,23
5,24,1.81429130140682,3.3874740995676453,-4.02706208619797,34.36071995598263,4.0,1.574,1227.187,23
5,24,1.81429130140682,3.807000758901634,-0.0044701209948966,34.43213712235151,0.0006,3.807,1237.39,23
5,24,1.81429130140682,3.383524901211953,-4.025416118980018,34.4048099198658,4.0,1.57,1247.687,23
5,24,1.81429130140682,3.7738322582238055,-0.0030778275076219,34.9427483205693,0.0006,3.774,1421.64,23
5,24,1.81429130140682,3.3524537180223346,-4.0236507535400365,34.929687504274085,4.0,1.539,1431.843,23
5,24,1.81429130140682,3.799445201404861,-0.001157210876885,34.55670134934768,0.0006,3.8,1278.531,23
5,24,1.81429130140682,3.376685412168225,-4.0244966605,34.53764251980028,4.0,1.564,1288.734,23
5,24,1.81429130140682,3.7956474724301015,-3.728247010551987e-05,34.61312289388559,0.0006,3.796,1298.953,23
5,24,1.81429130140682,3.3731017800014795,-4.0257156080942496,34.59434418714387,4.0,1.561,1309.156,23
5,24,1.81429130140682,3.791957728764071,-0.0018863158088263,34.66622415105642,0.0006,3.792,1319.328,23
5,24,1.81429130140682,3.3694392755723603,-4.026472046218207,34.633094124270066,4.0,1.557,1329.531,23
5,24,1.81429130140682,3.760174435998484,-0.0026240206652395,35.17019515693205,0.0006,3.761,1503.562,23
5,24,1.81429130140682,3.339184269091014,-4.025248221488248,35.16307500315312,4.0,1.527,1513.75,23
5,24,1.81429130140682,3.78475073515589,-0.0017578184218037,34.77317115934958,0.0006,3.785,1360.187,23
5,24,1.81429130140682,3.3621367605725743,-4.025771072414267,34.76465964682382,4.0,1.549,1370.468,23
5,24,1.81429130140682,3.780789795880305,-0.002128417021909,34.80702646577534,0.0006,3.781,1380.672,23
5,24,1.81429130140682,3.3591555108163886,-4.025291864609966,34.79989634637647,4.0,1.547,1390.953,23
5,24,1.81429130140682,3.7775546369881416,0.0015741502339498,34.874936456532154,0.0006,3.777,1401.218,23
5,24,1.81429130140682,3.35598821373298,-4.026194633857281,34.850526673546995,4.0,1.543,1411.437,23
5,24,1.81429130140682,3.868616967818248,-0.0002757327139801,33.44093925090674,0.0006,3.868,930.64,23
5,24,1.81429130140682,3.440702559444286,-4.025389021867508,33.393590950383754,4.0,1.625,940.906,23
5,24,1.81429130140682,3.769985868848997,-0.0026106578764942,34.982524829057915,0.0006,3.77,1442.047,23
5,24,1.81429130140682,3.34858714684427,-4.0268632386487,34.96886152332474,4.0,1.535,1452.328,23
5,24,1.81429130140682,3.766579213879589,-0.0044473549208359,35.026724197761446,0.0006,3.767,1462.593,23
5,24,1.81429130140682,3.345333506109014,-4.028704122042971,35.043640128994255,4.0,1.533,1472.781,23
5,24,1.81429130140682,3.7632912679706263,0.0020617813934915,35.09990773273049,0.0006,3.764,1482.984,23
5,24,1.81429130140682,3.3419926103194264,-4.026073903712843,35.10254237483919,4.0,1.529,1493.265,23
5,24,1.81429130140682,3.734616563612448,-0.0013807051241536,35.541171478606685,0.0006,3.735,1667.203,23
5,24,1.81429130140682,3.313989986779721,-4.026178098650017,35.519217045990864,4.0,1.502,1677.39,23
5,24,1.81429130140682,3.7567620670239386,0.0008765209339106,35.2026765488057,0.0006,3.757,1523.953,23
5,24,1.81429130140682,3.33559856125804,-4.02497510227886,35.20144937784449,4.001,1.523,1534.187,23
5,24,1.81429130140682,3.7533084029233343,-0.0003175319963102,35.267787298700505,0.0004,3.754,1544.375,23
5,24,1.81429130140682,3.332075902073283,-4.025430092195361,35.26414587593796,4.0,1.52,1554.672,23
5,24,1.81429130140682,3.75014957227935,-0.0020985940671365,35.30205998942403,0.0004,3.75,1564.937,23
5,24,1.81429130140682,3.329190919966837,-4.026248218692235,35.29797037849681,4.0,1.517,1575.109,23
5,24,1.81429130140682,3.7225181127410942,-0.0013500596040742,35.69366399779233,0.0006,3.723,1749.078,23
5,24,1.81429130140682,3.301816968715096,-4.026164789576851,35.7165140195631,4.0,1.491,1759.281,23
5,24,1.81429130140682,3.7437838957220015,-0.0010321470495137,35.37549764046486,0.0004,3.744,1605.703,23
5,24,1.81429130140682,3.323127611162544,-4.026340614604916,35.36583094981527,4.0,1.511,1615.968,23
5,24,1.81429130140682,3.7406959680621785,-0.0018999096130765,35.43976349473542,0.0006,3.742,1626.281,23
5,24,1.81429130140682,3.3204130782719594,-4.024098278687543,35.413161373313415,4.0,1.509,1636.531,23
5,24,1.81429130140682,3.737608572220857,-0.003291196705584,35.478760920785575,0.0006,3.738,1646.703,23
5,24,1.81429130140682,3.3171865848346727,-4.025002527964018,35.45920480249923,4.0,1.505,1656.968,23
5,24,1.81429130140682,3.711467350450581,-0.0025786979909415,35.89999343014754,0.0006,3.712,1830.89,23
5,24,1.81429130140682,3.290478542837582,-4.025076659780506,35.86929957553002,4.0,1.48,1841.109,23
5,24,1.81429130140682,3.731581092605498,-0.0019382016976133,35.60262485859797,0.0006,3.732,1687.609,23
5,24,1.81429130140682,3.31091757350934,-4.026318666823565,35.553808668312634,4.0,1.5,1697.828,23
5,24,1.81429130140682,3.728523599280968,0.0019595254465534,35.635412826255404,0.0006,3.73,1708.047,23
5,24,1.81429130140682,3.307715872047344,-4.025545636540876,35.58421302489167,4.0,1.497,1718.312,23
5,24,1.81429130140682,3.725701836057792,-0.0024088295291058,35.6549937795975,0.0006,3.726,1728.593,23
5,24,1.81429130140682,3.3046802160155417,-4.02431242335768,35.67366361803628,4.0,1.493,1738.89,23
5,24,1.81429130140682,3.8032358238975448,-0.0009973431169183,34.477399130132255,0.0006,3.804,1257.968,23
5,24,1.81429130140682,3.3800382090098338,-4.026017766286682,34.47813515763636,4.0,1.567,1268.25,23
5,24,1.81429130140682,3.719763193630069,0.0006624282869904,35.79155385221582,0.0006,3.72,1769.531,23
5,24,1.81429130140682,3.2990397175620525,-4.024462427950577,35.76530883341737,4.0,1.487,1779.781,23
5,24,1.81429130140682,3.716777398152824,-0.0020047676049744,35.818180808480946,0.0006,3.718,1789.937,23
5,24,1.81429130140682,3.2959853051513384,-4.024303227421998,35.81703290939405,4.0,1.485,1800.187,23
5,24,1.81429130140682,3.714167389856677,-0.0005813775382565,35.854065192069584,0.0006,3.715,1810.406,23
5,24,1.81429130140682,3.293103120029389,-4.025657351551097,35.808430971326786,4.0,1.483,1820.64,23
5,24,1.81429130140682,3.6918680053865023,-0.0001652349355232,36.19640156563872,0.0006,3.692,1994.328,23
5,24,1.81429130140682,3.270173931515908,-4.02817049167168,36.2012186613167,4.0,1.46,2004.515,23
5,24,1.81429130140682,3.708746323743733,-0.0023772220489755,35.91519485841197,0.0004,3.71,1851.359,23
5,24,1.81429130140682,3.287837392402756,-4.025307419325089,35.91035053159873,4.0,1.476,1861.609,23
5,24,1.81429130140682,3.7060270700788167,-0.000170598229401,35.94255145246374,0.0006,3.707,1871.843,23
5,24,1.81429130140682,3.285162751279661,-4.024065637921282,35.98081979119508,4.0,1.475,1882.031,23
5,24,1.81429130140682,3.703806569882708,-0.000587530828503,35.98701243851728,0.0006,3.705,1892.265,23
5,24,1.81429130140682,3.282640316278425,-4.024808947574439,35.99986262210764,4.0,1.472,1902.5,23
5,24,1.81429130140682,3.683265226087941,-0.0020223341884242,36.36572413483059,0.0006,3.684,2076.375,23
5,24,1.81429130140682,3.261080951579548,-4.026426367540083,36.367660160681226,4.0,1.451,2086.609,23
5,24,1.81429130140682,3.698789650384986,0.0013480965800403,36.049534714019465,0.0006,3.699,1933.078,23
5,24,1.81429130140682,3.277313518422017,-4.025325646067456,36.07394775786971,4.0,1.466,1943.328,23
5,24,1.81429130140682,3.696335806685087,0.0009992503388491,36.12554369979126,0.0006,3.696,1953.515,23
5,24,1.81429130140682,3.274928713537224,-4.0252628358174025,36.11499291519405,4.0,1.464,1963.687,23
5,24,1.81429130140682,3.6941318073979854,-0.000578888558536,36.158553914478574,0.0006,3.695,1973.922,23
5,24,1.81429130140682,3.2726850613282434,-4.023979748782815,36.115821870624536,4.0,1.461,1984.125,23
5,24,1.81429130140682,3.6755464488221774,0.0009703314167095,36.52968043524397,0.0006,3.676,2158.656,23
5,24,1.81429130140682,3.252225782998486,-4.026454686270841,36.49696880178262,4.0,1.441,2168.953,23
5,24,1.81429130140682,3.689881454591326,-0.0026273469290186,36.24380901110712,0.0006,3.69,2014.812,23
5,24,1.81429130140682,3.2678273394739805,-4.024039665655373,36.2273255366886,4.0,1.457,2025.093,23
5,24,1.81429130140682,3.68758896228074,-0.0034049516602996,36.28161439086559,0.0004,3.688,2035.359,23
5,24,1.81429130140682,3.265400206520527,-4.025896648686246,36.27885102737304,4.0,1.455,2045.593,23
5,24,1.81429130140682,3.6853430771260056,-0.001978496769934,36.30519056096066,0.0006,3.686,2055.797,23
5,24,1.81429130140682,3.263087245117002,-4.026699250443726,36.28975507950884,4.0,1.453,2066.062,23
5,24,1.81429130140682,3.746742587024937,0.0002317776490371,35.35066386931324,0.0006,3.747,1585.312,23
5,24,1.81429130140682,3.326279040419948,-4.025548715654715,35.306350019275115,4.0,1.514,1595.484,23
5,24,1.81429130140682,3.6813809325539952,-0.0010365340077537,36.42403488385054,0.0006,3.682,2096.937,23
5,24,1.81429130140682,3.2589936748539814,-4.026435713626269,36.38580576861008,4.0,1.449,2107.156,23
5,24,1.81429130140682,3.679506963393347,-0.0007156211538254,36.45538743969509,0.0006,3.68,2117.484,23
5,24,1.81429130140682,3.2568976410053043,-4.026894993406483,36.43903953188093,4.0,1.447,2127.781,23
5,24,1.81429130140682,3.6774702013022416,-0.0001459206431098,36.4916292977431,0.0006,3.678,2138.062,23
5,24,1.81429130140682,3.2546327899776704,-4.026735825333907,36.460779318348735,4.0,1.445,2148.328,23
5,24,1.81429130140682,3.6607507189363537,-0.0004874928935961,36.84226124182466,0.0006,3.661,2322.672,23
5,24,1.81429130140682,3.2349119591323863,-4.024508874528125,36.84465991761421,4.0,1.427,2332.875,23
5,24,1.81429130140682,3.673623419321301,-0.0027153921715502,36.51615971601917,0.0006,3.674,2179.234,23
5,24,1.81429130140682,3.2501455806209267,-4.024470060181535,36.53295374297007,4.0,1.44,2189.484,23
5,24,1.81429130140682,3.671886681323981,-0.0020742578378119,36.58427627281766,0.0006,3.672,2199.828,23
5,24,1.81429130140682,3.2480962354370893,-4.025835727948585,36.61117017971551,4.0,1.439,2210.062,23
5,24,1.81429130140682,3.669860934243633,-0.0020693969458092,36.64318541560987,0.0006,3.67,2220.328,23
5,24,1.81429130140682,3.245705466005812,-4.024226794540735,36.63408137688401,4.0,1.437,2230.578,23
5,24,1.81429130140682,3.653692775022839,0.0010543133516553,37.04305472679434,0.0006,3.653,2404.64,23
5,24,1.81429130140682,3.2259295011991136,-4.025045007046641,37.033535798577454,4.0,1.417,2414.812,23
5,24,1.81429130140682,3.666296413892595,0.0001958893608468,36.757142773127946,0.0006,3.667,2261.484,23
5,24,1.81429130140682,3.2415821647794014,-4.025759194898869,36.785091527434105,4.0,1.432,2271.656,23
5,24,1.81429130140682,3.664373392711272,0.0013172849399841,36.81514439915743,0.0006,3.664,2281.812,23
5,24,1.81429130140682,3.239182398182737,-4.02594884840651,36.77905834911486,4.0,1.429,2292.047,23
5,24,1.81429130140682,3.6626153985089096,-0.0001789883011095,36.83094594469368,0.0006,3.663,2302.265,23
5,24,1.81429130140682,3.2371642662911984,-4.025584836095032,36.80011959613369,4.0,1.429,2312.484,23
5,24,1.81429130140682,3.6460289013232927,-0.0026464144624692,37.22879604886543,0.0006,3.645,2486.547,23
5,24,1.81429130140682,3.215823718715884,-4.025397532585174,37.21833495999429,4.0,1.409,2496.781,23
5,24,1.81429130140682,3.658945312382116,-0.0047449378931772,36.89947730465805,0.0006,3.659,2343.078,23
5,24,1.81429130140682,3.232254874166366,-4.026367545282083,36.90332266525334,4.0,1.425,2353.359,23
5,24,1.81429130140682,3.6572013780670103,0.0004084879574746,36.93593671642611,0.0006,3.657,2363.609,23
5,24,1.81429130140682,3.229993262521134,-4.023690324945575,36.93114983857798,4.0,1.421,2373.89,23
5,24,1.81429130140682,3.655583413519197,-0.0003177395996787,37.00162204577537,0.0006,3.655,2384.172,23
5,24,1.81429130140682,3.227976189909017,-4.025013176717985,37.00402242287259,4.0,1.419,2394.406,23
5,24,1.81429130140682,3.701053622877936,-0.0021901908020835,36.0095011778072,0.0006,3.702,1912.672,23
5,24,1.81429130140682,3.280040408540972,-4.02492705450864,36.008240042703875,4.0,1.469,1922.875,23
5,24,1.81429130140682,3.651822839458404,0.0003115670637464,37.09699775490923,0.0006,3.651,2425.015,23
5,24,1.81429130140682,3.223161697667545,-4.023692096691156,37.05857559983278,4.0,1.416,2435.281,23
5,24,1.81429130140682,3.649806755712013,-0.0008588321057175,37.157562202782174,0.0006,3.649,2445.547,23
5,24,1.81429130140682,3.2208833279539872,-4.025157871408164,37.13677305370393,4.0,1.415,2455.765,23
5,24,1.81429130140682,3.647722690955837,-6.026882245060962e-06,37.17223450466538,0.0006,3.647,2465.937,23
5,24,1.81429130140682,3.2183169995771967,-4.023549942153778,37.17391326801278,4.0,1.412,2476.25,23
5,24,1.81429130140682,3.627830248255426,-0.0010399304318501,37.66273809691167,0.0006,3.625,2650.359,23
5,24,1.81429130140682,3.192289867721415,-4.024049043657203,37.69555823160496,4.0,1.388,2660.547,23
5,24,1.81429130140682,3.643691640959157,-0.0003434624064607,37.32482288840809,0.0004,3.643,2506.906,23
5,24,1.81429130140682,3.212620216554157,-4.0267407507688855,37.28429396785849,4.0,1.405,2517.203,23
5,24,1.81429130140682,3.641821540710608,-0.0008176115311935,37.39242568393802,0.0006,3.641,2527.453,23
5,24,1.81429130140682,3.2101041345395203,-4.027070968611572,37.35625164519466,4.001,1.403,2537.734,23
5,24,1.81429130140682,3.639563730850924,-0.0002371171681284,37.42071721022669,0.0004,3.639,2548.047,23
5,24,1.81429130140682,3.207620786547736,-4.024809938655593,37.41435661763364,4.001,1.402,2558.281,23
5,24,1.81429130140682,3.61649374652144,-0.0017782630926111,37.88743038335668,0.0004,3.613,2732.14,23
5,24,1.81429130140682,3.1775551499262584,-4.025550678140807,37.910145709481725,4.0,1.375,2742.39,23
5,24,1.81429130140682,3.634964801777072,-0.0017156075434266,37.495919853065125,0.0006,3.633,2588.953,23
5,24,1.81429130140682,3.201645875340191,-4.023516895064587,37.50250912902231,4.0,1.396,2599.156,23
5,24,1.81429130140682,3.632666556718492,-0.0011230399766308,37.56072795213447,0.0006,3.631,2609.406,23
5,24,1.81429130140682,3.198150948599705,-4.026458900398653,37.55509916099695,4.0,1.394,2619.718,23
5,24,1.81429130140682,3.6300300446089175,0.0010340559685406,37.611045956207136,0.0006,3.629,2629.875,23
5,24,1.81429130140682,3.1952511084635447,-4.025821145014339,37.63875373171772,4.001,1.391,2640.078,23
5,24,1.81429130140682,3.602526548614132,-0.0010746045579123,38.18957659386963,0.0006,3.599,2813.984,23
5,24,1.81429130140682,3.159262124288528,-4.027026940147312,38.17241773451067,4.0,1.358,2824.172,23
5,24,1.81429130140682,3.625098497990459,-0.0008347632465989,37.77142074765522,0.0006,3.623,2670.781,23
5,24,1.81429130140682,3.1888065800143663,-4.027218524866765,37.75948568759768,4.0,1.385,2680.984,23
5,24,1.81429130140682,3.622348714847104,0.0001616858370189,37.807288684888654,0.0006,3.62,2691.187,23
5,24,1.81429130140682,3.184907007456153,-4.025244286573725,37.77789865737886,4.001,1.381,2701.453,23
5,24,1.81429130140682,3.619190470926629,0.0023280957840123,37.829595751475125,0.0006,3.616,2711.703,23
5,24,1.81429130140682,3.181280500647025,-4.024234195491792,37.835727832868415,4.0,1.378,2721.875,23
5,24,1.81429130140682,3.66809928948154,-0.0001858354152413,36.71760299467983,0.0006,3.668,2240.922,23
5,24,1.81429130140682,3.243664809890028,-4.0267267558115805,36.71634522406918,4.0,1.434,2251.218,23
5,24,1.81429130140682,3.6132874589969393,-0.0016173972968943,37.9298332580179,0.0006,3.61,2752.593,23
5,24,1.81429130140682,3.173384480662329,-4.027627646030046,37.924431166113074,4.0,1.371,2762.812,23
5,24,1.81429130140682,3.6098208360679753,-0.0025257685137906,38.008869491552886,0.0006,3.607,2773.0,23
5,24,1.81429130140682,3.1685430857994814,-4.022809324941313,38.027725657647935,4.0,1.368,2783.25,23
5,24,1.81429130140682,3.606304609256685,-0.0008648389824441,38.074441123094175,0.0006,3.603,2793.453,23
5,24,1.81429130140682,3.16340282737566,-4.023655527642827,38.10483323012597,4.0,1.364,2803.765,23
5,24,1.81429130140682,3.5602058494633475,-0.0006281219601377,38.65181247026843,0.0004,3.554,2977.734,23
5,24,1.81429130140682,3.100135338100513,-4.026952231698925,38.63841913605456,4.0,1.306,2988.0,23
5,24,1.81429130140682,3.5989798322374416,-0.0024486265539808,38.252387828013646,0.0006,3.595,2834.437,23
5,24,1.81429130140682,3.1534548379091496,-4.02590689092061,38.25099666567949,4.0,1.353,2844.75,23
5,24,1.81429130140682,3.594327101010734,-0.0005881519518201,38.30749203684583,0.0006,3.59,2854.906,23
5,24,1.81429130140682,3.147851291835129,-4.025695809861817,38.30460730814442,4.0,1.347,2865.125,23
5,24,1.81429130140682,3.590174826458269,0.0003497130729724,38.37190702637911,0.0006,3.585,2875.375,23
5,24,1.81429130140682,3.1421172272883267,-4.0248108503268645,38.318805621181184,4.0,1.343,2885.547,23
5,24,1.81429130140682,3.517619786603722,1.868456349933397e-05,39.01375591634777,0.0006,3.51,3059.578,23
5,24,1.81429130140682,3.038966956466524,-4.024936706638297,39.02224858314638,4.0,1.252,3069.812,23
5,24,1.81429130140682,3.5805759636466576,-0.0002539677039219,38.42768272148209,0.0006,3.575,2916.297,23
5,24,1.81429130140682,3.128278706622152,-4.024739689674753,38.475341354367465,4.0,1.33,2926.515,23
5,24,1.81429130140682,3.5745821228214467,-0.0002656285390472,38.53233510497113,0.0006,3.569,2936.75,23
5,24,1.81429130140682,3.11995622594499,-4.025177684290809,38.50943172112494,4.0,1.326,2947.0,23
5,24,1.81429130140682,3.567903955062944,-0.0010913887350432,38.56375164541505,0.0006,3.562,2957.234,23
5,24,1.81429130140682,3.110600289161714,-4.0263605285453465,38.56357308542625,4.0,1.315,2967.468,23
5,24,1.81429130140682,3.439092283647016,-0.0014309764464678,39.31554362488029,0.0006,3.428,3141.328,23
5,24,1.81429130140682,2.929017151847577,-4.025184550069352,39.35169684269142,4.0,1.156,3151.547,23
5,24,1.81429130140682,3.5521064866848744,0.0003965827518768,38.72767937925439,0.0006,3.545,2998.25,23
5,24,1.81429130140682,3.088063579378865,-4.026127810354062,38.71803852436209,4.0,1.297,3008.578,23
5,24,1.81429130140682,3.5421161645005963,-0.0021359552566799,38.789007395229575,0.0006,3.536,3018.75,23
5,24,1.81429130140682,3.0739258276608896,-4.02629228038774,38.80239642454942,4.0,1.284,3028.984,23
5,24,1.81429130140682,3.530907287264305,-0.0013348132989426,38.90469310175924,0.0006,3.523,3039.203,23
5,24,1.81429130140682,3.058103544478278,-4.026056772397517,38.94183344522201,4.0,1.27,3049.39,23
5,24,1.81429130140682,3.637411693390946,-0.0015598046056431,37.44025539478718,0.0006,3.637,2568.484,23
5,24,1.81429130140682,3.204482697523238,-4.026673710175476,37.48267150732063,4.0,1.399,2578.734,23
5,24,1.81429130140682,3.502601172945353,-0.0001985161168513,39.0397045559062,0.0006,3.493,3080.047,23
5,24,1.81429130140682,3.016681875880173,-4.024604727905742,39.07103255374409,4.0,1.233,3090.343,23
5,24,1.81429130140682,3.4842637318374563,0.0004505556332351,39.15550118853109,0.0006,3.473,3100.547,23
5,24,1.81429130140682,2.991775348438353,-4.025493491523349,39.14948477311772,4.0,1.21,3110.734,23
5,24,1.81429130140682,3.4635316203217643,-0.0023250155893124,39.26080769414192,0.0006,3.453,3120.984,23
5,24,1.81429130140682,2.963468760968435,-4.0252227631670525,39.22226516969215,4.0,1.184,3131.14,23
5,24,1.81429130140682,2.926618813262607,-0.000238615152056,40.50353589683616,0.0006,2.864,3304.89,23
5,24,1.81429130140682,1.9095478812878095,-4.015486998692293,40.58179486745524,4.0,0.363,3315.156,23
5,24,1.81429130140682,3.410131470544629,-0.0008049745819692,39.44239463382636,0.0006,3.398,3161.781,23
5,24,1.81429130140682,2.889962393017385,-4.025881482506703,39.456582549999865,4.0,1.121,3171.968,23
5,24,1.81429130140682,3.376192346318064,-0.0019993591923156,39.55633909025416,0.0006,3.363,3182.156,23
5,24,1.81429130140682,2.843274120759661,-4.025646896730381,39.56938918646942,4.0,1.078,3192.375,23
5,24,1.81429130140682,3.33568873111629,0.0008648280492389,39.62590111581705,0.0006,3.32,3202.578,23
5,24,1.81429130140682,2.7872266935788725,-4.025510326375727,39.68303017095808,4.0,1.028,3212.843,23
5,24,1.81429130140682,3.078073155173967,-0.0014755084837062,39.970817803376015,0.0006,0.0,3388.297,23
5,24,1.81429130140682,3.0975869742578337,0.0002856049413847,39.81194692594929,0.0006,0.0,3398.922,23
5,24,1.81429130140682,3.2267231617999275,-0.0006989819620833,39.92429237726415,0.0006,3.206,3243.515,23
5,24,1.81429130140682,2.630173292984382,-4.026335483497316,39.99147231188042,4.0,0.895,3253.703,23
5,24,1.81429130140682,3.153403222505448,-0.0023843373817374,40.09222719624909,0.0006,3.128,3263.953,23
5,24,1.81429130140682,2.496293672334162,-4.026287442897496,40.14017609895572,4.0,0.794,3274.14,23
5,24,1.81429130140682,3.053620247387851,-0.0023063272027701,40.2602376826634,0.0006,3.018,3284.328,23
5,24,1.81429130140682,2.2550305399712185,-4.024847533848374,40.32930622389056,4.0,0.632,3294.593,23
5,24,1.81429130140682,3.180119659699052,-0.0013084492728918,38.67957904942328,0.0006,0.0,3473.39,23
5,24,1.81429130140682,3.187545191212936,-0.0003713114964809,38.5439098008026,0.0006,0.0,3484.0,23
5,24,1.81429130140682,2.804641261849472,0.0022799084149205,40.762597974826,0.0006,-0.0,3325.5,23
5,24,1.81429130140682,2.9057327734645817,-0.0042779847797039,40.71606419899441,0.0006,0.001,3335.937,23
5,24,1.81429130140682,2.9591937555967496,0.0006837115784653,40.53920790519985,0.0006,0.0,3346.25,23
5,24,1.81429130140682,2.9978437877885638,-0.0010633336412837,40.396407492842656,0.0006,0.001,3356.625,23
5,24,1.81429130140682,3.029099205330524,-0.0006116618388262,40.20944943902167,0.0006,0.0,3367.093,23
5,24,1.81429130140682,3.055609514958164,-0.0003321365438063,40.09686975577937,0.0004,0.001,3377.64,23
5,24,1.81429130140682,3.5856730870612665,-0.0024841696988359,38.38297102550833,0.0006,3.581,2895.812,23
5,24,1.81429130140682,3.1356145920006857,-4.024186374892049,38.39606546317642,4.0,1.339,2906.031,23
5,24,1.81429130140682,3.1146941444552256,0.0004594614314585,39.66767812980705,0.0004,-0.0,3409.562,23
5,24,1.81429130140682,3.129227712294681,-0.0025063477205077,39.500475302670345,0.0004,0.0,3420.25,23
5,24,1.81429130140682,3.142033663154904,-0.0014294887482577,39.352248905950674,0.0004,0.0,3430.797,23
5,24,1.81429130140682,3.1532899053893275,-0.0017340149019264,39.1637799953896,0.0006,0.0,3441.437,23
5,24,1.81429130140682,3.163132022539708,-0.0029001687811968,39.02179170118713,0.0006,0.0,3452.109,23
5,24,1.81429130140682,3.1719647768808152,-0.0022494213996407,38.85167658596,0.0006,0.0,3462.734,23
5,24,1.81429130140682,3.255455802554884,-0.0024990751018908,36.349984629235976,0.0006,0.0,3643.765,23
5,24,1.81429130140682,3.258492223300709,-0.0024861956399186,36.22380113787433,0.0006,-0.0,3654.5,23
5,24,1.81429130140682,3.194280664697454,-0.0012259951442236,38.3637235409269,0.0004,0.0,3494.64,23
5,24,1.81429130140682,3.200679200600849,-0.0020232154612203,38.2085580756539,0.0006,-0.0,3505.406,23
5,24,1.81429130140682,3.2065611640420992,-0.0018187595535358,38.05287341153919,0.0004,0.0,3516.047,23
5,24,1.81429130140682,3.211888711164205,-0.0024484544023315,37.90670072071075,0.0006,0.0,3526.656,23
5,24,1.81429130140682,3.2169906166411995,-0.0031197699070384,37.76209960820611,0.0004,-0.0,3537.328,23
5,24,1.81429130140682,3.2218779202051344,-0.0017789152653197,37.60860326159992,0.0006,0.0,3547.968,23
5,24,1.81429130140682,3.276187492514479,-0.0051258539502148,35.39482050878656,0.0006,-0.0,3729.078,23
5,24,1.81429130140682,3.2784599893707145,-0.0018580490516836,35.27601308153523,0.0006,-0.0,3739.781,23
5,24,1.81429130140682,3.2346892596906973,-0.0029673088387321,37.169041026569786,0.0006,0.0,3579.906,23
5,24,1.81429130140682,3.23863773522832,-0.0018079889316549,37.01992384515816,0.0006,-0.0,3590.578,23
5,24,1.81429130140682,3.242208018305984,-0.0022583173013725,36.87271299289323,0.0006,0.0,3601.203,23
5,24,1.81429130140682,3.245808471541741,2.969276926809466e-05,36.73942844420374,0.0006,-0.0,3611.859,23
5,24,1.81429130140682,3.2492325073093444,-0.0015374839232297,36.60293156353687,0.0004,0.0,3622.5,23
5,24,1.81429130140682,3.2524672699723527,-0.0015884302484096,36.46373412949338,0.0006,-0.0,3633.172,23
5,24,1.81429130140682,3.291665198440505,-0.0037711978529975,34.534352049801804,0.0006,0.0,3814.406,23
5,24,1.81429130140682,3.293399107927222,-0.0052593847957758,34.44155607662031,0.0004,-0.0,3825.14,23
5,24,1.81429130140682,3.2613963143090787,-0.0005345182990149,36.08828169165206,0.0006,-0.0,3665.109,23
5,24,1.81429130140682,3.2639508622877167,-0.0011699154516828,35.98175782119761,0.0006,0.0,3675.718,23
5,24,1.81429130140682,3.2666339018374484,-0.0022712360165416,35.86611563145817,0.0006,0.0,3686.453,23
5,24,1.81429130140682,3.2691223770454743,-0.0024962152690648,35.743802044786946,0.0006,0.0,3697.093,23
5,24,1.81429130140682,3.271793699228267,-0.0028752266169039,35.62703251185802,0.0006,0.0,3707.734,23
5,24,1.81429130140682,3.2741384494278423,-0.0052637576119609,35.507939508883645,0.0006,0.0,3718.39,23
5,24,1.81429130140682,3.28659852772912,-0.000791259559216,39.78383542470855,0.0006,3.271,3223.062,23
5,24,1.81429130140682,2.7188624675812125,-4.025027624761884,39.80304073403719,4.0,0.969,3233.328,23
5,24,1.81429130140682,3.280443844651179,-0.0049404204458593,35.15997380310386,0.0006,-0.0,3750.39,23
5,24,1.81429130140682,3.2826020260814484,-0.0039229982299025,35.053265660549506,0.0004,0.0,3761.047,23
5,24,1.81429130140682,3.2842260474383544,-0.0006328465119323,34.97231022976264,0.0004,0.0,3771.687,23
5,24,1.81429130140682,3.2863340339717557,0.0010836447558631,34.8457566787571,0.0006,-0.0,3782.328,23
5,24,1.81429130140682,3.288421890551653,-0.0051405319091945,34.73812260834551,0.0006,-0.0,3792.968,23
5,24,1.81429130140682,3.289987976053357,-0.0022596099074303,34.646819917868136,0.0006,0.0,3803.656,23
5,24,1.81429130140682,3.312625167265477,-0.0026820683037517,33.12539043295912,0.0004,0.0,3984.437,23
5,24,1.81429130140682,3.313824936043282,-0.0029213037122623,33.03323169185058,0.0004,0.0,3995.062,23
5,24,1.81429130140682,3.2950510869431238,0.0019226273826324,34.32939084794494,0.0006,0.0,3835.765,23
5,24,1.81429130140682,3.29655540113339,-0.0023960957820661,34.24210489806529,0.0006,0.0,3846.422,23
5,24,1.81429130140682,3.2980163202340527,-0.0012362366364206,34.15483143675679,0.0006,0.0,3857.015,23
5,24,1.81429130140682,3.2994730071033125,-0.0021835690047025,34.059052828185905,0.0006,0.0,3867.593,23
5,24,1.81429130140682,3.3007598313546542,-0.0031173982024605,33.966596189520544,0.0006,0.0,3878.203,23
5,24,1.81429130140682,3.302273344148079,0.0006986437054577,33.87544802104101,0.0006,-0.0,3888.859,23
5,24,1.81429130140682,3.320185703349845,-0.0020064131350078,32.52066772331335,0.0006,0.0,4069.609,23
5,24,1.81429130140682,3.320866492804689,-0.0015976078592331,32.45721540955621,0.0006,0.0,4080.234,23
5,24,1.81429130140682,3.30610198214874,-0.0016360297692173,33.61135442410868,0.0006,0.0,3920.718,23
5,24,1.81429130140682,3.3072917765790897,-0.0036769579116129,33.53113921631807,0.0006,-0.0,3931.359,23
5,24,1.81429130140682,3.308382984331948,-0.0012533833945026,33.442301384447426,0.0006,0.0,3942.0,23
5,24,1.81429130140682,3.3095534860799853,-0.0047136286253831,33.373787844714094,0.0006,0.0,3952.609,23
5,24,1.81429130140682,3.310669052493203,-0.0013134024940127,33.26970532716362,0.0006,0.0,3963.187,23
5,24,1.81429130140682,3.311752309802025,-0.0032115362255104,33.20395235040121,0.0006,0.0,3973.828,23
5,24,1.81429130140682,3.326094942069069,-0.0024939927441191,31.97831059219916,0.0004,-0.0,4155.062,23
5,24,1.81429130140682,3.326797196796646,-0.0008317875302814,31.920449330401464,0.0006,0.0,4165.765,23
5,24,1.81429130140682,3.3150134026906763,-0.0001401387983642,32.95301777891021,0.0004,-0.0,4005.718,23
5,24,1.81429130140682,3.315662740295962,-0.0008921430234076,32.87682339597697,0.0004,0.0,4016.343,23
5,24,1.81429130140682,3.316619250585108,-0.002734690867999,32.81002838692707,0.0004,0.0,4026.953,23
5,24,1.81429130140682,3.3175631768170595,-0.0012186522433954,32.73506334597971,0.0006,-0.0,4037.593,23
5,24,1.81429130140682,3.3182881007397405,-0.0018024147150879,32.653213960739905,0.0006,0.0,4048.312,23
5,24,1.81429130140682,3.3193178349843717,0.0010241284884316,32.6038095200863,0.0004,-0.0,4058.968,23
5,24,1.81429130140682,3.2262599652520225,-0.0043993138209359,37.455083667709424,0.0006,0.0,3558.578,23
5,24,1.81429130140682,3.2306679324216554,-0.0024331897300928,37.31811636856789,0.0006,-0.0,3569.218,23
5,24,1.81429130140682,3.321830796014693,-0.0016565930203584,32.38659827202995,0.0006,-0.0,4090.906,23
5,24,1.81429130140682,3.3226068597316547,-0.0019500153554051,32.32083882568152,0.0006,-0.0,4101.578,23
5,24,1.81429130140682,3.323331489426769,-0.0022617340224203,32.25267393256329,0.0006,0.0,4112.312,23
5,24,1.81429130140682,3.323932782549803,-0.0015532989066769,32.180169904863924,0.0004,-0.0,4123.031,23
5,24,1.81429130140682,3.324754176646789,-0.0013891648210227,32.13025148481595,0.0006,0.0,4133.718,23
5,24,1.81429130140682,3.325414521273615,-0.0029232343182947,32.04954606436813,0.0006,-0.0,4144.406,23
5,24,1.81429130140682,3.335221976257969,-0.0011589601336109,31.06728670168314,0.0006,-0.0,4325.64,23
5,24,1.81429130140682,3.335666734916336,-0.0013272594973675,31.030024396776607,0.0006,0.0,4336.343,23
5,24,1.81429130140682,3.327431997550132,-0.0016902581836094,31.86184821355028,0.0006,-0.0,4176.422,23
5,24,1.81429130140682,3.3280457462749924,-0.0026261690558173,31.80058978090896,0.0004,0.0,4187.062,23
5,24,1.81429130140682,3.328750712312259,-0.0019080041676914,31.73274192134948,0.0006,0.0,4197.703,23
5,24,1.81429130140682,3.329282078434982,-0.001700099925201,31.684031613946395,0.0004,0.0,4208.297,23
5,24,1.81429130140682,3.329859894400876,-0.0025958148840231,31.60982880819252,0.0006,0.0,4218.984,23
5,24,1.81429130140682,3.330409708128746,-0.0040953529565039,31.552683743438248,0.0006,0.0,4229.609,23
5,24,1.81429130140682,3.338626178641986,-0.0002112382193155,30.67765353619897,0.0006,-0.0,4410.718,23
5,24,1.81429130140682,3.33898577870675,-0.0003323663350346,30.637433015996876,0.0006,0.0,4421.437,23
5,24,1.81429130140682,3.332112409149832,-0.0003819642231745,31.396474560118264,0.0004,0.0,4261.609,23
5,24,1.81429130140682,3.3327234305099385,9.26014647479111e-05,31.32650156388141,0.0004,0.0,4272.375,23
5,24,1.81429130140682,3.333225959183133,0.0002336540612964,31.27463102083662,0.0006,0.0,4283.047,23
5,24,1.81429130140682,3.3336897746238416,-0.0031148350129016,31.22491576667151,0.0006,0.0,4293.718,23
5,24,1.81429130140682,3.334252202722549,-0.0001424658854427,31.17341948743517,0.0006,0.0,4304.359,23
5,24,1.81429130140682,3.3346943252809944,-0.0003550111331362,31.122722789258184,0.0006,0.0,4315.015,23
5,24,1.81429130140682,3.341696418978942,-0.0006193864355233,30.35182031417063,0.0004,0.0,4495.953,23
5,24,1.81429130140682,3.342058602813594,0.0003083650074085,30.313836131512016,0.0006,0.0,4506.625,23
5,24,1.81429130140682,3.3359961483883294,-0.0020639065517028,30.972938039673643,0.0006,0.0,4346.953,23
5,24,1.81429130140682,3.3365623455884386,-0.0026084948505742,30.92742757996964,0.0006,0.0,4357.578,23
5,24,1.81429130140682,3.3368643294536477,-0.0026676593461868,30.888549906708786,0.0006,0.0,4368.172,23
5,24,1.81429130140682,3.337509816329016,-0.0001051375327614,30.82788266108872,0.0006,0.0,4378.812,23
5,24,1.81429130140682,3.3377966765930256,-0.0019236254234516,30.77929033095852,0.0006,0.0,4389.437,23
5,24,1.81429130140682,3.338269230294102,-0.001631691457619,30.733698520582244,0.0006,0.0,4400.047,23
5,24,1.81429130140682,3.303536842184016,-0.0038419429987581,33.786367986371026,0.0006,0.0,3899.453,23
5,24,1.81429130140682,3.304769469382981,-0.0033880256836274,33.704155898576225,0.0006,0.0,3910.078,23
5,24,1.81429130140682,3.3394667242889984,-0.0015701314767729,30.60058143909023,0.0004,0.0,4432.078,23
5,24,1.81429130140682,3.339845216526504,-0.0005013876905052,30.556033450444914,0.0006,-0.0,4442.718,23
5,24,1.81429130140682,3.3402848538689605,-0.0009217601507796,30.50826378872016,0.0006,0.0,4453.375,23
5,24,1.81429130140682,3.3406078010985056,-0.000835772669712,30.463810162704046,0.0006,0.0,4464.015,23
5,24,1.81429130140682,3.340943289358886,-0.0012960475909663,30.433657836387148,0.0006,0.0,4474.687,23
5,24,1.81429130140682,3.341329609551826,-0.0018021478937719,30.38943956573637,0.0004,0.0,4485.328,23
5,24,1.81429130140682,3.34674904089544,-0.0024109289973161,29.76743719194845,0.0004,0.0,4666.453,23
5,24,1.81429130140682,3.34717286443213,-0.0010251022235889,29.72865768967912,0.0006,0.0,4677.109,23
5,24,1.81429130140682,3.342335583354747,-0.0017494961675141,30.27321173970835,0.0004,0.0,4517.281,23
5,24,1.81429130140682,3.342733914078426,-0.0002854746893127,30.236231619792623,0.0006,0.0,4527.922,23
5,24,1.81429130140682,3.343071191293163,-0.0029656674695918,30.199091127805065,0.0004,-0.0,4538.547,23
5,24,1.81429130140682,3.3434362101825883,-0.0019508949000875,30.154766924869968,0.0006,0.0,4549.281,23
5,24,1.81429130140682,3.343737019488892,-0.0018781775974135,30.126303700025225,0.0004,-0.0,4559.922,23
5,24,1.81429130140682,3.344108906355969,-0.0046315371188257,30.0680968225636,0.0006,0.0,4570.609,23
5,24,1.81429130140682,3.3489073982820856,0.0002438072587555,29.52299690525385,0.0004,0.0,4751.672,23
5,24,1.81429130140682,3.349276423936278,-0.0035216816233876,29.48493466826192,0.0006,0.0,4762.343,23
5,24,1.81429130140682,3.345106275279882,-0.0020897866239559,29.9707582235994,0.0006,0.0,4602.5,23
5,24,1.81429130140682,3.3452633033332067,-0.002416974453232,29.936118291086288,0.0006,0.0,4613.14,23
5,24,1.81429130140682,3.3454267858167706,-0.0014337820424043,29.90524895527124,0.0004,0.0,4623.812,23
5,24,1.81429130140682,3.345960186183921,-0.0026231459227853,29.87615016625493,0.0006,0.0,4634.468,23
5,24,1.81429130140682,3.346121512835037,-0.0041020788046324,29.82293515064152,0.0006,0.0,4645.172,23
5,24,1.81429130140682,3.346533080077054,-0.0015586052832529,29.79988996123268,0.0006,0.0,4655.797,23
5,24,1.81429130140682,3.351051192610733,-0.002460399810865,29.30126433500299,0.0004,0.0,4836.906,23
5,24,1.81429130140682,3.3512458714772952,-0.0031443603133468,29.26890995794821,0.0004,0.0,4847.562,23
5,24,1.81429130140682,3.3473396729963296,-0.0011083390294401,29.700128411946476,0.0006,0.0,4687.75,23
5,24,1.81429130140682,3.3476409177856,-0.0016400739000635,29.66884228866818,0.0006,0.0,4698.406,23
5,24,1.81429130140682,3.34782031097715,-0.004001555108431,29.64824306387209,0.0006,-0.0,4709.015,23
5,24,1.81429130140682,3.348211282212469,4.648194711841839e-05,29.60950641765554,0.0006,0.0,4719.718,23
5,24,1.81429130140682,3.3484618779602435,0.0010648616098369,29.577088537980316,0.0004,0.0,4730.359,23
5,24,1.81429130140682,3.3486098816064094,-0.0038780806613214,29.55172477882175,0.0006,-0.0,4741.031,23
5,24,1.81429130140682,3.331034619837049,-0.0010186599320536,31.495347053458385,0.0004,0.0,4240.25,23
5,24,1.81429130140682,3.33155987663889,-0.0013340550819685,31.45039115828203,0.0006,0.0,4250.953,23
5,24,1.81429130140682,3.349505016031241,-0.0024931633705653,29.46612501735765,0.0006,0.0,4772.984,23
5,24,1.81429130140682,3.349566806759978,-0.0028147566958301,29.43609946605924,0.0006,-0.0,4783.625,23
5,24,1.81429130140682,3.3498352451672506,-0.000959785909853,29.40744613094447,0.0006,-0.0,4794.265,23
5,24,1.81429130140682,3.3503480106182426,-0.0019884995144279,29.374250499811005,0.0004,-0.0,4804.937,23
5,24,1.81429130140682,3.3504698253950878,-0.0007094161869159,29.350039884975168,0.0006,0.0,4815.578,23
5,24,1.81429130140682,3.350709324366867,-0.0018540761172247,29.32316385876609,0.0006,0.0,4826.265,23
5,24,1.81429130140682,3.354554875527674,-0.001602415254768,28.899427785326747,0.0004,-0.0,5007.375,23
5,24,1.81429130140682,3.3546964577127296,-0.0044172008438229,28.877746526871142,0.0006,0.0,5018.047,23
5,24,1.81429130140682,3.351499863315709,-0.0017031954833543,29.24649590938978,0.0006,0.0,4858.203,23
5,24,1.81429130140682,3.351657341207046,-0.0029417277959615,29.21185569528117,0.0006,-0.0,4868.859,23
5,24,1.81429130140682,3.351893630217095,-0.0011955175876767,29.188815576230404,0.0004,0.0,4879.484,23
5,24,1.81429130140682,3.3521708184776555,-0.0001963054478048,29.17285858880158,0.0006,0.0,4890.218,23
5,24,1.81429130140682,3.352199100446528,-0.0011642115133894,29.14334286862321,0.0004,0.0,4900.843,23
5,24,1.81429130140682,3.3524724431944786,-0.0015384362446178,29.11808492207553,0.0006,0.0,4911.453,23
5,24,1.81429130140682,3.355956639531122,-0.0025002371576036,28.73994548749119,0.0006,-0.0,5092.64,23
5,24,1.81429130140682,3.3560645252700887,0.0003394075874911,28.721614783911587,0.0006,0.0,5103.297,23
5,24,1.81429130140682,3.3532558631830254,-0.0016243220009915,29.04137133582433,0.0006,0.0,4943.39,23
5,24,1.81429130140682,3.3533392446576498,-0.0008685727334484,29.02165711005556,0.0006,-0.0,4954.109,23
5,24,1.81429130140682,3.3535748334783952,-0.004607000308939,28.99802828984852,0.0006,0.0,4964.797,23
5,24,1.81429130140682,3.3538316024051893,-0.0003286936689197,28.979573170423603,0.0004,0.0,4975.453,23
5,24,1.81429130140682,3.3539693187560964,-0.0023607613832838,28.95746506223393,0.0004,0.0,4986.078,23
5,24,1.81429130140682,3.354161585083795,-0.0020029094172095,28.93183951948152,0.0006,-0.0,4996.75,23
5,24,1.81429130140682,3.3572856454404167,-0.0005472900373519,28.60086362871033,0.0006,0.0,5177.843,23
5,24,1.81429130140682,3.357593562207592,-0.0031337428048612,28.586816259921864,0.0006,-0.0,5188.578,23
5,24,1.81429130140682,3.3549358247903,-0.0010778188255223,28.866555413033087,0.0006,0.0,5028.718,23
5,24,1.81429130140682,3.355070539330371,-0.0022672000589389,28.83975599412742,0.0006,0.0,5039.375,23
5,24,1.81429130140682,3.355203904879114,-0.0016200734625819,28.8268222595708,0.0006,-0.0,5050.015,23
5,24,1.81429130140682,3.3553633875904616,-0.0006296228758133,28.797400337575542,0.0006,-0.0,5060.656,23
5,24,1.81429130140682,3.3555563749799755,-0.0013705157115674,28.77494816727168,0.0006,0.0,5071.312,23
5,24,1.81429130140682,3.3557049490373974,0.0006581311794125,28.752191797544118,0.0004,0.0,5081.937,23
5,24,1.81429130140682,3.3443738525921907,-0.0036350802654006,30.05450091803592,0.0006,0.0,4581.234,23
5,24,1.81429130140682,3.3447708380797243,-0.0018118490094909,30.0054588519975,0.0006,-0.0,4591.89,23
5,24,1.81429130140682,3.3562493275702603,-0.0031068572903411,28.703510345348207,0.0006,0.0,5113.984,23
5,24,1.81429130140682,3.356416089201355,-0.0015001677198159,28.69116023865596,0.0006,-0.0,5124.656,23
5,24,1.81429130140682,3.3566845930293043,-0.0023079247987139,28.675895906273173,0.0004,0.0,5135.297,23
5,24,1.81429130140682,3.356938938403836,-0.0021741939335303,28.64363194360748,0.0004,0.0,5145.922,23
5,24,1.81429130140682,3.35712176723909,-0.0002842439219292,28.63197690933473,0.0006,0.0,5156.578,23
5,24,1.81429130140682,3.3572418645791218,-0.0026103091233897,28.617212564637757,0.0006,-0.0,5167.187,23
5,24,1.81429130140682,3.360059301293646,-0.0022567499012616,28.344453613742257,0.0006,-0.0,5348.39,23
5,24,1.81429130140682,3.360353560420363,-0.0010652876971472,28.32119153042264,0.0006,0.0,5359.047,23
5,24,1.81429130140682,3.3578107314826022,-0.0026605749882219,28.5500744389138,0.0004,0.0,5199.25,23
5,24,1.81429130140682,3.35796558782676,-0.0007508307994336,28.53810073179347,0.0004,0.0,5209.843,23
5,24,1.81429130140682,3.3581540395374696,-0.0012070192186603,28.53121206739284,0.0006,0.0,5220.515,23
5,24,1.81429130140682,3.3582311375732434,-0.0017415725890514,28.51017176267711,0.0004,-0.0,5231.172,23
5,24,1.81429130140682,3.3587429069538803,-0.0024985454923635,28.477278061465675,0.0006,0.0,5241.828,23
5,24,1.81429130140682,3.3585041264224613,-0.0021416221934094,28.4717668264272,0.0004,0.0,5252.453,23
5,24,1.81429130140682,3.3611369704668776,-0.0054122328141104,28.214093204517816,0.0004,-0.0,5433.547,23
5,24,1.81429130140682,3.361538863088007,-0.0040902191204354,28.194266015850765,0.0006,0.0,5444.187,23
5,24,1.81429130140682,3.3591689787202683,-0.0043142708871705,28.43511848384592,0.0004,0.0,5284.437,23
5,24,1.81429130140682,3.3592475143947618,-0.002728937117668,28.40762861101277,0.0006,0.0,5295.078,23
5,24,1.81429130140682,3.3593951195662832,-0.002452309088899,28.38933676352127,0.0006,-0.0,5305.718,23
5,24,1.81429130140682,3.3597560498455152,-0.0030941040121565,28.379353248011864,0.0006,0.0,5316.359,23
5,24,1.81429130140682,3.3598369957210337,-0.0022595673766146,28.364926058989678,0.0004,-0.0,5327.0,23
5,24,1.81429130140682,3.359878893567388,-0.0005601736683351,28.355133735732014,0.0006,-0.0,5337.687,23
5,24,1.81429130140682,3.362393313911178,-0.0022521574355159,28.09826714296789,0.0004,0.0,5518.562,23
5,24,1.81429130140682,3.362696447615407,-0.0021524067209921,28.08699216435167,0.0006,0.0,5529.281,23
5,24,1.81429130140682,3.360582189083132,0.0002355651974753,28.301809526963403,0.0006,0.0,5369.687,23
5,24,1.81429130140682,3.3604058687385288,0.0012226097836791,28.29221460732649,0.0006,0.0,5380.312,23
5,24,1.81429130140682,3.360596988869536,-0.0063574320481649,28.27108713805061,0.0006,0.0,5390.984,23
5,24,1.81429130140682,3.3608309992320287,-0.0008955904400248,28.25880057316105,0.0006,-0.0,5401.625,23
5,24,1.81429130140682,3.360964047473153,-0.0020132903037454,28.24569405938807,0.0006,-0.0,5412.281,23
5,24,1.81429130140682,3.361112281004432,-0.00151200876314,28.246183324697675,0.0004,0.0,5422.922,23
5,24,1.81429130140682,3.3527002315137677,-0.0017851991259445,29.100085257939405,0.0006,0.0,4922.125,23
5,24,1.81429130140682,3.3530289527433395,-0.0019034389434844,29.07621991110648,0.0006,-0.0,4932.718,23
5,24,1.81429130140682,3.361687934030321,-0.0043693690403405,28.181071588864494,0.0006,0.0,5454.797,23
5,24,1.81429130140682,3.36178713400386,-0.0003419333730148,28.168518974863343,0.0004,0.0,5465.422,23
5,24,1.81429130140682,3.3618944298782547,-0.0029087614630907,28.152049701673388,0.0004,0.0,5476.047,23
5,24,1.81429130140682,3.362081522254843,-0.0011742651385058,28.13550185262033,0.0006,0.0,5486.656,23
5,24,1.81429130140682,3.362156329411273,-0.0017287718508083,28.119540802780147,0.0004,0.0,5497.343,23
5,24,1.81429130140682,3.3623768125920086,-0.0016292488908377,28.11803171222155,0.0004,0.0,5507.937,23
5,24,1.81429130140682,3.364658902033884,-0.0018689515659242,27.916878931219102,0.0006,0.0,5688.906,23
5,24,1.81429130140682,3.364652053668362,-0.002328374013689,27.908185491867343,0.0006,0.0,5699.531,23
5,24,1.81429130140682,3.362778838319308,-0.0020838498879322,28.071712384817943,0.0006,0.0,5539.906,23
5,24,1.81429130140682,3.362903655819805,0.002372958802629,28.063257576409228,0.0004,0.0,5550.578,23
5,24,1.81429130140682,3.3630975034191994,-0.0032227707569719,28.05311441193458,0.0004,-0.0,5561.234,23
5,24,1.81429130140682,3.3632380588980664,-0.0026984591410496,28.039385885689857,0.0006,0.0,5571.875,23
5,24,1.81429130140682,3.363280777716162,-0.0014577205565476,28.04167448017529,0.0004,-0.0,5582.515,23
5,24,1.81429130140682,3.363469590947884,-0.0018858718811825,28.021704837941027,0.0006,0.0,5593.156,23
5,24,1.81429130140682,3.365680741682638,-0.0009708246494308,27.822688314419,0.0004,0.0,5774.14,23
5,24,1.81429130140682,3.3657109848416358,-0.0021869636693983,27.81309484371872,0.0006,-0.0,5784.89,23
5,24,1.81429130140682,3.36390988195765,-0.0007341872392196,27.98587683582229,0.0006,-0.0,5625.156,23
5,24,1.81429130140682,3.36397605672454,-0.0005304012607495,27.98547087460938,0.0006,0.0,5635.812,23
5,24,1.81429130140682,3.3640898625398505,-0.004550546800915,27.96663106004272,0.0006,0.0,5646.468,23
5,24,1.81429130140682,3.36417804986194,-0.0009529865088161,27.948133020719368,0.0004,0.0,5657.078,23
5,24,1.81429130140682,3.364362941581099,-0.0011579254487976,27.93517197061752,0.0004,0.0,5667.672,23
5,24,1.81429130140682,3.36437598313922,-0.001313467620804,27.927020252978306,0.0006,0.0,5678.265,23
5,24,1.81429130140682,3.366523653785804,-0.0014822730244505,27.746390955588517,0.0006,-0.0,5859.562,23
5,24,1.81429130140682,3.366678659955144,-0.0008005454773699,27.734408886225143,0.0004,0.0,5870.218,23
5,24,1.81429130140682,3.364934109485293,0.0006632391573459,27.882018847481607,0.0006,0.0,5710.203,23
5,24,1.81429130140682,3.364908252201672,-0.0022368741405147,27.888722409017863,0.0006,0.0,5720.89,23
5,24,1.81429130140682,3.365235560355175,-0.0036886082826406,27.874788947531183,0.0006,0.0,5731.515,23
5,24,1.81429130140682,3.3651438423894477,-0.0038910918064026,27.871583744037142,0.0006,-0.0,5742.156,23
5,24,1.81429130140682,3.365153840150044,-0.0021253311033935,27.8526571168244,0.0006,0.0,5752.797,23
5,24,1.81429130140682,3.365299713725775,-0.0022671885597816,27.83089336859136,0.0004,0.0,5763.437,23
5,24,1.81429130140682,3.3588344728873585,-0.003526636136807,28.46706563179299,0.0006,-0.0,5263.14,23
5,24,1.81429130140682,3.3590321193898056,-0.0021949530155749,28.444349830303327,0.0006,0.0,5273.797,23
5,24,1.81429130140682,3.3658142519006398,-0.0029513974478939,27.803342315666704,0.0004,0.0,5795.593,23
5,24,1.81429130140682,3.3659772571305173,-0.0011401207239106,27.802418049705476,0.0006,0.0,5806.265,23
5,24,1.81429130140682,3.366104614343527,-0.0001134184807331,27.784254605538248,0.0006,0.0,5816.906,23
5,24,1.81429130140682,3.366231961994818,-0.0019444607757195,27.7800199554464,0.0006,0.0,5827.609,23
5,24,1.81429130140682,3.366257152745256,-0.0011444138964984,27.76450980046684,0.0006,-0.0,5838.218,23
5,24,1.81429130140682,3.3664762442961367,-0.0024020402239003,27.761412370669948,0.0006,0.0,5848.859,23
5,24,1.81429130140682,3.368414076029819,-0.0003966045280318,27.6170243337352,0.0004,0.0,6030.0,23
5,24,1.81429130140682,3.368375402610824,-0.0003623322553326,27.616349639347657,0.0006,0.0,6040.672,23
5,24,1.81429130140682,3.3668570912875357,-0.0031945171404686,27.722902001003447,0.0006,0.0,5880.89,23
5,24,1.81429130140682,3.3668922101371157,-0.0024292215989615,27.721511423614185,0.0006,0.0,5891.531,23
5,24,1.81429130140682,3.3669721772217307,-0.0046886694798108,27.716315369193957,0.0004,0.0,5902.218,23
5,24,1.81429130140682,3.3670087768951853,-0.0027279193921683,27.70323149984605,0.0006,0.0,5912.89,23
5,24,1.81429130140682,3.3671603323801658,-0.0017838273604965,27.697785016084826,0.0004,0.0,5923.562,23
5,24,1.81429130140682,3.367401081355013,-0.0024892135000194,27.68518615532687,0.0006,-0.0,5934.187,23
5,24,1.81429130140682,3.369182763959497,-0.0052207268728453,27.565591351561338,0.0004,0.0,6115.25,23
5,24,1.81429130140682,3.36926408027461,-0.0016336067436702,27.560109653719945,0.0006,-0.0,6125.922,23
5,24,1.81429130140682,3.36777346299031,-0.0037563166404179,27.665987030763755,0.0006,0.0,5966.047,23
5,24,1.81429130140682,3.3677739063774235,-0.0007409695309135,27.65921704000743,0.0006,0.0,5976.672,23
5,24,1.81429130140682,3.3678795126486154,-0.0016228533656693,27.647785303716763,0.0006,0.0,5987.297,23
5,24,1.81429130140682,3.3681644910901363,-0.0026188514593188,27.63347680002751,0.0006,-0.0,5998.0,23
5,24,1.81429130140682,3.368280618510717,-0.0007496643805544,27.642494755581776,0.0006,0.0,6008.718,23
5,24,1.81429130140682,3.368134305461896,-0.0019409319228913,27.61978685861126,0.0006,0.0,6019.328,23
5,24,1.81429130140682,3.3700150234879542,-0.0051401166631999,27.508873999627586,0.0004,0.0,6200.515,23
5,24,1.81429130140682,3.3699508421582838,-0.0032726766068135,27.510422923589573,0.0004,0.0,6211.156,23
5,24,1.81429130140682,3.3684773245950543,-0.0009661940228234,27.597255460614345,0.0006,0.0,6051.39,23
5,24,1.81429130140682,3.3686716967757717,0.0006958519011883,27.598713688796927,0.0006,0.0,6062.078,23
5,24,1.81429130140682,3.3686441323680136,-0.0013221029924453,27.584464112562824,0.0004,0.0,6072.734,23
5,24,1.81429130140682,3.3688636088002544,-0.0031584808756476,27.578921356574277,0.0004,-0.0,6083.328,23
5,24,1.81429130140682,3.369068073154103,-0.0039630929629134,27.578109319229306,0.0004,-0.0,6093.922,23
5,24,1.81429130140682,3.3692102281898437,-0.0002569185679106,27.574518892870223,0.0004,0.0,6104.578,23
5,24,1.81429130140682,3.363504932656934,-0.005507829273296,28.013630152270377,0.0004,-0.0,5603.875,23
5,24,1.81429130140682,3.3636990150574038,-0.0005407491433837,28.008687543626746,0.0006,0.0,5614.515,23
5,24,1.81429130140682,3.3693652871745914,-0.0016008977104077,27.55234301190657,0.0006,0.0,6136.578,23
5,24,1.81429130140682,3.369507230401972,-0.0005884700624496,27.548188568599777,0.0004,0.0,6147.25,23
5,24,1.81429130140682,3.369514832855306,0.0007911242400345,27.54505058697429,0.0004,-0.0,6157.859,23
5,24,1.81429130140682,3.369798872816784,-0.000707660431337,27.537030687218007,0.0006,0.0,6168.453,23
5,24,1.81429130140682,3.3696598891228784,-0.0011090773282201,27.531660961473936,0.0006,0.0,6179.109,23
5,24,1.81429130140682,3.3698758905902286,-0.0006517620716304,27.52404379236372,0.0006,0.0,6189.828,23
5,24,1.81429130140682,3.3703052446998507,-0.004540551844445,27.50401491876206,0.0004,-0.0,6221.781,23
5,24,1.81429130140682,3.370217039091029,-0.0023773845522078,27.501382097601734,0.0006,0.0,6232.453,23
5,24,1.81429130140682,3.370525784510972,-0.0023783705624077,27.491562075262927,0.0004,0.0,6243.093,23
5,24,1.81429130140682,3.370595722251408,-0.0039558120627173,27.48135090398911,0.0004,0.0,6253.734,23
5,24,1.81429130140682,3.3705863542134447,-0.0032346639207292,27.487278047622464,0.0004,0.0,6264.343,23
5,24,1.81429130140682,3.3705821838932017,-0.0011922007321383,27.474766686196173,0.0004,0.0,6274.922,23
5,24,1.81429130140682,3.37082003050386,-0.0050402140153538,27.462843533885174,0.0006,0.0,6285.531,23
5,24,1.81429130140682,3.3706974967677623,-0.0033620718386113,27.461046063477124,0.0004,0.0,6296.203,23
5,24,1.81429130140682,3.3709658600022103,-0.0016504615990849,27.44643253902792,0.0006,0.0,6306.875,23
5,24,1.81429130140682,3.371052515727176,-0.0032222017451521,27.44848687005137,0.0004,0.0,6317.5,23
5,24,1.81429130140682,3.3711879312965385,-0.0008530691757947,27.435097919987435,0.0006,0.0,6328.109,23
5,24,1.81429130140682,3.3713814518105623,-0.0007537433778439,27.435272857187687,0.0004,0.0,6338.75,23
5,24,1.81429130140682,3.3713825995384923,-0.003129010798,27.43235039377441,0.0006,-0.0,6349.437,23
5,24,1.81429130140682,3.3713365922859544,-0.0023030954223625,27.42767228135306,0.0006,0.0,6360.047,23
5,24,1.81429130140682,3.3717309875126533,-0.0035436128834468,27.417314301470917,0.0004,0.0,6370.765,23
5,24,1.81429130140682,3.371703945806676,-0.0006066409474297,27.41392188262645,0.0006,-0.0,6381.437,23
5,24,1.81429130140682,3.37187230690964,-0.0008991718178054,27.408130229531057,0.0006,0.0,6392.078,23
5,24,1.81429130140682,3.371870513401355,-0.0010644101352761,27.39256616522514,0.0004,0.0,6402.687,23
5,24,1.81429130140682,3.3718915674062337,-0.0018118841093072,27.40059344052984,0.0006,-0.0,6413.359,23
5,24,1.81429130140682,3.3721791399005787,-0.0024707372309124,27.397783168885255,0.0004,-0.0,6423.984,23
5,24,1.81429130140682,3.372233300867699,0.0009568253215359,27.39565818557558,0.0004,0.0,6434.656,23
5,24,1.81429130140682,3.3722147389669765,-0.0022616013201072,27.37621852173721,0.0004,0.0,6445.343,23
5,24,1.81429130140682,3.37244129275924,0.0013848832976057,27.3784046185768,0.0004,-0.0,6456.0,23
5,24,1.81429130140682,3.3723716769314045,-0.0009488027959796,27.36676424002044,0.0004,-0.0,6466.672,23
5,24,1.81429130140682,3.3673169956074283,-0.0012179304713444,27.682212980547725,0.0004,0.0,5944.875,23
5,24,1.81429130140682,3.36754216517342,-0.0024180504874297,27.6784831467891,0.0006,-0.0,5955.453,23
5,24,1.81429130140682,4.012929089113158,-0.000699982740159,30.521656586066108,0.0006,4.012,357.531,23
5,24,1.81429130140682,3.563864903728366,-4.026971316327731,30.56481408825677,4.0,1.737,367.781,23
5,24,1.81429130140682,4.06044195448379,8.043892601988125e-05,29.23905156848955,0.0004,4.061,214.172,23
5,24,1.81429130140682,3.602189406544412,-4.025219755293893,29.281058860688603,4.0,1.768,224.359,23
5,24,1.81429130140682,4.053308927208688,-0.0007992731507579,29.429492157406365,0.0006,4.053,234.609,23
5,24,1.81429130140682,3.595468844096598,-4.024259587285652,29.49827537818755,4.0,1.762,244.906,23
5,24,1.81429130140682,4.0458791619525485,-0.0001928181541618,29.62066314792394,0.0006,4.044,255.093,23
5,24,1.81429130140682,3.590038591981046,-4.025744708307487,29.688357973080155,4.0,1.758,265.297,23
5,24,1.81429130140682,3.989543120059195,-0.0003607606378237,31.15039724182397,0.0006,3.988,439.265,23
5,24,1.81429130140682,3.545937712974821,-4.0243712185707485,31.17745172378607,4.0,1.72,449.453,23
5,24,1.81429130140682,4.032435808420904,-0.0001132805245781,30.00030481964991,0.0006,4.03,296.125,23
5,24,1.81429130140682,3.578816762948124,-4.026264379771802,30.048632163892684,4.0,1.75,306.422,23
5,24,1.81429130140682,4.0256048010327214,-0.0001656511504801,30.160207221957585,0.0004,4.025,316.625,23
5,24,1.81429130140682,3.5736167513336947,-4.024781172322657,30.229779570867787,4.0,1.746,326.859,23
5,24,1.81429130140682,4.019213455968616,-0.0019065086489577,30.326565099549093,0.0006,4.018,337.093,23
5,24,1.81429130140682,3.568713820823992,-4.023395702097279,30.397041268352744,4.0,1.741,347.359,23
5,24,1.81429130140682,3.966370970020648,-0.0005571084791237,31.72034866307037,0.0006,3.966,520.984,23
5,24,1.81429130140682,3.5265812018841287,-4.025316812423148,31.746882761290102,4.0,1.704,531.25,23
5,24,1.81429130140682,4.0072543337705415,-0.000534167405939,30.664136035805672,0.0006,4.006,378.078,23
5,24,1.81429130140682,3.559649143465001,-4.024928079401371,30.704634737829394,4.0,1.733,388.265,23
5,24,1.81429130140682,4.001035709830867,-0.0012896131651165,30.839569603241557,0.0006,4.001,398.437,23
5,24,1.81429130140682,3.554724842285419,-4.0255634449146624,30.87691121776884,4.0,1.728,408.64,23
5,24,1.81429130140682,3.995322502975085,0.0003931404689041,30.99945309966252,0.0006,3.994,418.828,23
5,24,1.81429130140682,3.5502448696707023,-4.025562552035,31.01745130582896,4.0,1.724,429.031,23
5,24,1.81429130140682,3.983572229245535,-0.0021014459895462,31.27498045395649,0.0006,3.983,459.672,23
5,24,1.81429130140682,3.541041077223296,-4.0245098104416215,31.310570432918546,4.0,1.717,469.906,23
5,24,1.81429130140682,3.977824355247528,-0.0017346237978306,31.43571623568575,0.0006,3.977,480.125,23
5,24,1.81429130140682,3.536149976632628,-4.024189303106513,31.463720683155923,4.0,1.712,490.39,23
5,24,1.81429130140682,3.971725526278736,-0.0010788565113383,31.580854262037267,0.0006,3.971,500.547,23
5,24,1.81429130140682,3.531292737006329,-4.023849740467445,31.59164034636597,4.0,1.709,510.75,23
5,24,1.81429130140682,4.159822044604212,-0.0006305984593283,27.005521205209643,0.0006,4.167,30.015,23
5,24,1.81429130140682,3.701293430440708,-4.024153473863648,27.139465521274307,4.0,1.849,40.234,23
5,24,1.81429130140682,4.1031706185537065,-0.0012233659826833,28.15842643052225,0.0006,4.105,111.797,23
5,24,1.81429130140682,3.640646015677604,-4.025212928147889,28.23887858755812,4.0,1.792,122.0,23
5,24,1.81429130140682,4.191378962576998,0.0002278307964063,26.67776633927724,0.0006,0.0,0.0,23
5,24,1.81429130140682,4.191429313781171,-0.0015237239852667,26.66618164782183,0.0004,4.206,9.359,23
5,24,1.81429130140682,3.72859481706258,-4.024715442778279,26.78366736537871,4.0,1.844,19.828,23
5,24,1.81429130140682,4.068041546110593,-0.0003682291987018,29.03409698674219,0.0004,4.067,193.703,23
5,24,1.81429130140682,3.608173348103511,-4.026565652191613,29.10702573714953,4.0,1.772,203.922,23
5,24,1.81429130140682,4.140913123011113,-0.0025677145543811,27.34872150811268,0.0006,4.147,50.531,23
5,24,1.81429130140682,3.680881789791878,-4.025401697362796,27.4546645397506,4.0,1.83,60.812,23
5,24,1.81429130140682,4.125942082727168,-0.0001763622417369,27.64679546819445,0.0006,4.13,71.0,23
5,24,1.81429130140682,3.664804068804024,-4.025847072609491,27.755227222255797,4.0,1.813,81.23400000000001,23
5,24,1.81429130140682,4.113733179896611,-0.0019079225340245,27.914687053819403,0.0006,4.117,91.437,23
5,24,1.81429130140682,3.651725007491541,-4.0252868313230845,28.0193155960649,4.0,1.801,101.625,23
5,24,1.81429130140682,4.0936583691729735,-0.0006798187059328,28.388346215401004,0.0006,4.095,132.281,23
5,24,1.81429130140682,3.631116669599384,-4.025535506207391,28.457727683159547,4.0,1.786,142.578,23
5,24,1.81429130140682,4.084469385609426,0.0013309690100275,28.620302726286496,0.0006,4.086,152.797,23
5,24,1.81429130140682,3.622734077355226,-4.024554870985568,28.682568784758868,4.0,1.782,162.98399999999998,23
5,24,1.81429130140682,4.075842286523203,0.0001429133113775,28.811122590848647,0.0006,4.077,173.187,23
5,24,1.81429130140682,3.6149468352263137,-4.024252972153029,28.90112155342168,4.0,1.776,183.437,23
6,24,1.3863373424430123,3.723401316305972,-8.748120642401921e-07,33.51581375000028,0.0006,3.724,997.219,22
6,24,1.3863373424430123,3.2989564994675744,-4.023985081936968,33.52120941478852,4.0,1.483,1007.469,22
6,24,1.3863373424430123,3.720349005296457,-0.0021222978693427,33.603269256490314,0.0006,3.722,1017.75,22
6,24,1.3863373424430123,3.296035947740562,-4.024912217463717,33.59809754060393,4.0,1.479,1028.047,22
6,24,1.3863373424430123,3.7173358001103023,0.0005160846416643,33.70191318177324,0.0006,3.718,1038.312,22
6,24,1.3863373424430123,3.986547462246525,-0.0001018846887444,26.29147877695076,0.0006,0.0,0.0,22
6,24,1.3863373424430123,3.986266951207679,-0.0018596024402379,26.28928363042606,0.0006,4.0,9.328,22
6,24,1.3863373424430123,3.5115244707284554,-4.026433611863888,26.392194720443293,4.0,1.651,19.844,22
6,24,1.3863373424430123,3.8523343515919786,-0.0011423383569391,28.83941550629692,0.0006,3.852,256.406,22
6,24,1.3863373424430123,3.3954479695037656,-4.023132829520251,28.87339877060432,4.0,1.565,266.687,22
6,24,1.3863373424430123,3.848027233398147,-0.0005198084081606,29.006160273134057,0.0006,3.848,276.984,22
6,24,1.3863373424430123,3.392724711660801,-4.026130287793475,29.06143794607838,4.0,1.565,287.312,22
6,24,1.3863373424430123,3.8434993711044623,-0.0023340752912981,29.185777896589023,0.0006,3.844,297.609,22
6,24,1.3863373424430123,3.3704573568943177,-4.023424303626975,30.52429981308264,4.0,1.545,472.547,22
6,24,1.3863373424430123,3.8075407962127423,-0.0018572540179444,30.649694912365035,0.0006,3.808,482.797,22
6,24,1.3863373424430123,3.301714267312233,-4.025125615976132,33.42626857779317,4.0,1.485,986.922,22
6,24,1.3863373424430123,3.872854601811444,-0.0006550434907468,28.159509760052035,0.0006,3.874,174.078,22
6,24,1.3863373424430123,3.409447586742007,-4.025867207925189,28.21757051068377,4.0,1.573,184.328,22
6,24,1.3863373424430123,3.867492939205148,-0.0018857875840284,28.34235209164428,0.0006,3.868,194.594,22
6,24,1.3863373424430123,3.405104703241366,-4.024748017991421,28.38219070498649,4.0,1.57,204.906,22
6,24,1.3863373424430123,3.862350821453136,-0.0008811281483024,28.498215440246007,0.0006,3.862,215.25,22
6,24,1.3863373424430123,3.3797404948813554,-4.026234648318908,29.91196163182849,4.0,1.553,390.203,22
6,24,1.3863373424430123,3.822531927998381,-0.0001253847863345,30.035519503882888,0.0006,3.824,400.437,22
6,24,1.3863373424430123,3.398284510144138,-4.02518070179998,28.70941613495033,4.0,1.567,246.125,22
6,24,1.3863373424430123,3.9019950499047646,-0.0003899339309735,27.428137339458207,0.0006,3.904,91.922,22
6,24,1.3863373424430123,3.435427253812681,-4.024438090465188,27.500461225274638,4.0,1.589,102.203,22
6,24,1.3863373424430123,3.893023622112057,-0.001441076111139,27.628917544602327,0.0006,3.894,112.469,22
6,24,1.3863373424430123,3.426647027013645,-4.023779786157321,27.68947032847618,4.0,1.582,122.75,22
6,24,1.3863373424430123,3.8853874499585466,-0.000789252549912,27.809285227126267,0.0006,3.886,132.969,22
6,24,1.3863373424430123,3.389927369443709,-4.024002601937754,29.22619094992237,4.0,1.561,307.922,22
6,24,1.3863373424430123,3.8391101328815775,-0.0028158740022482,29.355461343364222,0.0006,3.839,318.187,22
6,24,1.3863373424430123,3.4140588338932045,-4.024912395636624,28.039241629536825,4.0,1.575,163.781,22
6,24,1.3863373424430123,3.3394273591167942,-4.023633095199243,32.149205122232,4.0,1.519,719.422,22
6,24,1.3863373424430123,3.765548534819967,0.0008388650440291,32.22284529324083,0.0006,3.766,729.703,22
6,24,1.3863373424430123,3.3578882632873475,-4.024319330411792,31.263646617489965,4.0,1.537,575.406,22
6,24,1.3863373424430123,3.789565413998397,-0.000984248677602,31.353193082935867,0.0006,3.79,585.672,22
6,24,1.3863373424430123,3.3550954190889506,-4.024641882737105,31.40588811330985,4.0,1.535,596.016,22
6,24,1.3863373424430123,3.78611971927977,-0.0027261624578839,31.52834125885236,0.0006,3.786,606.297,22
6,24,1.3863373424430123,3.3527354530174747,-4.023596912483231,31.55389664031613,4.0,1.532,616.562,22
6,24,1.3863373424430123,3.7827113954892777,-0.0003699448967701,31.64328996036548,0.0006,3.782,626.859,22
6,24,1.3863373424430123,3.3500744294104936,-4.0237297448568725,31.682276869595363,4.0,1.53,637.172,22
6,24,1.3863373424430123,3.779246621907822,-0.0029421490719684,31.76466843755275,0.0006,3.78,647.5,22
6,24,1.3863373424430123,3.368202133444102,-4.0234753451177365,30.671751393158956,4.0,1.545,493.125,22
6,24,1.3863373424430123,3.8038362818248825,9.38773592389798e-05,30.780482145879773,0.0006,3.804,503.406,22
6,24,1.3863373424430123,3.365579153726791,-4.022722656800859,30.826430185555942,4.0,1.543,513.687,22
6,24,1.3863373424430123,3.8004356938574135,-0.0006853316582073,30.94481481559538,0.0006,3.801,523.984,22
6,24,1.3863373424430123,3.363134058844893,-4.024144304591493,30.9657389000408,4.0,1.541,534.281,22
6,24,1.3863373424430123,3.796574610771312,-0.0018877228472567,31.07631498918564,0.0006,3.797,544.531,22
6,24,1.3863373424430123,3.360308452325953,-4.025315857753372,31.13284116566046,4.0,1.539,554.844,22
6,24,1.3863373424430123,3.793159799894081,-0.0013167440887814,31.237206648042264,0.0006,3.793,565.125,22
6,24,1.3863373424430123,3.3771765127899216,-4.025370279208187,30.069428379108068,4.0,1.553,410.781,22
6,24,1.3863373424430123,3.8185346824226007,-0.0019232515230262,30.188930782629825,0.0006,3.818,421.109,22
6,24,1.3863373424430123,3.375046504086464,-4.024537487841156,30.20649464777251,4.0,1.549,431.359,22
6,24,1.3863373424430123,3.814877761723455,-0.0010653846923936,30.342952645019437,0.0006,3.815,441.609,22
6,24,1.3863373424430123,3.372510592669068,-4.0276978816675815,30.378406047606223,4.0,1.547,451.937,22
6,24,1.3863373424430123,3.811051367272616,-0.0011294956053733,30.496235431921868,0.0006,3.812,462.219,22
6,24,1.3863373424430123,3.94967120028425,-0.0002352188404353,26.603053234605746,0.0006,3.956,30.125,22
6,24,1.3863373424430123,3.878806237713016,-0.0012291756330604,27.983852449715958,0.0006,3.879,153.484,22
6,24,1.3863373424430123,3.347464188466291,-4.022996135436358,31.805849165549613,4.0,1.526,657.781,22
6,24,1.3863373424430123,3.775676204384587,-0.0007272342392799,31.88215382369522,0.0006,3.776,668.016,22
6,24,1.3863373424430123,3.344599368646882,-4.024688856496754,31.91213204312323,4.0,1.524,678.281,22
6,24,1.3863373424430123,3.772170314559773,-0.0009306309058332,32.00511479246263,0.0006,3.772,688.562,22
6,24,1.3863373424430123,3.3419798467147306,-4.026290029931277,32.02638615335849,4.0,1.521,698.844,22
6,24,1.3863373424430123,3.768861260340496,-0.0022463330095026,32.1231716422557,0.0006,3.77,709.172,22
6,24,1.3863373424430123,3.255577435602799,-4.0244820432548645,34.95734292872376,4.0,1.443,1378.0,22
6,24,1.3863373424430123,3.675774617962861,-0.0008672147832374,35.05669754583418,0.0006,3.677,1388.266,22
6,24,1.3863373424430123,3.2703394108046355,-4.023713827542415,34.44528486958898,4.0,1.457,1233.844,22
6,24,1.3863373424430123,3.690996056483783,-0.0014478014918371,34.4955818707476,0.0006,3.692,1244.266,22
6,24,1.3863373424430123,3.2683267523394317,-4.022044871486695,34.50293880558431,4.0,1.455,1254.547,22
6,24,1.3863373424430123,3.688407984909708,-0.0019194183130743,34.60666035279995,0.0006,3.69,1264.781,22
6,24,1.3863373424430123,3.266059109518093,-4.022807455371414,34.56404872755847,4.0,1.453,1275.094,22
6,24,1.3863373424430123,3.686195184454215,9.733792601575514e-05,34.64889432876463,0.0006,3.688,1285.406,22
6,24,1.3863373424430123,3.2638975982403617,-4.023798784886697,34.65935225562601,4.0,1.45,1295.687,22
6,24,1.3863373424430123,3.6839305494234154,-0.0003533647651864,34.74677774067115,0.0006,3.685,1305.937,22
6,24,1.3863373424430123,3.2796649002228806,-4.0237013084683175,34.139753200855054,4.0,1.465,1151.484,22
6,24,1.3863373424430123,3.700447210625932,-0.0020025403800609,34.196157521448505,0.0006,3.701,1161.781,22
6,24,1.3863373424430123,3.27741629101367,-4.024289808496315,34.20880028900372,4.0,1.462,1172.078,22
6,24,1.3863373424430123,3.697947359331089,-0.0008351621284982,34.2759556033144,0.0006,3.699,1182.375,22
6,24,1.3863373424430123,3.2747470714464395,-4.02570177815046,34.27970333318071,4.0,1.461,1192.672,22
6,24,1.3863373424430123,3.695419202085005,-0.0004448920286973,34.35777300645962,0.0006,3.696,1202.984,22
6,24,1.3863373424430123,3.272699055808954,-4.026924596828774,34.35897616483105,4.0,1.459,1213.281,22
6,24,1.3863373424430123,3.693081986562769,-0.000502195816735,34.44811715801766,0.0006,3.695,1223.578,22
6,24,1.3863373424430123,3.290430474864181,-4.0248952810472325,33.78396905495711,4.0,1.473,1069.141,22
6,24,1.3863373424430123,3.711278455595645,-0.0012923510812786,33.87606683068704,0.0006,3.713,1079.359,22
6,24,1.3863373424430123,3.2874410437546944,-4.024904613868278,33.87047954148691,4.0,1.471,1089.734,22
6,24,1.3863373424430123,3.708423514001757,0.0011001350288389,33.961472116469935,0.0006,3.709,1100.0,22
6,24,1.3863373424430123,3.2848766537128498,-4.0257139356245375,33.96148178322375,4.0,1.469,1110.297,22
6,24,1.3863373424430123,3.705628510745516,-0.0020092380878681,34.02792750770432,0.0006,3.707,1120.641,22
6,24,1.3863373424430123,3.282328141523689,-4.024774937414455,34.03087779743106,4.0,1.468,1130.922,22
6,24,1.3863373424430123,3.702952142805892,0.0015219198808751,34.121640091979764,0.0006,3.704,1141.172,22
6,24,1.3863373424430123,3.2295248435873734,-4.023448161515256,35.895698225227605,4.0,1.419,1645.609,22
6,24,1.3863373424430123,3.6513215139600086,-0.0005339888062056,35.95043955835546,0.0006,3.652,1655.891,22
6,24,1.3863373424430123,3.2276482138217517,-4.021617372020628,35.97313489700233,4.0,1.417,1666.172,22
6,24,1.3863373424430123,3.649413677147817,8.249517934514244e-05,36.02307771959417,0.0006,3.649,1676.484,22
6,24,1.3863373424430123,3.225483813243488,-4.028710959917574,36.05867904518425,4.0,1.415,1686.719,22
6,24,1.3863373424430123,3.647508863992365,-0.002277944984831,36.089792114070725,0.0006,3.647,1696.984,22
6,24,1.3863373424430123,3.222741822080925,-4.025605336380174,36.12700133713598,4.0,1.413,1707.266,22
6,24,1.3863373424430123,3.645414380832191,-0.0002261216859512,36.18006124294872,0.0006,3.645,1717.547,22
6,24,1.3863373424430123,3.2380421720160752,-4.026270920054571,35.6217379587346,4.0,1.427,1563.266,22
6,24,1.3863373424430123,3.6592532201315136,-0.0005676068660024,35.70803471912709,0.0006,3.659,1573.609,22
6,24,1.3863373424430123,3.2360694999765425,-4.024882760932297,35.68505888915987,4.0,1.425,1583.906,22
6,24,1.3863373424430123,3.6572408493053294,0.0005318164640482,35.77485348555268,0.0006,3.658,1594.203,22
6,24,1.3863373424430123,3.234112329893716,-4.0243462806875385,35.76594251749971,4.0,1.424,1604.453,22
6,24,1.3863373424430123,3.655318901930348,9.83928896885444e-05,35.82120213218094,0.0006,3.656,1614.75,22
6,24,1.3863373424430123,3.2319123215422354,-4.025627250089618,35.82353156780553,4.0,1.421,1625.062,22
6,24,1.3863373424430123,3.6532801469380174,0.0006070245881498,35.89171821088353,0.0006,3.653,1635.297,22
6,24,1.3863373424430123,3.2457753033387937,-4.023834965138764,35.338217217829005,4.0,1.434,1480.844,22
6,24,1.3863373424430123,3.666152411787388,0.0008227155505114,35.41607814866338,0.0006,3.667,1491.094,22
6,24,1.3863373424430123,3.2439133525607518,-4.024144461059283,35.43414339443742,4.0,1.433,1501.406,22
6,24,1.3863373424430123,3.6645398574529113,-0.0002896346886017,35.49389961986653,0.0006,3.666,1511.766,22
6,24,1.3863373424430123,3.24184337334006,-4.024845803009679,35.47805222005286,4.0,1.43,1522.109,22
6,24,1.3863373424430123,3.662581824514535,-0.0012355323343802,35.5599166071158,0.0006,3.663,1532.375,22
6,24,1.3863373424430123,3.2398894193221244,-4.02363344469415,35.55086604998702,4.0,1.429,1542.672,22
6,24,1.3863373424430123,3.660804715621502,-0.0004311323556643,35.61086226155448,0.0006,3.662,1552.969,22
6,24,1.3863373424430123,3.253822083327893,-4.02691254067765,35.04194819823846,4.0,1.441,1398.516,22
6,24,1.3863373424430123,3.6737521729505502,0.0004292213393569,35.13236839781105,0.0006,3.674,1408.812,22
6,24,1.3863373424430123,3.2516569879302586,-4.025552169746709,35.10504470288696,4.0,1.439,1419.125,22
6,24,1.3863373424430123,3.6717337171551647,0.0009745337262584,35.17479713792423,0.0006,3.672,1429.375,22
6,24,1.3863373424430123,3.249585959517426,-4.023623796698551,35.16047184791039,4.0,1.437,1439.703,22
6,24,1.3863373424430123,3.6698851839163047,0.0004411490562732,35.24522031885963,0.0006,3.672,1449.969,22
6,24,1.3863373424430123,3.247770157599023,-4.022741214003019,35.257109321917845,4.0,1.437,1460.281,22
6,24,1.3863373424430123,3.6681579676798974,0.000382876227535,35.32838351297992,0.0006,3.669,1470.547,22
6,24,1.3863373424430123,3.18526494221928,-4.024631678644256,37.07530435746417,4.0,1.377,1974.734,22
6,24,1.3863373424430123,3.6124409360692367,-0.0022967957835117,37.1075949005994,0.0006,3.611,1985.016,22
6,24,1.3863373424430123,3.1816006014740243,-4.024695196076376,37.111426206400864,4.0,1.373,1995.281,22
6,24,1.3863373424430123,3.6092069309214057,-0.0003159805274927,37.21833642015424,0.0006,3.607,2005.547,22
6,24,1.3863373424430123,3.1776682143192847,-4.0231864385534015,37.21521451634331,4.0,1.37,2015.828,22
6,24,1.3863373424430123,3.605711399350663,-0.000544541594402,37.27768222012868,0.0006,3.602,2026.094,22
6,24,1.3863373424430123,3.173659492290656,-4.025166333202635,37.29863338055736,4.0,1.367,2036.328,22
6,24,1.3863373424430123,3.602076829016007,-0.0030689958008931,37.29827481873981,0.0006,3.6,2046.609,22
6,24,1.3863373424430123,3.1988708289548726,-4.025113229624667,36.78216684082606,4.0,1.385,1892.359,22
6,24,1.3863373424430123,3.6243120804317415,-0.0020217273363109,36.81521108034638,0.0006,3.623,1902.609,22
6,24,1.3863373424430123,3.195716980072315,-4.025880905863163,36.83983346083496,4.0,1.383,1912.922,22
6,24,1.3863373424430123,3.621498671269427,-0.0006368247899336,36.87628997345937,0.0006,3.621,1923.156,22
6,24,1.3863373424430123,3.1922468790367744,-4.025159414023761,36.911144581858686,4.0,1.381,1933.484,22
6,24,1.3863373424430123,3.618729866614368,-0.0006826541791758,36.928026245847526,0.0006,3.617,1943.75,22
6,24,1.3863373424430123,3.1889893155408413,-4.024850468563741,36.979333517246445,4.0,1.378,1954.078,22
6,24,1.3863373424430123,3.615871109323651,0.0001602358036025,37.03166801174381,0.0006,3.613,1964.391,22
6,24,1.3863373424430123,3.2108406677408348,-4.025902314079616,36.45438021678286,4.0,1.399,1810.219,22
6,24,1.3863373424430123,3.634458438147812,-0.0018951441746168,36.52425863873405,0.0006,3.633,1820.453,22
6,24,1.3863373424430123,3.208046647451092,-4.025723345314331,36.52378312456516,4.0,1.395,1830.734,22
6,24,1.3863373424430123,3.632042563491318,0.0005756454324011,36.5723599890409,0.0006,3.632,1840.984,22
6,24,1.3863373424430123,3.205070527923401,-4.025693940377645,36.59520041803378,4.0,1.391,1851.266,22
6,24,1.3863373424430123,3.629577443554047,0.0006717932888136,36.66660849119778,0.0006,3.629,1861.5,22
6,24,1.3863373424430123,3.2020075018493848,-4.026010253873118,36.6790117185956,4.0,1.388,1871.781,22
6,24,1.3863373424430123,3.627107918149675,-0.0022602058118357,36.73662506712821,0.0006,3.626,1882.047,22
6,24,1.3863373424430123,3.2206133996307167,-4.026846237680133,36.17492798526609,4.0,1.411,1727.906,22
6,24,1.3863373424430123,3.643252057921072,-0.0011398229274152,36.27163957386739,0.0006,3.643,1738.203,22
6,24,1.3863373424430123,3.218291298786641,-4.02470088265303,36.24241837539225,4.0,1.408,1748.453,22
6,24,1.3863373424430123,3.641358226279055,-0.0026227396308184,36.31251360620208,0.0006,3.641,1758.781,22
6,24,1.3863373424430123,3.2159208604155096,-4.025113800692987,36.30101279206927,4.0,1.407,1769.047,22
6,24,1.3863373424430123,3.6391564843838498,1.791033850465091e-05,36.39072229555364,0.0006,3.639,1779.359,22
6,24,1.3863373424430123,3.213324752524479,-4.022930450652455,36.40013907400075,4.0,1.404,1789.609,22
6,24,1.3863373424430123,3.637084039669728,-0.0020063091307877,36.44399316166675,0.0006,3.637,1799.953,22
6,24,1.3863373424430123,3.0630871139139844,-4.025458469036141,38.21454480021736,4.0,1.268,2303.781,22
6,24,1.3863373424430123,3.5050589484785597,-0.000967750705246,38.27123586431088,0.0006,3.498,2314.078,22
6,24,1.3863373424430123,3.043479191026468,-4.02352508664041,38.29113326344242,4.0,1.251,2324.375,22
6,24,1.3863373424430123,3.487409971142792,0.0003685399766159,38.37903661211229,0.0006,3.481,2334.656,22
6,24,1.3863373424430123,3.020877563576484,-4.024677841252354,38.41334199336436,4.0,1.232,2344.922,22
6,24,1.3863373424430123,3.466529528065634,-0.0008594632428647,38.50628674818475,0.0006,3.459,2355.219,22
6,24,1.3863373424430123,2.9944358192312577,-4.0253235771288445,38.53311722429564,4.0,1.205,2365.469,22
6,24,1.3863373424430123,3.442388244980177,-9.805350336163328e-05,38.55841728920451,0.0006,3.434,2375.859,22
6,24,1.3863373424430123,3.116255166152225,-4.024344876156505,37.89775976225266,4.0,1.317,2221.547,22
6,24,1.3863373424430123,3.5528125321283657,0.0010778381004663,37.97160127744253,0.0006,3.548,2231.781,22
6,24,1.3863373424430123,3.1056671034655827,-4.02526702099492,37.97693108028567,4.0,1.306,2242.078,22
6,24,1.3863373424430123,3.5436556865013413,-0.0009507512882786,38.05148038339637,0.0006,3.538,2252.406,22
6,24,1.3863373424430123,3.09407510396894,-4.026635410209538,38.04440855419548,4.0,1.296,2262.641,22
6,24,1.3863373424430123,3.532822682228386,-0.0006100894143133,38.14126053049193,0.0006,3.527,2272.937,22
6,24,1.3863373424430123,3.079564900023991,-4.023147815701773,38.145236932512965,4.0,1.284,2283.234,22
6,24,1.3863373424430123,3.5198727008921598,-0.0007109098125628,38.23874882481656,0.0006,3.515,2293.484,22
6,24,1.3863373424430123,3.1477307750849937,-4.025789708821056,37.59590225289856,4.0,1.343,2139.203,22
6,24,1.3863373424430123,3.579948227409192,-0.0006075972370925,37.68174563422639,0.0006,3.575,2149.484,22
6,24,1.3863373424430123,3.140941234555965,-4.025172554257739,37.679693291622335,4.0,1.338,2159.781,22
6,24,1.3863373424430123,3.574334540153687,-0.0007501297259562,37.75376837127034,0.0006,3.57,2170.047,22
6,24,1.3863373424430123,3.1336831564426304,-4.025187811110788,37.736751690106274,4.0,1.33,2180.375,22
6,24,1.3863373424430123,3.568225813030666,-0.0003290308271314,37.81545584736043,0.0006,3.563,2190.672,22
6,24,1.3863373424430123,3.1256159940317483,-4.023952273645578,37.83774990396224,4.0,1.324,2200.937,22
6,24,1.3863373424430123,3.5608690242616814,-0.0012844803447706,37.87641295116591,0.0006,3.556,2211.187,22
6,24,1.3863373424430123,3.1689712657490605,-4.023761486626141,37.34324720377001,4.0,1.363,2056.937,22
6,24,1.3863373424430123,3.5983401230109813,-0.0012816976817433,37.36468280444296,0.0006,3.595,2067.234,22
6,24,1.3863373424430123,3.164353344855874,-4.025182066037842,37.42420197332895,4.0,1.359,2077.5,22
6,24,1.3863373424430123,3.594158847397266,-0.0005525975462751,37.46474057335645,0.0006,3.591,2087.75,22
6,24,1.3863373424430123,3.1589510407769037,-4.025644682335958,37.50796965486227,4.0,1.355,2098.062,22
6,24,1.3863373424430123,3.589780848819973,-0.0008255677366933,37.52303879012173,0.0006,3.587,2108.344,22
6,24,1.3863373424430123,3.1537136682990297,-4.023251833437091,37.53225644776378,4.0,1.351,2118.625,22
6,24,1.3863373424430123,3.5851879244847216,-0.0013808150999059,37.59181886833106,0.0006,3.581,2128.937,22
6,24,1.3863373424430123,2.9901065967528724,-0.0001234711799338,38.532405221092326,0.0006,0.001,2634.062,22
6,24,1.3863373424430123,3.000670299627609,-8.69715587281036e-07,38.34843974656693,0.0006,0.0,2644.531,22
6,24,1.3863373424430123,3.0100024444107256,-0.0005709521437993,38.19402503229416,0.0006,0.001,2655.031,22
6,24,1.3863373424430123,3.018495541951693,0.0005174919277502,37.97983014280908,0.0008,-0.0,2665.5,22
6,24,1.3863373424430123,3.026171084474661,-0.0033193190729772,37.87577097836897,0.0006,0.001,2675.969,22
6,24,1.3863373424430123,3.03318537471035,0.0017317342403622,37.693875930344646,0.0006,0.0,2686.437,22
6,24,1.3863373424430123,3.0396971292108965,-0.0038385978618908,37.56851259118513,0.0006,0.001,2696.922,22
6,24,1.3863373424430123,3.0455990125186214,0.0006812111451201,37.406098794834335,0.0006,0.0,2707.359,22
6,24,1.3863373424430123,2.044256084427152,-4.023429956761359,39.64281769509344,4.0,0.446,2550.687,22
6,24,1.3863373424430123,2.785285539307167,-0.0001027054918378,39.78739652537364,0.0006,0.0,2561.141,22
6,24,1.3863373424430123,2.8595138991384017,-0.0008009012504487,39.69767458197676,0.0006,0.001,2571.531,22
6,24,1.3863373424430123,2.899445288834974,-0.0008823529504735,39.44118217569755,0.0006,0.0,2581.953,22
6,24,1.3863373424430123,2.926777074500164,-0.0010602414188896,39.25478739123634,0.0006,0.001,2592.391,22
6,24,1.3863373424430123,2.947526943129275,0.0014761408527245,39.05439182544907,0.0006,0.0,2602.781,22
6,24,1.3863373424430123,2.9641674065897474,-0.0031169734139388,38.883928758450025,0.0006,0.001,2613.219,22
6,24,1.3863373424430123,2.978102660377342,-0.0023977578029787,38.6812610135788,0.0006,0.0,2623.672,22
6,24,1.3863373424430123,2.7685291207192235,-4.025430641996247,39.02267117436429,4.0,1.006,2468.422,22
6,24,1.3863373424430123,3.23425188088749,-0.0024070790595889,39.0949152421029,0.0006,3.222,2478.687,22
6,24,1.3863373424430123,2.688154823982772,-4.023439092273013,39.16345268033131,4.0,0.933,2488.969,22
6,24,1.3863373424430123,3.161566842176256,0.0005038794917468,39.26266800512506,0.0006,3.146,2499.219,22
6,24,1.3863373424430123,2.5718337867568666,-4.025338227735023,39.31307323763516,4.0,0.843,2509.531,22
6,24,1.3863373424430123,3.063633113881737,4.204129528308957e-05,39.410235871403934,0.0008,3.044,2519.781,22
6,24,1.3863373424430123,2.3725182916240373,-4.023902372757718,39.448500981150616,4.0,0.704,2530.141,22
6,24,1.3863373424430123,2.928862050795957,-0.000701899087236,39.5205054548186,0.0006,2.893,2540.406,22
6,24,1.3863373424430123,2.9629742707837257,-4.023469827675855,38.595452330867694,4.0,1.178,2386.109,22
6,24,1.3863373424430123,3.4136590945300336,0.0011348762506785,38.63726551188618,0.0006,3.406,2396.406,22
6,24,1.3863373424430123,2.9264614447082677,-4.024356587126305,38.66299024039919,4.0,1.146,2406.672,22
6,24,1.3863373424430123,3.380304844099988,-0.0006916562420726,38.7309280032479,0.0006,3.371,2416.953,22
6,24,1.3863373424430123,2.883753318418393,-4.025144875387126,38.78293629426664,4.0,1.105,2427.203,22
6,24,1.3863373424430123,3.3401870864370595,-0.0005481824069682,38.83883976428824,0.0006,3.33,2437.484,22
6,24,1.3863373424430123,2.8317027270410238,-4.024140462284576,38.94576724179937,4.0,1.06,2447.828,22
6,24,1.3863373424430123,3.2925117246156685,0.0007960988524747,38.99790039887466,0.0006,3.282,2458.078,22
6,24,1.3863373424430123,3.1241992597936195,-0.0021714694679197,34.49583061592543,0.0006,0.0,2968.016,22
6,24,1.3863373424430123,3.1259299913278755,-0.002207758463629,34.39606201454868,0.0006,-0.0,2978.391,22
6,24,1.3863373424430123,3.127472110729299,-0.0052577645557786,34.34499486219543,0.0006,0.001,2988.984,22
6,24,1.3863373424430123,3.129153496026794,-0.0032374571853316,34.218206718828235,0.0006,0.0,2999.437,22
6,24,1.3863373424430123,3.1308421237875703,-0.0009808644212776,34.13829363264559,0.0006,0.001,3009.844,22
6,24,1.3863373424430123,3.132137824016735,-0.0004337000104876,34.05298358992081,0.0006,-0.0,3020.297,22
6,24,1.3863373424430123,3.1337190529615397,2.544532983443576e-05,33.97294132718816,0.0006,0.001,3030.703,22
6,24,1.3863373424430123,3.1353931495328755,-0.0008783188837786,33.85743324444493,0.0006,-0.0,3041.125,22
6,24,1.3863373424430123,3.1075003428903543,-0.0013540700790399,35.31143697218885,0.0006,0.001,2884.641,22
6,24,1.3863373424430123,3.1099867012288382,-0.001170751862154,35.19444950894985,0.0006,0.0,2895.078,22
6,24,1.3863373424430123,3.112323940752392,-0.0004747927650963,35.09901019073189,0.0006,0.001,2905.484,22
6,24,1.3863373424430123,3.1142794264529914,-0.000955649086783,34.98127094097306,0.0006,-0.0,2915.937,22
6,24,1.3863373424430123,3.1163960458565314,-0.0010349067069564,34.914014193081194,0.0006,0.001,2926.344,22
6,24,1.3863373424430123,3.1185372798044995,-0.0009261879088615,34.7886122553751,0.0006,0.0,2936.719,22
6,24,1.3863373424430123,3.1205166188501128,-0.0004474132557515,34.702222969300344,0.0006,0.001,2947.141,22
6,24,1.3863373424430123,3.122259533550862,-0.0008309235604968,34.58078584969757,0.0006,-0.0,2957.531,22
6,24,1.3863373424430123,3.0850738194738185,-0.0018891981883351,36.199672861893966,0.0006,0.001,2801.187,22
6,24,1.3863373424430123,3.0883567669292344,-0.0027720876846376,36.07827887720413,0.0006,0.0,2811.609,22
6,24,1.3863373424430123,3.091424083322435,-3.3111518769812835e-05,35.9842209105229,0.0006,0.001,2822.031,22
6,24,1.3863373424430123,3.0944319164556733,-0.0004634393520493,35.86115711245297,0.0006,0.0,2832.484,22
6,24,1.3863373424430123,3.0973081174538084,-0.0017797186396942,35.74830444506473,0.0006,0.001,2842.969,22
6,24,1.3863373424430123,3.1000124807196934,-0.0004420424456359,35.63430011352126,0.0006,0.0,2853.375,22
6,24,1.3863373424430123,3.1026703445198622,-0.0019980392475111,35.52583703783646,0.0006,0.001,2863.766,22
6,24,1.3863373424430123,3.105244375735664,0.0015955381147635,35.37981922784859,0.0006,0.0,2874.187,22
6,24,1.3863373424430123,3.0513581058646344,-0.0018128473471195,37.29156676292416,0.0006,0.001,2717.844,22
6,24,1.3863373424430123,3.0562931429556177,-0.0033955207843238,37.11728573773741,0.0006,0.0,2728.281,22
6,24,1.3863373424430123,3.0612780289937658,0.0004443124716649,36.97609299134216,0.0006,0.001,2738.672,22
6,24,1.3863373424430123,3.0655612695447894,-0.0023014354843112,36.82127348352612,0.0006,0.0,2749.062,22
6,24,1.3863373424430123,3.0699201896778714,-0.0010641707019931,36.71996205506674,0.0006,0.001,2759.516,22
6,24,1.3863373424430123,3.073985745991399,-0.0030183938086851,36.58095836880586,0.0006,0.0,2770.016,22
6,24,1.3863373424430123,3.0778764761371176,-0.0022914975716287,36.49239887076519,0.0006,0.001,2780.422,22
6,24,1.3863373424430123,3.081673237432985,-0.0007573774190069,36.34346671177952,0.0008,0.0,2790.781,22
6,24,1.3863373424430123,3.161169234155787,0.0016399696753077,32.22707084407126,0.0006,0.001,3302.344,22
6,24,1.3863373424430123,3.1620525031653157,-7.965997038111761e-05,32.17631616193741,0.0006,-0.0,3312.828,22
6,24,1.3863373424430123,3.162886466860912,-0.000249904439717,32.121696580794165,0.0006,0.001,3323.25,22
6,24,1.3863373424430123,3.1635477775276533,-9.1217242039378e-05,32.066688432711615,0.0006,0.0,3333.953,22
6,24,1.3863373424430123,3.164355638043882,-0.0026780101144042,32.03515435114286,0.0006,-0.0,3344.609,22
6,24,1.3863373424430123,3.165020698349025,-0.0017955983691158,31.992877127540886,0.0006,-0.0,3355.312,22
6,24,1.3863373424430123,3.1658989186545528,-0.0002975752584004,31.94905558943936,0.0006,-0.0,3366.016,22
6,24,1.3863373424430123,3.1665124484807987,-0.0010391804876206,31.90123522715141,0.0006,0.0,3376.719,22
6,24,1.3863373424430123,3.1543949373527376,-0.0017946839071727,32.68769651663668,0.0006,0.001,3218.594,22
6,24,1.3863373424430123,3.155390653563181,0.0003408686552481,32.63286405969807,0.0006,0.0,3229.062,22
6,24,1.3863373424430123,3.15622475276055,-0.0008006861177069,32.56472520816758,0.0006,0.001,3239.594,22
6,24,1.3863373424430123,3.1570069289979696,-0.003081596784818,32.49422280181306,0.0006,0.0,3249.969,22
6,24,1.3863373424430123,3.158029105148806,0.0019541183104584,32.4580702695933,0.0006,0.001,3260.391,22
6,24,1.3863373424430123,3.15872171141178,7.124699804248618e-05,32.394861225559936,0.0006,-0.0,3270.937,22
6,24,1.3863373424430123,3.159661267520164,-0.0010947742768313,32.34666562129024,0.0006,0.001,3281.437,22
6,24,1.3863373424430123,3.1604119797860903,-0.003497610597688,32.26628056752107,0.0006,0.0,3291.922,22
6,24,1.3863373424430123,3.1463952741644032,0.0004294721891922,33.192102737381575,0.0006,0.001,3135.016,22
6,24,1.3863373424430123,3.147518052533361,-0.0007565224208988,33.111882933786966,0.0006,0.0,3145.391,22
6,24,1.3863373424430123,3.148612324003586,-0.0006464965348331,33.071391354742005,0.0006,0.001,3155.781,22
6,24,1.3863373424430123,3.1495454723607232,-0.0004721669896551,32.98198544669377,0.0006,0.0,3166.25,22
6,24,1.3863373424430123,3.15057777477568,-0.0020801288651947,32.92532514840604,0.0006,0.001,3176.734,22
6,24,1.3863373424430123,3.151548667206327,-0.0030128032124637,32.85738731985071,0.0006,0.0,3187.203,22
6,24,1.3863373424430123,3.1525804426636346,-0.0001203289766723,32.79934584097334,0.0006,0.001,3197.656,22
6,24,1.3863373424430123,3.153585821320408,-0.0016379765666319,32.73011433403892,0.0006,0.0,3208.141,22
6,24,1.3863373424430123,3.136633284904846,0.0024228967782149,33.80682146680863,0.0006,0.001,3051.625,22
6,24,1.3863373424430123,3.13789418357839,-0.0017522652742806,33.70816266013836,0.0006,0.0,3062.016,22
6,24,1.3863373424430123,3.139172876787468,-0.0019447684735446,33.65427255294568,0.0006,0.001,3072.453,22
6,24,1.3863373424430123,3.1405123978284912,-0.0006064701110888,33.55458476306426,0.0006,0.0,3082.859,22
6,24,1.3863373424430123,3.141790157280324,-0.0023833359513708,33.49639396826767,0.0006,0.001,3093.344,22
6,24,1.3863373424430123,3.142917917824012,-0.0014398883777354,33.42218633662772,0.0006,0.0,3103.781,22
6,24,1.3863373424430123,3.144146490326708,-0.0017919031830001,33.34328830461848,0.0006,0.001,3114.172,22
6,24,1.3863373424430123,3.145165556068282,-0.0033278857519933,33.27679216542792,0.0006,-0.0,3124.547,22
6,24,1.3863373424430123,3.1814281993348748,-0.0028217238461679,30.756026340945365,0.0006,-0.0,3644.422,22
6,24,1.3863373424430123,3.1817878635837133,-0.0020020275345309,30.71010832413197,0.0006,0.0,3655.172,22
6,24,1.3863373424430123,3.182569262905336,-0.0036908740299754,30.68829119459329,0.0006,-0.0,3665.953,22
6,24,1.3863373424430123,3.182942822554488,-0.001960567891266,30.642752642257356,0.0006,0.0,3676.672,22
6,24,1.3863373424430123,3.183455135612113,0.0006615117639197,30.618079419465893,0.0006,0.0,3687.391,22
6,24,1.3863373424430123,3.1838463759288613,-4.781782281300507e-05,30.57707859800593,0.0006,0.0,3698.078,22
6,24,1.3863373424430123,3.184429834988944,-0.0003168875855742,30.53912298296472,0.0006,-0.0,3708.781,22
6,24,1.3863373424430123,3.1848243036485804,-4.666112813552002e-06,30.51888941740884,0.0006,-0.0,3719.5,22
6,24,1.3863373424430123,3.1770993489333272,0.0006579867113815,31.07682992968877,0.0006,0.0,3558.719,22
6,24,1.3863373424430123,3.1777163501363392,-0.0002654904903383,31.04416487369474,0.0006,0.0,3569.469,22
6,24,1.3863373424430123,3.178337360715663,-0.0016908375325629,30.982029659629777,0.0006,0.0,3580.172,22
6,24,1.3863373424430123,3.178858266056764,-0.0014272407079745,30.93155642023885,0.0006,0.0,3590.922,22
6,24,1.3863373424430123,3.17930919010106,-0.0023433609653181,30.888595959749324,0.0006,0.0,3601.641,22
6,24,1.3863373424430123,3.179856823235931,-0.0024232746914014,30.849427132236958,0.0006,-0.0,3612.406,22
6,24,1.3863373424430123,3.180449530894215,-0.0018765775759072,30.807043586032748,0.0006,-0.0,3623.078,22
6,24,1.3863373424430123,3.1809426127872698,0.0006735540053633,30.78433026918187,0.0006,0.0,3633.734,22
6,24,1.3863373424430123,3.1724905787476785,-0.0012728080780689,31.44565276727051,0.0006,0.0,3473.062,22
6,24,1.3863373424430123,3.173032634395298,-0.0005174722165,31.39507521456424,0.0006,-0.0,3483.766,22
6,24,1.3863373424430123,3.1736392449279287,-0.0013817586798229,31.34153464658575,0.0006,0.0,3494.5,22
6,24,1.3863373424430123,3.1742902036887592,-0.0004975921546339,31.31548205677093,0.0006,0.0,3505.172,22
6,24,1.3863373424430123,3.1750231429289486,-0.0007472018350897,31.281548902417885,0.0006,0.0,3515.891,22
6,24,1.3863373424430123,3.1754456514494787,-0.0003465863860808,31.216187532451077,0.0006,-0.0,3526.641,22
6,24,1.3863373424430123,3.176032960621432,-0.0015844152171589,31.135814695755776,0.0006,0.0,3537.328,22
6,24,1.3863373424430123,3.176623403438021,-0.0022534768481916,31.121195094829112,0.0006,0.0,3548.047,22
6,24,1.3863373424430123,3.167111630338579,-0.0010263395856496,31.832617772156645,0.0006,-0.0,3387.437,22
6,24,1.3863373424430123,3.1679152707753864,0.0001729551008991,31.796857517869817,0.0006,0.0,3398.109,22
6,24,1.3863373424430123,3.168525009118408,-0.0010920105981354,31.731320455012693,0.0006,0.0,3408.875,22
6,24,1.3863373424430123,3.1692457845455198,0.0005515033829283,31.68545977192986,0.0006,0.0,3419.562,22
6,24,1.3863373424430123,3.169893379452428,0.0015318772522026,31.6394787915908,0.0006,0.0,3430.344,22
6,24,1.3863373424430123,3.1705646663822566,0.0008984070612496,31.5874584603966,0.0006,-0.0,3441.031,22
6,24,1.3863373424430123,3.1711659100158123,-0.0012157605722644,31.536505190885773,0.0006,0.0,3451.687,22
6,24,1.3863373424430123,3.1718510054679774,0.0007732149523388,31.48404137307193,0.0006,-0.0,3462.359,22
6,24,1.3863373424430123,3.195377862273503,-0.0010314983283507,29.709542865538012,0.0006,-0.0,3987.641,22
6,24,1.3863373424430123,3.195756075185808,-0.0008780192613949,29.66569800743896,0.0006,0.0,3998.266,22
6,24,1.3863373424430123,3.1960616600653995,-0.0006168902747181,29.63042964914918,0.0006,0.0,4009.016,22
6,24,1.3863373424430123,3.196570679997367,1.2235915268445151e-05,29.610729730732533,0.0006,-0.0,4019.859,22
6,24,1.3863373424430123,3.196846178497904,-0.0023936156218337,29.57265763667556,0.0006,0.0,4030.562,22
6,24,1.3863373424430123,3.197292891538789,0.0009788942761172,29.53789215206946,0.0006,0.0,4041.391,22
6,24,1.3863373424430123,3.197696888668656,-0.0026594832621232,29.52778049201281,0.0006,-0.0,4052.109,22
6,24,1.3863373424430123,3.198153694332428,-0.0031823777854414,29.49455201865619,0.0006,0.0,4062.812,22
6,24,1.3863373424430123,3.192250669182294,-0.0001388619003091,29.927193740336147,0.0006,0.0,3901.844,22
6,24,1.3863373424430123,3.192647854530921,-0.0019664056997511,29.897071832840822,0.0006,-0.0,3912.547,22
6,24,1.3863373424430123,3.193006988862165,-0.000293467505024,29.85636893738233,0.0006,0.0,3923.297,22
6,24,1.3863373424430123,3.1933451593983406,-0.0004657025143744,29.84173605383269,0.0006,0.0,3934.031,22
6,24,1.3863373424430123,3.1937852371631785,-0.0028203295245718,29.81738657496175,0.0006,-0.0,3944.75,22
6,24,1.3863373424430123,3.194108494706707,-0.0030178154726565,29.783106143298284,0.0006,0.0,3955.453,22
6,24,1.3863373424430123,3.194677831496086,-0.0010802977638862,29.724712330363666,0.0006,0.0,3966.172,22
6,24,1.3863373424430123,3.1950050973024577,-0.0019179202512525,29.7071534349082,0.0006,0.0,3976.937,22
6,24,1.3863373424430123,3.18902701739007,-0.0011236684468512,30.192431040607584,0.0006,-0.0,3815.953,22
6,24,1.3863373424430123,3.1893577136035067,-0.0004300308951,30.13995086214294,0.0006,-0.0,3826.625,22
6,24,1.3863373424430123,3.189876962842412,-0.0006882333157674,30.105184794019877,0.0006,0.0,3837.406,22
6,24,1.3863373424430123,3.1900923361614475,0.0002834201942228,30.07861093204728,0.0006,-0.0,3848.172,22
6,24,1.3863373424430123,3.190559167242683,-0.0018148208234599,30.03375888503068,0.0006,0.0,3858.937,22
6,24,1.3863373424430123,3.190894905456602,-0.001366504444777,30.033380214748547,0.0006,-0.0,3869.687,22
6,24,1.3863373424430123,3.1914007455647524,-0.000851058730859,29.987363179101177,0.0006,-0.0,3880.453,22
6,24,1.3863373424430123,3.191922365512807,-0.002818423148877,29.94934168289366,0.0006,0.0,3891.109,22
6,24,1.3863373424430123,3.1853710114921574,-0.0020574454617032,30.468352150829418,0.0006,-0.0,3730.219,22
6,24,1.3863373424430123,3.185724085434824,-0.003267159265111,30.429231890681464,0.0006,-0.0,3740.875,22
6,24,1.3863373424430123,3.186268194083792,-0.0015945827014556,30.379255105060626,0.0006,-0.0,3751.547,22
6,24,1.3863373424430123,3.1867348358692658,0.000388609878326,30.35436833523863,0.0006,0.0,3762.219,22
6,24,1.3863373424430123,3.187277122851897,-0.0010912891702616,30.32082186331848,0.0006,0.0,3772.984,22
6,24,1.3863373424430123,3.187597561916211,-0.0008939514895302,30.2796316636995,0.0006,0.0,3783.672,22
6,24,1.3863373424430123,3.1880886355953755,-0.000497617149829,30.24122485329544,0.0006,-0.0,3794.375,22
6,24,1.3863373424430123,3.188437046778956,-0.0009113361899445,30.21559904805727,0.0006,0.0,3805.125,22
6,24,1.3863373424430123,3.206062512757709,-0.0018236177641219,28.904197154826587,0.0006,0.0,4330.578,22
6,24,1.3863373424430123,3.2063204715153044,-0.0008835110851209,28.881802555252342,0.0006,0.0,4341.328,22
6,24,1.3863373424430123,3.206610536930894,-0.0032995043739795,28.85944687896773,0.0006,0.0,4352.141,22
6,24,1.3863373424430123,3.206822766428932,-0.0002795880651722,28.843421850139936,0.0006,0.0,4362.844,22
6,24,1.3863373424430123,3.2071274457339647,0.0015872241007492,28.823339856541992,0.0006,0.0,4373.562,22
6,24,1.3863373424430123,3.207448954628832,-0.0011253268402662,28.802385689184625,0.0006,-0.0,4384.281,22
6,24,1.3863373424430123,3.2077509348331303,-0.0005654930907833,28.783891669923893,0.0006,-0.0,4395.0,22
6,24,1.3863373424430123,3.208075100521929,-0.0003843499670434,28.76103812106681,0.0006,0.0,4405.687,22
6,24,1.3863373424430123,3.203493787902404,-0.0001497095232631,29.10125250174325,0.0006,0.0,4244.969,22
6,24,1.3863373424430123,3.2039888772154117,-0.0036111048047703,29.07281270934265,0.0006,0.0,4255.734,22
6,24,1.3863373424430123,3.204244091929468,-0.0005718090636623,29.048487095982868,0.0006,0.0,4266.437,22
6,24,1.3863373424430123,3.2044496859152938,-0.0009243124516305,29.03089085035564,0.0006,0.0,4277.156,22
6,24,1.3863373424430123,3.2047434533597445,-0.0008629429242056,29.002278982969987,0.0006,0.0,4287.844,22
6,24,1.3863373424430123,3.205078014082183,-0.0026569400432262,28.97836235059033,0.0006,0.0,4298.531,22
6,24,1.3863373424430123,3.205477818356688,-0.0087977902286504,28.96010710872025,0.0006,-0.0,4309.203,22
6,24,1.3863373424430123,3.205802844508331,-0.0003193520746555,28.92197537912269,0.0006,-0.0,4319.891,22
6,24,1.3863373424430123,3.200978614301339,-0.0021883355152257,29.292665888238595,0.0006,0.0,4159.266,22
6,24,1.3863373424430123,3.201308507863124,-0.001284451713531,29.2591187937863,0.0006,0.0,4169.984,22
6,24,1.3863373424430123,3.2017743551623425,0.0002197012794698,29.22027010451513,0.0006,0.0,4180.687,22
6,24,1.3863373424430123,3.201922545469085,-0.0008709903958281,29.20645283246474,0.0006,0.0,4191.406,22
6,24,1.3863373424430123,3.202419719580557,-0.002982799731878,29.18552980387592,0.0006,0.0,4202.156,22
6,24,1.3863373424430123,3.202678871989721,-0.0023375184693654,29.160279170366405,0.0006,0.0,4212.859,22
6,24,1.3863373424430123,3.2029839821455965,-0.000727371372742,29.133820855370285,0.0006,0.0,4223.562,22
6,24,1.3863373424430123,3.2031107057642734,-4.8608263441746295e-05,29.10644247714973,0.0006,0.0,4234.281,22
6,24,1.3863373424430123,3.198221672438101,-0.0003336768083958,29.44806844133344,0.0006,0.0,4073.578,22
6,24,1.3863373424430123,3.198679149786665,-0.002820793696718,29.44824312527544,0.0006,0.0,4084.297,22
6,24,1.3863373424430123,3.1989927258837967,-0.0007362206795519,29.429475842390776,0.0006,0.0,4095.031,22
6,24,1.3863373424430123,3.1993113769300674,-0.0015355662104095,29.39590874679444,0.0006,0.0,4105.687,22
6,24,1.3863373424430123,3.19963125833964,-0.0038208223850437,29.36711582665272,0.0006,0.0,4116.375,22
6,24,1.3863373424430123,3.19998278603473,-0.0021978851605702,29.348571102249423,0.0006,0.0,4127.125,22
6,24,1.3863373424430123,3.2003369323250745,-0.0025675909096539,29.32112028490206,0.0006,0.0,4137.859,22
6,24,1.3863373424430123,3.2007238292081364,-0.0002867462890804,29.288262811047368,0.0006,0.0,4148.562,22
6,24,1.3863373424430123,3.214600085408163,-0.0055221800518289,28.360876481904576,0.0006,0.0,4673.734,22
6,24,1.3863373424430123,3.214848085682696,-0.0016937671164117,28.34989977330745,0.0006,0.0,4684.453,22
6,24,1.3863373424430123,3.215082486160532,-0.00042771492404,28.326766767679395,0.0006,0.0,4695.141,22
6,24,1.3863373424430123,3.2152914330862323,-0.0021919795596524,28.31711384193007,0.0006,0.0,4705.844,22
6,24,1.3863373424430123,3.2155110770540323,0.0016543946697871,28.29739849374933,0.0006,0.0,4716.578,22
6,24,1.3863373424430123,3.215733924313908,0.0015635829484503,28.285219241950184,0.0006,0.0,4727.281,22
6,24,1.3863373424430123,3.215960335766128,-0.0026298909670433,28.266458005823512,0.0006,0.0,4737.984,22
6,24,1.3863373424430123,3.216406001971704,-9.424123617725352e-05,28.26291106982501,0.0006,0.0,4748.75,22
6,24,1.3863373424430123,3.212698847980664,-0.0015405781519323,28.486973070691093,0.0006,-0.0,4587.891,22
6,24,1.3863373424430123,3.2127509906204974,0.0001254694371288,28.464319481598515,0.0006,0.0,4598.672,22
6,24,1.3863373424430123,3.213168472761406,-0.0005622088149309,28.45050443701163,0.0006,0.0,4609.391,22
6,24,1.3863373424430123,3.213318749344749,-0.0029230991028223,28.431133560009027,0.0006,0.0,4620.156,22
6,24,1.3863373424430123,3.2136272559035595,0.0001126926826711,28.4156584769128,0.0006,0.0,4630.828,22
6,24,1.3863373424430123,3.213839761089705,-0.0013416038550203,28.40590313282697,0.0006,0.0,4641.531,22
6,24,1.3863373424430123,3.2140363434700867,-0.0010493470646114,28.391687861984728,0.0006,0.0,4652.312,22
6,24,1.3863373424430123,3.214473321208506,0.0003661994820138,28.374883074963503,0.0006,-0.0,4663.016,22
6,24,1.3863373424430123,3.2105259203983354,-0.0024638479182504,28.60971576105704,0.0006,0.0,4502.25,22
6,24,1.3863373424430123,3.210720969065946,-0.0009310710374149,28.587127757738816,0.0006,-0.0,4512.937,22
6,24,1.3863373424430123,3.210946956324212,0.0008629972823433,28.577417179796868,0.0006,0.0,4523.609,22
6,24,1.3863373424430123,3.2113108590669213,0.002398532851955,28.564237446680902,0.0006,0.0,4534.344,22
6,24,1.3863373424430123,3.211588075193055,-0.0023284138987038,28.543298172820855,0.0006,-0.0,4545.094,22
6,24,1.3863373424430123,3.211895993976366,-0.0005062318088819,28.52559777267213,0.0006,-0.0,4555.766,22
6,24,1.3863373424430123,3.2121365383974942,-0.0011659944125266,28.51322248240383,0.0006,0.0,4566.437,22
6,24,1.3863373424430123,3.2123749866285456,-0.0001711665090052,28.495869651742726,0.0006,0.0,4577.156,22
6,24,1.3863373424430123,3.208267746283284,-0.0019654401801109,28.75092769726133,0.0006,0.0,4416.453,22
6,24,1.3863373424430123,3.208495093292443,-0.001039611227287,28.73372392403633,0.0006,-0.0,4427.156,22
6,24,1.3863373424430123,3.2089405894970784,0.0008156443881935,28.711852554601357,0.0006,-0.0,4437.875,22
6,24,1.3863373424430123,3.2091098236644675,-0.0020866903249496,28.69856745769871,0.0006,-0.0,4448.609,22
6,24,1.3863373424430123,3.209454482262176,-0.0026752612561069,28.68100803015366,0.0006,0.0,4459.359,22
6,24,1.3863373424430123,3.209614139709678,0.0003670115021735,28.657564384672984,0.0006,0.0,4470.078,22
6,24,1.3863373424430123,3.209978244483358,-0.0019657593162826,28.637978857326427,0.0006,0.0,4480.828,22
6,24,1.3863373424430123,3.2102845968377776,-0.0006968208040451,28.62565138457675,0.0006,0.0,4491.531,22
6,24,1.3863373424430123,3.221894815958614,-0.0011760824129042,27.964392568249725,0.0006,0.0,5016.812,22
6,24,1.3863373424430123,3.2219182037043725,-0.0032965143848133,27.954850629391515,0.0006,0.0,5027.453,22
6,24,1.3863373424430123,3.222080918434685,-0.002873726124142,27.94135061477511,0.0006,0.0,5038.266,22
6,24,1.3863373424430123,3.222377512565596,-0.0035924767963938,27.94171014905992,0.0006,0.0,5049.094,22
6,24,1.3863373424430123,3.222533534522745,-0.0003508859234986,27.916503002440976,0.0006,-0.0,5059.766,22
6,24,1.3863373424430123,3.222909028932767,-0.0009536224737121,27.915948939800447,0.0006,0.0,5070.469,22
6,24,1.3863373424430123,3.2229740963356392,-0.0033911023777631,27.896599088135662,0.0006,0.0,5081.25,22
6,24,1.3863373424430123,3.2231393071074868,-0.0010321964915108,27.88407595970245,0.0006,0.0,5091.922,22
6,24,1.3863373424430123,3.220090417030313,-0.0014754713056144,28.0453077011533,0.0006,-0.0,4931.031,22
6,24,1.3863373424430123,3.220247112587665,-0.0010560700662431,28.037980440627507,0.0006,-0.0,4941.812,22
6,24,1.3863373424430123,3.220623677140447,-0.0020090292311597,28.019884460464265,0.0006,-0.0,4952.5,22
6,24,1.3863373424430123,3.220679264100336,-0.0002368301955597,28.02423968799453,0.0006,0.0,4963.172,22
6,24,1.3863373424430123,3.221040414614467,-0.0016217108963941,28.01625738581399,0.0006,0.0,4973.953,22
6,24,1.3863373424430123,3.2211387221689085,0.0015467198878193,28.000051271003173,0.0006,-0.0,4984.703,22
6,24,1.3863373424430123,3.221378754480774,-0.0024752345660423,27.982388608377818,0.0006,-0.0,4995.406,22
6,24,1.3863373424430123,3.22162207749717,-0.0009683488290286,27.975162511580827,0.0006,-0.0,5006.109,22
6,24,1.3863373424430123,3.218249786209233,-0.0001317796051472,28.150859031043822,0.0006,0.0,4845.172,22
6,24,1.3863373424430123,3.2185133704219298,-1.3060520351743263e-05,28.132420533502017,0.0006,-0.0,4855.875,22
6,24,1.3863373424430123,3.2187792203335595,-0.0020689666766506,28.12370033424055,0.0006,0.0,4866.578,22
6,24,1.3863373424430123,3.219100493953285,-0.0002016683357019,28.10825252003926,0.0006,0.0,4877.297,22
6,24,1.3863373424430123,3.219250694110095,-0.0005638477604874,28.094862464075742,0.0006,0.0,4888.156,22
6,24,1.3863373424430123,3.2194603068453524,-0.0003105359566827,28.08160332285889,0.0006,0.0,4898.844,22
6,24,1.3863373424430123,3.2196727597769352,7.340648742183947e-05,28.068394090468047,0.0006,0.0,4909.531,22
6,24,1.3863373424430123,3.2198238884206702,-0.0024766022056939,28.061439714545248,0.0006,0.0,4920.281,22
6,24,1.3863373424430123,3.216389251884332,-0.0022389912908704,28.24798123138336,0.0006,0.0,4759.453,22
6,24,1.3863373424430123,3.2167575806833764,-0.0042805787268709,28.22626574544007,0.0006,0.0,4770.125,22
6,24,1.3863373424430123,3.216804240612262,-0.0033206979251842,28.220733486697466,0.0006,0.0,4780.906,22
6,24,1.3863373424430123,3.2172198940092005,-0.0013449910189527,28.20615425041978,0.0006,0.0,4791.594,22
6,24,1.3863373424430123,3.217497546902066,-0.0008636460304261,28.18127723333576,0.0006,0.0,4802.312,22
6,24,1.3863373424430123,3.21764475996748,-0.0041294980757534,28.17321484618657,0.0006,0.0,4813.031,22
6,24,1.3863373424430123,3.2179793400367984,-0.0020181066365756,28.17275515296961,0.0006,0.0,4823.734,22
6,24,1.3863373424430123,3.2180099784413314,-0.0013791507793874,28.156925132425854,0.0006,0.0,4834.453,22
6,24,1.3863373424430123,3.228003428240642,-0.0029361247859775,27.642936024217395,0.0006,0.0,5360.094,22
6,24,1.3863373424430123,3.227969280802554,-0.0002720940634219,27.627947920720857,0.0006,0.0,5370.844,22
6,24,1.3863373424430123,3.22817044929424,-0.0006038899594102,27.61993673160143,0.0006,0.0,5381.594,22
6,24,1.3863373424430123,3.228230496050547,0.0009611047026368,27.62121575837027,0.0006,0.0,5392.312,22
6,24,1.3863373424430123,3.2284642030521065,-0.0008660479451076,27.616235362000577,0.0006,-0.0,5403.031,22
6,24,1.3863373424430123,3.228948931300368,-0.0030025562914245,27.60957280486948,0.0006,0.0,5413.719,22
6,24,1.3863373424430123,3.229006666174183,0.0004147201741852,27.60546805846021,0.0006,0.0,5424.453,22
6,24,1.3863373424430123,3.22907390056536,-0.0018019339083141,27.59195937975418,0.0006,-0.0,5435.141,22
6,24,1.3863373424430123,3.226427803413913,-0.0022627362517596,27.710513286424472,0.0006,0.0,5274.422,22
6,24,1.3863373424430123,3.226768985781989,0.0017102182526645,27.70210132454121,0.0006,0.0,5285.156,22
6,24,1.3863373424430123,3.226785916517276,-0.0004359683412729,27.698746725497408,0.0006,-0.0,5295.859,22
6,24,1.3863373424430123,3.2269674713215,-0.0017211471337969,27.682851545325185,0.0006,0.0,5306.516,22
6,24,1.3863373424430123,3.227310056013655,-0.0018156775042278,27.690324942456748,0.0006,0.0,5317.203,22
6,24,1.3863373424430123,3.227318803064525,-0.0012809043557187,27.67310830344543,0.0006,0.0,5327.906,22
6,24,1.3863373424430123,3.227606338527304,-0.0015742731731886,27.657993287664336,0.0006,-0.0,5338.609,22
6,24,1.3863373424430123,3.22753905744245,-0.0010154741789151,27.654148580712228,0.0006,0.0,5349.297,22
6,24,1.3863373424430123,3.224846431688874,-0.0028035215245101,27.77439903086984,0.0006,-0.0,5188.531,22
6,24,1.3863373424430123,3.2250241466640044,0.0018449725029447,27.77433574326956,0.0006,0.0,5199.25,22
6,24,1.3863373424430123,3.2253856096417457,-0.0010148954191882,27.77603810442741,0.0006,-0.0,5210.0,22
6,24,1.3863373424430123,3.2253745720008515,0.0042669843413738,27.76742098582014,0.0006,0.0,5220.75,22
6,24,1.3863373424430123,3.225633009194357,-0.0013441934151123,27.74475306287752,0.0006,-0.0,5231.547,22
6,24,1.3863373424430123,3.22587583415395,-0.0019980732074398,27.72924934480067,0.0006,0.0,5242.25,22
6,24,1.3863373424430123,3.2260637417216587,-0.0001083461538941,27.725463205504997,0.0006,-0.0,5253.0,22
6,24,1.3863373424430123,3.226152023496536,-0.001416410421308,27.72572335775017,0.0006,-0.0,5263.687,22
6,24,1.3863373424430123,3.223380380035713,0.0005138605793605,27.876252744428317,0.0006,0.0,5102.625,22
6,24,1.3863373424430123,3.223549268959067,0.0003107284493309,27.86192402338697,0.0006,0.0,5113.375,22
6,24,1.3863373424430123,3.223765623142013,-0.0022678107029935,27.853331251964217,0.0006,0.0,5124.078,22
6,24,1.3863373424430123,3.2239647583212183,-0.0024766584108981,27.83882853290441,0.0006,0.0,5134.828,22
6,24,1.3863373424430123,3.224084671037826,-0.0027087806784804,27.818508570122283,0.0006,0.0,5145.578,22
6,24,1.3863373424430123,3.224302821988833,-0.0023368601286692,27.81521043681933,0.0006,0.0,5156.312,22
6,24,1.3863373424430123,3.224463884469976,-0.0007643871675098,27.81181438905179,0.0006,0.0,5167.047,22
6,24,1.3863373424430123,3.224713104888467,0.0013001447179133,27.794538603843453,0.0006,-0.0,5177.812,22
6,24,1.3863373424430123,3.233257431527435,-0.0025851110804213,27.42000198525021,0.0006,0.0,5703.25,22
6,24,1.3863373424430123,3.2335040670369155,-0.0004267726739829,27.4274909425126,0.0006,0.0,5713.922,22
6,24,1.3863373424430123,3.233527251776217,-0.0021499771235679,27.416429293829573,0.0006,0.0,5724.703,22
6,24,1.3863373424430123,3.2337567152781754,-0.0005989930424085,27.401598175235964,0.0006,0.0,5735.406,22
6,24,1.3863373424430123,3.233867135840615,-0.0014684889696697,27.40743262772945,0.0006,0.0,5746.125,22
6,24,1.3863373424430123,3.2340584338968106,0.0003315793939729,27.390381818115955,0.0006,0.0,5756.828,22
6,24,1.3863373424430123,3.2340799586777966,0.000917966080903,27.385911732048,0.0006,0.0,5767.531,22
6,24,1.3863373424430123,3.2344609787554184,-0.0021826938095095,27.39161316069084,0.0006,0.0,5778.203,22
6,24,1.3863373424430123,3.2320377384637555,-0.0017040922764909,27.47978321795983,0.0006,-0.0,5617.406,22
6,24,1.3863373424430123,3.232128891303897,-0.0018389386215545,27.478463039412897,0.0006,-0.0,5628.125,22
6,24,1.3863373424430123,3.232244798234763,-0.0020598326524214,27.459785317222817,0.0006,0.0,5638.906,22
6,24,1.3863373424430123,3.2324712042367185,-0.0026455795739255,27.455449467576845,0.0006,0.0,5649.609,22
6,24,1.3863373424430123,3.2326357007093494,-0.0011993097586197,27.451933785405924,0.0006,0.0,5660.391,22
6,24,1.3863373424430123,3.2328377944693654,-0.0025085779311224,27.44569132734432,0.0006,-0.0,5671.094,22
6,24,1.3863373424430123,3.2329160516001902,0.0005180235604504,27.43218049781926,0.0006,0.0,5681.781,22
6,24,1.3863373424430123,3.233124996787592,-0.0001014649661471,27.41835261430652,0.0006,0.0,5692.547,22
6,24,1.3863373424430123,3.230494478413769,0.00014521683695,27.53575727455139,0.0006,0.0,5531.719,22
6,24,1.3863373424430123,3.2309329255735806,-0.0011148915087799,27.52317490414513,0.0006,-0.0,5542.437,22
6,24,1.3863373424430123,3.230891669783933,-0.0031112719534974,27.51802843079944,0.0006,0.0,5553.109,22
6,24,1.3863373424430123,3.231117258230938,-0.0011019567507683,27.509502117833296,0.0006,0.0,5563.828,22
6,24,1.3863373424430123,3.2313923582082227,-0.0046888363483049,27.49979670435417,0.0006,-0.0,5574.484,22
6,24,1.3863373424430123,3.231382299408832,-0.0026612979967164,27.50207699345856,0.0006,0.0,5585.203,22
6,24,1.3863373424430123,3.2316660334635845,-0.0002484583551848,27.501281433654864,0.0006,-0.0,5595.969,22
6,24,1.3863373424430123,3.231676971021408,-0.0031023722264086,27.49060425128901,0.0006,0.0,5606.687,22
6,24,1.3863373424430123,3.2292197884649134,-0.0022744943112069,27.584611309900787,0.0006,0.0,5445.859,22
6,24,1.3863373424430123,3.229471220106711,-0.0021330845395673,27.57467689502516,0.0006,-0.0,5456.687,22
6,24,1.3863373424430123,3.2295871506605343,-0.000204722699395,27.574502687817134,0.0006,0.0,5467.359,22
6,24,1.3863373424430123,3.2298465599870863,-0.0026407668528046,27.5570372816301,0.0006,-0.0,5478.141,22
6,24,1.3863373424430123,3.2299319844339167,-6.42636426042363e-05,27.566030042897005,0.0006,-0.0,5488.891,22
6,24,1.3863373424430123,3.2301655949871177,-0.0011186210770821,27.547485627416297,0.0006,0.0,5499.547,22
6,24,1.3863373424430123,3.230249995796885,-0.0022602690302379,27.5441102344964,0.0006,0.0,5510.266,22
6,24,1.3863373424430123,3.2303816772018425,-0.0012073558836328,27.528960361746023,0.0006,0.0,5520.953,22
6,24,1.3863373424430123,3.238091455534691,-0.0035417338090735,27.276337510908498,0.0006,-0.0,6046.172,22
6,24,1.3863373424430123,3.2382090918272706,-0.0011819868878644,27.27534583825749,0.0006,0.0,6056.875,22
6,24,1.3863373424430123,3.238371417659877,-0.0006278383605784,27.27084712953078,0.0006,0.0,6067.578,22
6,24,1.3863373424430123,3.238457935917637,-0.002928455156829,27.259252592169226,0.0006,-0.0,6078.266,22
6,24,1.3863373424430123,3.238778499545849,-0.0023197248985971,27.263493187622903,0.0006,0.0,6089.016,22
6,24,1.3863373424430123,3.238795898827596,-0.0043903542207632,27.248040821181625,0.0006,0.0,6099.703,22
6,24,1.3863373424430123,3.2358788940878647,-0.0024948969255095,27.331419827331796,0.0006,-0.0,5885.297,22
6,24,1.3863373424430123,3.236024199159196,-0.0019646973604293,27.32426503764347,0.0006,0.0,5896.0,22
6,24,1.3863373424430123,3.236174634894315,0.0001458217434346,27.3207438481862,0.0006,0.0,5906.75,22
6,24,1.3863373424430123,3.236328391204172,-0.0008155863984516,27.309685930695554,0.0006,-0.0,5917.469,22
6,24,1.3863373424430123,3.236557249867715,-0.0019953919376359,27.30623385907516,0.0006,0.0,5928.156,22
6,24,1.3863373424430123,3.239176107464985,-0.0010035869970399,27.25106042768256,0.0006,0.0,6110.453,22
6,24,1.3863373424430123,3.2390103995866686,-0.0024438791018951,27.23373713688767,0.0006,0.0,6121.156,22
6,24,1.3863373424430123,3.236980471213631,-0.0019398860426201,27.298887565808556,0.0006,-0.0,5960.328,22
6,24,1.3863373424430123,3.234676755496984,-0.0014232664219138,27.37907137659488,0.0006,0.0,5799.609,22
6,24,1.3863373424430123,3.23482724573294,-0.001642781831733,27.37069637716734,0.0006,0.0,5810.297,22
6,24,1.3863373424430123,3.2349725806920997,-0.0008411381989108,27.362428313050327,0.0006,-0.0,5821.031,22
6,24,1.3863373424430123,3.235193639526001,-0.0034607500214705,27.36002301340467,0.0006,0.0,5831.734,22
6,24,1.3863373424430123,3.235174114059609,-0.0003269157184099,27.35436505426766,0.0006,0.0,5842.484,22
6,24,1.3863373424430123,3.237713714771669,-0.0040866839824799,27.276683555407388,0.0006,0.0,6024.703,22
6,24,1.3863373424430123,3.238115717091712,-0.0002153697895224,27.278057225166204,0.0006,0.0,6035.391,22
6,24,1.3863373424430123,3.2357447935522003,0.000166912308217,27.331799844018704,0.0006,0.0,5874.609,22
6,24,1.3863373424430123,3.830866744853533,0.0003808285272599,29.69301488092452,0.0006,3.831,359.328,22
6,24,1.3863373424430123,3.382438251320404,-4.025483463260545,29.72673799724331,4.0,1.555,369.625,22
6,24,1.3863373424430123,3.826554249102424,-0.0009992434160352,29.86118430481084,0.0006,3.826,379.875,22
6,24,1.3863373424430123,3.461478810722854,-4.024271703660152,27.031738868950047,4.0,1.613,61.062,22
6,24,1.3863373424430123,3.913147771226475,0.0017328522817137,27.201846529988828,0.0006,3.916,71.328,22
6,24,1.3863373424430123,3.2366945906116533,-0.0007011891205055,27.30860747153991,0.0006,0.0,5938.906,22
6,24,1.3863373424430123,3.2367349095089484,-0.0011232244390946,27.30164284127929,0.0006,0.0,5949.578,22
6,24,1.3863373424430123,3.2345944833701097,-0.0002028086051741,27.377668121854484,0.0006,-0.0,5788.891,22
6,24,1.3863373424430123,3.235401562099293,-0.0008495626669235,27.3471277274209,0.0006,-0.0,5853.219,22
6,24,1.3863373424430123,3.235753184478216,-7.290727214954164e-05,27.33991966929008,0.0006,0.0,5863.891,22
6,24,1.3863373424430123,3.24242084202707,-0.0027091261342085,27.14682969124468,0.0006,0.0,6389.187,22
6,24,1.3863373424430123,3.242584815020064,-0.0010261613052986,27.14375031749444,0.0006,0.0,6399.969,22
6,24,1.3863373424430123,3.242697887336069,-0.0021825978404986,27.14366502972077,0.0006,0.0,6410.672,22
6,24,1.3863373424430123,3.387257165960149,-4.025447721612645,29.38333786196725,4.0,1.559,328.484,22
6,24,1.3863373424430123,3.834769550276781,-0.0002307233246455,29.51310500400034,0.0006,3.835,338.781,22
6,24,1.3863373424430123,3.384734326626699,-4.026433625217035,29.562242863515326,4.0,1.558,349.047,22
6,24,1.3863373424430123,3.241624501335718,-0.0024915186209296,27.1682748491884,0.0006,-0.0,6314.172,22
6,24,1.3863373424430123,3.241485962364149,-0.0011003954370296,27.15923701698705,0.0006,0.0,6324.844,22
6,24,1.3863373424430123,3.241720814947578,-0.0010013415638449,27.157756808864026,0.0006,0.0,6335.516,22
6,24,1.3863373424430123,3.2419820404220654,-0.0035303528178308,27.1573754990249,0.0006,-0.0,6346.328,22
6,24,1.3863373424430123,3.242123006249308,-0.0009135779155239,27.159317916574977,0.0006,0.0,6357.078,22
6,24,1.3863373424430123,3.4018978702853317,-4.024671505660373,28.54919737255773,4.0,1.569,225.5,22
6,24,1.3863373424430123,3.8573302484812215,-0.0015018274219821,28.671910158816637,0.0006,3.858,235.766,22
6,24,1.3863373424430123,3.446556456972542,-4.02426257283174,27.272143237222103,4.0,1.599,81.625,22
6,24,1.3863373424430123,3.2423412161964067,-0.0007133626119721,27.15836456702841,0.0006,0.0,6378.516,22
6,24,1.3863373424430123,3.240325892992153,-0.0007003631562425,27.21176247769345,0.0006,-0.0,6217.578,22
6,24,1.3863373424430123,3.240430996508961,-0.0011180050146638,27.20738595568064,0.0006,0.0,6228.375,22
6,24,1.3863373424430123,3.2406618964695117,-0.0004311812638479,27.202310713728703,0.0006,0.0,6239.125,22
6,24,1.3863373424430123,3.2407977559312533,0.0010666182103981,27.192079054711517,0.0006,0.0,6249.828,22
6,24,1.3863373424430123,3.240808551536081,-0.0023600751058067,27.190083352827497,0.0006,-0.0,6260.594,22
6,24,1.3863373424430123,3.2410292157977967,-0.0031148968265693,27.18118191796799,0.0006,0.0,6271.266,22
6,24,1.3863373424430123,3.2413724926661507,-0.0026926654216048,27.171741369827828,0.0006,-0.0,6303.453,22
6,24,1.3863373424430123,3.2413615916446386,-0.001320371393422,27.178926798142797,0.0006,0.0,6292.719,22
6,24,1.3863373424430123,3.23923684729008,-0.001046023750913,27.228219912628223,0.0006,-0.0,6131.828,22
6,24,1.3863373424430123,3.2392714317597644,-1.3269816797082776e-05,27.226285807798217,0.0006,0.0,6142.516,22
6,24,1.3863373424430123,3.2393301729756274,-0.0021829932580827,27.223673867856128,0.0006,0.0,6153.234,22
6,24,1.3863373424430123,3.239503145406052,-0.0036027352974388,27.22791003971724,0.0006,0.0,6163.969,22
6,24,1.3863373424430123,3.2397656309442646,-0.0005903422720362,27.220714526752158,0.0006,0.0,6174.734,22
6,24,1.3863373424430123,3.2399998052852914,-0.0006276800275772,27.22427910185719,0.0006,-0.0,6185.422,22
6,24,1.3863373424430123,3.242270836807602,-0.0016722992400437,27.1611035557228,0.0006,0.0,6367.844,22
6,24,1.3863373424430123,3.237167998993721,0.002455041562758,27.29627573652072,0.0006,0.0,5971.031,22
6,24,1.3863373424430123,3.237269443692363,0.0006879518207904,27.288888153624843,0.0006,0.0,5981.75,22
6,24,1.3863373424430123,3.2374020427922225,-0.0015698676171083,27.310793678106855,0.0006,0.0,5992.422,22
6,24,1.3863373424430123,3.237431065648046,-0.0009657474639016,27.29535616732,0.0006,0.0,6003.187,22
6,24,1.3863373424430123,3.2375168422667477,-0.0004994832606969,27.28630293822868,0.0006,0.0,6013.922,22
6,24,1.3863373424430123,3.2401176455970986,0.0003969681806389,27.21546509216844,0.0006,0.0,6196.125,22
6,24,1.3863373424430123,3.240278864357967,-0.0034324922723273,27.21128968142282,0.0006,0.0,6206.891,22
6,24,1.3863373424430123,3.241171651602,-0.0011142375754695,27.18430043185315,0.0006,0.0,6282.0,22
6,24,1.3863373424430123,3.2932813919972683,-4.0248574434638575,33.70914363089405,4.0,1.478,1048.594,22
6,24,1.3863373424430123,3.714310307234059,-8.266371596691491e-05,33.77328321871901,0.0006,3.715,1058.828,22
6,24,1.3863373424430123,3.313292927307642,-4.02426667214593,33.03553940322019,4.0,1.499,904.578,22
6,24,1.3863373424430123,3.735707981596823,0.000430963012936,33.1293148843663,0.0006,3.736,914.812,22
6,24,1.3863373424430123,3.3101118031910555,-4.023682910095091,33.1563231014834,4.0,1.492,925.172,22
6,24,1.3863373424430123,3.732410390499415,-0.0019533160349267,33.25551828689974,0.0006,3.733,935.406,22
6,24,1.3863373424430123,3.307296690527205,-4.023582936749209,33.24502253398605,4.0,1.492,945.672,22
6,24,1.3863373424430123,3.729448605063356,-1.9655922172474603e-05,33.33882763149806,0.0006,3.73,955.969,22
6,24,1.3863373424430123,3.3044185838993667,-4.02318604499333,33.33533726116363,4.0,1.488,966.281,22
6,24,1.3863373424430123,3.7263371938246608,-0.0002850647453322,33.43480416297037,0.0006,3.727,976.562,22
6,24,1.3863373424430123,3.324901929664903,-4.025317875646686,32.67269608575849,4.0,1.508,822.359,22
6,24,1.3863373424430123,3.7486603037614894,-0.0004894095395356,32.772173636676335,0.0006,3.75,832.609,22
6,24,1.3863373424430123,3.3218207720697617,-4.025165071595565,32.765765121717365,4.0,1.503,842.906,22
6,24,1.3863373424430123,3.7454627704181087,-0.0010174615911195,32.86779532520908,0.0006,3.746,853.172,22
6,24,1.3863373424430123,3.319351423341984,-4.0240016085173,32.863589662965424,4.0,1.502,863.453,22
6,24,1.3863373424430123,3.741862834378804,-0.000274540942009,32.92964155396,0.0006,3.742,873.687,22
6,24,1.3863373424430123,3.3161550384344096,-4.025604782249284,32.935041210334546,4.0,1.5,883.969,22
6,24,1.3863373424430123,3.73884601365057,-0.0008214432629815,33.01719920450222,0.0006,3.74,894.266,22
6,24,1.3863373424430123,3.33645978290193,-4.025626596644707,32.2637772675579,4.0,1.517,739.984,22
6,24,1.3863373424430123,3.7620348030845,0.0015041195679262,32.37558244502554,0.0006,3.762,750.266,22
6,24,1.3863373424430123,3.333754806827611,-4.024806712091089,32.37705390385673,4.0,1.516,760.5,22
6,24,1.3863373424430123,3.758799664350005,5.689677609848284e-05,32.440014807688,0.0006,3.76,770.828,22
6,24,1.3863373424430123,3.331152747732389,-4.023249630992194,32.48523562925663,4.0,1.513,781.187,22
6,24,1.3863373424430123,3.755392767630036,-0.0024479526148577,32.57258971805286,0.0006,3.756,791.453,22
6,24,1.3863373424430123,3.328082160668419,-4.026078513272064,32.59684540676668,4.0,1.509,801.687,22
6,24,1.3863373424430123,3.752047085116488,-0.000284733580889,32.66763914086017,0.0006,3.754,812.031,22
6,24,1.3863373424430123,3.2618595491977733,-4.023710966642436,34.73015731286561,4.0,1.449,1316.234,22
6,24,1.3863373424430123,3.68184324733007,-0.0015126211284104,34.81829537612911,0.0006,3.683,1326.547,22
6,24,1.3863373424430123,3.259664581757616,-4.024165301813023,34.81530426441049,4.0,1.447,1336.828,22
6,24,1.3863373424430123,3.6798803277823255,-0.001440849979763,34.89732799252447,0.0006,3.681,1347.094,22
6,24,1.3863373424430123,3.257675108652452,-4.024345438496548,34.8961723449183,4.0,1.445,1357.391,22
6,24,1.3863373424430123,3.677714671573985,0.001540107475912,34.97705082805972,0.0006,3.678,1367.672,22
6,24,1.3863373424430123,3.4819227508245585,-4.023836785299955,26.74222406016936,4.0,1.633,40.422,22
6,24,1.3863373424430123,3.928336034461856,-0.0031128923864421,26.93495942998135,0.0006,3.932,50.75,22
6,24,1.3863373424430123,3.4195224997092035,-4.025137611516591,27.86160489411178,4.0,1.578,143.234,22
7,24,1.8165277958816064,3.300122039937863,0.001082192256585,27.322904078511915,0.0006,0.0,6355.328,21
7,24,1.8165277958816064,3.30004253235517,0.0014684679887578,27.330010408415824,0.0006,0.0,6366.172,21
7,24,1.8165277958816064,3.29875994966257,-8.847891089163826e-05,27.36054195174824,0.0006,0.0,6268.985,21
7,24,1.8165277958816064,3.2991420847923525,0.0014426914643721,27.340828108174215,0.0006,-0.0,6279.766,21
7,24,1.8165277958816064,3.301282171054771,-0.0021339619866393,27.27159065885869,0.0006,0.0,6463.328,21
7,24,1.8165277958816064,3.3013286895325744,0.0006455729452574,27.279133353512908,0.0006,-0.0,6474.156,21
7,24,1.8165277958816064,3.2993343887858813,-0.000757969280516,27.343231391435427,0.0006,-0.0,6312.094,21
7,24,1.8165277958816064,3.299580661777814,-0.0014220214800095,27.338797598835725,0.0006,0.0,6322.86,21
7,24,1.8165277958816064,3.299417407741432,0.0003135057123078,27.333364871649184,0.0006,0.0,6333.703,21
7,24,1.8165277958816064,3.2999461102110934,2.8064570410179005e-05,27.33118418168577,0.0006,-0.0,6344.516,21
7,24,1.8165277958816064,3.2977752593396312,-0.002340597834869,27.412052068444503,0.0006,0.0,6182.547,21
7,24,1.8165277958816064,3.297921913408467,-0.0025134306588512,27.397281550027856,0.0006,0.0,6193.375,21
7,24,1.8165277958816064,3.300279381813774,0.0003327999505296,27.316945480765447,0.0006,0.0,6376.953,21
7,24,1.8165277958816064,3.3004776919595256,-0.0006597898770823,27.30633295821471,0.0006,0.0,6387.703,21
7,24,1.8165277958816064,3.2982636692211726,-0.0011963042374847,27.3769862399598,0.0006,-0.0,6225.719,21
7,24,1.8165277958816064,3.2985234949914117,-0.0026002968216148,27.37496891586858,0.0006,0.0,6236.5,21
7,24,1.8165277958816064,3.298495286688858,-0.0006539572057842,27.363915440016417,0.0006,0.0,6247.297,21
7,24,1.8165277958816064,3.298854361254978,0.0007879268251563,27.36785820482313,0.0006,0.0,6258.172,21
7,24,1.8165277958816064,3.2980292891586798,-0.0002742629690274,27.39061764095197,0.0006,0.0,6204.156,21
7,24,1.8165277958816064,3.298156212950876,-0.0005100431361764,27.387820917242006,0.0006,0.0,6214.953,21
7,24,1.8165277958816064,3.299103171428113,0.0013545326068957,27.34394360417883,0.0006,0.0,6290.547,21
7,24,1.8165277958816064,3.299177341835765,-0.0024765291648979,27.345350726309476,0.0006,0.0,6301.344,21
7,24,1.8165277958816064,3.297151749795417,-0.003281414064397,27.430567826842555,0.0006,0.0,6139.297,21
7,24,1.8165277958816064,3.2973687015605413,-0.0007716976617018,27.43271933979872,0.0006,0.0,6150.125,21
7,24,1.8165277958816064,3.297479508203928,-0.0007667802464004,27.418978614409657,0.0006,-0.0,6160.938,21
7,24,1.8165277958816064,3.297630874437417,-0.0018641975143382,27.41447852458742,0.0006,0.0,6171.766,21
7,24,1.8165277958816064,4.097527092868777,-0.002104390344299,27.935183478413872,0.0006,4.1,113.422,21
7,24,1.8165277958816064,3.639785262746877,-4.025369312076225,28.01600720045077,4.0,1.798,123.781,21
7,24,1.8165277958816064,3.932745342470238,-0.0019373286215264,32.20047604083339,0.0006,3.932,632.75,21
7,24,1.8165277958816064,3.503337122784276,-4.024951663320677,32.19707827709768,4.0,1.687,643.11,21
7,24,1.8165277958816064,3.9276168634740727,-0.0041575153753339,32.2944771065572,0.0006,3.928,653.469,21
7,24,1.8165277958816064,3.4989707188091663,-4.023751610157032,32.31767396686559,4.0,1.682,663.813,21
7,24,1.8165277958816064,3.922737150185036,0.0005978971164508,32.39522559815205,0.0006,3.923,674.141,21
7,24,1.8165277958816064,3.4943620911748416,-4.023593317577522,32.40491053983916,4.0,1.678,684.516,21
7,24,1.8165277958816064,4.153073384541989,-0.0016691925830143,26.80122881503305,0.0006,4.161,30.469,21
7,24,1.8165277958816064,3.6977375405157153,-4.0253254462060335,26.924473915561304,4.0,1.849,40.875,21
7,24,1.8165277958816064,3.986405512692522,-0.0001803053103847,31.01026569455029,0.0006,3.986,445.781,21
7,24,1.8165277958816064,3.547329241558891,-4.024810279368234,31.04077823673696,4.0,1.726,456.156,21
7,24,1.8165277958816064,3.858878277426199,0.000848166096194,33.14357296385997,0.0006,3.86,964.766,21
7,24,1.8165277958816064,3.4348093000171294,-4.024483942442654,33.13457848144788,4.0,1.622,975.156,21
7,24,1.8165277958816064,3.8544150629660425,-7.849922041272047e-05,33.184710298560155,0.0006,3.855,985.516,21
7,24,1.8165277958816064,3.4310828097744586,-4.025499273313069,33.173123142662774,4.0,1.619,995.828,21
7,24,1.8165277958816064,3.850307146450003,-0.0029468147009711,33.23810889932019,0.0006,3.851,1006.172,21
7,24,1.8165277958816064,3.4266326585927547,-4.022048351637001,33.2300982921486,4.0,1.615,1016.656,21
7,24,1.8165277958816064,4.009695234126059,-0.0018026093646497,30.354716679196898,0.0006,4.008,362.688,21
7,24,1.8165277958816064,3.566070435440005,-4.025373842460925,30.39186650818733,4.0,1.742,373.094,21
7,24,1.8165277958816064,4.055654550773779,-0.000128170683722,29.052567232499104,0.0006,4.055,217.172,21
7,24,1.8165277958816064,3.602198541048109,-4.02572272108588,29.114378532446164,4.0,1.77,227.563,21
7,24,1.8165277958816064,4.0484045498030525,0.0002170576220131,29.24407847866969,0.0006,4.047,237.953,21
7,24,1.8165277958816064,3.5963763910426514,-4.026566775681088,29.29550741370916,4.0,1.767,248.313,21
7,24,1.8165277958816064,4.041396974130886,-0.0003122758562367,29.43976786838289,0.0006,4.041,258.719,21
7,24,1.8165277958816064,3.5906774184410093,-4.025182357240773,29.48883482961979,4.0,1.763,269.156,21
7,24,1.8165277958816064,4.034411752516997,-0.0002179666803863,29.619344417611103,0.0006,4.033,279.485,21
7,24,1.8165277958816064,3.585553900679945,-4.023913312677941,29.68449071176547,4.0,1.76,289.86,21
7,24,1.8165277958816064,4.088088635486736,-0.0015122581106141,28.17705544921761,0.0006,4.09,134.172,21
7,24,1.8165277958816064,3.630947686739932,-4.024016549351344,28.249596611203334,4.0,1.792,144.531,21
7,24,1.8165277958816064,4.079488072257946,-0.002148286523633,28.42260819058283,0.0006,4.081,154.875,21
7,24,1.8165277958816064,3.622670446289309,-4.023626513469151,28.486472363652275,4.0,1.788,165.25,21
7,24,1.8165277958816064,4.071412163759849,0.0009054301443361,28.615060002555,0.0006,4.071,175.625,21
7,24,1.8165277958816064,3.615384667621391,-4.02634489199389,28.68115027722053,4.0,1.782,186.0,21
7,24,1.8165277958816064,4.063265825144464,-0.0012142417914307,28.831567690430678,0.0006,4.063,196.375,21
7,24,1.8165277958816064,3.608772097165801,-4.023869675914447,28.89500996793377,4.0,1.775,206.75,21
7,24,1.8165277958816064,4.134546947576315,-0.0004413018291374,27.12517852536474,0.0006,4.14,51.266,21
7,24,1.8165277958816064,3.678677227873258,-4.024874137708979,27.243939741832506,4.0,1.832,61.61,21
7,24,1.8165277958816064,4.120270488479433,-0.0004275763613928,27.41455531360177,0.0006,4.124,71.985,21
7,24,1.8165277958816064,3.663257240474594,-4.025543320453915,27.50568439075946,4.0,1.816,82.344,21
7,24,1.8165277958816064,4.108266177310612,-0.0007052907818651,27.682819329692244,0.0006,4.111,92.672,21
7,24,1.8165277958816064,3.650305333629923,-4.023775940285573,27.77800236082545,4.0,1.806,103.11,21
7,24,1.8165277958816064,3.8989723132635294,-0.0011396802465129,32.72761370753994,0.0006,3.899,777.891,21
7,24,1.8165277958816064,3.472978576354839,-4.025889127417993,32.701083986002764,4.0,1.659,788.297,21
7,24,1.8165277958816064,3.7935496539707385,-0.0022892476257763,34.040013387156044,0.0006,3.795,1296.766,21
7,24,1.8165277958816064,3.3744447528963257,-4.02569059740091,34.04691419312682,4.0,1.562,1307.11,21
7,24,1.8165277958816064,3.790098196440446,-0.0016426803830697,34.0969074525912,0.0006,3.79,1317.531,21
7,24,1.8165277958816064,3.371182686327033,-4.024967383067008,34.08740776084412,4.0,1.56,1327.844,21
7,24,1.8165277958816064,3.78620128623478,-0.0016752232095976,34.12635988489984,0.0006,3.786,1338.172,21
7,24,1.8165277958816064,3.36745737122756,-4.023435466815887,34.14788018170504,4.0,1.556,1348.5,21
7,24,1.8165277958816064,3.917819658002696,-5.159629423984842e-05,32.46479291032028,0.0006,3.918,694.844,21
7,24,1.8165277958816064,3.489846814985993,-4.027619296511049,32.46851343853921,4.0,1.672,705.235,21
7,24,1.8165277958816064,3.956045778131314,-0.0033199646480201,31.713344249263887,0.0006,3.956,549.735,21
7,24,1.8165277958816064,3.5223047099987896,-4.023859632378104,31.73534909410092,4.0,1.705,560.172,21
7,24,1.8165277958816064,3.9500038484071056,0.000140207911037,31.85549513297569,0.0006,3.95,570.485,21
7,24,1.8165277958816064,3.517290167030324,-4.025567315360222,31.87565798596185,4.0,1.701,580.938,21
7,24,1.8165277958816064,3.944073828182536,-0.002518704637753,31.97655629802953,0.0006,3.944,591.328,21
7,24,1.8165277958816064,3.51289028610119,-4.024051923080932,31.98226725581119,4.0,1.695,601.641,21
7,24,1.8165277958816064,3.93832384731678,-0.0026834112652931,32.09599604161013,0.0006,3.938,611.953,21
7,24,1.8165277958816064,3.5075690853763337,-4.022854356791697,32.10587440937431,4.0,1.692,622.438,21
7,24,1.8165277958816064,3.980385973208533,-0.0010901829884594,31.155464704974158,0.0006,3.979,466.516,21
7,24,1.8165277958816064,3.542363895070595,-4.024519499610198,31.183155899417923,4.0,1.722,476.922,21
7,24,1.8165277958816064,3.974194908419911,0.0008143294499297,31.31325142791666,0.0006,3.972,487.391,21
7,24,1.8165277958816064,3.5374230931537065,-4.024749753017962,31.333253230947648,4.0,1.718,497.75,21
7,24,1.8165277958816064,3.96822562842414,-0.0002847753401172,31.45317491999563,0.0006,3.967,508.156,21
7,24,1.8165277958816064,3.5327008463766183,-4.025599078410412,31.4751136367814,4.0,1.716,518.531,21
7,24,1.8165277958816064,3.962231875158066,-0.0004171789593618,31.592781602063933,0.0008,3.961,528.953,21
7,24,1.8165277958816064,3.527560906309619,-4.023854623836148,31.61970200583614,4.0,1.71,539.391,21
7,24,1.8165277958816064,4.00398970717963,-0.0009908112688499,30.526270894027924,0.0006,4.002,383.453,21
7,24,1.8165277958816064,3.5615384282703744,-4.023616836233528,30.564563788135118,4.0,1.738,393.813,21
7,24,1.8165277958816064,3.9983197745613497,-0.0006724306163841,30.69837878661015,0.0006,3.997,404.219,21
7,24,1.8165277958816064,3.5569213708781744,-4.024941362163143,30.744209767518225,4.0,1.734,414.578,21
7,24,1.8165277958816064,3.992375500834563,-0.0001187013988921,30.863565803253337,0.0006,3.991,424.953,21
7,24,1.8165277958816064,3.55215325646668,-4.023594005843629,30.89471132160631,4.0,1.73,435.36,21
7,24,1.8165277958816064,3.829163461050076,-0.0006004568333984,33.50668696566088,0.0006,3.829,1110.016,21
7,24,1.8165277958816064,3.407672714405495,-4.024577103352722,33.51476051600059,4.0,1.595,1120.344,21
7,24,1.8165277958816064,3.737972121865608,-0.0015698457157603,34.844110815053966,0.0006,3.739,1628.735,21
7,24,1.8165277958816064,3.320861063293549,-4.024936697807561,34.833951282026604,4.0,1.511,1639.094,21
7,24,1.8165277958816064,3.734783392704665,-0.0001451581097259,34.8651156798792,0.0006,3.736,1649.485,21
7,24,1.8165277958816064,3.3177822048098964,-4.025117293914729,34.85378411809547,4.0,1.508,1659.875,21
7,24,1.8165277958816064,3.7318661027299016,0.0001784728159261,34.93101505526489,0.0006,3.733,1670.25,21
7,24,1.8165277958816064,3.3148966510525635,-4.02467864809212,34.92123117431621,4.0,1.505,1680.672,21
7,24,1.8165277958816064,3.845739048516682,-0.0001781360319499,33.283922349226074,0.0006,3.847,1026.985,21
7,24,1.8165277958816064,3.422778501402852,-4.021728634541657,33.28469736422239,4.0,1.611,1037.391,21
7,24,1.8165277958816064,3.8765223442852896,0.0002576696691703,32.95209182156461,0.0006,3.877,881.656,21
7,24,1.8165277958816064,3.451752740483994,-4.025692789156517,32.92003662107051,4.0,1.637,892.0,21
7,24,1.8165277958816064,3.8722410724748633,0.0008869183095455,32.9859669235198,0.0006,3.872,902.391,21
7,24,1.8165277958816064,3.4475092318702028,-4.025812652408689,32.964589236632214,4.0,1.633,912.844,21
7,24,1.8165277958816064,3.867583352316855,-0.0003027729869497,33.0393875492082,0.0006,3.868,923.203,21
7,24,1.8165277958816064,3.4429478545926457,-4.028058491701451,33.0260211169654,4.0,1.631,933.672,21
7,24,1.8165277958816064,3.863264791831433,0.0010469375594324,33.0892362102318,0.0006,3.864,944.094,21
7,24,1.8165277958816064,3.4391637115696523,-4.025816570375125,33.068445706446305,4.0,1.627,954.453,21
7,24,1.8165277958816064,3.894423605155966,-0.0005499213584759,32.775589706251274,0.0006,3.895,798.641,21
7,24,1.8165277958816064,3.468617657665149,-4.026080061064006,32.75737222475483,4.0,1.653,809.0,21
7,24,1.8165277958816064,3.889953122505095,0.0008795964990638,32.8242274880868,0.0006,3.89,819.375,21
7,24,1.8165277958816064,3.464124692388929,-4.024770255638986,32.82957903861045,4.0,1.651,829.766,21
7,24,1.8165277958816064,3.885527521014828,0.0006619961445159,32.87568686274458,0.0006,3.886,840.172,21
7,24,1.8165277958816064,3.4599148717736115,-4.023071844078108,32.85859607608205,4.0,1.647,850.563,21
7,24,1.8165277958816064,3.880914615904139,0.0008781054044881,32.91872966812096,0.0006,3.881,860.875,21
7,24,1.8165277958816064,3.455658244222322,-4.02326671018676,32.88952367573132,4.0,1.642,871.235,21
7,24,1.8165277958816064,3.913137495428472,-0.0005737829245095,32.542160696846864,0.0006,3.914,715.594,21
7,24,1.8165277958816064,3.485821340691661,-4.025474118910845,32.50750435663341,4.0,1.67,725.906,21
7,24,1.8165277958816064,3.9085064928597073,-0.0005214749394917,32.58047200541356,0.0006,3.908,736.313,21
7,24,1.8165277958816064,3.48140785320186,-4.024048467350419,32.58091257759182,4.0,1.666,746.703,21
7,24,1.8165277958816064,3.903773965578822,-0.0006829410566711,32.6571522053355,0.0006,3.904,757.094,21
7,24,1.8165277958816064,3.47692758092692,-4.02457570046642,32.635133672740125,4.0,1.663,767.531,21
7,24,1.8165277958816064,3.7681046252490367,-0.0012656981437701,34.42148865850648,0.0006,3.768,1441.844,21
7,24,1.8165277958816064,3.350194689910308,-4.024060698005518,34.409902305888366,4.0,1.54,1452.235,21
7,24,1.8165277958816064,3.693959056046967,-0.0010831027164583,35.498376557446726,0.0006,3.694,1960.672,21
7,24,1.8165277958816064,3.276697100821251,-4.024256311853812,35.51277347842261,4.0,1.467,1971.094,21
7,24,1.8165277958816064,3.691710983957309,-0.0003736067088195,35.54544113738941,0.0006,3.693,1981.469,21
7,24,1.8165277958816064,3.2743647868498,-4.023464939639324,35.53866217366403,4.0,1.465,1991.844,21
7,24,1.8165277958816064,3.689182945323118,-0.0004392822224268,35.57273971525748,0.0006,3.691,2002.156,21
7,24,1.8165277958816064,3.271865596218344,-4.024285311210963,35.57427599840942,4.0,1.463,2012.531,21
7,24,1.8165277958816064,3.7826675183779512,-0.0003349771913214,34.18920646734912,0.0006,3.783,1358.844,21
7,24,1.8165277958816064,3.363991648706285,-4.024718313180984,34.189809014370915,4.0,1.552,1369.188,21
7,24,1.8165277958816064,3.8090517799095673,-0.0023250388847453,33.807840766565775,0.0006,3.81,1213.813,21
7,24,1.8165277958816064,3.3888128543101894,-4.02482463298817,33.80841627218763,4.0,1.577,1224.203,21
7,24,1.8165277958816064,3.805079215144699,-0.001478921764067,33.868196904958936,0.0006,3.806,1234.547,21
7,24,1.8165277958816064,3.384962344831598,-4.025431086738137,33.87321095142753,4.0,1.573,1244.969,21
7,24,1.8165277958816064,3.801163417103406,-0.0005324789891123,33.91318334584061,0.0006,3.802,1255.36,21
7,24,1.8165277958816064,3.381443552146492,-4.0250731732160245,33.921268580849706,4.0,1.57,1265.735,21
7,24,1.8165277958816064,3.797383256138784,-0.0006017046485536,33.98548995646384,0.0006,3.798,1276.078,21
7,24,1.8165277958816064,3.378018191691176,-4.0231697799281045,33.99256353904904,4.0,1.566,1286.422,21
7,24,1.8165277958816064,3.8253429855256833,0.000301352203868,33.56570450571458,0.0006,3.826,1130.719,21
7,24,1.8165277958816064,3.4035495677277754,-4.025122266864796,33.565692067621576,4.0,1.592,1141.156,21
7,24,1.8165277958816064,3.8209479455496194,-5.5856120965524674e-05,33.63321474816967,0.0006,3.821,1151.5,21
7,24,1.8165277958816064,3.399657210135008,-4.024218996337286,33.632591316689144,4.0,1.589,1161.938,21
7,24,1.8165277958816064,3.817018038590628,-0.0011644983243788,33.69204209034606,0.0006,3.817,1172.281,21
7,24,1.8165277958816064,3.396024642356759,-4.023999152408099,33.68356359696372,4.0,1.585,1182.703,21
7,24,1.8165277958816064,3.81299399172105,-0.0010378053514934,33.74805980646983,0.0006,3.813,1193.125,21
7,24,1.8165277958816064,3.392605606945753,-4.023969351363849,33.73126770609004,4.0,1.582,1203.469,21
7,24,1.8165277958816064,3.841523945011076,0.0017204142710721,33.33388369291819,0.0006,3.842,1047.735,21
7,24,1.8165277958816064,3.419012665124904,-4.0246706276023865,33.32080820147392,4.0,1.608,1058.094,21
7,24,1.8165277958816064,3.837472202136266,0.0001462164949416,33.385036836827965,0.0006,3.837,1068.485,21
7,24,1.8165277958816064,3.415324253092743,-4.023498322778041,33.390816406550016,4.0,1.601,1078.922,21
7,24,1.8165277958816064,3.83338810383124,-0.0010949531657756,33.452422697986115,0.0006,3.834,1089.313,21
7,24,1.8165277958816064,3.411267813406609,-4.02361981932816,33.454398487446824,4.0,1.597,1099.688,21
7,24,1.8165277958816064,3.71716573809662,-0.0026072127740764,35.139867606150915,0.0006,3.718,1773.906,21
7,24,1.8165277958816064,3.3000398105221875,-4.025110096453371,35.111981755258526,4.0,1.491,1784.297,21
7,24,1.8165277958816064,3.662811725140653,-0.0012767116123275,36.155444225508425,0.0006,3.663,2292.828,21
7,24,1.8165277958816064,3.2425951173658576,-4.024816518525648,36.152396680688014,4.0,1.435,2303.219,21
7,24,1.8165277958816064,3.6609273259557225,-0.0011636272340653,36.21483798495626,0.0006,3.661,2313.547,21
7,24,1.8165277958816064,3.2403197285697987,-4.024868653615959,36.19189489530945,4.0,1.432,2323.938,21
7,24,1.8165277958816064,3.659088138448354,-0.0012112075630617,36.24392500056116,0.0006,3.66,2334.297,21
7,24,1.8165277958816064,3.2382692720498296,-4.02469925231496,36.23924488742262,4.0,1.43,2344.641,21
7,24,1.8165277958816064,3.72893718616482,0.0003683688595197,34.95765283415928,0.0006,3.73,1691.031,21
7,24,1.8165277958816064,3.311870186604903,-4.02366741710327,34.98167041768794,4.0,1.502,1701.391,21
7,24,1.8165277958816064,3.750791984145899,0.0002081698032262,34.643740668701405,0.0006,3.752,1545.75,21
7,24,1.8165277958816064,3.3334735042147963,-4.024653169388745,34.66284160171766,4.0,1.523,1556.156,21
7,24,1.8165277958816064,3.747459861224903,-0.0006296878524552,34.70865286169905,0.0006,3.748,1566.5,21
7,24,1.8165277958816064,3.330046939284584,-4.025049018054629,34.712880918944805,4.0,1.521,1576.906,21
7,24,1.8165277958816064,3.744290185694185,-0.0018205058700906,34.74746183751308,0.0008,3.744,1587.25,21
7,24,1.8165277958816064,3.3270599332516757,-4.024322866820369,34.75512341819546,4.0,1.517,1597.594,21
7,24,1.8165277958816064,3.7412332029139512,-0.0011552357107816,34.784616252451976,0.0006,3.742,1607.969,21
7,24,1.8165277958816064,3.323830685744188,-4.025156391473502,34.797906144848994,4.0,1.515,1618.344,21
7,24,1.8165277958816064,3.764742999575037,-0.0004709069030115,34.47648245510831,0.0006,3.765,1462.656,21
7,24,1.8165277958816064,3.3465765514148123,-4.025145364505463,34.45321150383902,4.0,1.536,1473.11,21
7,24,1.8165277958816064,3.7611508113322714,-0.00102289425325,34.49621834263732,0.0006,3.762,1483.516,21
7,24,1.8165277958816064,3.3435341142212995,-4.025187175708529,34.48969676063994,4.0,1.533,1493.875,21
7,24,1.8165277958816064,3.75771161109172,-0.0016702828337219,34.55181447991696,0.0006,3.759,1504.297,21
7,24,1.8165277958816064,3.3401895346637915,-4.024347498805343,34.54344346508852,4.0,1.53,1514.641,21
7,24,1.8165277958816064,3.7543522285729,-0.0005258128646044,34.6016229942562,0.0006,3.756,1524.969,21
7,24,1.8165277958816064,3.3367095351546374,-4.025083042316504,34.60983757550287,4.0,1.526,1535.406,21
7,24,1.8165277958816064,3.7789906920996086,-0.000441794617037,34.25154103546025,0.0006,3.78,1379.563,21
7,24,1.8165277958816064,3.360637038615517,-4.024160041388447,34.25911383395125,4.0,1.549,1389.875,21
7,24,1.8165277958816064,3.775323761644191,8.687090077319216e-05,34.305250264597625,0.0006,3.776,1400.36,21
7,24,1.8165277958816064,3.3569306213104806,-4.025120340808253,34.30836618975628,4.0,1.545,1410.735,21
7,24,1.8165277958816064,3.771629399790104,-0.0024461444299925,34.3748685899189,0.0006,3.773,1421.078,21
7,24,1.8165277958816064,3.353436272630788,-4.024114698697392,34.3574402258311,4.0,1.543,1431.422,21
7,24,1.8165277958816064,3.679154418740919,0.0010908992749861,35.76789790128513,0.0006,3.68,2105.938,21
7,24,1.8165277958816064,3.261332725479944,-4.025897307476436,35.78586099131347,4.0,1.452,2116.25,21
7,24,1.8165277958816064,3.630871068218625,-2.849844261305518e-05,36.97160389239294,0.0006,3.629,2625.0,21
7,24,1.8165277958816064,3.2029176935187813,-4.023919092790106,36.96682213399952,4.0,1.399,2635.375,21
7,24,1.8165277958816064,3.628232450251294,-0.0004601401554039,37.02929984722991,0.0006,3.626,2645.735,21
7,24,1.8165277958816064,3.199695841762797,-4.025468024629579,37.027568972935065,4.0,1.396,2656.11,21
7,24,1.8165277958816064,3.6254425112682136,0.0010764288666883,37.08874892389639,0.0006,3.624,2666.453,21
7,24,1.8165277958816064,3.196392843655957,-4.024398265270312,37.0946965373417,4.0,1.393,2676.797,21
7,24,1.8165277958816064,3.687298383952086,-0.0017206660525255,35.6155498458626,0.0006,3.688,2022.922,21
7,24,1.8165277958816064,3.269707514855631,-4.024231549244102,35.618128002459066,4.0,1.461,2033.297,21
7,24,1.8165277958816064,3.703451494290603,0.0009362935845302,35.34820422154459,0.0006,3.705,1877.61,21
7,24,1.8165277958816064,3.2864086891471165,-4.025780461512976,35.32147462180354,4.0,1.477,1888.0,21
7,24,1.8165277958816064,3.700982935401554,-0.000478086314714,35.37489840349736,0.0006,3.702,1898.375,21
7,24,1.8165277958816064,3.2838517357814694,-4.025906889933894,35.38131461698346,4.0,1.474,1908.781,21
7,24,1.8165277958816064,3.6985375205874127,0.001805590666464,35.422117789286865,0.0006,3.7,1919.125,21
7,24,1.8165277958816064,3.281643176906404,-4.025367393055366,35.41288904324663,4.0,1.471,1929.453,21
7,24,1.8165277958816064,3.69640497882105,-0.0014783754882516,35.45701640890278,0.0006,3.698,1939.875,21
7,24,1.8165277958816064,3.2791927590527057,-4.025005136306148,35.454004655420725,4.0,1.469,1950.235,21
7,24,1.8165277958816064,3.714292191601151,-8.076621437707701e-05,35.18240050923622,0.0006,3.715,1794.625,21
7,24,1.8165277958816064,3.2969958935711268,-4.0236540310263225,35.18627045370026,4.0,1.488,1805.047,21
7,24,1.8165277958816064,3.71132268043826,-0.000411029907242,35.251776517104844,0.0006,3.712,1815.375,21
7,24,1.8165277958816064,3.294275656288121,-4.024414356449902,35.23103723786255,4.0,1.485,1825.75,21
7,24,1.8165277958816064,3.7088600014031954,-0.0016193606670747,35.246241222004194,0.0006,3.71,1836.11,21
7,24,1.8165277958816064,3.291522534914189,-4.024046216505042,35.29144628597178,4.0,1.482,1846.516,21
7,24,1.8165277958816064,3.706035126816623,-0.0002625843556244,35.309106349483834,0.0006,3.707,1856.875,21
7,24,1.8165277958816064,3.2891125912009307,-4.024010005738584,35.32514909334714,4.0,1.479,1867.235,21
7,24,1.8165277958816064,3.726145307861336,-0.0012727293450761,35.00178144894252,0.0006,3.727,1711.75,21
7,24,1.8165277958816064,3.308754916679954,-4.023216915545898,35.026757734538435,4.0,1.499,1722.125,21
7,24,1.8165277958816064,3.722980890693578,-0.0003228300855764,35.05440365240739,0.0006,3.724,1732.5,21
7,24,1.8165277958816064,3.305984787078646,-4.025454030117144,35.04952165147405,4.0,1.496,1742.844,21
7,24,1.8165277958816064,3.720117075707189,-3.234594911108063e-05,35.08549886431409,0.0006,3.722,1753.203,21
7,24,1.8165277958816064,3.3030198135145863,-4.025653643808729,35.08363645831723,4.0,1.493,1763.563,21
7,24,1.8165277958816064,3.650167206967812,0.0001853180555829,36.47871115074553,0.0006,3.65,2437.906,21
7,24,1.8165277958816064,3.227336736094995,-4.02652610802984,36.48117071089811,4.0,1.421,2448.344,21
7,24,1.8165277958816064,3.5682633228933898,0.0004530366221832,37.974768168690446,0.0006,3.563,2957.61,21
7,24,1.8165277958816064,3.121502123745968,-4.025530182799024,37.98189176332016,4.0,1.327,2968.047,21
7,24,1.8165277958816064,3.560581823476499,-0.001248843837866,38.0257135671818,0.0006,3.555,2978.406,21
7,24,1.8165277958816064,3.1114278004029905,-4.025813752580998,38.05401346244127,4.0,1.318,2988.828,21
7,24,1.8165277958816064,3.551850590631662,-0.0009160146763916,38.10609149325123,0.0006,3.546,2999.172,21
7,24,1.8165277958816064,3.100077831903692,-4.024762012190641,38.12096617484002,4.0,1.307,3009.531,21
7,24,1.8165277958816064,3.657484139434277,0.0002172290435369,36.29592429164239,0.0006,3.659,2355.016,21
7,24,1.8165277958816064,3.2360254497584062,-4.024388513563096,36.29812514109268,4.0,1.428,2365.422,21
7,24,1.8165277958816064,3.669708596167669,-0.000346860307976,35.985577066193024,0.0006,3.67,2209.844,21
7,24,1.8165277958816064,3.250347534037955,-4.02602002050489,35.95355741009352,4.0,1.441,2220.36,21
7,24,1.8165277958816064,3.667626057618138,-0.0010013071994004,36.02898195193361,0.0006,3.669,2230.625,21
7,24,1.8165277958816064,3.248524864104155,-4.023532055122989,36.02764197327766,4.0,1.44,2240.985,21
7,24,1.8165277958816064,3.666311595406585,-0.0007067213128225,36.07157613663732,0.0006,3.666,2251.391,21
7,24,1.8165277958816064,3.2465308201295877,-4.023440070836169,36.06432596494219,4.0,1.439,2261.735,21
7,24,1.8165277958816064,3.6646475352295513,0.0006597227743325,36.109508592268895,0.0006,3.665,2272.156,21
7,24,1.8165277958816064,3.244978768488031,-4.024459786344589,36.10333049494607,4.0,1.437,2282.469,21
7,24,1.8165277958816064,3.677238098805492,-3.217989292198196e-05,35.810438174208684,0.0006,3.678,2126.703,21
7,24,1.8165277958816064,3.259164910004707,-4.023321257776532,35.801861215985184,4.0,1.45,2137.031,21
7,24,1.8165277958816064,3.675126996681971,0.0002172214060869,35.85752401712388,0.0006,3.676,2147.422,21
7,24,1.8165277958816064,3.256793434830576,-4.025270390732308,35.85692428138262,4.0,1.448,2157.797,21
7,24,1.8165277958816064,3.67357160110308,-0.0008088229740388,35.90054693951775,0.0006,3.674,2168.203,21
7,24,1.8165277958816064,3.254705865849997,-4.024823570062792,35.90315465423691,4.0,1.446,2178.672,21
7,24,1.8165277958816064,3.671503667701818,-0.0001587924946336,35.95152132326752,0.0006,3.672,2189.047,21
7,24,1.8165277958816064,3.2527712878209267,-4.0247222832698055,35.914267848413985,4.0,1.445,2199.453,21
7,24,1.8165277958816064,3.6850812790335152,-0.0009906082539634,35.646590387583515,0.0006,3.686,2043.688,21
7,24,1.8165277958816064,3.267449471816225,-4.0238903776537045,35.655846366572284,4.0,1.457,2054.125,21
7,24,1.8165277958816064,3.683090503999937,-0.0012089220227153,35.70448585869867,0.0006,3.684,2064.485,21
7,24,1.8165277958816064,3.2654598858182062,-4.025277292411411,35.70026080781051,4.0,1.457,2074.828,21
7,24,1.8165277958816064,3.681109639990498,0.0005688175381755,35.74003894544559,0.0006,3.682,2085.172,21
7,24,1.8165277958816064,3.263189343549904,-4.025805554679399,35.751333943078734,4.0,1.454,2095.547,21
7,24,1.8165277958816064,3.610585725587053,-0.0021312019744914,37.42471328470951,0.0006,3.607,2770.469,21
7,24,1.8165277958816064,3.177580227585998,-4.024251761859684,37.42479586835956,4.0,1.377,2780.828,21
7,24,1.8165277958816064,3.013946739094809,-0.0014583796063029,39.624778364272,0.0006,2.983,3289.922,21
7,24,1.8165277958816064,2.202382739883633,-4.024974793035885,39.718525784036366,4.0,0.602,3300.344,21
7,24,1.8165277958816064,2.865636193004089,0.0015575940352158,39.84188665605053,0.0006,2.802,3310.735,21
7,24,1.8165277958816064,1.8584184081271529,-3.91963533135322,39.947637792878645,4.0,0.275,3321.094,21
7,24,1.8165277958816064,2.734373991099371,-0.0002245194573093,40.12859054534907,0.0006,0.0,3331.594,21
7,24,1.8165277958816064,2.838182434062019,0.0005656558691401,40.09608289865354,0.0006,0.001,3342.219,21
7,24,1.8165277958816064,3.6229508062159104,0.0016913840266796,37.16234905412367,0.0006,3.621,2687.156,21
7,24,1.8165277958816064,3.19253113091134,-4.0274000999581645,37.15628007195989,4.0,1.389,2697.61,21
7,24,1.8165277958816064,3.640050041369921,-0.0014038495709481,36.73786681591001,0.0006,3.639,2541.875,21
7,24,1.8165277958816064,3.214221440377193,-4.025012009526295,36.75252870910642,4.0,1.409,2552.313,21
7,24,1.8165277958816064,3.637839066059215,-0.0010992826408859,36.80645158646822,0.0006,3.636,2562.672,21
7,24,1.8165277958816064,3.211618516128285,-4.025370416069224,36.8036751006746,4.0,1.407,2573.094,21
7,24,1.8165277958816064,3.635631123444912,0.0023423794661726,36.83635102754043,0.0006,3.634,2583.453,21
7,24,1.8165277958816064,3.208899803255759,-4.0250278072663415,36.863579318691954,4.0,1.405,2593.813,21
7,24,1.8165277958816064,3.633288898781093,-0.0016270973019825,36.92960388356095,0.0006,3.632,2604.235,21
7,24,1.8165277958816064,3.205977269104478,-4.024449318861742,36.90925722029175,4.0,1.402,2614.625,21
7,24,1.8165277958816064,3.6483480332942415,-0.0010945256888361,36.53748114561164,0.0006,3.648,2458.75,21
7,24,1.8165277958816064,3.2249293313212664,-4.023857012304886,36.54041446473101,4.0,1.419,2469.11,21
7,24,1.8165277958816064,3.64638614797988,0.0004294930076635,36.58421779881463,0.0006,3.646,2479.516,21
7,24,1.8165277958816064,3.222359899383968,-4.025516644574867,36.58253464132133,4.0,1.417,2489.891,21
7,24,1.8165277958816064,3.6444448029251593,-0.0017940984157321,36.62228115629758,0.0006,3.643,2500.313,21
7,24,1.8165277958816064,3.2198258254568977,-4.025318120838743,36.6097050311107,4.0,1.414,2510.703,21
7,24,1.8165277958816064,3.642349400186024,0.0009760512261028,36.68288909219427,0.0006,3.641,2521.094,21
7,24,1.8165277958816064,3.2170950143535992,-4.024982819283841,36.67211805427226,4.0,1.412,2531.5,21
7,24,1.8165277958816064,3.6557368539785022,-0.0010335522855706,36.33961405711873,0.0006,3.657,2375.766,21
7,24,1.8165277958816064,3.234027215062158,-4.025526098991879,36.343463006471545,4.0,1.427,2386.11,21
7,24,1.8165277958816064,3.653910993418979,0.0003162699990246,36.41552550787168,0.0006,3.653,2396.469,21
7,24,1.8165277958816064,3.231727659488928,-4.025204458582761,36.41704211452153,4.0,1.425,2406.828,21
7,24,1.8165277958816064,3.652037103975044,-0.0013603414198496,36.44914064103037,0.0006,3.652,2417.203,21
7,24,1.8165277958816064,3.229542812314759,-4.02523857649958,36.44997539042003,4.0,1.423,2427.547,21
7,24,1.8165277958816064,3.482976794857562,-0.0001253225863337,38.53731576026481,0.0006,3.475,3102.969,21
7,24,1.8165277958816064,3.007534213128418,-4.024822415304543,38.55964170042873,4.0,1.224,3113.36,21
7,24,1.8165277958816064,3.1604128058182317,0.001995825450518,35.95752513722198,0.0006,0.0,3632.594,21
7,24,1.8165277958816064,3.1635741901715635,-0.0002736720778009,35.85540776269235,0.0006,-0.0,3643.375,21
7,24,1.8165277958816064,3.166599357370002,-0.0006931473476913,35.71507012370657,0.0006,0.0,3654.156,21
7,24,1.8165277958816064,3.1694767135300084,-0.0013524302821633,35.59919153969627,0.0006,0.0,3664.969,21
7,24,1.8165277958816064,3.17234651527359,-0.0002481827611507,35.46432944850346,0.0006,0.0,3675.828,21
7,24,1.8165277958816064,3.17491581188953,-0.0001696835405027,35.34714542564803,0.0006,0.0,3686.625,21
7,24,1.8165277958816064,3.542125212675041,-0.0017906253666204,38.17701110874015,0.0006,3.536,3019.844,21
7,24,1.8165277958816064,3.086886959717646,-4.023298980013675,38.195830162398,4.0,1.295,3030.188,21
7,24,1.8165277958816064,3.590858947579892,-0.0002874745851495,37.72934897273697,0.0008,3.587,2874.469,21
7,24,1.8165277958816064,3.1519342469233718,-4.024423503113621,37.747771642478185,4.0,1.353,2884.844,21
7,24,1.8165277958816064,3.5862526389618195,-0.0020127054557432,37.78126918643351,0.0006,3.582,2895.297,21
7,24,1.8165277958816064,3.1459837049484785,-4.022421466133588,37.79635026144974,4.0,1.347,2905.656,21
7,24,1.8165277958816064,3.580912091577947,-0.0016378902873823,37.84328252486024,0.0006,3.577,2916.063,21
7,24,1.8165277958816064,3.1385757403972576,-4.025558003182076,37.85382804586482,4.0,1.341,2926.5,21
7,24,1.8165277958816064,3.5754615802146112,-0.0006931711816986,37.88639563858949,0.0006,3.569,2936.891,21
7,24,1.8165277958816064,3.130860479504579,-4.023434560311364,37.91087650788483,4.0,1.335,2947.281,21
7,24,1.8165277958816064,3.607155016731909,0.0001397730021806,37.472291392394375,0.0006,3.603,2791.203,21
7,24,1.8165277958816064,3.1728743586888344,-4.023792851137171,37.4757256532929,4.0,1.373,2801.625,21
7,24,1.8165277958816064,3.603423246296728,-0.0009156490556774,37.535851496288856,0.0006,3.601,2812.016,21
7,24,1.8165277958816064,3.1682695866906063,-4.022680643421025,37.55012572031908,4.0,1.369,2822.391,21
7,24,1.8165277958816064,3.5994143172211133,-0.0023939615626821,37.59122570881621,0.0006,3.597,2832.813,21
7,24,1.8165277958816064,3.162595252714307,-4.024602422565587,37.59983207701152,4.0,1.363,2843.297,21
7,24,1.8165277958816064,3.5952590942172145,0.0009338644974738,37.66624636782557,0.0006,3.591,2853.719,21
7,24,1.8165277958816064,3.1577015266086765,-4.024322714861791,37.66345545701199,4.0,1.359,2864.078,21
7,24,1.8165277958816064,3.619875102593952,0.001019064604414,37.220731027792205,0.0008,3.617,2708.11,21
7,24,1.8165277958816064,3.1892702078913087,-4.0231894614952415,37.21206524381371,4.0,1.387,2718.469,21
7,24,1.8165277958816064,3.617188039243264,0.0042954207738417,37.271138831309386,0.0006,3.614,2728.844,21
7,24,1.8165277958816064,3.185596043408488,-4.0240938557212695,37.27822820896094,4.0,1.384,2739.219,21
7,24,1.8165277958816064,3.614164129682767,0.004471121708259,37.32786117012168,0.0006,3.611,2749.656,21
7,24,1.8165277958816064,3.181557044886574,-4.024002879818967,37.367074477659074,4.0,1.381,2760.078,21
7,24,1.8165277958816064,3.053355363571501,-0.0014281028955583,38.6705714238131,0.0006,0.0,3438.172,21
7,24,1.8165277958816064,3.063837249312887,-0.0010419927517362,38.54826633391398,0.0006,0.0,3448.953,21
7,24,1.8165277958816064,3.2227767478752054,-0.0010702972494054,32.76259578025666,0.0006,0.0,3978.25,21
7,24,1.8165277958816064,3.224025455741348,-0.0017598050694558,32.68498150673993,0.0006,0.0,3989.031,21
7,24,1.8165277958816064,3.2251662770720446,-0.0012148527558067,32.61180428849255,0.0006,0.0,3999.828,21
7,24,1.8165277958816064,3.226385787187233,-0.0007031095151421,32.530227950902606,0.0006,0.0,4010.641,21
7,24,1.8165277958816064,3.227376445679304,-0.0016685149500766,32.45773512707195,0.0006,0.0,4021.438,21
7,24,1.8165277958816064,3.2285624404534747,-0.0013576959115047,32.39255818837718,0.0006,0.0,4032.219,21
7,24,1.8165277958816064,2.8908319159702094,-0.0011313479426776,39.92387898144827,0.0006,0.0,3352.703,21
7,24,1.8165277958816064,2.9264536748232017,-0.0024143753123831,39.7538067334713,0.0006,0.001,3363.156,21
7,24,1.8165277958816064,3.3260827285001517,0.0023937312039859,39.0472285564258,0.0006,3.314,3206.844,21
7,24,1.8165277958816064,2.799526536925628,-4.02587189831309,39.08674104771036,4.0,1.038,3217.313,21
7,24,1.8165277958816064,3.2738247822636546,0.0028073912524952,39.15756200043243,0.0006,3.26,3227.672,21
7,24,1.8165277958816064,2.730076885261504,-4.024802667067947,39.22119054465365,4.0,0.977,3238.031,21
7,24,1.8165277958816064,3.2106101687824173,0.000402411794875,39.31334105761532,0.0006,3.194,3248.406,21
7,24,1.8165277958816064,2.6360971263123782,-4.024644402677936,39.35558009055188,4.0,0.9,3258.766,21
7,24,1.8165277958816064,3.1296884411805728,0.0013814178001659,39.43101578076194,0.0006,3.109,3269.125,21
7,24,1.8165277958816064,2.485028487863599,-4.025699177301163,39.51537464703215,4.0,0.789,3279.578,21
7,24,1.8165277958816064,3.4612748642105213,-0.0016928057459491,38.613400854620174,0.0006,3.453,3123.735,21
7,24,1.8165277958816064,2.978368470113037,-4.0245069870478085,38.64165916732957,4.0,1.198,3134.141,21
7,24,1.8165277958816064,3.435507301853564,0.0004909728090382,38.718308441997394,0.0006,3.426,3144.5,21
7,24,1.8165277958816064,2.94464287757411,-4.025812278415774,38.729508898110616,4.0,1.168,3154.875,21
7,24,1.8165277958816064,3.405492134980941,-0.0013746626478409,38.82432077763856,0.0006,3.395,3165.313,21
7,24,1.8165277958816064,2.904950017425973,-4.024648371033131,38.88120650169129,4.0,1.132,3175.735,21
7,24,1.8165277958816064,3.369465059944746,-0.0023501442836105,38.936871832385336,0.0006,3.357,3186.078,21
7,24,1.8165277958816064,2.8569482872035747,-4.023684389182312,38.99825157334409,4.0,1.09,3196.516,21
7,24,1.8165277958816064,3.531040715028636,-0.0022646507386111,38.23677397749385,0.0006,3.525,3040.594,21
7,24,1.8165277958816064,3.0716097121987307,-4.023786987911633,38.28239669622952,4.0,1.281,3050.969,21
7,24,1.8165277958816064,3.5174769564618567,0.0017181922933141,38.33726378964846,0.0008,3.511,3061.344,21
7,24,1.8165277958816064,3.0531861649441763,-4.024616349884167,38.39880974933404,4.0,1.265,3071.781,21
7,24,1.8165277958816064,3.501538566783265,0.0022668437920229,38.44545976680411,0.0006,3.494,3082.172,21
7,24,1.8165277958816064,3.0323337931799017,-4.025822702397166,38.45811988309254,4.0,1.247,3092.594,21
7,24,1.8165277958816064,3.1954648040593114,-0.0031181849199695,34.36371854053281,0.0006,0.0,3783.906,21
7,24,1.8165277958816064,3.1972189519166254,-0.0007061751282032,34.255947915244,0.0006,0.0,3794.656,21
7,24,1.8165277958816064,3.250711439306999,-0.0017611760037924,30.773718675659783,0.0006,-0.0,4323.953,21
7,24,1.8165277958816064,3.2513066760279288,-0.0039428831105629,30.740966392362377,0.0006,0.0,4334.75,21
7,24,1.8165277958816064,3.251922475994315,-0.0010752217014973,30.682191506486355,0.0006,0.0,4345.547,21
7,24,1.8165277958816064,3.252504924508218,-0.0026764383718628,30.63827271317887,0.0006,-0.0,4356.36,21
7,24,1.8165277958816064,3.253218072524459,-0.0017555068156925,30.59949325487825,0.0006,-0.0,4367.156,21
7,24,1.8165277958816064,3.253638840201604,0.0010771669457862,30.544098921959066,0.0006,0.0,4377.969,21
7,24,1.8165277958816064,3.177486792942664,-0.0025537465532453,35.22780022877915,0.0006,0.0,3697.453,21
7,24,1.8165277958816064,3.1800694740359923,-0.0042762862540082,35.11778172898335,0.0006,0.0,3708.313,21
7,24,1.8165277958816064,3.128630387904339,-9.282903833003357e-05,37.13856599627302,0.0006,0.0,3546.266,21
7,24,1.8165277958816064,3.133267124125063,-0.0003620990222633,36.96711272805484,0.0006,-0.0,3557.016,21
7,24,1.8165277958816064,3.137907400536622,-0.0011174970099871,36.8183864807246,0.0006,0.0,3567.813,21
7,24,1.8165277958816064,3.142130307741804,-0.0007867207162199,36.65717024485158,0.0006,0.0,3578.641,21
7,24,1.8165277958816064,3.146301370489209,-0.0027427070496547,36.53069196338177,0.0006,0.0,3589.453,21
7,24,1.8165277958816064,3.1500991926583417,-0.0027705565905788,36.37266486789226,0.0006,-0.0,3600.266,21
7,24,1.8165277958816064,3.153613351729101,-0.0020731283761042,36.2376414442758,0.0006,0.0,3611.047,21
7,24,1.8165277958816064,3.1569893000705447,-0.0043122493353968,36.09841963341778,0.0006,-0.0,3621.828,21
7,24,1.8165277958816064,3.0736796745888517,-0.0029558978708152,38.3699260939244,0.0006,0.0,3459.703,21
7,24,1.8165277958816064,3.0825969740275507,-0.0021114852749013,38.21202610954642,0.0006,0.0,3470.5,21
7,24,1.8165277958816064,3.09068368978107,-0.0019726881675627,38.03983026690746,0.0006,-0.0,3481.297,21
7,24,1.8165277958816064,3.098356207805848,-0.0013569665825919,37.84475832935815,0.0006,0.0,3492.141,21
7,24,1.8165277958816064,3.105311694422916,0.0018872503065572,37.73160002332338,0.0006,0.0,3502.969,21
7,24,1.8165277958816064,3.111760983234455,-0.0005752560127419,37.566608529638046,0.0006,0.0,3513.797,21
7,24,1.8165277958816064,3.1176669191370285,-0.0034793229282467,37.42376869699962,0.0006,0.0,3524.641,21
7,24,1.8165277958816064,3.1232662775443347,-0.0020008693906189,37.26252552140322,0.0006,0.0,3535.453,21
7,24,1.8165277958816064,2.9539974002779945,-0.003125855141332,39.56668016012311,0.0006,0.0,3373.641,21
7,24,1.8165277958816064,2.976607397377393,-0.0008842561109723,39.40853429769538,0.0006,0.001,3384.125,21
7,24,1.8165277958816064,2.996170189534882,-0.0016994006578553,39.190992343603234,0.0006,0.0,3394.969,21
7,24,1.8165277958816064,3.012922962683925,-0.0014856987438085,39.07706691299322,0.0006,0.0,3405.766,21
7,24,1.8165277958816064,3.027914413092441,-0.0024651220587273,38.97344096356168,0.0006,0.0,3416.61,21
7,24,1.8165277958816064,3.041361946903295,-0.0018665125123206,38.85362527802973,0.0006,0.0,3427.406,21
7,24,1.8165277958816064,3.237187680460029,-0.0033492288136582,31.77581850526682,0.0006,0.0,4129.5,21
7,24,1.8165277958816064,3.238096504932801,-0.0002440569314457,31.70928234129533,0.0006,0.0,4140.328,21
7,24,1.8165277958816064,3.2662037601857183,-0.0025732277691678,29.50881435216904,0.0006,0.0,4669.578,21
7,24,1.8165277958816064,3.266851528439735,0.0007939199584511,29.47949022600794,0.0006,0.0,4680.422,21
7,24,1.8165277958816064,3.2671019160243056,-0.001453265967123,29.439003143198555,0.0006,0.0,4691.203,21
7,24,1.8165277958816064,3.267419356388373,-0.0016853759001614,29.39570988801288,0.0006,-0.0,4702.0,21
7,24,1.8165277958816064,3.267889598030726,-0.0006395506159653,29.36718125075357,0.0006,0.0,4712.781,21
7,24,1.8165277958816064,3.268244754818945,-0.0008136162935987,29.34473221412277,0.0006,0.0,4723.594,21
7,24,1.8165277958816064,3.2295593122821096,-0.0011930852440184,32.323599444840255,0.0006,0.0,4043.016,21
7,24,1.8165277958816064,3.230453337643189,-0.0013513039479757,32.252878734708304,0.0006,0.0,4053.86,21
7,24,1.8165277958816064,3.212188249555799,0.0006872996306409,33.42496165589836,0.0006,0.0,3891.953,21
7,24,1.8165277958816064,3.2136207516770185,0.0005796984022986,33.32848690019438,0.0006,0.0,3902.781,21
7,24,1.8165277958816064,3.2150433290741534,-0.0015912525618782,33.24479785168576,0.0006,0.0,3913.547,21
7,24,1.8165277958816064,3.216329958638016,0.0004930536193739,33.15881031447933,0.0006,0.0,3924.328,21
7,24,1.8165277958816064,3.2178952674193897,0.0010214994299472,33.07366768511936,0.0006,0.0,3935.063,21
7,24,1.8165277958816064,3.2191226657467413,0.0016544182469272,32.99218166377387,0.0006,0.0,3945.891,21
7,24,1.8165277958816064,3.2203346772192827,-0.0022569295346273,32.911890842439504,0.0006,0.0,3956.672,21
7,24,1.8165277958816064,3.221646512498875,-0.0019126790952269,32.84592118333818,0.0006,0.0,3967.516,21
7,24,1.8165277958816064,3.1990656783625515,0.0002473016196855,34.172734894314274,0.0006,0.0,3805.469,21
7,24,1.8165277958816064,3.2007940322592794,0.000245142515919,34.07997919385523,0.0006,-0.0,3816.313,21
7,24,1.8165277958816064,3.2025195299680225,-0.004219316746939,33.966429652909014,0.0006,0.0,3827.094,21
7,24,1.8165277958816064,3.204380952598491,-0.0020065823273623,33.88365196703514,0.0006,0.0,3837.875,21
7,24,1.8165277958816064,3.205981591729111,-0.0017942351644804,33.7801052929838,0.0006,0.0,3848.688,21
7,24,1.8165277958816064,3.207667269163594,-0.0004040325585961,33.686373184501186,0.0006,-0.0,3859.5,21
7,24,1.8165277958816064,3.209242939646003,-0.0001598147825873,33.586920195925984,0.0006,0.0,3870.281,21
7,24,1.8165277958816064,3.2106528027259835,-0.0010417656595877,33.50464650631944,0.0006,0.0,3881.141,21
7,24,1.8165277958816064,3.1824652113015506,-0.0022343567590324,35.00706346676187,0.0006,-0.0,3719.11,21
7,24,1.8165277958816064,3.18483507046892,-0.0020065330553576,34.88456487575367,0.0006,0.0,3729.891,21
7,24,1.8165277958816064,3.186971261640586,-0.0011809830073971,34.77767505393482,0.0006,0.0,3740.688,21
7,24,1.8165277958816064,3.189222021847131,-0.0005341031769795,34.66607566198436,0.0006,0.0,3751.516,21
7,24,1.8165277958816064,3.191312947578587,0.0005110881855512,34.57761088291867,0.0006,-0.0,3762.297,21
7,24,1.8165277958816064,3.1933158914177,-0.0020960273342609,34.474572509688365,0.0006,0.0,3773.11,21
7,24,1.8165277958816064,3.2585232596229803,-0.0018199797264298,30.157348865382517,0.0006,0.0,4475.063,21
7,24,1.8165277958816064,3.258975537258808,-0.0020292806947117,30.13141600499654,0.0006,0.0,4485.906,21
7,24,1.8165277958816064,3.276704586939038,1.5228456704537451e-05,28.660121958143858,0.0006,0.0,5015.203,21
7,24,1.8165277958816064,3.2770197358932385,0.0012018715387987,28.632672565542645,0.0006,0.0,5025.969,21
7,24,1.8165277958816064,3.2771654464147604,-0.0019474489059121,28.598489263716047,0.0006,0.0,5036.781,21
7,24,1.8165277958816064,3.2776300329297103,-0.0047602038254613,28.58457374567209,0.0006,-0.0,5047.61,21
7,24,1.8165277958816064,3.2777782834378577,-0.0017603448630287,28.57273222345073,0.0006,0.0,5058.453,21
7,24,1.8165277958816064,3.277904954913372,-0.002212867915958,28.53992156333465,0.0006,0.0,5069.25,21
7,24,1.8165277958816064,3.2542972331590314,-0.0019901620354603,30.504854337045547,0.0006,0.0,4388.719,21
7,24,1.8165277958816064,3.2547657318133134,-0.0006368135861859,30.44411333396042,0.0006,0.0,4399.5,21
7,24,1.8165277958816064,3.245317387047341,0.0014585039638437,31.18936428074013,0.0006,0.0,4237.641,21
7,24,1.8165277958816064,3.2459977910896214,-0.0003488777968509,31.13367000835508,0.0006,-0.0,4248.36,21
7,24,1.8165277958816064,3.2468541982757566,-0.0020136834254433,31.081038888345677,0.0006,0.0,4259.11,21
7,24,1.8165277958816064,3.247452929681708,-0.0026047724570931,31.03409467397731,0.0006,0.0,4269.891,21
7,24,1.8165277958816064,3.248026779230653,-0.0017898549151363,30.980597375393184,0.0006,-0.0,4280.703,21
7,24,1.8165277958816064,3.2488366420276256,-0.0009885298411876,30.93398981294901,0.0006,0.0,4291.516,21
7,24,1.8165277958816064,3.2494883260117384,-0.0009603596862114,30.880671968043515,0.0006,0.0,4302.344,21
7,24,1.8165277958816064,3.249951410818844,-0.0033747086768797,30.824614558493952,0.0006,-0.0,4313.156,21
7,24,1.8165277958816064,3.2390017688574977,-0.0021274167149529,31.651182513220554,0.0006,0.0,4151.125,21
7,24,1.8165277958816064,3.23990122028394,-0.0018504809455214,31.59651173312671,0.0006,-0.0,4162.047,21
7,24,1.8165277958816064,3.2406313898806403,-0.0014424378925883,31.531044893069502,0.0006,0.0,4172.844,21
7,24,1.8165277958816064,3.241699253266868,0.0001579143328432,31.46046477406476,0.0006,0.0,4183.61,21
7,24,1.8165277958816064,3.242258505857438,-0.0007160534631239,31.40703923625143,0.0006,-0.0,4194.406,21
7,24,1.8165277958816064,3.2430841656411675,-0.0018861437384673,31.357432735674774,0.0006,0.0,4205.219,21
7,24,1.8165277958816064,3.243902824298494,-0.0010768859593277,31.29969577931303,0.0006,0.0,4216.078,21
7,24,1.8165277958816064,3.2446027580531087,-0.0015012373726225,31.24124017038645,0.0006,0.0,4226.875,21
7,24,1.8165277958816064,3.231726494378456,0.0005531140110561,32.16680280507587,0.0006,0.0,4064.688,21
7,24,1.8165277958816064,3.2327155263851903,-0.0018209727062599,32.103918555873335,0.0006,-0.0,4075.516,21
7,24,1.8165277958816064,3.2336631822883706,-0.0022540883361417,32.03000383343409,0.0006,0.0,4086.328,21
7,24,1.8165277958816064,3.234636106948323,-0.0020680517804061,31.96728957910915,0.0006,0.0,4097.094,21
7,24,1.8165277958816064,3.2355633432529487,-0.0028051495955195,31.895731952456597,0.0006,-0.0,4107.891,21
7,24,1.8165277958816064,3.236391317081088,-0.0023098775412682,31.840689947934155,0.0006,0.0,4118.672,21
7,24,1.8165277958816064,3.2713973974734034,-0.0009993637534437,29.08643606782592,0.0006,0.0,4820.766,21
7,24,1.8165277958816064,3.271556175459323,8.302654898249438e-05,29.05297804972136,0.0006,-0.0,4831.531,21
7,24,1.8165277958816064,3.284531410593565,-0.0032562215856061,28.095656411225203,0.0006,0.0,5361.188,21
7,24,1.8165277958816064,3.2848552169824297,-0.0022722356362792,28.08089019485756,0.0006,0.0,5371.969,21
7,24,1.8165277958816064,3.2850402937940406,-0.0004309422243045,28.069771103646893,0.0006,0.0,5382.891,21
7,24,1.8165277958816064,3.285180687625726,-0.0013224064747662,28.059394094577357,0.0006,-0.0,5393.719,21
7,24,1.8165277958816064,3.285284129163192,-0.0021812426329817,28.053753310636434,0.0006,0.0,5404.516,21
7,24,1.8165277958816064,3.2856010473574804,-0.0019546491932659,28.028715437225053,0.0006,-0.0,5415.281,21
7,24,1.8165277958816064,3.268501280665991,-0.0031710207252611,29.30870682177249,0.0006,0.0,4734.375,21
7,24,1.8165277958816064,3.2689383538943124,-0.0008487989407317,29.282358795469047,0.0006,0.0,4745.125,21
7,24,1.8165277958816064,3.263139748986384,0.0007495053061098,29.76883191545493,0.0006,0.0,4583.156,21
7,24,1.8165277958816064,3.263794286460572,-0.0020229646873629,29.73848304603347,0.0006,0.0,4593.922,21
7,24,1.8165277958816064,3.263997955663372,-0.0022008948680246,29.706359501670576,0.0006,0.0,4604.75,21
7,24,1.8165277958816064,3.2643559669782607,-0.0019477040915731,29.667207397868747,0.0006,-0.0,4615.531,21
7,24,1.8165277958816064,3.2645128404729005,-0.0055499836121926,29.6436100328883,0.0006,0.0,4626.313,21
7,24,1.8165277958816064,3.265060991904611,0.0006934504301047,29.59257289494665,0.0006,0.0,4637.141,21
7,24,1.8165277958816064,3.2654211250354903,-0.0025179485655073,29.562643916686287,0.0006,0.0,4647.985,21
7,24,1.8165277958816064,3.265883375684011,-0.0013346871245645,29.52789441071704,0.0006,0.0,4658.766,21
7,24,1.8165277958816064,3.259464104128835,-0.0032883295117816,30.07871368551468,0.0006,0.0,4496.719,21
7,24,1.8165277958816064,3.259879683786405,0.0003670334309974,30.03934332029108,0.0006,0.0,4507.547,21
7,24,1.8165277958816064,3.26026323120485,-0.0033827602302938,30.00314821951188,0.0006,0.0,4518.375,21
7,24,1.8165277958816064,3.260829466576179,-0.0007136560969676,29.954976122403423,0.0006,0.0,4529.172,21
7,24,1.8165277958816064,3.261542779709425,-0.0021727784683841,29.928709133795724,0.0006,0.0,4539.953,21
7,24,1.8165277958816064,3.2617337114969955,-0.0005097124117873,29.87985363287105,0.0006,0.0,4550.75,21
7,24,1.8165277958816064,3.262202642340112,-0.0051240546298935,29.845251009285427,0.0006,-0.0,4561.563,21
7,24,1.8165277958816064,3.262694232918511,-0.0006376190350758,29.812797137752955,0.0006,0.0,4572.391,21
7,24,1.8165277958816064,3.255375107975196,0.0001284929661674,30.408247593600308,0.0006,-0.0,4410.297,21
7,24,1.8165277958816064,3.256005189012638,-0.0010913456216001,30.36066803488647,0.0006,0.0,4421.063,21
7,24,1.8165277958816064,3.256470757283796,-0.0033649008484285,30.328510659223536,0.0006,0.0,4431.828,21
7,24,1.8165277958816064,3.2570081839289413,-0.0033545841933735,30.280932909141494,0.0006,-0.0,4442.656,21
7,24,1.8165277958816064,3.257458535854725,-0.0027153094561519,30.24364592875666,0.0006,0.0,4453.438,21
7,24,1.8165277958816064,3.257961170037756,-0.0015899848892916,30.190569376027923,0.0006,0.0,4464.219,21
7,24,1.8165277958816064,3.28042025517239,-0.0014331473839912,28.378647050732777,0.0006,0.0,5166.578,21
7,24,1.8165277958816064,3.2806921235886346,0.0004071149092336,28.362087642672435,0.0006,0.0,5177.406,21
7,24,1.8165277958816064,3.290709270233517,-0.0027864662510828,27.734244324312364,0.0006,0.0,5706.985,21
7,24,1.8165277958816064,3.291012365307309,-0.0015193223940981,27.718869904850692,0.0006,0.0,5717.828,21
7,24,1.8165277958816064,3.291197211912237,-0.0008920662136458,27.71889459542717,0.0006,0.0,5728.61,21
7,24,1.8165277958816064,3.291290688136415,-0.0011900833985089,27.703899324918098,0.0006,0.0,5739.406,21
7,24,1.8165277958816064,3.291495474758188,-0.00118092416189,27.68913622128976,0.0006,0.0,5750.219,21
7,24,1.8165277958816064,3.2917653671634195,-0.0007325049842882,27.6836343782065,0.0006,-0.0,5760.985,21
7,24,1.8165277958816064,3.2781900336353087,-0.0039241085974514,28.53457880714569,0.0006,0.0,5080.047,21
7,24,1.8165277958816064,3.2785111525050827,-0.0010645431638305,28.504918332614206,0.0006,0.0,5090.86,21
7,24,1.8165277958816064,3.2745062254154065,0.0008419502128275,28.837207153830438,0.0006,0.0,4928.781,21
7,24,1.8165277958816064,3.2747320267993127,-0.0030930213288424,28.81674985320932,0.0006,-0.0,4939.594,21
7,24,1.8165277958816064,3.2750450474388497,-0.0020622728919486,28.79618064985112,0.0006,-0.0,4950.422,21
7,24,1.8165277958816064,3.2754071183582005,0.007320773684125,28.779389146145967,0.0006,0.0,4961.188,21
7,24,1.8165277958816064,3.27555515984338,-0.0012199441887342,28.73803704169157,0.0006,0.0,4971.969,21
7,24,1.8165277958816064,3.276014320102808,0.0034535814499623,28.726035337377223,0.0006,0.0,4982.781,21
7,24,1.8165277958816064,3.2760739163001125,0.0024526673856834,28.69041553792121,0.0006,0.0,4993.61,21
7,24,1.8165277958816064,3.276723343785406,0.0008007862337536,28.671939042959107,0.0006,0.0,5004.453,21
7,24,1.8165277958816064,3.272261669760159,-0.0013387768839372,29.03179364298517,0.0006,0.0,4842.281,21
7,24,1.8165277958816064,3.272232100063109,-0.0002929220057751,29.011042676080603,0.0006,0.0,4853.078,21
7,24,1.8165277958816064,3.2730499378731044,-0.0003514289689171,28.984391152245912,0.0006,-0.0,4863.953,21
7,24,1.8165277958816064,3.273026307467338,-0.0003130361280474,28.95909231100569,0.0006,0.0,4874.766,21
7,24,1.8165277958816064,3.2733365013481426,-0.0040772491807437,28.93271155076817,0.0006,0.0,4885.547,21
7,24,1.8165277958816064,3.273487260145444,-0.0057687571066698,28.90251348378612,0.0006,0.0,4896.313,21
7,24,1.8165277958816064,3.2733571026296304,-0.0014153517619981,28.88857001213656,0.0006,0.0,4907.094,21
7,24,1.8165277958816064,3.273968362464868,-0.0022698463103705,28.854076021835468,0.0006,0.0,4917.969,21
7,24,1.8165277958816064,3.269142630960473,-0.0011965584171712,29.254570216618657,0.0006,0.0,4755.938,21
7,24,1.8165277958816064,3.269771302066677,-0.0011009451791717,29.2403263800446,0.0006,0.0,4766.766,21
7,24,1.8165277958816064,3.2700073200025503,-0.0014018399406518,29.206874083624864,0.0006,0.0,4777.578,21
7,24,1.8165277958816064,3.2700629705848216,-0.0030757734133328,29.17349962214362,0.0006,-0.0,4788.391,21
7,24,1.8165277958816064,3.2704931464121043,-0.0033092298537179,29.142319930588705,0.0006,0.0,4799.141,21
7,24,1.8165277958816064,3.271001430594973,-0.0004182396229489,29.11693755463601,0.0006,0.0,4809.938,21
7,24,1.8165277958816064,3.2876354091495967,-0.0037413336104372,27.920532458686147,0.0006,0.0,5512.578,21
7,24,1.8165277958816064,3.287586102321887,-0.0014006309431971,27.90784911819414,0.0006,0.0,5523.375,21
7,24,1.8165277958816064,3.2960229062179995,-0.0022673870679511,27.47471688860184,0.0006,0.0,6052.906,21
7,24,1.8165277958816064,3.2961546709996554,-0.0034120648649102,27.46515821994953,0.0006,0.0,6063.641,21
7,24,1.8165277958816064,3.296193096921923,-0.0018699427818007,27.46604052652325,0.0006,0.0,6074.453,21
7,24,1.8165277958816064,3.296395887034868,0.0004343316904047,27.468320007000155,0.0006,0.0,6085.281,21
7,24,1.8165277958816064,3.296523333343248,-0.0019486077007344,27.449718488061503,0.0006,0.0,6096.094,21
7,24,1.8165277958816064,3.2967237677540604,0.0003318194578433,27.454371122808272,0.0006,-0.0,6106.86,21
7,24,1.8165277958816064,3.285809010721448,-0.0018804128772669,28.02167212433979,0.0006,0.0,5426.063,21
7,24,1.8165277958816064,3.285969958224304,-7.44849663816731e-05,28.005489406187625,0.0006,0.0,5436.828,21
7,24,1.8165277958816064,3.2827439066431614,-0.0014875562569815,28.21399567972448,0.0006,0.0,5274.672,21
7,24,1.8165277958816064,3.283099192284116,-0.0025776494206371,28.187997110396637,0.0006,-0.0,5285.5,21
7,24,1.8165277958816064,3.2832137410236992,-0.002821113771093,28.178778789003157,0.0006,0.0,5296.313,21
7,24,1.8165277958816064,3.283435010371146,-0.0025883561069311,28.170064168847823,0.0006,-0.0,5307.11,21
7,24,1.8165277958816064,3.2837698510610007,9.35270845951875e-05,28.15022183810169,0.0006,0.0,5317.922,21
7,24,1.8165277958816064,3.283981807116116,-0.0002149888505421,28.134794877308394,0.0006,0.0,5328.703,21
7,24,1.8165277958816064,3.2841110633638184,-0.001288051618003,28.1180764343882,0.0006,0.0,5339.485,21
7,24,1.8165277958816064,3.2842115224588584,0.0017189993983927,28.10721072036161,0.0006,-0.0,5350.328,21
7,24,1.8165277958816064,3.2809478597555857,-0.0027622355724815,28.34775274352129,0.0006,0.0,5188.188,21
7,24,1.8165277958816064,3.2812899351225537,-0.0039048405027983,28.322132229597127,0.0006,-0.0,5199.0,21
7,24,1.8165277958816064,3.281367926092753,-0.0005696654046854,28.31245627341113,0.0006,-0.0,5209.844,21
7,24,1.8165277958816064,3.2816022069251365,-0.0014854038509961,28.29503854981322,0.0006,-0.0,5220.672,21
7,24,1.8165277958816064,3.281769071542316,-0.0017878339354207,28.27596697470725,0.0006,0.0,5231.469,21
7,24,1.8165277958816064,3.282092983597402,-0.001844880583976,28.26554535010054,0.0006,0.0,5242.328,21
7,24,1.8165277958816064,3.282326308444815,0.0002962585908728,28.247335099006754,0.0006,0.0,5253.141,21
7,24,1.8165277958816064,3.282559578265487,-0.0010464299896304,28.22695031562798,0.0006,-0.0,5263.906,21
7,24,1.8165277958816064,3.278988488833816,-5.8890544732867605e-05,28.491046277266538,0.0006,0.0,5101.656,21
7,24,1.8165277958816064,3.2792714252085,-0.000439127848056,28.470985505053356,0.0006,0.0,5112.516,21
7,24,1.8165277958816064,3.2793690583654445,-0.0025705365452915,28.45127899282076,0.0006,0.0,5123.344,21
7,24,1.8165277958816064,3.2798334341013944,-0.0006731194272667,28.436180112334693,0.0006,-0.0,5134.11,21
7,24,1.8165277958816064,3.2798991079786965,-0.0016115851900593,28.422723550182777,0.0006,0.0,5144.922,21
7,24,1.8165277958816064,3.2801157306154063,0.0027411660883094,28.397939326770192,0.0006,0.0,5155.766,21
7,24,1.8165277958816064,3.293214356790459,-0.0010845300494137,27.59673121886566,0.0006,0.0,5858.453,21
7,24,1.8165277958816064,3.2934039887071225,-0.001527108493605,27.58735930106493,0.0006,0.0,5869.25,21
7,24,1.8165277958816064,3.300521311190024,-0.0023244641740762,27.308306406495788,0.0006,0.0,6398.516,21
7,24,1.8165277958816064,3.30069659487008,-0.0021669218816869,27.30569907658541,0.0006,0.0,6409.344,21
7,24,1.8165277958816064,3.300639737339797,-0.0016464370852545,27.300351265369983,0.0006,-0.0,6420.156,21
7,24,1.8165277958816064,3.300844877279174,-0.0023890995978441,27.307516353282946,0.0006,0.0,6430.891,21
7,24,1.8165277958816064,3.301159649718951,-0.000673578324968,27.290318580248314,0.0006,0.0,6441.688,21
7,24,1.8165277958816064,3.3012887838630505,-0.0028959902689348,27.284576200853152,0.0006,-0.0,6452.547,21
7,24,1.8165277958816064,3.2917545371723644,-0.0019878058100397,27.661140423186136,0.0006,0.0,5771.781,21
7,24,1.8165277958816064,3.2919368134925016,-0.0026987895416995,27.66381475661869,0.0006,-0.0,5782.594,21
7,24,1.8165277958816064,3.289347818756228,-0.0015640862391909,27.808658946014397,0.0006,0.0,5620.563,21
7,24,1.8165277958816064,3.289519983945778,-0.0039847013787564,27.79617548393728,0.0006,0.0,5631.406,21
7,24,1.8165277958816064,3.289718555016041,-0.0010038192917371,27.77827596778901,0.0006,0.0,5642.203,21
7,24,1.8165277958816064,3.289921760228644,-0.003827627558761,27.76821788605616,0.0006,0.0,5653.016,21
7,24,1.8165277958816064,3.289983868829032,-0.0015336989940482,27.772103601243504,0.0006,0.0,5663.797,21
7,24,1.8165277958816064,3.2903003207691905,-0.0006625554099598,27.76088341110001,0.0006,0.0,5674.594,21
7,24,1.8165277958816064,3.290595631890056,-0.0035903610675279,27.74755510582019,0.0006,0.0,5685.438,21
7,24,1.8165277958816064,3.2906174479116754,-0.0001670738024331,27.748008489553868,0.0006,0.0,5696.203,21
7,24,1.8165277958816064,3.287847881853003,-0.0018716333078236,27.89920161715712,0.0006,-0.0,5534.203,21
7,24,1.8165277958816064,3.2880111577308244,-0.0029546502810728,27.873198222986854,0.0006,0.0,5545.0,21
7,24,1.8165277958816064,3.2883916965414004,-0.0024149581522692,27.877920439655057,0.0006,-0.0,5555.813,21
7,24,1.8165277958816064,3.2884401723875616,-0.0019955536463791,27.858376202332224,0.0006,0.0,5566.61,21
7,24,1.8165277958816064,3.288408864572214,-0.0007894794199205,27.844329406272053,0.0006,0.0,5577.391,21
7,24,1.8165277958816064,3.2887737814898466,-0.0021488514257965,27.844327889432854,0.0006,0.0,5588.188,21
7,24,1.8165277958816064,3.288847384300265,-0.0011445103818872,27.832355350745893,0.0006,-0.0,5598.969,21
7,24,1.8165277958816064,3.289123857348979,-0.0012501780478041,27.815170133677118,0.0006,-0.0,5609.781,21
7,24,1.8165277958816064,3.2862678121313675,-0.0026878053340148,27.986781689584344,0.0006,-0.0,5447.61,21
7,24,1.8165277958816064,3.2863794013390795,-0.0007959340058964,27.97283149253901,0.0006,0.0,5458.422,21
7,24,1.8165277958816064,3.286668652925344,-0.0021486924228904,27.952071451838517,0.0006,0.0,5469.235,21
7,24,1.8165277958816064,3.2868344257977538,-0.0031883280875104,27.94288807127137,0.0006,0.0,5480.078,21
7,24,1.8165277958816064,3.287206231408679,-0.0026871332092952,27.93687999227584,0.0006,-0.0,5490.906,21
7,24,1.8165277958816064,3.2871919872688373,-0.0006651593237343,27.93765260289462,0.0006,-0.0,5501.735,21
7,24,1.8165277958816064,4.028239054519931,-0.0001055373252751,29.80518324790473,0.0006,4.027,300.281,21
7,24,1.8165277958816064,3.580324037703324,-4.0233432715031245,29.863374839183606,4.0,1.755,310.719,21
7,24,1.8165277958816064,4.02197752593673,-0.003137014219627,29.99766689887467,0.0006,4.021,321.078,21
7,24,1.8165277958816064,3.575485515002491,-4.023686869738858,30.05117987021705,4.0,1.75,331.485,21
7,24,1.8165277958816064,4.015863119703622,0.0013306595611187,30.17034530631398,0.0006,4.015,341.891,21
7,24,1.8165277958816064,3.57084988628266,-4.0220459874823975,30.214947774452305,4.0,1.746,352.281,21
7,24,1.8165277958816064,3.296785396445859,-0.0004603212133199,27.44890774699223,0.0006,0.0,6117.656,21
7,24,1.8165277958816064,3.297089371622564,-0.0009539034253415,27.444046823208105,0.0006,0.0,6128.469,21
7,24,1.8165277958816064,3.2948286332350856,-0.0004775432695099,27.526013016039347,0.0006,0.0,5966.641,21
7,24,1.8165277958816064,3.2949368297654766,-0.0003871326478923,27.533804563659945,0.0006,0.0,5977.375,21
7,24,1.8165277958816064,3.295027210026092,-0.0024036747862565,27.520591046030248,0.0006,0.0,5988.172,21
7,24,1.8165277958816064,3.295172132096611,-0.0009600251298136,27.5203742666164,0.0006,-0.0,5998.906,21
7,24,1.8165277958816064,3.2954330680833186,-0.000986733642755,27.50650238641332,0.0006,0.0,6009.703,21
7,24,1.8165277958816064,3.2956174559212346,-0.0014641357711065,27.49277201899168,0.0006,0.0,6020.469,21
7,24,1.8165277958816064,3.295596415304224,-0.0001859732744229,27.49513725603532,0.0006,0.0,6031.281,21
7,24,1.8165277958816064,3.2958373082100154,-0.0005438267698893,27.49045397924709,0.0006,-0.0,6042.125,21
7,24,1.8165277958816064,3.293457279729369,-0.0022190312142392,27.58452857643817,0.0006,0.0,5880.125,21
7,24,1.8165277958816064,3.293710276837425,-0.0025927726686751,27.57162401324089,0.0006,0.0,5890.922,21
7,24,1.8165277958816064,3.2938539925504235,-0.0013069097112687,27.561314049047265,0.0006,0.0,5901.75,21
7,24,1.8165277958816064,3.2938654957639715,-0.0004094289556911,27.561391266300188,0.0006,-0.0,5912.516,21
7,24,1.8165277958816064,3.294044240535821,-0.0002670495294451,27.56044454994862,0.0006,0.0,5923.266,21
7,24,1.8165277958816064,3.294309939048508,-0.002330620468548,27.549418144803813,0.0006,0.0,5934.11,21
7,24,1.8165277958816064,3.2945046019924376,-0.0014696770365807,27.54880574022212,0.0006,-0.0,5945.0,21
7,24,1.8165277958816064,3.294625100055785,-0.0021148150852768,27.53455180479276,0.0006,0.0,5955.797,21
7,24,1.8165277958816064,3.2921543298486644,-0.0018783448741882,27.650490603226867,0.0006,0.0,5793.406,21
7,24,1.8165277958816064,3.292401457221928,-0.0006232231261074,27.637758948302864,0.0006,0.0,5804.297,21
7,24,1.8165277958816064,3.292479800599605,-0.0006001601480463,27.633473690178292,0.0006,0.0,5815.172,21
7,24,1.8165277958816064,3.292638323513783,-0.0029971149886888,27.61528120110719,0.0006,0.0,5825.953,21
7,24,1.8165277958816064,3.29271578116765,-0.0036098234071414,27.615314671885677,0.0006,0.0,5836.781,21
7,24,1.8165277958816064,3.292965896857259,-0.0024208016519464,27.60602815493777,0.0006,0.0,5847.61,21
7,24,1.8165277958816064,4.1842030048921135,0.0008150900343589,26.458131735942853,0.0006,0.0,0.0,21
7,24,1.8165277958816064,4.183902597572062,-3.2254953295433186e-05,26.46789771320292,0.0006,4.199,9.421999999999995,21
7,24,1.8165277958816064,3.724356268179613,-4.023381841478129,26.55955849601505,4.0,1.854,20.11,21
8,24,1.8085638576011065,3.379030647071541,-4.026339625402318,34.28292066807708,4.0,1.565,1296.562,20
8,24,1.8085638576011065,3.792819748932205,-0.000138755730639,34.37080844943623,0.0006,3.794,1307.015,20
8,24,1.8085638576011065,3.375290418679522,-4.025940782469919,34.33423968164703,4.0,1.563,1317.484,20
8,24,1.8085638576011065,3.789035780968526,-0.001387883158671,34.417570539267025,0.0006,3.79,1327.937,20
8,24,1.8085638576011065,3.371788439679493,-4.023962491000856,34.41765636646622,4.0,1.559,1338.375,20
8,24,1.8085638576011065,3.816118426111005,-0.0017916949958558,33.98711050432563,0.0006,3.818,1181.64,20
8,24,1.8085638576011065,3.398017494152524,-4.023686351254734,33.986105468485015,4.0,1.584,1192.062,20
8,24,1.8085638576011065,3.899456814413489,-0.0021563362858712,32.827944156503214,0.0006,3.899,783.812,20
8,24,1.8085638576011065,3.3648603649402387,-4.023920412877343,34.517572274480685,4.0,1.552,1380.25,20
8,24,1.8085638576011065,3.7777989546581927,-0.0016423526225079,34.58607358188588,0.0006,3.779,1390.672,20
8,24,1.8085638576011065,3.361161422405832,-4.027186914329089,34.580890558904066,4.0,1.549,1401.125,20
8,24,1.8085638576011065,3.774418883590591,-0.0019180529251891,34.63832635031267,0.0006,3.775,1411.625,20
8,24,1.8085638576011065,3.3581206646377337,-4.02623180809591,34.63780904121955,4.0,1.545,1422.14,20
8,24,1.8085638576011065,3.800590622140344,-0.0038839872766836,34.253311636651304,0.0006,3.801,1265.265,20
8,24,1.8085638576011065,3.3825426738823703,-4.023815923250156,34.23756970872602,4.0,1.571,1275.718,20
8,24,1.8085638576011065,3.796567467646738,-0.0048191418674511,34.31657737442853,0.0006,3.798,1286.14,20
8,24,1.8085638576011065,3.350685458919077,-4.0283653142208165,34.76661584271497,4.0,1.539,1464.078,20
8,24,1.8085638576011065,3.763539070972898,-0.0012433818585016,34.82249954021438,0.0006,3.764,1474.547,20
8,24,1.8085638576011065,3.3475764500884315,-4.026624627893789,34.77021978311423,4.0,1.537,1484.984,20
8,24,1.8085638576011065,3.7600661136066185,-0.0033760019661587,34.88699083591356,0.0006,3.761,1495.39,20
8,24,1.8085638576011065,3.3436264411355268,-4.026159691351468,34.837419124865626,4.0,1.532,1505.922,20
8,24,1.8085638576011065,3.78512058750504,0.0008854455487694,34.47739255603302,0.0006,3.786,1348.828,20
8,24,1.8085638576011065,3.368181993274141,-4.022189369485599,34.493673060350496,4.0,1.556,1359.312,20
8,24,1.8085638576011065,3.7816699251485937,-0.003911268433064,34.53822224008347,0.0006,3.782,1369.812,20
8,24,1.8085638576011065,3.457711168608096,-4.026064468882112,33.073755631686446,4.0,1.641,878.062,20
8,24,1.8085638576011065,3.876657950734623,-0.000495703810762,33.130517571317725,0.0006,3.877,888.5,20
8,24,1.8085638576011065,3.4529752712708404,-4.027375692529579,33.11510894169273,4.0,1.639,898.984,20
8,24,1.8085638576011065,3.8722030993410463,-0.0013416298320251,33.181729946848506,0.0006,3.872,909.484,20
8,24,1.8085638576011065,3.4490750590757333,-4.024086975114166,33.17593478541003,4.0,1.634,919.906,20
8,24,1.8085638576011065,3.7708291213572487,-0.002868819220308,34.69013634517204,0.0006,3.772,1432.64,20
8,24,1.8085638576011065,3.354348578377438,-4.023767324864794,34.694950952927144,4.0,1.543,1443.125,20
8,24,1.8085638576011065,3.767287638720462,0.0005910322938117,34.75942180707182,0.0006,3.768,1453.578,20
8,24,1.8085638576011065,3.885877306864353,-0.0003152837450992,33.01089809005485,0.0006,3.886,846.672,20
8,24,1.8085638576011065,3.461855294888958,-4.02596127408334,32.99669940854143,4.0,1.648,857.109,20
8,24,1.8085638576011065,3.8124677036619934,-0.0018025795762672,34.04862702975032,0.0006,3.813,1202.515,20
8,24,1.8085638576011065,3.3939557734396324,-4.025914432014591,34.04698027388105,4.0,1.579,1213.015,20
8,24,1.8085638576011065,3.808400095576301,-0.0021720180247811,34.118549929940365,0.0008,3.808,1223.484,20
8,24,1.8085638576011065,3.3902179230900904,-4.026943322598056,34.11856060629565,4.0,1.576,1233.922,20
8,24,1.8085638576011065,3.8045254564273137,-0.0024875419102261,34.19498443939284,0.0006,3.806,1244.39,20
8,24,1.8085638576011065,3.386473144217581,-4.021197221897859,34.17535754354448,4.0,1.573,1254.812,20
8,24,1.8085638576011065,3.867794823941872,-0.0018672266151145,33.2164352002167,0.0006,3.868,930.406,20
8,24,1.8085638576011065,3.4448235582687774,-4.025006616056183,33.20738978099093,4.0,1.631,940.89,20
8,24,1.8085638576011065,3.863101765243161,-0.000851106599801,33.270640673972544,0.0006,3.864,951.343,20
8,24,1.8085638576011065,3.4405279528994077,-4.028344956749517,33.28212749830257,4.0,1.627,961.797,20
8,24,1.8085638576011065,3.858812304607044,-0.0015912513763805,33.34569589369562,0.0006,3.86,972.265,20
8,24,1.8085638576011065,3.436350843081546,-4.024113618488996,33.330202460619404,4.0,1.623,982.781,20
8,24,1.8085638576011065,3.85418017105655,-0.0004375874380534,33.400125955616765,0.0006,3.855,993.203,20
8,24,1.8085638576011065,3.4320386070636397,-4.024708596385083,33.4212536631157,4.0,1.619,1003.703,20
8,24,1.8085638576011065,3.849937374042193,-0.0002031510972126,33.468106269824176,0.0006,3.85,1014.156,20
8,24,1.8085638576011065,3.4283964723208933,-4.0223839461540765,33.44764754049337,4.0,1.615,1024.625,20
8,24,1.8085638576011065,3.845448937715151,-0.0004179638219078,33.53620636080214,0.0006,3.846,1035.078,20
8,24,1.8085638576011065,3.423812951755921,-4.025885009702515,33.50962847354661,4.0,1.61,1045.625,20
8,24,1.8085638576011065,3.841159384544944,-0.0017046127879035,33.59228916990231,0.0006,3.841,1056.078,20
8,24,1.8085638576011065,3.420206689397254,-4.021287241713354,33.57898370154451,4.0,1.606,1066.562,20
8,24,1.8085638576011065,3.836794605262295,0.0003509084941688,33.655584443118244,0.0006,3.837,1077.0,20
8,24,1.8085638576011065,3.4163134743127648,-4.0236062632238365,33.64327009378685,4.0,1.603,1087.453,20
8,24,1.8085638576011065,3.474637109255838,-4.027647409970112,32.8328008354316,4.0,1.66,794.25,20
8,24,1.8085638576011065,3.554428669576712,-4.025108118530311,30.96265370992373,4.0,1.731,438.718,20
8,24,1.8085638576011065,3.987374993129675,-0.0028095512796381,31.090950275357805,0.0006,3.986,449.218,20
8,24,1.8085638576011065,3.549436616139681,-4.024357873886018,31.123418251385107,4.0,1.728,459.687,20
8,24,1.8085638576011065,3.8244227718914687,-0.000202541207775,33.85016845607914,0.0006,3.826,1139.812,20
8,24,1.8085638576011065,3.404818483332172,-4.026042018450736,33.84023612009883,4.0,1.591,1150.297,20
8,24,1.8085638576011065,3.820443702914707,-0.0028413689624999,33.91987349800004,0.0006,3.821,1160.781,20
8,24,1.8085638576011065,3.401154926649042,-4.025316309879448,33.92711685255182,4.0,1.589,1171.234,20
8,24,1.8085638576011065,3.707708043893482,-0.0006939035946264,35.62786733978587,0.0006,3.709,1851.422,20
8,24,1.8085638576011065,3.2926313955756297,-4.024663171317585,35.652419418449405,4.0,1.482,1861.953,20
8,24,1.8085638576011065,3.705152849017362,-0.0043930755188074,35.66924913895573,0.0006,3.706,1872.422,20
8,24,1.8085638576011065,3.2898450135007957,-4.024502721561096,35.679680399353806,4.0,1.479,1882.89,20
8,24,1.8085638576011065,3.7027023986241616,-0.0004356601096043,35.746067863972186,0.0006,3.704,1893.39,20
8,24,1.8085638576011065,3.287481439367143,-4.02311520371255,35.736401587230915,4.0,1.477,1903.812,20
8,24,1.8085638576011065,3.700090564655608,-0.0008474230162826,35.79070538333387,0.0006,3.701,1914.281,20
8,24,1.8085638576011065,3.28516253717817,-4.024713508362924,35.77205677271345,4.0,1.473,1924.687,20
8,24,1.8085638576011065,3.697660516123532,9.413337819497814e-05,35.83202386503595,0.0006,3.699,1935.172,20
8,24,1.8085638576011065,3.2818618611444,-4.027599418630708,35.81416917048738,4.0,1.472,1945.703,20
8,24,1.8085638576011065,3.6952491326468233,-0.0012287595811692,35.83514199760338,0.0006,3.697,1956.187,20
8,24,1.8085638576011065,3.2798828966731643,-4.023393778096036,35.85909811286502,4.0,1.469,1966.609,20
8,24,1.8085638576011065,3.692984120625321,-0.0030209954699103,35.87619165466392,0.0006,3.694,1977.093,20
8,24,1.8085638576011065,3.2771200181646254,-4.026559904463789,35.89114775383407,4.0,1.467,1987.593,20
8,24,1.8085638576011065,3.690612979539351,0.0007821331630905,35.926378677323726,0.0006,3.692,1998.015,20
8,24,1.8085638576011065,3.27483403422686,-4.025216335618265,35.923108534297945,4.0,1.464,2008.547,20
8,24,1.8085638576011065,3.6883747283863446,-0.001469379841805,35.98432850189198,0.0006,3.689,2018.984,20
8,24,1.8085638576011065,3.2723807808184184,-4.025603402941125,35.957431085363055,4.0,1.463,2029.468,20
8,24,1.8085638576011065,3.6860949161231207,-0.0023017752871995,36.023700223408284,0.0006,3.688,2039.937,20
8,24,1.8085638576011065,3.270116084685806,-4.025012970778307,36.0097311653687,4.0,1.46,2050.406,20
8,24,1.8085638576011065,3.68392496534952,-0.0020889484813386,36.01883326124498,0.0006,3.685,2060.89,20
8,24,1.8085638576011065,3.2681327777796403,-4.025457934105583,36.045051644316686,4.0,1.457,2071.328,20
8,24,1.8085638576011065,3.681950176626842,-0.0026547657369372,36.074432691306576,0.0006,3.683,2081.797,20
8,24,1.8085638576011065,3.2657235688760937,-4.0271740303917065,36.092794240928434,4.0,1.455,2092.265,20
8,24,1.8085638576011065,3.680311705676825,-0.0004148086965339,36.136216034713634,0.0006,3.681,2102.765,20
8,24,1.8085638576011065,3.2637086131076467,-4.026396710417136,36.144333624792345,4.0,1.453,2113.25,20
8,24,1.8085638576011065,3.6780266623907023,-0.0021662763650975,36.18021541906823,0.0006,3.679,2123.672,20
8,24,1.8085638576011065,3.2613870167145667,-4.025383921957977,36.18503324882147,4.0,1.451,2134.172,20
8,24,1.8085638576011065,3.675988888954419,-0.0005009348572187,36.20828947425286,0.0006,3.676,2144.609,20
8,24,1.8085638576011065,3.2594402120081103,-4.025764771544112,36.23389472625622,4.0,1.449,2155.078,20
8,24,1.8085638576011065,3.674132914568486,-0.0005332501891212,36.25222631304534,0.0006,3.675,2165.547,20
8,24,1.8085638576011065,3.257288097851339,-4.02566921472798,36.253668506910245,4.0,1.448,2176.062,20
8,24,1.8085638576011065,3.672123711730273,-0.0021159330734283,36.320273050245376,0.0006,3.674,2186.515,20
8,24,1.8085638576011065,3.254966030073629,-4.025193898544247,36.29676429631202,4.0,1.445,2196.984,20
8,24,1.8085638576011065,3.67030984793084,0.0005941023010676,36.37086010251983,0.0006,3.671,2207.484,20
8,24,1.8085638576011065,3.2530255081427666,-4.024079554102218,36.343352101969714,4.0,1.444,2217.906,20
8,24,1.8085638576011065,3.66861812659419,-0.000308891250007,36.41315244064354,0.0006,3.67,2228.406,20
8,24,1.8085638576011065,3.250819310904017,-4.024372317747002,36.39435044668733,4.0,1.441,2238.875,20
8,24,1.8085638576011065,3.6670017962503936,-0.0013744272873029,36.45635401926912,0.0006,3.667,2249.359,20
8,24,1.8085638576011065,3.2487119759133605,-4.025082230422842,36.41579547047634,4.0,1.439,2259.875,20
8,24,1.8085638576011065,3.6648883731536817,-0.0020181552298553,36.49907779825406,0.0006,3.666,2270.297,20
8,24,1.8085638576011065,3.246429494835535,-4.025363183387416,36.45075445923054,4.0,1.438,2280.781,20
8,24,1.8085638576011065,3.663017384414312,-0.0027129734430197,36.54608759593559,0.0006,3.663,2291.234,20
8,24,1.8085638576011065,3.244596840572115,-4.0258471019117295,36.53213883639734,4.0,1.435,2301.672,20
8,24,1.8085638576011065,3.6615171998956817,-0.0001420981575486,36.59811822387625,0.0006,3.662,2312.14,20
8,24,1.8085638576011065,3.242214330893808,-4.025133402594432,36.57964210773224,4.0,1.434,2322.64,20
8,24,1.8085638576011065,3.659467750197989,-0.0011270745647947,36.63043290369325,0.0006,3.661,2333.093,20
8,24,1.8085638576011065,3.2399620551814805,-4.025633468862252,36.60843366455595,4.0,1.431,2343.578,20
8,24,1.8085638576011065,3.6578183224933873,-0.0028163384743148,36.657274993922655,0.0006,3.658,2354.078,20
8,24,1.8085638576011065,3.2378330392292334,-4.025569161809373,36.640295135496,4.0,1.43,2364.531,20
8,24,1.8085638576011065,3.655970770662525,-0.001146622039717,36.743708018016186,0.0006,3.657,2374.984,20
8,24,1.8085638576011065,3.235482717567906,-4.024187615083546,36.70937683894155,4.0,1.427,2385.437,20
8,24,1.8085638576011065,3.654186359228589,-0.003266801479623,36.73975310233065,0.0006,3.654,2395.937,20
8,24,1.8085638576011065,3.233211643839804,-4.027576602896609,36.7776559230552,4.0,1.426,2406.406,20
8,24,1.8085638576011065,3.652283398406421,-3.619067946302968e-06,36.7859874744523,0.0006,3.653,2416.875,20
8,24,1.8085638576011065,3.230787490717536,-4.025152566178088,36.80545812983834,4.0,1.423,2427.359,20
8,24,1.8085638576011065,3.650049385013482,-0.0025867154571395,36.85520759156447,0.0006,3.649,2437.765,20
8,24,1.8085638576011065,3.228315740402052,-4.02580309773593,36.86221875830496,4.0,1.422,2448.281,20
8,24,1.8085638576011065,3.648257889027072,-0.0025416033549471,36.8968660122676,0.0006,3.648,2458.718,20
8,24,1.8085638576011065,3.2255501080401148,-4.026045522551917,36.91628077326105,4.0,1.419,2469.234,20
8,24,1.8085638576011065,3.64583176934619,-0.0016230163619384,36.95715132250783,0.0006,3.645,2479.687,20
8,24,1.8085638576011065,3.2232392749887,-4.025985526663774,36.99574775211547,4.0,1.415,2490.156,20
8,24,1.8085638576011065,3.6438920730585296,-0.0007256182441935,37.027712809522576,0.0006,3.644,2500.64,20
8,24,1.8085638576011065,3.220808766439925,-4.025994372291473,37.02068498658389,4.0,1.415,2511.062,20
8,24,1.8085638576011065,3.6417973872323537,0.000362069819886,37.07305985686023,0.0006,3.641,2521.547,20
8,24,1.8085638576011065,3.217689780418217,-4.027223075382292,37.04752139282136,4.0,1.411,2532.062,20
8,24,1.8085638576011065,3.6396649340612153,-0.0006895461171233,37.09835344202408,0.0006,3.639,2542.484,20
8,24,1.8085638576011065,3.215065522140951,-4.02584613642032,37.10483445754388,4.0,1.409,2552.922,20
8,24,1.8085638576011065,3.637199683793449,-0.001239449055317,37.16256820520341,0.0006,3.636,2563.312,20
8,24,1.8085638576011065,3.21229653753906,-4.027315503011919,37.17745756118577,4.0,1.407,2573.765,20
8,24,1.8085638576011065,3.634951416693744,-0.0011243548307346,37.243624887358266,0.0006,3.635,2584.234,20
8,24,1.8085638576011065,3.2094938203691914,-4.0269671277689,37.26894231726817,4.0,1.403,2594.687,20
8,24,1.8085638576011065,3.632236972505176,-0.0003770364512305,37.31408457789016,0.0006,3.631,2605.109,20
8,24,1.8085638576011065,3.2059739307904542,-4.027677078564053,37.303941741559385,4.0,1.401,2615.625,20
8,24,1.8085638576011065,3.629948647332819,-0.0013000802252571,37.340279410332606,0.0008,3.629,2626.078,20
8,24,1.8085638576011065,3.2030906296963497,-4.026095341493367,37.35113680477578,4.0,1.398,2636.547,20
8,24,1.8085638576011065,3.6275218619329728,-0.0018951201624738,37.42935636605475,0.0006,3.625,2647.015,20
8,24,1.8085638576011065,3.199913233290034,-4.024272969351563,37.46137869398625,4.0,1.396,2657.5,20
8,24,1.8085638576011065,3.6247755009616953,-0.0015180937527684,37.50205392709935,0.0006,3.623,2667.937,20
8,24,1.8085638576011065,3.196487573908306,-4.0233561331025065,37.47221080025884,4.0,1.393,2678.453,20
8,24,1.8085638576011065,3.6217817186451287,-0.0018676830844243,37.54624834340694,0.0006,3.62,2688.89,20
8,24,1.8085638576011065,3.192642768510062,-4.025148622881858,37.53088282157488,4.0,1.39,2699.422,20
8,24,1.8085638576011065,3.618767030521254,-0.0005714908983616,37.62253371179724,0.0006,3.617,2709.843,20
8,24,1.8085638576011065,3.1890606630465883,-4.0246053286891295,37.60983947863908,4.0,1.385,2720.328,20
8,24,1.8085638576011065,3.615560622309522,-0.0003230080079567,37.6621299926888,0.0006,3.613,2730.765,20
8,24,1.8085638576011065,3.185431985275987,-4.028495234172356,37.66083454334423,4.0,1.383,2741.187,20
8,24,1.8085638576011065,3.612650056217348,0.0012371525591994,37.67593011271688,0.0006,3.611,2751.625,20
8,24,1.8085638576011065,3.1810032712022576,-4.024447901793669,37.70732536289037,4.0,1.379,2762.078,20
8,24,1.8085638576011065,3.6093552384803855,-0.0025432640832894,37.753733578216185,0.0006,3.606,2772.578,20
8,24,1.8085638576011065,3.176882071779809,-4.025417178420755,37.7625573046669,4.0,1.375,2783.031,20
8,24,1.8085638576011065,3.60547645165002,-0.0019093582718136,37.81012364753131,0.0006,3.603,2793.453,20
8,24,1.8085638576011065,3.172175464834875,-4.02409160690468,37.80383595233478,4.0,1.37,2803.922,20
8,24,1.8085638576011065,3.601496205818747,-0.0029763583240672,37.87177750137121,0.0006,3.599,2814.343,20
8,24,1.8085638576011065,3.1668154842568725,-4.026167726335796,37.86700176345523,4.0,1.366,2824.812,20
8,24,1.8085638576011065,3.5973659748636546,-0.0001230940317579,37.93606312772116,0.0006,3.593,2835.297,20
8,24,1.8085638576011065,3.161381224254002,-4.024770101383704,37.92185949958244,4.0,1.361,2845.797,20
8,24,1.8085638576011065,3.593134178919066,-8.141999118068012e-05,37.99550466850714,0.0006,3.589,2856.281,20
8,24,1.8085638576011065,3.1559063572104487,-4.025623849510092,38.001720576011536,4.0,1.357,2866.687,20
8,24,1.8085638576011065,3.588624724737948,3.668087343896778e-05,38.10076521630703,0.0006,3.583,2877.203,20
8,24,1.8085638576011065,3.1496050195528453,-4.024018488938447,38.06207058123819,4.0,1.351,2887.703,20
8,24,1.8085638576011065,3.583058971270616,-0.0019471095955699,38.1675846716252,0.0006,3.579,2898.093,20
8,24,1.8085638576011065,3.142758451089576,-4.024998057818602,38.15371006671637,4.0,1.345,2908.609,20
8,24,1.8085638576011065,3.577637227798203,0.0021064402605332,38.20924951782636,0.0006,3.573,2919.078,20
8,24,1.8085638576011065,3.134746751445178,-4.026634184373451,38.211113449852,4.0,1.337,2929.578,20
8,24,1.8085638576011065,3.570968781966348,0.0004187136401537,38.26808935175978,0.0006,3.565,2940.015,20
8,24,1.8085638576011065,3.1261227687456907,-4.023290889570313,38.28253667108964,4.0,1.33,2950.5,20
8,24,1.8085638576011065,3.5636605180537,-0.001519961525644,38.32285530287258,0.0006,3.559,2960.968,20
8,24,1.8085638576011065,3.11622769253844,-4.024971081360576,38.34231958959243,4.0,1.321,2971.422,20
8,24,1.8085638576011065,3.5554240765470846,-0.0024540381824742,38.41629683119974,0.0006,3.549,2981.922,20
8,24,1.8085638576011065,3.1048505759093628,-4.024846636182106,38.42773658920676,4.0,1.31,2992.422,20
8,24,1.8085638576011065,3.54588753662212,-0.0017602979157089,38.48789152334,0.0006,3.54,3002.89,20
8,24,1.8085638576011065,3.092122895525666,-4.025767113331215,38.46546989139024,4.0,1.3,3013.343,20
8,24,1.8085638576011065,3.535037710347805,-0.0038311235641244,38.52864989312788,0.0006,3.529,3023.828,20
8,24,1.8085638576011065,3.077631951057436,-4.024279412980979,38.54991286016544,4.0,1.286,3034.25,20
8,24,1.8085638576011065,3.5224294317179465,-0.0007435325377448,38.641636297828285,0.0006,3.515,3044.718,20
8,24,1.8085638576011065,3.060024691023565,-4.025876710822224,38.65690080778512,4.0,1.272,3055.218,20
8,24,1.8085638576011065,3.507039335148362,-0.0014547019663842,38.73242835921009,0.0006,3.5,3065.656,20
8,24,1.8085638576011065,3.0393168280417933,-4.025045457967512,38.73376951369347,4.0,1.252,3076.156,20
8,24,1.8085638576011065,3.4892497960897373,-0.0023855191537014,38.81233030815444,0.0006,3.481,3086.593,20
8,24,1.8085638576011065,3.015203545696669,-4.025230547980987,38.79535622780925,4.0,1.232,3097.078,20
8,24,1.8085638576011065,3.4684756532097065,-0.0007960928963548,38.88331475201068,0.0006,3.459,3107.531,20
8,24,1.8085638576011065,2.9878069659743147,-4.02521437427999,38.9482804602341,4.0,1.206,3117.953,20
8,24,1.8085638576011065,3.444345626451712,-6.540035533555126e-05,39.0036933651886,0.0006,3.435,3128.406,20
8,24,1.8085638576011065,2.955686486875719,-4.0247522466686005,39.01849619258418,4.0,1.178,3138.828,20
8,24,1.8085638576011065,3.4156120289091803,-0.0012042635017579,39.09736256734016,0.0008,3.404,3149.265,20
8,24,1.8085638576011065,2.9174106343697632,-4.023984321605504,39.13119075722221,4.0,1.141,3159.765,20
8,24,1.8085638576011065,3.381359197250409,-0.003804949658475,39.20750705399529,0.0006,3.37,3170.156,20
8,24,1.8085638576011065,2.872601081553413,-4.024736761888701,39.22305869474811,4.0,1.102,3180.562,20
8,24,1.8085638576011065,3.3410874903295604,-0.0005668930536114,39.323873124455965,0.0006,3.328,3191.015,20
8,24,1.8085638576011065,2.818951577458732,-4.02434082624195,39.36079905264499,4.0,1.056,3201.484,20
8,24,1.8085638576011065,3.2920699424843503,-0.0004604119175468,39.47116853631943,0.0006,3.277,3211.906,20
8,24,1.8085638576011065,2.752779308684424,-4.024597988333528,39.50542118291361,4.0,0.995,3222.375,20
8,24,1.8085638576011065,3.232173488860384,0.000209793838281,39.59930465203272,0.0006,3.216,3232.781,20
8,24,1.8085638576011065,2.667728425390181,-4.024397922247386,39.64497551060622,4.0,0.924,3243.172,20
8,24,1.8085638576011065,3.157906022568609,-0.0020521053784807,39.76660034229887,0.0006,3.138,3253.609,20
8,24,1.8085638576011065,2.539202906793097,-4.025243840060004,39.78179892681612,4.0,0.829,3264.062,20
8,24,1.8085638576011065,3.055943829614318,0.0005938862146995,39.914213589322536,0.0006,3.026,3274.531,20
8,24,1.8085638576011065,2.3081220524378043,-4.024901852816058,39.99378482131838,4.0,0.668,3285.015,20
8,24,1.8085638576011065,2.91864809456175,-0.0008777254767325,40.11268825495713,0.0006,2.867,3295.468,20
8,24,1.8085638576011065,1.9288388497995343,-4.022562170862287,40.19097815647149,4.0,0.394,3305.937,20
8,24,1.8085638576011065,2.781640321207791,-0.002612768641443,40.39287009990307,0.0006,0.0,3316.625,20
8,24,1.8085638576011065,2.879542080001974,0.0005774798461592,40.31464228773949,0.0006,0.001,3327.25,20
8,24,1.8085638576011065,2.9319281556226207,-0.0004078105531714,40.136908865627,0.0006,-0.0,3337.906,20
8,24,1.8085638576011065,2.9687440469918407,-0.0012996291772391,39.97789825060137,0.0006,0.001,3348.547,20
8,24,1.8085638576011065,2.998062372875012,0.0007392943894789,39.74220024360747,0.0008,0.0,3359.234,20
8,24,1.8085638576011065,3.0223618803012577,-0.0019607355608186,39.609306035134566,0.0006,0.001,3369.859,20
8,24,1.8085638576011065,3.043647385550872,0.0021894651157398,39.42166285966872,0.0006,-0.0,3380.734,20
8,24,1.8085638576011065,3.0619541475671044,-0.0024022016627432,39.28390406140611,0.0006,0.0,3391.593,20
8,24,1.8085638576011065,3.0780393002956634,-0.0013143216700486,39.1768523806407,0.0006,0.0,3402.437,20
8,24,1.8085638576011065,3.092209209617629,-0.0011614627692498,39.03156495729005,0.0006,-0.0,3413.297,20
8,24,1.8085638576011065,3.104382245858511,-0.0005518452291431,38.89068392865978,0.0006,0.0,3424.125,20
8,24,1.8085638576011065,3.1156275346803923,-0.0031287288277273,38.72597052223365,0.0006,0.0,3435.047,20
8,24,1.8085638576011065,3.125569149784256,-0.0036697762678401,38.55501034604202,0.0006,0.0,3445.906,20
8,24,1.8085638576011065,3.134394066672991,-0.0037111415986874,38.40350817655259,0.0006,0.0,3456.797,20
8,24,1.8085638576011065,3.1423893327471037,-0.0027412606752161,38.2484440908986,0.0006,0.0,3467.64,20
8,24,1.8085638576011065,3.149610593751864,-0.0025347799075556,38.10110029555079,0.0006,0.0,3478.484,20
8,24,1.8085638576011065,3.1560574325181148,-0.002619777195313,37.92975384796847,0.0006,0.0,3489.39,20
8,24,1.8085638576011065,3.162216034691439,-0.0030136996528547,37.775415943265386,0.0006,0.0,3500.265,20
8,24,1.8085638576011065,3.1679426225866982,-0.0021677927170076,37.61818769907004,0.0006,0.0,3511.14,20
8,24,1.8085638576011065,3.173456628003874,-0.0023591168275197,37.48212050196548,0.0006,0.0,3522.125,20
8,24,1.8085638576011065,3.1781270048215338,-0.0003146312301136,37.324931117004624,0.0006,-0.0,3532.984,20
8,24,1.8085638576011065,3.182900030986254,-0.0014371428337824,37.167818520400246,0.0006,0.0,3543.828,20
8,24,1.8085638576011065,3.1872485897597778,-0.0013053114452559,37.02792764903887,0.0006,0.0,3554.656,20
8,24,1.8085638576011065,3.1916523169883164,0.0008941400407114,36.88355476899283,0.0006,-0.0,3565.531,20
8,24,1.8085638576011065,3.195415408927755,-0.0034959975806193,36.7413973438014,0.0006,0.0,3576.39,20
8,24,1.8085638576011065,3.1989680679936985,-0.0032077734935847,36.61086678099058,0.0006,0.0,3587.218,20
8,24,1.8085638576011065,3.20265258112828,-0.0006562558278497,36.47634023446543,0.0006,0.0,3598.109,20
8,24,1.8085638576011065,3.20623498271835,0.0001743770246905,36.33808621009887,0.0006,-0.0,3609.062,20
8,24,1.8085638576011065,3.2093779681208354,-0.0033192990731707,36.203555711449766,0.0006,0.0,3619.922,20
8,24,1.8085638576011065,3.2127130463968334,0.0002305341407931,36.07083063358336,0.0006,-0.0,3630.812,20
8,24,1.8085638576011065,3.21557021561419,0.0003143434389892,35.955287803248055,0.0006,0.0,3641.718,20
8,24,1.8085638576011065,3.218411182277164,-0.0029311618916853,35.833869251144826,0.0006,-0.0,3652.593,20
8,24,1.8085638576011065,3.2211022036546826,0.0011274373436736,35.710739769398025,0.0006,-0.0,3663.468,20
8,24,1.8085638576011065,3.223739858073565,-0.001748120697578,35.586853216667805,0.0006,0.0,3674.422,20
8,24,1.8085638576011065,3.226325659471644,-0.0054722136696413,35.45602164981592,0.0006,-0.0,3685.265,20
8,24,1.8085638576011065,3.2287579151209025,-0.0009937706538028,35.34327821093263,0.0006,0.0,3696.172,20
8,24,1.8085638576011065,3.231235237825624,-0.0028558361975054,35.234695484667526,0.0006,0.0,3707.047,20
8,24,1.8085638576011065,3.2335554281547063,-0.0026841637272873,35.12188204675932,0.0006,0.0,3717.984,20
8,24,1.8085638576011065,3.2359710408655387,-0.0004297076707588,35.01582032533758,0.0006,-0.0,3728.968,20
8,24,1.8085638576011065,3.238111964399657,-0.0028485631923491,34.88747209119456,0.0006,0.0,3739.89,20
8,24,1.8085638576011065,3.2402360082677943,-0.0021505345846429,34.78942459219363,0.0006,0.0,3750.718,20
8,24,1.8085638576011065,3.242409288376246,-0.0029729038792035,34.69389458094677,0.0006,0.0,3761.562,20
8,24,1.8085638576011065,3.2443304117739875,-0.0018536684056501,34.576106129696576,0.0006,-0.0,3772.468,20
8,24,1.8085638576011065,3.2462921720131592,-0.0011526051237967,34.48160185866831,0.0006,0.0,3783.39,20
8,24,1.8085638576011065,3.248280758861893,0.0005335515728932,34.373412512627525,0.0006,0.0,3794.218,20
8,24,1.8085638576011065,3.25001191524218,-0.0014441192037832,34.27581621866853,0.0006,-0.0,3805.078,20
8,24,1.8085638576011065,3.251531835510888,-0.0007529290262084,34.17678913589456,0.0006,-0.0,3816.015,20
8,24,1.8085638576011065,3.253380628414303,-0.001993409736336,34.07569362200878,0.0006,-0.0,3826.859,20
8,24,1.8085638576011065,3.2550465464899547,-0.0028517443171439,33.97333485130903,0.0006,-0.0,3837.718,20
8,24,1.8085638576011065,3.2568273886580243,-0.0029506904103412,33.88478653397856,0.0006,0.0,3848.593,20
8,24,1.8085638576011065,3.25823121761169,0.0016075194384598,33.78577944898667,0.0006,-0.0,3859.453,20
8,24,1.8085638576011065,3.2597000334468165,-0.0034869731070437,33.68478369739057,0.0006,0.0,3870.297,20
8,24,1.8085638576011065,3.261330047645768,-0.0027201633658283,33.60147713675111,0.0006,0.0,3881.14,20
8,24,1.8085638576011065,3.262839396802945,-0.0009475386878276,33.51436690717601,0.0006,0.0,3892.062,20
8,24,1.8085638576011065,3.2642640233409628,-0.000677003371933,33.416169267027385,0.0006,0.0,3903.015,20
8,24,1.8085638576011065,3.265628730753249,-0.0028956720262395,33.33268287569601,0.0006,0.0,3913.937,20
8,24,1.8085638576011065,3.2671220952601905,0.0001504083485034,33.24950304315415,0.0006,-0.0,3924.843,20
8,24,1.8085638576011065,3.268505339327361,-0.0016600446015118,33.16745015456033,0.0006,0.0,3935.703,20
8,24,1.8085638576011065,3.2696955942031605,-0.0062760749666864,33.09546047402266,0.0006,-0.0,3946.5,20
8,24,1.8085638576011065,3.270964928080544,-0.0011021718866192,33.00896623524983,0.0006,0.0,3957.422,20
8,24,1.8085638576011065,3.2720705285379608,-0.0028057920672672,32.932138341690695,0.0006,0.0,3968.39,20
8,24,1.8085638576011065,3.273591315423026,-0.0023824074046071,32.85469695840887,0.0006,0.0,3979.25,20
8,24,1.8085638576011065,3.274652861452291,-0.0005078322647703,32.78268908376215,0.0006,0.0,3990.078,20
8,24,1.8085638576011065,3.275794425734088,-3.695668809655758e-05,32.69114661065431,0.0006,-0.0,4001.047,20
8,24,1.8085638576011065,3.277228569928919,-0.0051689571566947,32.61561125271822,0.0006,0.0,4011.922,20
8,24,1.8085638576011065,3.2779706804493034,-0.0001933994963337,32.55002974972939,0.0006,0.0,4022.781,20
8,24,1.8085638576011065,3.27926271646897,-0.0011494267399905,32.47376044875981,0.0006,0.0,4033.64,20
8,24,1.8085638576011065,3.280200750921456,-0.0005738322054408,32.40618822585844,0.0006,0.0,4044.515,20
8,24,1.8085638576011065,3.2811320881114416,-0.0005864649049634,32.33255024104346,0.0006,-0.0,4055.406,20
8,24,1.8085638576011065,3.282453045707408,-0.0037322852508501,32.256473224356,0.0006,-0.0,4066.343,20
8,24,1.8085638576011065,3.283334957272521,-0.0025357797152836,32.1966298977429,0.0006,-0.0,4077.234,20
8,24,1.8085638576011065,3.2841545428164567,-0.0017643894354741,32.10756004949389,0.0006,0.0,4088.14,20
8,24,1.8085638576011065,3.28520596190847,0.0002037222392635,32.045395547924834,0.0006,0.0,4099.031,20
8,24,1.8085638576011065,3.28613365400126,-0.0025579599909311,31.982870706261103,0.0006,0.0,4109.984,20
8,24,1.8085638576011065,3.287109589066846,-0.0004891582047801,31.92156556277542,0.0006,-0.0,4120.875,20
8,24,1.8085638576011065,3.28796414737641,-0.0038714519766917,31.856005791790658,0.0006,0.0,4131.797,20
8,24,1.8085638576011065,3.2888212550581417,-0.0007940774226969,31.795692608852967,0.0006,0.0,4142.656,20
8,24,1.8085638576011065,3.289838199228276,-0.0042998127372626,31.723065914141674,0.0006,0.0,4153.5,20
8,24,1.8085638576011065,3.290572794719734,-0.0005004579744888,31.66604906240625,0.0006,-0.0,4164.406,20
8,24,1.8085638576011065,3.2913147987644917,-0.0001045607681424,31.60372749858024,0.0006,0.0,4175.281,20
8,24,1.8085638576011065,3.2921660988533223,-0.0012715714112993,31.54347656256106,0.0006,-0.0,4186.187,20
8,24,1.8085638576011065,3.292959118583933,-0.0012518797285531,31.488612952596693,0.0006,-0.0,4197.047,20
8,24,1.8085638576011065,3.293753513671952,-0.0008707896537988,31.449944534995467,0.0006,0.0,4207.906,20
8,24,1.8085638576011065,3.294532650343261,-0.0011462549421717,31.38109168657812,0.0006,0.0,4218.812,20
8,24,1.8085638576011065,3.2952421438581534,-0.0007548462583928,31.31310720038725,0.0006,0.0,4229.687,20
8,24,1.8085638576011065,3.2958636880198733,-0.0009434304377204,31.26127931808181,0.0006,0.0,4240.547,20
8,24,1.8085638576011065,3.2967160417488577,-0.0010089130052872,31.19987186561447,0.0006,0.0,4251.468,20
8,24,1.8085638576011065,3.2973386579453288,-0.0014282568524984,31.153047688165877,0.0006,0.0,4262.422,20
8,24,1.8085638576011065,3.297984671149053,-0.0016315413936901,31.10361265894343,0.0006,0.0,4273.265,20
8,24,1.8085638576011065,3.298868918024351,-0.001041417707206,31.04733014924536,0.0006,0.0,4284.172,20
8,24,1.8085638576011065,3.299299970879408,-0.0015377415510543,30.977533451000628,0.0006,0.0,4295.062,20
8,24,1.8085638576011065,3.300018836865924,0.0001523436023413,30.93531840448581,0.0006,0.0,4306.0,20
8,24,1.8085638576011065,3.300649394977106,-0.0023267671973829,30.883516188277937,0.0006,-0.0,4316.812,20
8,24,1.8085638576011065,3.3013478723949765,-0.0024413583648227,30.83899078474403,0.0006,-0.0,4327.718,20
8,24,1.8085638576011065,3.301834063805082,-0.0015727380988075,30.793758629771563,0.0006,-0.0,4338.578,20
8,24,1.8085638576011065,3.3024625822985105,-0.0021402884630436,30.74044099763863,0.0006,-0.0,4349.5,20
8,24,1.8085638576011065,3.302971767097161,-0.0010420404773188,30.68505462655053,0.0006,-0.0,4360.359,20
8,24,1.8085638576011065,3.3037880658319634,-0.0004064367857895,30.64788876823849,0.0006,0.0,4371.25,20
8,24,1.8085638576011065,3.30414550877796,-0.0007656410401318,30.5974647294184,0.0006,0.0,4382.203,20
8,24,1.8085638576011065,3.304750653383917,0.0016555218709481,30.55029859007017,0.0006,-0.0,4393.062,20
8,24,1.8085638576011065,3.305285964239426,-0.0001979305358043,30.500617580882253,0.0006,-0.0,4403.937,20
8,24,1.8085638576011065,3.3058521673793555,-0.0016606516797747,30.45841360536758,0.0006,-0.0,4414.812,20
8,24,1.8085638576011065,3.3064642612060924,-0.0011080251243733,30.423750640560467,0.0006,0.0,4425.687,20
8,24,1.8085638576011065,3.30695462600806,-0.0012701331065941,30.36579018952535,0.0006,0.0,4436.562,20
8,24,1.8085638576011065,3.3074922508249904,-0.0015578877198597,30.314874179331696,0.0006,0.0,4447.437,20
8,24,1.8085638576011065,3.3079014696443005,-0.0025756176975553,30.288558316035587,0.0006,0.0,4458.281,20
8,24,1.8085638576011065,3.308491414892383,-0.0007642181984791,30.243706106942685,0.0006,0.0,4469.14,20
8,24,1.8085638576011065,3.3089554693388226,-0.001313120137678,30.20240116217856,0.0006,0.0,4480.0,20
8,24,1.8085638576011065,3.309391907178881,-0.002805693161069,30.166969758709275,0.0006,0.0,4490.875,20
8,24,1.8085638576011065,3.309875275611381,-0.003226777186968,30.114428588118475,0.0006,-0.0,4501.765,20
8,24,1.8085638576011065,3.3103341515661207,-0.0023120670875689,30.085740843869903,0.0006,0.0,4512.593,20
8,24,1.8085638576011065,3.31066503538384,-0.002044171186319,30.043805299428385,0.0006,-0.0,4523.468,20
8,24,1.8085638576011065,3.311186381612209,0.0004678582365007,30.00554406326059,0.0006,0.0,4534.375,20
8,24,1.8085638576011065,3.3118171783288988,-0.0012009118693136,29.947895437183718,0.0006,-0.0,4545.265,20
8,24,1.8085638576011065,3.312132849505488,-0.0032254291438312,29.91345863215192,0.0006,0.0,4556.187,20
8,24,1.8085638576011065,3.312486369480685,0.0005549726458113,29.88472181343844,0.0006,0.0,4567.031,20
8,24,1.8085638576011065,3.3129366670702125,-0.0021733272907869,29.852856313849745,0.0006,0.0,4577.89,20
8,24,1.8085638576011065,3.3134318686749435,-0.0027992972555984,29.822605306929173,0.0006,-0.0,4588.734,20
8,24,1.8085638576011065,3.31398949423348,-0.0021121943374826,29.777902617042,0.0006,-0.0,4599.609,20
8,24,1.8085638576011065,3.314238114482499,-0.0013854795460812,29.73102307549375,0.0006,0.0,4610.531,20
8,24,1.8085638576011065,3.31462564678546,0.0013932596483222,29.692354076081557,0.0006,0.0,4621.375,20
8,24,1.8085638576011065,3.314990844223905,-0.0028540290658088,29.668444249826734,0.0006,-0.0,4632.203,20
8,24,1.8085638576011065,3.315391261867304,-0.0023747469663185,29.63086966952716,0.0006,-0.0,4643.047,20
8,24,1.8085638576011065,3.315835221026226,-0.0034223745367968,29.59067894000149,0.0006,0.0,4653.906,20
8,24,1.8085638576011065,3.316176000974897,-0.0026063369872517,29.55144496662295,0.0006,0.0,4664.781,20
8,24,1.8085638576011065,3.3165453846138138,-0.002615957407252,29.52855738784079,0.0006,-0.0,4675.64,20
8,24,1.8085638576011065,3.316921645558297,-0.0020831708356664,29.485159604641797,0.0006,-0.0,4686.562,20
8,24,1.8085638576011065,3.317392583764481,-0.0022962357477781,29.442522299190635,0.0006,0.0,4697.453,20
8,24,1.8085638576011065,3.317798105358867,1.3871866565906954e-05,29.4189484574021,0.0006,-0.0,4708.328,20
8,24,1.8085638576011065,3.318004801559367,-0.0029153538710871,29.387144546270243,0.0006,0.0,4719.172,20
8,24,1.8085638576011065,3.318473684166644,-0.0042034544770717,29.35296197252759,0.0006,-0.0,4730.015,20
8,24,1.8085638576011065,3.31876558211297,-0.0010167604725916,29.31894965497426,0.0006,-0.0,4740.875,20
8,24,1.8085638576011065,3.319240145315556,-0.0015368095341167,29.308740809294743,0.0006,-0.0,4751.797,20
8,24,1.8085638576011065,3.3194557066063184,0.0003623285065134,29.26967260509153,0.0008,0.0,4762.64,20
8,24,1.8085638576011065,3.319668020556372,-0.0035592527942337,29.238758210391367,0.0006,0.0,4773.531,20
8,24,1.8085638576011065,3.3202033327992244,-0.0063413743788257,29.21455740135976,0.0006,0.0,4784.453,20
8,24,1.8085638576011065,3.3205566870433008,-0.0040422781374276,29.18588706065392,0.0006,0.0,4795.359,20
8,24,1.8085638576011065,3.320657282652076,-0.006832923853342,29.16144191945699,0.0006,0.0,4806.234,20
8,24,1.8085638576011065,3.3210829728582487,-0.002488145769775,29.1197354948816,0.0006,0.0,4817.109,20
8,24,1.8085638576011065,3.3215936108707997,-0.0020224279047763,29.091590293224996,0.0006,0.0,4827.937,20
8,24,1.8085638576011065,3.3217038335523057,0.0013725511687461,29.06389921142744,0.0006,0.0,4838.797,20
8,24,1.8085638576011065,3.32210599205514,-0.0021714752669366,29.04105548371798,0.0006,-0.0,4849.687,20
8,24,1.8085638576011065,3.322236721548141,-0.0024200642612037,29.023274394877088,0.0006,0.0,4860.578,20
8,24,1.8085638576011065,3.322688051501791,-0.0031366489258818,28.964831350999955,0.0006,-0.0,4871.468,20
8,24,1.8085638576011065,3.323070947326943,-0.0012487740826905,28.956181610573672,0.0006,0.0,4882.375,20
8,24,1.8085638576011065,3.323217173289306,0.0006097642094451,28.924263646493465,0.0008,-0.0,4893.25,20
8,24,1.8085638576011065,3.3235195537855224,-0.0020624865111725,28.908601749276727,0.0006,0.0,4904.14,20
8,24,1.8085638576011065,3.32403549800412,-0.0031088249542492,28.876521623943976,0.0006,0.0,4915.078,20
8,24,1.8085638576011065,3.324195369611756,-0.0023377350808741,28.84815075639956,0.0006,0.0,4925.937,20
8,24,1.8085638576011065,3.324616887787069,-0.0018359182468668,28.822628911985795,0.0006,0.0,4936.812,20
8,24,1.8085638576011065,3.324771227565367,-0.0061299445078243,28.796813720503053,0.0006,0.0,4947.718,20
8,24,1.8085638576011065,3.3248751439248774,-0.0007844091915759,28.76568768533692,0.0006,0.0,4958.64,20
8,24,1.8085638576011065,3.325165224970453,-0.0033064084519378,28.743067317054532,0.0006,-0.0,4969.468,20
8,24,1.8085638576011065,3.3255652715382777,-0.0020238347218494,28.71985191061521,0.0006,0.0,4980.359,20
8,24,1.8085638576011065,3.326000664497713,-0.0030050562763164,28.698498293842007,0.0006,0.0,4991.203,20
8,24,1.8085638576011065,3.3262435936929853,-0.0020059954248402,28.67505631122864,0.0006,0.0,5002.078,20
8,24,1.8085638576011065,3.326298546125241,-0.0013761376528062,28.654150687956488,0.0006,0.0,5013.0,20
8,24,1.8085638576011065,3.32662503373125,-0.0027002631797008,28.63114843653723,0.0006,0.0,5023.875,20
8,24,1.8085638576011065,3.32702817695206,-0.0032548117067233,28.61651070328664,0.0006,0.0,5034.687,20
8,24,1.8085638576011065,3.3273174680129505,0.0006788819783144,28.58380670158207,0.0006,0.0,5045.562,20
8,24,1.8085638576011065,3.327484253569391,-0.0030875233482133,28.559819878772142,0.0006,-0.0,5056.422,20
8,24,1.8085638576011065,3.32773163753026,-0.0023233632335686,28.541250754659163,0.0006,0.0,5067.39,20
8,24,1.8085638576011065,3.32780194877784,-0.0020457133316395,28.524054426790844,0.0006,0.0,5078.218,20
8,24,1.8085638576011065,3.328286587362097,-0.0013479342999215,28.505282054148275,0.0006,-0.0,5089.078,20
8,24,1.8085638576011065,3.3286345367442185,-0.00352852058745,28.481659066044728,0.0006,0.0,5099.984,20
8,24,1.8085638576011065,3.328772566214411,-0.0021268090439203,28.46718667437145,0.0006,0.0,5110.781,20
8,24,1.8085638576011065,3.329032393199929,-0.0020384701313183,28.43932226078994,0.0006,-0.0,5121.625,20
8,24,1.8085638576011065,3.329183455561915,-0.0007622559786823,28.417923803240228,0.0006,0.0,5132.593,20
8,24,1.8085638576011065,3.3295164093260645,-0.0015640902465613,28.394340517739703,0.0006,0.0,5143.484,20
8,24,1.8085638576011065,3.329737099120982,0.0001461174321556,28.383255136430552,0.0006,0.0,5154.468,20
8,24,1.8085638576011065,3.329933862507635,0.000953450585087,28.364312712855032,0.0006,0.0,5165.312,20
8,24,1.8085638576011065,3.3302741390960846,-0.0037075348456638,28.33665797784008,0.0006,0.0,5176.203,20
8,24,1.8085638576011065,3.3302665413844834,-0.0016145831716213,28.320598672779106,0.0006,0.0,5187.015,20
8,24,1.8085638576011065,3.330655044263488,-0.0017421688711865,28.30147782289431,0.0006,0.0,5197.875,20
8,24,1.8085638576011065,3.3310117713717484,-0.004883732263104,28.29220502044422,0.0006,0.0,5208.75,20
8,24,1.8085638576011065,3.331242195565103,-0.0019525791388188,28.276608790385428,0.0006,0.0,5219.687,20
8,24,1.8085638576011065,3.331300464659797,-0.0004892089623948,28.257935904580677,0.0006,0.0,5230.578,20
8,24,1.8085638576011065,3.331464418286152,-0.0013773828938068,28.2311387710063,0.0006,-0.0,5241.531,20
8,24,1.8085638576011065,3.3318158056335814,-0.0001086115694963,28.216245092606822,0.0006,-0.0,5252.422,20
8,24,1.8085638576011065,3.331979979844451,-0.0016632383417489,28.207546513998025,0.0006,0.0,5263.312,20
8,24,1.8085638576011065,3.332325784443979,-0.0027534173573073,28.185532092964262,0.0006,0.0,5274.203,20
8,24,1.8085638576011065,3.332512889118425,-0.001857317197898,28.16284650514308,0.0006,0.0,5285.047,20
8,24,1.8085638576011065,3.332605882461986,-0.0036990636863995,28.13637098372027,0.0006,-0.0,5295.922,20
8,24,1.8085638576011065,3.3329337036997444,-0.0008962490598186,28.132654089758123,0.0006,0.0,5306.797,20
8,24,1.8085638576011065,3.333154234407508,0.0011321170389961,28.115788625015025,0.0006,0.0,5317.625,20
8,24,1.8085638576011065,3.333238933087776,-0.0032737639034497,28.096148881892454,0.0006,-0.0,5328.609,20
8,24,1.8085638576011065,3.333732709711636,-0.0045783626207291,28.07534827076709,0.0006,0.0,5339.468,20
8,24,1.8085638576011065,3.3336763782263468,-0.0019044595003407,28.064229043868632,0.0006,0.0,5350.422,20
8,24,1.8085638576011065,3.33402907164483,-0.0022415408190762,28.05115491991895,0.0006,0.0,5361.25,20
8,24,1.8085638576011065,3.3341216964915543,7.078140011834602e-05,28.027806983383822,0.0006,-0.0,5372.109,20
8,24,1.8085638576011065,3.334440012316238,-0.0045791816554398,28.00738326204447,0.0006,0.0,5382.968,20
8,24,1.8085638576011065,3.3345844707615884,-0.00080877596951,27.997718025913013,0.0006,-0.0,5393.828,20
8,24,1.8085638576011065,3.334914196584652,-0.0028233441418612,27.9837152036618,0.0006,0.0,5404.656,20
8,24,1.8085638576011065,3.334928101913879,-0.005351581640519,27.971922775614477,0.0006,0.0,5415.547,20
8,24,1.8085638576011065,3.3353424290003746,-0.0020841482690933,27.96127774678905,0.0006,0.0,5426.359,20
8,24,1.8085638576011065,3.335238667584926,0.0006741419543962,27.947158198371664,0.0006,0.0,5437.234,20
8,24,1.8085638576011065,3.3355760705303545,-0.0035785896856982,27.92087677508436,0.0006,0.0,5448.062,20
8,24,1.8085638576011065,3.335649661274448,-0.0018676037478997,27.9190206503452,0.0006,0.0,5458.984,20
8,24,1.8085638576011065,3.3360921958565584,-0.00280746205974,27.901509112028435,0.0006,-0.0,5469.828,20
8,24,1.8085638576011065,3.336306746966159,0.0024839459442753,27.884309537067377,0.0006,0.0,5480.75,20
8,24,1.8085638576011065,3.336167725820973,0.0009040882404514,27.87776343431977,0.0006,0.0,5491.672,20
8,24,1.8085638576011065,3.336480031686317,-0.0019668822538263,27.867916857279607,0.0006,0.0,5502.562,20
8,24,1.8085638576011065,3.336803713401191,-0.0018887250930734,27.839929805078064,0.0006,-0.0,5513.484,20
8,24,1.8085638576011065,3.336801379473863,-0.0015362682046945,27.830399271452524,0.0006,0.0,5524.437,20
8,24,1.8085638576011065,3.3371460481985573,-0.0022715385768083,27.81859736560504,0.0006,0.0,5535.312,20
8,24,1.8085638576011065,3.337359523944785,-0.0019855170094765,27.80353519921369,0.0006,0.0,5546.203,20
8,24,1.8085638576011065,3.337546149104049,-0.0026570070740256,27.79939796498692,0.0006,0.0,5557.109,20
8,24,1.8085638576011065,3.337625953256439,-0.0012385628807507,27.786720293331967,0.0006,0.0,5567.968,20
8,24,1.8085638576011065,3.3379961454294933,-0.0007884995324386,27.76155505042965,0.0006,0.0,5578.875,20
8,24,1.8085638576011065,3.338213921778168,-0.0040463892098582,27.75699975770196,0.0006,0.0,5589.828,20
8,24,1.8085638576011065,3.338442427589737,-0.0024436893000762,27.73978423459484,0.0006,0.0,5600.687,20
8,24,1.8085638576011065,3.338518465898228,-0.0017909241914665,27.72889105995033,0.0006,-0.0,5611.609,20
8,24,1.8085638576011065,3.3385862769170656,-0.0019368042825398,27.71345134396374,0.0006,0.0,5622.5,20
8,24,1.8085638576011065,3.338730541878786,-0.0035646009734409,27.69731710381267,0.0006,0.0,5633.312,20
8,24,1.8085638576011065,3.33900467769362,-0.0029699878682139,27.69393437410792,0.0006,-0.0,5644.187,20
8,24,1.8085638576011065,3.3392874575285063,-0.0030866622790164,27.68857709896152,0.0006,-0.0,5655.047,20
8,24,1.8085638576011065,3.339322644008898,0.0003476721483917,27.683344818724112,0.0006,0.0,5665.953,20
8,24,1.8085638576011065,3.3394109652110693,-0.0006559823036517,27.66955714227656,0.0006,0.0,5676.843,20
8,24,1.8085638576011065,3.339677415936952,-0.0033193365802331,27.658246690890195,0.0006,-0.0,5687.765,20
8,24,1.8085638576011065,3.3399157847258136,-0.001953694185474,27.63911987981942,0.0006,0.0,5698.703,20
8,24,1.8085638576011065,3.3401909576331,-0.0027773745687723,27.62924289872053,0.0006,0.0,5709.578,20
8,24,1.8085638576011065,3.3404074537693744,-0.0030926354221569,27.62094894653665,0.0006,-0.0,5720.437,20
8,24,1.8085638576011065,3.3405121552975228,-0.0030197301234311,27.61259120966548,0.0006,-0.0,5731.343,20
8,24,1.8085638576011065,3.340372382881572,-0.0017453647399924,27.601637097035344,0.0006,-0.0,5742.172,20
8,24,1.8085638576011065,3.34062637264956,-1.3673862955346774e-05,27.58992491989392,0.0006,-0.0,5753.109,20
8,24,1.8085638576011065,3.340910380053862,-0.0039223470443058,27.5737057016292,0.0006,0.0,5763.968,20
8,24,1.8085638576011065,3.3408619082457456,-0.000171834432034,27.566005724768488,0.0006,0.0,5774.859,20
8,24,1.8085638576011065,3.341234615978084,-0.002411421825042,27.55398714948685,0.0006,-0.0,5785.672,20
8,24,1.8085638576011065,3.3412486509810955,-0.001014602498507,27.559483359547347,0.0006,0.0,5796.562,20
8,24,1.8085638576011065,3.3416839084121004,-0.0029625550296404,27.54254611723257,0.0006,-0.0,5807.5,20
8,24,1.8085638576011065,3.341737615959597,-0.002841759026006,27.53555490753267,0.0006,-0.0,5818.39,20
8,24,1.8085638576011065,3.341802088911076,-0.0012025487835854,27.52794274160702,0.0006,0.0,5829.25,20
8,24,1.8085638576011065,3.341838071260823,-0.0047522752354112,27.50912696957479,0.0006,0.0,5840.156,20
8,24,1.8085638576011065,3.342400019232986,-0.0021913977322633,27.504677970347757,0.0006,0.0,5851.062,20
8,24,1.8085638576011065,3.3422788565684125,0.000356295809119,27.489240584671546,0.0006,0.0,5861.906,20
8,24,1.8085638576011065,3.3425133970762406,-0.0048114785749501,27.48315602190951,0.0006,0.0,5872.75,20
8,24,1.8085638576011065,3.3426765507516274,0.0019822134868676,27.47395607196969,0.0006,-0.0,5883.609,20
8,24,1.8085638576011065,3.34294048274762,-0.0020930309869552,27.46359266949139,0.0006,0.0,5894.468,20
8,24,1.8085638576011065,3.342915615733572,-0.0003147068393031,27.455690504728828,0.0006,0.0,5905.375,20
8,24,1.8085638576011065,3.343151473054314,-0.0013085475941538,27.44658779225395,0.0006,-0.0,5916.281,20
8,24,1.8085638576011065,3.3432281257548437,-0.005097763849625,27.43987061554669,0.0006,0.0,5927.109,20
8,24,1.8085638576011065,3.343463545428789,-0.002245426922423,27.429386537448803,0.0006,-0.0,5938.078,20
8,24,1.8085638576011065,3.34357807147772,-0.0026880056256266,27.41782898241986,0.0006,0.0,5948.984,20
8,24,1.8085638576011065,3.3438502367317686,0.0013072345712998,27.405578614105117,0.0006,-0.0,5959.859,20
8,24,1.8085638576011065,3.3438909767170224,-0.0011046950568063,27.395973190737376,0.0006,0.0,5970.75,20
8,24,1.8085638576011065,3.3440960111253,-0.0001526804639489,27.39845914790513,0.0006,0.0,5981.625,20
8,24,1.8085638576011065,3.344260333139986,-0.0051186934389109,27.38327420409863,0.0006,0.0,5992.5,20
8,24,1.8085638576011065,3.3443241613316848,-0.0018464855051833,27.378036677876302,0.0006,0.0,6003.468,20
8,24,1.8085638576011065,3.3444546341777226,-0.00184901907298,27.382614633896736,0.0006,0.0,6014.343,20
8,24,1.8085638576011065,3.344687616776681,-0.0037931428485563,27.3689751149572,0.0006,0.0,6025.234,20
8,24,1.8085638576011065,3.3448875754100693,-0.0007704109086216,27.359705387759675,0.0006,0.0,6036.109,20
8,24,1.8085638576011065,3.344935150827529,-0.0021011817562306,27.35236804541976,0.0006,0.0,6047.031,20
8,24,1.8085638576011065,3.345023031533041,-0.0029813884043848,27.342547993485415,0.0006,0.0,6057.89,20
8,24,1.8085638576011065,3.345162494803553,-0.0050384914980691,27.33729667672373,0.0006,0.0,6068.812,20
8,24,1.8085638576011065,3.345197265667605,0.0009287252518422,27.32889825251159,0.0006,-0.0,6079.672,20
8,24,1.8085638576011065,3.345542667505081,-0.0018965161337918,27.317531939514414,0.0006,0.0,6090.593,20
8,24,1.8085638576011065,3.345821152358376,-0.0031574832538958,27.323950605391047,0.0006,0.0,6101.453,20
8,24,1.8085638576011065,3.3458300218442862,-0.0019767861315427,27.31654143464156,0.0006,0.0,6112.297,20
8,24,1.8085638576011065,3.3460017589720312,-0.0005775357149804,27.30412438065649,0.0006,0.0,6123.125,20
8,24,1.8085638576011065,3.346251839621027,-0.0034861418302632,27.29426169024305,0.0006,0.0,6133.984,20
8,24,1.8085638576011065,3.3462758675040294,0.0015784325923977,27.29262180865941,0.0006,-0.0,6144.89,20
8,24,1.8085638576011065,3.3466155409798755,-0.001099306549073,27.284943681780085,0.0006,0.0,6155.812,20
8,24,1.8085638576011065,3.3464814385662787,-0.0029039374094575,27.278300442473093,0.0006,0.0,6166.64,20
8,24,1.8085638576011065,3.346748265930036,-0.0043065853486494,27.27824183837397,0.0006,-0.0,6177.5,20
8,24,1.8085638576011065,3.346767170268741,-0.0034580901439509,27.259935550533847,0.0006,0.0,6188.468,20
8,24,1.8085638576011065,3.3469874799068955,-0.0016345761940183,27.255988635071304,0.0006,0.0,6199.359,20
8,24,1.8085638576011065,3.346981967629896,0.0001207928054137,27.25898549404725,0.0006,0.0,6210.218,20
8,24,1.8085638576011065,3.3472095353764546,-0.0019305168353944,27.25170522040956,0.0006,-0.0,6221.156,20
8,24,1.8085638576011065,3.347436109727885,-0.0006454567641175,27.245834942248923,0.0006,0.0,6231.984,20
8,24,1.8085638576011065,3.3475358394443524,0.0004125576689706,27.237250723291407,0.0006,0.0,6242.859,20
8,24,1.8085638576011065,3.347583926911962,0.0012952832844816,27.230784967349617,0.0006,0.0,6253.672,20
8,24,1.8085638576011065,3.347675037113673,-0.0017467191344889,27.22001386873,0.0006,-0.0,6264.547,20
8,24,1.8085638576011065,3.3479270243599557,-0.0017761460642685,27.221390252313828,0.0006,0.0,6275.422,20
8,24,1.8085638576011065,3.3480201369782083,-0.0006888921979015,27.225263271419777,0.0006,0.0,6286.328,20
8,24,1.8085638576011065,3.348252856102238,-0.0042956009712499,27.21654613669817,0.0006,-0.0,6297.25,20
8,24,1.8085638576011065,3.348403266187035,-0.0010435976629064,27.195312115595904,0.0006,-0.0,6308.14,20
8,24,1.8085638576011065,3.9340609396304096,0.0005496937790037,32.29016260819351,0.0006,3.934,637.422,20
8,24,1.8085638576011065,3.505737133427207,-4.025965775491803,32.3220593872468,4.0,1.688,647.875,20
8,24,1.8085638576011065,3.928646934467282,-0.0029366851036169,32.41957472336636,0.0006,3.929,658.343,20
8,24,1.8085638576011065,3.500909516853951,-4.025838886323679,32.40945396174278,4.0,1.682,668.828,20
8,24,1.8085638576011065,3.9688808649379808,-0.001470550329613,31.539133280211107,0.0006,3.968,511.906,20
8,24,1.8085638576011065,3.534655119161361,-4.0267581057656185,31.568317049627407,4.0,1.713,522.343,20
8,24,1.8085638576011065,3.9631236470210447,-0.0006721194140857,31.693587623624843,0.0006,3.963,532.859,20
8,24,1.8085638576011065,3.529949134462965,-4.024894633919325,31.71703456143609,4.0,1.71,543.281,20
8,24,1.8085638576011065,4.005628581820502,-0.0023395694955335,30.595831077011585,0.0006,4.005,386.484,20
8,24,1.8085638576011065,3.564200910379168,-4.026051603131555,30.63124318953151,4.0,1.74,396.968,20
8,24,1.8085638576011065,3.999266434641633,-0.0026281814621595,30.7587730925761,0.0006,3.998,407.375,20
8,24,1.8085638576011065,3.5591648519693178,-4.0278404466843964,30.79051607678784,4.0,1.735,417.89,20
8,24,1.8085638576011065,4.043779508666282,-0.003424355005603,29.500937623017915,0.0006,4.043,260.828,20
8,24,1.8085638576011065,3.51497208801082,-4.027157089647756,32.134985951696734,4.0,1.697,606.031,20
8,24,1.8085638576011065,3.9393277852570634,-0.0011109196270763,32.193109767669945,0.0006,3.94,616.437,20
8,24,1.8085638576011065,3.509926580930424,-4.02610648439745,32.21870945492843,4.0,1.69,626.953,20
8,24,1.8085638576011065,3.981122007013141,-0.002931588757646,31.25305034051784,0.0006,3.981,470.14,20
8,24,1.8085638576011065,3.54467396303065,-4.024336250331951,31.283986237988355,4.0,1.722,480.578,20
8,24,1.8085638576011065,3.975077831954189,-0.0017625788815102,31.388968681529654,0.0006,3.974,491.015,20
8,24,1.8085638576011065,3.539579530429888,-4.027301945160358,31.424284377376704,4.0,1.72,501.484,20
8,24,1.8085638576011065,4.017551727348904,-0.0017404078193351,30.24779531519045,0.0006,4.017,344.609,20
8,24,1.8085638576011065,3.5738046011017603,-4.025130787652473,30.2958647759488,4.0,1.747,355.047,20
8,24,1.8085638576011065,4.011458117231319,5.379205354626491e-05,30.413542626860988,0.0006,4.011,365.5,20
8,24,1.8085638576011065,3.5688905095345285,-4.024403520729553,30.46451977808241,4.0,1.742,375.984,20
8,24,1.8085638576011065,3.3495428749932628,0.0014195150901289,27.15359705374013,0.0006,-0.0,6406.312,20
8,24,1.8085638576011065,3.349676931967119,-0.001520755409436,27.14777555651481,0.0006,0.0,6417.187,20
8,24,1.8085638576011065,3.3497985024955703,-0.0004764795107385,27.14584419090452,0.0006,0.0,6428.125,20
8,24,1.8085638576011065,3.349904737993304,0.0003723762078206,27.13899671179755,0.0006,0.0,6439.015,20
8,24,1.8085638576011065,3.3501753160642664,-0.0014713213624765,27.133722065128925,0.0006,0.0,6449.89,20
8,24,1.8085638576011065,3.350202080919962,-0.0032214950868488,27.140192884685952,0.0006,0.0,6460.75,20
8,24,1.8085638576011065,3.348274487183239,0.0015098579077365,27.195428702498035,0.0006,0.0,6319.0,20
8,24,1.8085638576011065,3.348610423410828,-0.0008020015694841,27.181172529487224,0.0006,0.0,6329.906,20
8,24,1.8085638576011065,3.612491754791417,-4.025072450066401,28.945294438139094,4.0,1.782,208.5,20
8,24,1.8085638576011065,4.058097426435529,0.0001909993779123,29.094687376576584,0.0006,4.059,218.984,20
8,24,1.8085638576011065,3.605950541989978,-4.026040995359666,29.152283019331104,4.0,1.776,229.453,20
8,24,1.8085638576011065,4.0510405584396825,-0.0040149850807156,29.29856244959708,0.0006,4.051,239.937,20
8,24,1.8085638576011065,3.599887178506897,-4.024658614225576,29.37200284832994,4.0,1.772,250.406,20
8,24,1.8085638576011065,3.9042673588781582,-0.0005923273895962,32.79878809917856,0.0006,3.904,762.968,20
8,24,1.8085638576011065,3.4788523968683447,-4.025891126644727,32.76528788046315,4.0,1.662,773.406,20
8,24,1.8085638576011065,3.881200802376028,-0.0020287131348681,33.076755502559735,0.0006,3.881,867.562,20
8,24,1.8085638576011065,3.5889921498050685,-4.024899398220184,29.750825166635504,4.0,1.762,292.187,20
8,24,1.8085638576011065,4.030334362550357,-0.0018203567930308,29.883924458912237,0.0006,4.03,302.718,20
8,24,1.8085638576011065,3.5838079695191003,-4.025282999070412,29.92384747470016,4.0,1.756,313.187,20
8,24,1.8085638576011065,4.023829984868992,-0.0022761024666321,30.07235815809066,0.0006,4.023,323.672,20
8,24,1.8085638576011065,3.578741060737566,-4.026242397185733,30.11422437416183,4.0,1.753,334.125,20
8,24,1.8085638576011065,4.07416962170374,0.0010722251498975,28.67921867839493,0.0006,4.074,177.109,20
8,24,1.8085638576011065,3.61940409775541,-4.026287004126187,28.733754372114102,4.0,1.788,187.562,20
8,24,1.8085638576011065,4.065835295078959,-0.0009955195678815,28.888148326660826,0.0006,4.067,198.0,20
8,24,1.8085638576011065,3.3486151478140944,-0.001084127238654,27.181474990744626,0.0006,0.0,6340.781,20
8,24,1.8085638576011065,3.3488025547379863,0.0011627616110243,27.17872668645453,0.0006,0.0,6351.64,20
8,24,1.8085638576011065,3.348994233978634,-0.0029630020802401,27.17404987140336,0.0006,0.0,6362.578,20
8,24,1.8085638576011065,3.349075992814404,-0.004683901482922,27.16226495499113,0.0006,-0.0,6373.468,20
8,24,1.8085638576011065,3.349123333451637,-0.0017089336366872,27.16370752412095,0.0006,0.0,6384.359,20
8,24,1.8085638576011065,3.3495088897650684,-0.0022644008480603,27.15563890364573,0.0006,0.0,6395.312,20
8,24,1.8085638576011065,3.5945492645674104,-4.025198093977667,29.561500203112484,4.0,1.766,271.312,20
8,24,1.8085638576011065,4.036812758355032,0.000376488134407,29.69712761050304,0.0006,4.036,281.75,20
8,24,1.8085638576011065,3.956943105182469,-0.0004467845801763,31.830411933330385,0.0006,3.956,553.703,20
8,24,1.8085638576011065,3.5248576941881056,-4.026232460981879,31.862899911095813,4.0,1.706,564.156,20
8,24,1.8085638576011065,3.9510283717215096,-0.0039264992109511,31.967126829076136,0.0006,3.951,574.625,20
8,24,1.8085638576011065,3.519887209536769,-4.023721177759116,32.0036481621265,4.0,1.7,585.093,20
8,24,1.8085638576011065,3.832535321475408,-0.0008272799461918,33.748678656237075,0.0006,3.834,1097.937,20
8,24,1.8085638576011065,3.412292570671967,-4.026274324665276,33.71377682266292,4.0,1.599,1108.375,20
8,24,1.8085638576011065,3.828772621715258,-0.0003368682767796,33.791736032342946,0.0006,3.83,1118.89,20
8,24,1.8085638576011065,3.408692563939923,-4.024059492874907,33.78397213344571,4.0,1.596,1129.359,20
8,24,1.8085638576011065,3.756607738078672,-0.0018108624305135,34.939431610368025,0.0006,3.758,1516.406,20
8,24,1.8085638576011065,3.3408718713015,-4.025766676558156,34.886881291613,4.0,1.53,1526.859,20
8,24,1.8085638576011065,3.753157852652469,-0.0022481586163038,34.98969256528448,0.0006,3.754,1537.297,20
8,24,1.8085638576011065,3.33738431914742,-4.0269586000385145,34.9567622223219,4.0,1.526,1547.828,20
8,24,1.8085638576011065,3.749852729114029,-0.0011538827916169,35.04584679504583,0.0006,3.75,1558.281,20
8,24,1.8085638576011065,3.3343731087249524,-4.024394809531716,35.007949536596406,4.0,1.523,1568.718,20
8,24,1.8085638576011065,3.746527536963867,-0.0011381932323239,35.07358024447446,0.0006,3.748,1579.203,20
8,24,1.8085638576011065,3.33114709544634,-4.025709900644534,35.06398836896938,4.0,1.519,1589.64,20
8,24,1.8085638576011065,3.7434704884949057,-0.0003184188886834,35.11190314636218,0.0006,3.744,1600.125,20
8,24,1.8085638576011065,3.327541608805308,-4.024882197398007,35.13640581912098,4.0,1.517,1610.625,20
8,24,1.8085638576011065,3.740092308231487,-0.0013875522030607,35.15107607337442,0.0006,3.742,1621.093,20
8,24,1.8085638576011065,3.324619457942718,-4.024278421868413,35.15133121523488,4.0,1.514,1631.531,20
8,24,1.8085638576011065,3.737100128780834,0.0011055043383265,35.20013546402304,0.0006,3.738,1641.984,20
8,24,1.8085638576011065,3.3210722008137488,-4.023985983973154,35.178354726916055,4.0,1.509,1652.547,20
8,24,1.8085638576011065,3.733359947037084,-0.0020159362077642,35.250624330173245,0.0006,3.734,1662.984,20
8,24,1.8085638576011065,3.318287047407133,-4.026326654226136,35.2407250932903,4.0,1.507,1673.437,20
8,24,1.8085638576011065,3.730561627698721,-0.002174184450514,35.2835619210585,0.0006,3.732,1683.89,20
8,24,1.8085638576011065,3.3151974407568146,-4.025595751143746,35.28546419329528,4.0,1.503,1694.406,20
8,24,1.8085638576011065,3.727540966738513,-0.000363069208538,35.3401886186029,0.0006,3.728,1704.843,20
8,24,1.8085638576011065,3.312080918095379,-4.024955167187391,35.34056159651581,4.0,1.502,1715.359,20
8,24,1.8085638576011065,3.724830843674944,-0.0003893406039169,35.37688465454323,0.0006,3.725,1725.781,20
8,24,1.8085638576011065,3.309301527774663,-4.025688362808398,35.37871906649212,4.0,1.498,1736.218,20
8,24,1.8085638576011065,3.7218040791083817,-0.0023224622372473,35.43022574127222,0.0006,3.723,1746.703,20
8,24,1.8085638576011065,3.306324288175872,-4.0252148693509495,35.39688980283095,4.0,1.496,1757.203,20
8,24,1.8085638576011065,3.7187844825041374,-4.528987947520657e-05,35.47327555660112,0.0008,3.72,1767.64,20
8,24,1.8085638576011065,3.303503017101366,-4.023547910951434,35.45965571228467,4.0,1.492,1778.109,20
8,24,1.8085638576011065,3.7158064090677576,-0.0027080862013147,35.54430770271892,0.0006,3.716,1788.609,20
8,24,1.8085638576011065,3.300515499397333,-4.0261890720426505,35.52302494697903,4.0,1.491,1799.078,20
8,24,1.8085638576011065,3.713455863992184,-0.0013193738148659,35.570003751145016,0.0006,3.715,1809.578,20
8,24,1.8085638576011065,3.29779069136538,-4.02510052893901,35.573250033746696,4.0,1.487,1820.062,20
8,24,1.8085638576011065,3.7103509314981458,-0.0006052196849026,35.615409771527226,0.0006,3.711,1830.515,20
8,24,1.8085638576011065,3.295424430354565,-4.025305368811157,35.61801483064977,4.0,1.484,1840.968,20
8,24,1.8085638576011065,3.894804858365912,-0.0019375664929353,32.91654472813724,0.0006,3.896,804.734,20
8,24,1.8085638576011065,3.4703471732406554,-4.02621503004464,32.878449118017656,4.0,1.654,815.203,20
8,24,1.8085638576011065,3.89021366032188,-0.0018765566504771,32.96642190253133,0.0006,3.89,825.656,20
8,24,1.8085638576011065,3.466061723482703,-4.024409167441834,32.927315457865575,4.0,1.652,836.125,20
8,24,1.8085638576011065,3.923699530214472,-0.0034759081413668,32.502876626806405,0.0006,3.924,679.234,20
8,24,1.8085638576011065,3.495917732909011,-4.027103755402821,32.508453263729415,4.0,1.678,689.75,20
8,24,1.8085638576011065,3.9188491641262537,0.0005539206641852,32.60703855582033,0.0006,3.919,700.234,20
8,24,1.8085638576011065,3.4919437363212493,-4.025916905443739,32.59463871376133,4.0,1.674,710.703,20
8,24,1.8085638576011065,3.9135045123951153,-0.0017419984638502,32.659898223510055,0.0006,3.914,721.14,20
8,24,1.8085638576011065,3.48765823856213,-4.024296455377867,32.65823568004095,4.0,1.67,731.625,20
8,24,1.8085638576011065,3.909001485313458,-0.0013274718089883,32.72461427529074,0.0006,3.91,742.093,20
8,24,1.8085638576011065,3.483347099478252,-4.026437906138061,32.72569463705971,4.0,1.666,752.531,20
8,24,1.8085638576011065,3.945430514857549,-0.0006375501960506,32.100552284866374,0.0006,3.945,595.562,20
8,24,1.8085638576011065,4.111867730375413,-0.0012780037500561,27.740855765951768,0.0006,4.115,93.328,20
8,24,1.8085638576011065,3.65519991166371,-4.025571905364173,27.823328407268097,4.0,1.818,103.812,20
8,24,1.8085638576011065,4.100793720120189,-0.0018432495567855,27.99248952336747,0.0006,4.103,114.25,20
8,24,1.8085638576011065,3.644380884127181,-4.023686057059484,28.069207140515047,4.0,1.809,124.718,20
8,24,1.8085638576011065,4.09149805718449,-0.0022215943648619,28.20986058439539,0.0006,4.093,135.234,20
8,24,1.8085638576011065,3.6349714284738734,-4.025147599252072,28.28939851596987,4.0,1.801,145.687,20
8,24,1.8085638576011065,4.082373157412926,-0.0044269218689293,28.45405402863275,0.0006,4.083,156.14,20
8,24,1.8085638576011065,3.62659701738094,-4.027035704240052,28.534311264732143,4.0,1.794,166.60899999999998,20
8,24,1.8085638576011065,4.189151741613175,-0.000444390315478,26.47590651334998,0.0006,4.204,9.359000000000002,20
8,24,1.8085638576011065,3.730475574244346,-4.024877590748807,26.58249837155396,4.0,1.874,20.031,20
8,24,1.8085638576011065,4.157589321854104,-0.0018440494785616,26.80863560189569,0.0006,4.165,30.515000000000004,20
8,24,1.8085638576011065,3.7034685899585713,-4.027190778800748,26.95080438242551,4.0,1.865,40.968,20
8,24,1.8085638576011065,4.1384261153312,-0.0009105151880319,27.171667175959183,0.0006,4.144,51.406,20
8,24,1.8085638576011065,3.6834698240576578,-4.02433459543385,27.267034761679422,4.0,1.845,61.89,20
8,24,1.8085638576011065,4.124050652441356,-0.0001043639867017,27.449014881088104,0.0006,4.129,72.375,20
8,24,1.8085638576011065,3.667757215798953,-4.025740520135926,27.556136610815106,4.0,1.831,82.812,20
8,24,1.8085638576011065,4.189253474215399,-0.0013890581820479,26.492780853310038,0.0006,-0.0,0.0,20
8,24,1.8085638576011065,3.9933638480720512,0.0011972709587339,30.940287827210664,0.0006,3.993,428.297,20
9,24,1.804936077644182,3.440215915411622,-4.025923138038781,33.199906670244154,4.0,1.626,965.875,19
9,24,1.804936077644182,3.857438322980168,-0.0018886991776217,33.26452091871884,0.0006,3.858,976.375,19
9,24,1.804936077644182,3.436070031459373,-4.022921884171773,33.26529789568512,4.0,1.623,986.938,19
9,24,1.804936077644182,3.852549618724943,-0.0012840071977708,33.34398955598253,0.0006,3.854,997.407,19
9,24,1.804936077644182,3.4321197159561776,-4.026203402686995,33.332418201552194,4.0,1.619,1007.875,19
9,24,1.804936077644182,3.8484820184857473,-0.0009544509690109,33.40901643026125,0.0006,3.849,1018.391,19
9,24,1.804936077644182,3.461100912683944,-4.024315150514808,32.927590586169785,4.0,1.645,860.954,19
9,24,1.804936077644182,3.8797419265296615,0.0008686703018527,32.98666613007651,0.0006,3.88,871.407,19
9,24,1.804936077644182,3.424302572824617,-4.024152104165851,33.470072366433705,4.0,1.609,1049.829,19
9,24,1.804936077644182,3.84016146821797,0.0004898183930029,33.51839722046702,0.0006,3.841,1060.422,19
9,24,1.804936077644182,3.4202956657089745,-4.025827618829803,33.529202731637035,4.0,1.607,1070.907,19
9,24,1.804936077644182,3.835941611823856,-0.0014497389654479,33.61401888396929,0.0006,3.837,1081.454,19
9,24,1.804936077644182,3.415901431926394,-4.025112064900532,33.62993313809889,4.0,1.603,1092.032,19
9,24,1.804936077644182,3.83168330781401,-0.0008564210218237,33.681965799810804,0.0006,3.832,1102.485,19
9,24,1.804936077644182,3.44453333568057,-4.02609192950518,33.152429505950735,4.0,1.63,944.875,19
9,24,1.804936077644182,3.861775374893581,-0.0031396082440418,33.21165810897809,0.0006,3.862,955.375,19
9,24,1.804936077644182,3.4082373377947435,-4.027429963287744,33.703479565484166,4.0,1.594,1134.032,19
9,24,1.804936077644182,3.823198771218957,-0.0018501781844898,33.79135044741311,0.0006,3.823,1144.547,19
9,24,1.804936077644182,3.404215938761592,-4.027627440952973,33.79440539067313,4.0,1.591,1155.079,19
9,24,1.804936077644182,3.8190510458690414,-0.0015583810471278,33.88752759694989,0.0006,3.819,1165.657,19
9,24,1.804936077644182,3.4004124660778685,-4.026767952605663,33.87971868344112,4.0,1.587,1176.157,19
9,24,1.804936077644182,3.8149653523816727,-0.0015948571049736,33.961623360671865,0.0006,3.815,1186.688,19
9,24,1.804936077644182,3.4276531789130056,-4.027552268938818,33.39496661116574,4.0,1.614,1028.922,19
9,24,1.804936077644182,3.844109930418308,0.000570483504997,33.46272939370932,0.0006,3.844,1039.375,19
9,24,1.804936077644182,3.530144680389146,-4.023990922177651,31.68419049594767,4.0,1.708,545.641,19
9,24,1.804936077644182,3.955792637430975,-0.0017145863478253,31.798372195027756,0.0006,3.956,556.125,19
9,24,1.804936077644182,3.525247074203689,-4.022472249856523,31.81872660913769,4.0,1.704,566.641,19
9,24,1.804936077644182,3.94985573710852,0.0006508429637462,31.935496104024857,0.0006,3.949,577.157,19
9,24,1.804936077644182,3.520323335742765,-4.024563366332961,31.945385590646428,4.0,1.698,587.625,19
9,24,1.804936077644182,3.944211005631135,-0.0004718574662801,32.04805784990581,0.0006,3.944,598.125,19
9,24,1.804936077644182,3.4122589551564038,-4.023978705057905,33.67877174493525,4.0,1.599,1113.0,19
9,24,1.804936077644182,3.827249057093844,-0.0012613658490605,33.733505709471714,0.0006,3.827,1123.485,19
9,24,1.804936077644182,3.3782721391433177,-4.02474928893566,34.25283281352625,4.0,1.565,1302.219,19
9,24,1.804936077644182,3.7911495628177634,-0.0014419137401292,34.32680198008547,0.0006,3.792,1312.813,19
9,24,1.804936077644182,3.3745719916076573,-4.024168065463542,34.28958985350258,4.0,1.561,1323.329,19
9,24,1.804936077644182,3.787523542825236,0.0007548393364362,34.373956166127186,0.0006,3.788,1333.86,19
9,24,1.804936077644182,3.371035421642418,-4.024803077343467,34.35713427766629,4.0,1.559,1344.407,19
9,24,1.804936077644182,3.7839007131249303,-7.530751065916548e-05,34.4438718220892,0.0006,3.784,1354.922,19
9,24,1.804936077644182,3.397115713086553,-4.023286895056846,33.92796479840881,4.0,1.584,1197.235,19
9,24,1.804936077644182,3.810836968833486,-0.0005694853829896,34.00751823798229,0.0006,3.812,1207.735,19
9,24,1.804936077644182,3.363864639086901,-4.025499801823407,34.47636251374453,4.0,1.553,1386.532,19
9,24,1.804936077644182,3.7765300670196713,-0.0008129748803617,34.55559206668907,0.0006,3.777,1397.094,19
9,24,1.804936077644182,3.360593249681609,-4.026001483430178,34.530624058333,4.0,1.549,1407.594,19
9,24,1.804936077644182,3.772732853212919,-0.0016775135262946,34.60638195466206,0.0006,3.774,1418.11,19
9,24,1.804936077644182,3.357019954915421,-4.024206719985629,34.59635105763678,4.0,1.545,1428.61,19
9,24,1.804936077644182,3.769079655636713,-0.0009604454269829,34.650123648831546,0.0008,3.769,1439.079,19
9,24,1.804936077644182,3.3818012904224237,-4.026424038106967,34.18157640928958,4.0,1.569,1281.266,19
9,24,1.804936077644182,3.7948773429154055,-0.0019174080054272,34.28069840857643,0.0006,3.796,1291.735,19
9,24,1.804936077644182,3.3494915181245064,-4.025013840576016,34.70627039918565,4.0,1.537,1470.704,19
9,24,1.804936077644182,3.7618707782784746,-0.0023249834904301,34.772047556192,0.0006,3.762,1481.219,19
9,24,1.804936077644182,3.346462641768356,-4.024550298585192,34.77931179039113,4.0,1.534,1491.75,19
9,24,1.804936077644182,3.7583699862752895,0.0005836078620815,34.85297835288794,0.0006,3.759,1502.204,19
9,24,1.804936077644182,3.34286245068012,-4.025692516796808,34.83317911482851,4.0,1.531,1512.704,19
9,24,1.804936077644182,3.754696015155449,-0.002531843566767,34.88743081881396,0.0006,3.756,1523.172,19
9,24,1.804936077644182,3.3672994474988687,-4.02549717279135,34.44215190617355,4.0,1.555,1365.5,19
9,24,1.804936077644182,3.779791671685503,-0.0017501462144684,34.48748805443399,0.0006,3.781,1376.016,19
9,24,1.804936077644182,3.4569752506453657,-4.025927021138025,32.97626892184525,4.0,1.641,881.922,19
9,24,1.804936077644182,3.875283444418955,0.0004255177701118,33.040285932420154,0.0006,3.876,892.391,19
9,24,1.804936077644182,3.452725071493951,-4.0262190586688975,33.02738783811024,4.0,1.639,902.875,19
9,24,1.804936077644182,3.870781188850848,0.0008011305652932,33.09477979150999,0.0006,3.871,913.391,19
9,24,1.804936077644182,3.4485054458981166,-4.024338174960628,33.06909626288221,4.0,1.635,923.86,19
9,24,1.804936077644182,3.866504357852931,-0.0002529154125826,33.16261091511472,0.0006,3.866,934.407,19
9,24,1.804936077644182,3.353051079035685,-4.026046721462357,34.65131752930938,4.0,1.541,1449.641,19
9,24,1.804936077644182,3.7653271148333385,0.0007294176352104,34.713759019971086,0.0006,3.766,1460.11,19
9,24,1.804936077644182,3.3235055239924334,-4.024653222149565,35.12414838216678,4.0,1.512,1638.844,19
9,24,1.804936077644182,3.735294016533205,-0.0012923997993722,35.178703178206,0.0006,3.736,1649.344,19
9,24,1.804936077644182,3.3204593494827384,-4.02570328197063,35.172994040854206,4.0,1.509,1659.891,19
9,24,1.804936077644182,3.73200491325081,-0.0004664618904981,35.216512795161805,0.0006,3.733,1670.438,19
9,24,1.804936077644182,3.3172436808661234,-4.025652190775987,35.21542826240491,4.0,1.506,1680.938,19
9,24,1.804936077644182,3.7291586818686655,0.0002109365690497,35.270799891884614,0.0006,3.73,1691.469,19
9,24,1.804936077644182,3.339628522070233,-4.02446907652575,34.86486488252216,4.0,1.528,1533.672,19
9,24,1.804936077644182,3.751554704238991,-0.0002742122329436,34.951928224726736,0.0006,3.753,1544.219,19
9,24,1.804936077644182,3.3112418899757103,-4.024637200079632,35.321428779562126,4.0,1.499,1723.063,19
9,24,1.804936077644182,3.722941383394902,0.0002632952327756,35.384753852379475,0.0006,3.724,1733.563,19
9,24,1.804936077644182,3.308124431971615,-4.026494191379149,35.3623621990379,4.0,1.496,1744.094,19
9,24,1.804936077644182,3.719969891334306,0.0033537086172802,35.40831247077522,0.0006,3.721,1754.579,19
9,24,1.804936077644182,3.3052355007020204,-4.024721031317033,35.41508763562332,4.0,1.495,1765.094,19
9,24,1.804936077644182,3.7171606788110094,-0.0007797348824177,35.46634906633094,0.0006,3.718,1775.594,19
9,24,1.804936077644182,3.326844690218236,-4.02588618749918,35.090542394699234,4.0,1.515,1617.813,19
9,24,1.804936077644182,3.738529084430343,-0.0009076157091077,35.15206000433118,0.0006,3.74,1628.313,19
9,24,1.804936077644182,3.2996266059138373,-4.025831476898572,35.51716587956595,4.0,1.489,1807.172,19
9,24,1.804936077644182,3.711754930912253,-0.0017307138169997,35.54107074988901,0.0006,3.712,1817.672,19
9,24,1.804936077644182,3.2969775213866943,-4.025108403724691,35.51763136456846,4.0,1.486,1828.172,19
9,24,1.804936077644182,3.7091367238558712,0.0006977087917558,35.57768841248617,0.0006,3.71,1838.719,19
9,24,1.804936077644182,3.294253352646358,-4.025234810055943,35.58954925688025,4.0,1.483,1849.25,19
9,24,1.804936077644182,3.706191032516154,-0.0012412317416722,35.6342580844407,0.0006,3.707,1859.719,19
9,24,1.804936077644182,3.3141823410365863,-4.025430572660222,35.249273126909785,4.0,1.503,1702.079,19
9,24,1.804936077644182,3.72583091902892,0.0012389086379972,35.31878862742593,0.0008,3.727,1712.547,19
9,24,1.804936077644182,3.39346996399333,-4.024576645690432,33.990549037102504,4.0,1.58,1218.235,19
9,24,1.804936077644182,3.8069505020891343,-0.0027250795392616,34.066221750325155,0.0006,3.808,1228.75,19
9,24,1.804936077644182,3.38966500047571,-4.02455722483232,34.051211579874405,4.0,1.577,1239.25,19
9,24,1.804936077644182,3.803250771506483,-0.0014149906499751,34.133417581015024,0.0006,3.804,1249.766,19
9,24,1.804936077644182,3.385748088872789,-4.025621737915068,34.12773222059817,4.0,1.573,1260.25,19
9,24,1.804936077644182,3.799032567500356,-0.0024325717080739,34.21808134885741,0.0006,3.799,1270.719,19
9,24,1.804936077644182,3.302450336551194,-4.025855407686028,35.459690014551114,4.0,1.491,1786.094,19
9,24,1.804936077644182,3.71458876842285,-0.0011557052908393,35.505349586686336,0.0006,3.716,1796.657,19
9,24,1.804936077644182,3.278673864048969,-4.024506321365489,35.83968108276502,4.0,1.467,1975.391,19
9,24,1.804936077644182,3.691464125988938,0.0016064435103778,35.90178699840752,0.0006,3.692,1985.891,19
9,24,1.804936077644182,3.2763482191652327,-4.024422134880444,35.88028976776609,4.0,1.465,1996.375,19
9,24,1.804936077644182,3.6891717220988247,-0.0023262971537973,35.940932095799816,0.0006,3.69,2006.891,19
9,24,1.804936077644182,3.273814694265827,-4.024950850388215,35.89089546319027,4.0,1.464,2017.454,19
9,24,1.804936077644182,3.6868941618473663,-0.0017057370275866,35.97407675269951,0.0006,3.688,2027.985,19
9,24,1.804936077644182,3.291306541508947,-4.0240906199209885,35.63908577165937,4.0,1.479,1870.329,19
9,24,1.804936077644182,3.7034699478285167,-0.0007422056890165,35.68346807746963,0.0006,3.704,1880.829,19
9,24,1.804936077644182,3.269408882550876,-4.025294129856476,36.01379016973424,4.0,1.459,2059.547,19
9,24,1.804936077644182,3.682628422507208,-0.0013253948350261,36.04089132214442,0.0006,3.684,2070.047,19
9,24,1.804936077644182,3.2672776148072877,-4.026594149065826,36.06647317135973,4.0,1.457,2080.516,19
9,24,1.804936077644182,3.680820451805394,-0.0004380575625853,36.08727689478797,0.0006,3.682,2091.0,19
9,24,1.804936077644182,3.265040645607093,-4.023312141757164,36.10160836504711,4.0,1.454,2101.5,19
9,24,1.804936077644182,3.678900259399901,0.0004143726872268,36.12729453428363,0.0006,3.68,2112.0,19
9,24,1.804936077644182,3.28128625544205,-4.025585987021355,35.776023520988225,4.0,1.47,1954.313,19
9,24,1.804936077644182,3.6939042204782178,-0.0013417881607779,35.88330194975327,0.0006,3.694,1964.844,19
9,24,1.804936077644182,3.260886779015069,-4.024366814868126,36.1733300413814,4.0,1.451,2143.516,19
9,24,1.804936077644182,3.675113010109468,-0.0028275359600403,36.242049116745775,0.0006,3.676,2154.016,19
9,24,1.804936077644182,3.2586967948256174,-4.0250237180104165,36.2243836588402,4.0,1.448,2164.516,19
9,24,1.804936077644182,3.673288225823543,-0.0019582878287801,36.25943357278154,0.0006,3.674,2175.047,19
9,24,1.804936077644182,3.2565001864809267,-4.025473063083911,36.26254638108664,4.0,1.446,2185.61,19
9,24,1.804936077644182,3.671441037333629,-0.0003275776681717,36.346325144282034,0.0006,3.672,2196.172,19
9,24,1.804936077644182,3.271491055239108,-4.025292198054802,35.94519958242733,4.0,1.461,2038.579,19
9,24,1.804936077644182,3.684727517024006,-0.0011988177150044,36.0048226042721,0.0006,3.686,2049.063,19
9,24,1.804936077644182,3.33631627255323,-4.025140440395662,34.929318254620604,4.0,1.524,1554.735,19
9,24,1.804936077644182,3.748191145795694,-0.0006617899745673,34.981379238135865,0.0006,3.748,1565.25,19
9,24,1.804936077644182,3.3332345128753493,-4.025490623432497,34.97653713570013,4.0,1.521,1575.735,19
9,24,1.804936077644182,3.7451527325195273,-0.0023006709410253,35.04156884690135,0.0006,3.746,1586.25,19
9,24,1.804936077644182,3.3298628564897848,-4.024403488830435,35.03368173255295,4.0,1.519,1596.797,19
9,24,1.804936077644182,3.741687010545305,-0.0006325375579824,35.10435984524092,0.0006,3.743,1607.297,19
9,24,1.804936077644182,3.2631642315716407,-4.024865242880203,36.12292746092974,4.0,1.453,2122.454,19
9,24,1.804936077644182,3.677035619872555,-0.0032713349053784,36.16802537975265,0.0006,3.678,2133.016,19
9,24,1.804936077644182,3.2437237899441165,-4.025063580690707,36.53928363016823,4.0,1.434,2311.735,19
9,24,1.804936077644182,3.660481756951307,-0.0006755813858564,36.57770825419867,0.0006,3.661,2322.219,19
9,24,1.804936077644182,3.241622463996655,-4.025333067990166,36.62639884524772,4.0,1.432,2332.704,19
9,24,1.804936077644182,3.6582550980927326,-0.002032377251504,36.64647575990461,0.0006,3.659,2343.172,19
9,24,1.804936077644182,3.23945864763947,-4.023613398006723,36.632821099585854,4.0,1.431,2353.641,19
9,24,1.804936077644182,3.656678219684276,-0.000738531083146,36.69397084549261,0.0006,3.657,2364.11,19
9,24,1.804936077644182,3.254421037069538,-4.024609768067982,36.328828648714655,4.0,1.445,2206.672,19
9,24,1.804936077644182,3.669428783217999,0.0006390315585634,36.37315108190596,0.0006,3.67,2217.172,19
9,24,1.804936077644182,3.2347759102158187,-4.026430935429468,36.69974463851041,4.0,1.427,2395.594,19
9,24,1.804936077644182,3.653399770385272,-0.0005195271669649,36.74851936061879,0.0006,3.653,2406.188,19
9,24,1.804936077644182,3.2326308611605223,-4.026714390184934,36.81011077372467,4.0,1.425,2416.688,19
9,24,1.804936077644182,3.65123726740994,-0.0016497263642913,36.85831681239716,0.0006,3.651,2427.172,19
9,24,1.804936077644182,3.230006975833325,-4.025664091303867,36.817063702109245,4.0,1.422,2437.704,19
9,24,1.804936077644182,3.6492406501227896,-0.0023478895102074,36.90849600746908,0.0006,3.649,2448.188,19
9,24,1.804936077644182,3.246050486362976,-4.024580033800596,36.51212823702476,4.0,1.436,2290.641,19
9,24,1.804936077644182,3.6624335397607326,-0.0002385028895615,36.52945498030497,0.0008,3.663,2301.188,19
9,24,1.804936077644182,3.2248300732579183,-4.0265496965443015,36.96645795270212,4.0,1.417,2479.813,19
9,24,1.804936077644182,3.645355889838224,-0.0026864716110411,36.98050075932648,0.0006,3.644,2490.313,19
9,24,1.804936077644182,3.222576541708997,-4.023234873148881,37.014957592108296,4.0,1.415,2500.797,19
9,24,1.804936077644182,3.64310958919906,-0.0005631355691223,37.06870066517885,0.0006,3.642,2511.297,19
9,24,1.804936077644182,3.219888934351368,-4.024918320423339,37.03649696009846,4.0,1.413,2521.782,19
9,24,1.804936077644182,3.640933857722533,0.0002735912133471,37.11875228714987,0.0006,3.641,2532.266,19
9,24,1.804936077644182,3.2370019664910927,-4.025682699423062,36.68153173029014,4.0,1.428,2374.61,19
9,24,1.804936077644182,3.655102339169848,-0.0029188965568774,36.7164152976716,0.0006,3.655,2385.094,19
9,24,1.804936077644182,3.288922299311295,-4.025153031270583,35.670336696524586,4.0,1.477,1891.313,19
9,24,1.804936077644182,3.700874802295522,0.0004611154459741,35.71475840349251,0.0006,3.702,1901.797,19
9,24,1.804936077644182,3.286305682928975,-4.02460577496007,35.736280068477015,4.0,1.475,1912.297,19
9,24,1.804936077644182,3.698488364444103,0.0020053117502317,35.756747342750174,0.0006,3.7,1922.782,19
9,24,1.804936077644182,3.283638367992256,-4.024781612996092,35.761258320828546,4.0,1.473,1933.297,19
9,24,1.804936077644182,3.696191457335623,-0.002526334796143,35.81358373513832,0.0006,3.697,1943.813,19
9,24,1.804936077644182,3.2274093552582106,-4.024811711866128,36.888505608545856,4.0,1.419,2458.719,19
9,24,1.804936077644182,3.6472909678226295,-0.0018510448766568,36.95621362243472,0.0006,3.647,2469.25,19
9,24,1.804936077644182,3.201828469651143,-4.024828353371502,37.393265175865935,4.0,1.397,2647.922,19
9,24,1.804936077644182,3.6263674036745015,-0.0010608153157607,37.47497761308288,0.0006,3.625,2658.469,19
9,24,1.804936077644182,3.198753849179428,-4.0258179373256535,37.44010257026642,4.0,1.394,2668.954,19
9,24,1.804936077644182,3.6236807168040537,-0.0024708313875481,37.4858828052452,0.0006,3.621,2679.407,19
9,24,1.804936077644182,3.19473889488688,-4.026015037955578,37.47459301729158,4.0,1.39,2689.954,19
9,24,1.804936077644182,3.620670639310602,-0.0027796493635802,37.53317120934432,0.0006,3.618,2700.485,19
9,24,1.804936077644182,3.2169109535680755,-4.025384623628169,37.08863182158922,4.0,1.411,2542.797,19
9,24,1.804936077644182,3.638695887247214,-0.000626606387551,37.160053920437335,0.0006,3.638,2553.313,19
9,24,1.804936077644182,3.1875341572675904,-4.024481498299188,37.64165313313027,4.0,1.383,2732.079,19
9,24,1.804936077644182,3.614728213809338,-0.0012885878748337,37.68759208472274,0.0006,3.611,2742.641,19
9,24,1.804936077644182,3.1834629512385986,-4.025293589235803,37.65898341361675,4.0,1.38,2753.172,19
9,24,1.804936077644182,3.611143017119929,-0.0004874990157633,37.764510137388605,0.0008,3.608,2763.688,19
9,24,1.804936077644182,3.1789182407510705,-4.02503211688692,37.73398111158178,4.0,1.376,2774.25,19
9,24,1.804936077644182,3.6075861470784183,0.0001063662390881,37.80111445079444,0.0006,3.604,2784.75,19
9,24,1.804936077644182,3.2054538183284813,-4.02577356991543,37.31565214546658,4.0,1.401,2626.844,19
9,24,1.804936077644182,3.629147624713908,-0.0021081749394531,37.40249652662619,0.0006,3.628,2637.344,19
9,24,1.804936077644182,3.1696736563418977,-4.025209964178147,37.85301552718146,4.0,1.369,2816.266,19
9,24,1.804936077644182,3.5997065224886,0.0010580345756886,37.94812937392931,0.0006,3.596,2826.735,19
9,24,1.804936077644182,3.1641664721331404,-4.027272865344292,37.90242273664356,4.0,1.363,2837.25,19
9,24,1.804936077644182,3.59550195174029,-0.001525817012384,37.96797781370304,0.0006,3.592,2847.766,19
9,24,1.804936077644182,3.1585929884286807,-4.024630990708422,37.98679919063567,4.0,1.359,2858.282,19
9,24,1.804936077644182,3.590837846887826,-4.312811530543318e-05,38.074331402899766,0.0006,3.586,2868.813,19
9,24,1.804936077644182,3.1912563617738816,-4.025258370677839,37.54966477896166,4.0,1.387,2711.032,19
9,24,1.804936077644182,3.617822638069845,-0.0011525116672214,37.62182989369393,0.0006,3.614,2721.579,19
9,24,1.804936077644182,3.252564324911773,-4.024461396650203,36.350726839275616,4.0,1.442,2227.657,19
9,24,1.804936077644182,3.667598436927775,-0.0010616355384903,36.41282367982271,0.0006,3.668,2238.094,19
9,24,1.804936077644182,3.250351355061313,-4.024590230534854,36.38111740343929,4.0,1.441,2248.579,19
9,24,1.804936077644182,3.665993214149452,-0.0004314953208606,36.45446360017603,0.0006,3.667,2259.079,19
9,24,1.804936077644182,3.2481501478668298,-4.02608011907895,36.42990434698756,4.0,1.438,2269.594,19
9,24,1.804936077644182,3.66403652107498,0.0005426695130167,36.497536546358745,0.0006,3.666,2280.141,19
9,24,1.804936077644182,3.174546719957345,-4.02621768752487,37.8090570303584,4.0,1.372,2795.25,19
9,24,1.804936077644182,3.60387457689264,-6.749745908306839e-06,37.86112158076244,0.0006,3.601,2805.766,19
9,24,1.804936077644182,3.109735523790838,-4.022665742421879,38.36389796803219,4.0,1.315,2984.469,19
9,24,1.804936077644182,3.550229368116069,0.0003805220916813,38.42537478694266,0.0006,3.545,2995.063,19
9,24,1.804936077644182,3.0975100847220287,-4.024497878816398,38.45180013679428,4.0,1.304,3005.579,19
9,24,1.804936077644182,3.539851433207491,-0.0015530465674373,38.50453319432572,0.0006,3.534,3016.157,19
9,24,1.804936077644182,3.082948293286573,-4.024849647456197,38.5224832734893,4.0,1.292,3026.688,19
9,24,1.804936077644182,3.5271774321653675,-0.003718142541085,38.5915340379612,0.0006,3.521,3037.172,19
9,24,1.804936077644182,3.1523251638640057,-4.025598370344843,38.05325391281264,4.0,1.353,2879.375,19
9,24,1.804936077644182,3.5856667375311817,-0.0019400020831668,38.14213907703217,0.0006,3.581,2889.891,19
9,24,1.804936077644182,3.0450210870760324,-4.023743818956377,38.66115552149206,4.0,1.258,3068.75,19
9,24,1.804936077644182,3.4953541459443715,-0.0002885721946159,38.80336911580649,0.0006,3.486,3079.235,19
9,24,1.804936077644182,3.021612282939764,-4.026642288412051,38.80953328404957,4.0,1.236,3089.75,19
9,24,1.804936077644182,3.475140420542093,-0.0017373465049243,38.89369469255399,0.0006,3.466,3100.25,19
9,24,1.804936077644182,2.9938111972904613,-4.026207104583588,38.89300441480467,4.0,1.211,3110.829,19
9,24,1.804936077644182,3.4511478785073697,-0.001777200217077,38.997054918043496,0.0006,3.441,3121.297,19
9,24,1.804936077644182,3.1202461748934867,-4.024071067185649,38.29926508055921,4.0,1.325,2963.516,19
9,24,1.804936077644182,3.558983589900113,-0.0016874197067039,38.389622880815885,0.0006,3.553,2973.985,19
9,24,1.804936077644182,2.92388032763697,-4.024150446743573,39.15929525805299,4.0,1.148,3152.938,19
9,24,1.804936077644182,3.3898918904980926,-0.0023505965566634,39.19232130484282,0.0006,3.377,3163.532,19
9,24,1.804936077644182,2.880190394033668,-4.027140909003951,39.222904320017975,4.0,1.108,3174.047,19
9,24,1.804936077644182,3.350716888778142,0.0003042651175634,39.290022228460536,0.0006,3.337,3184.672,19
9,24,1.804936077644182,2.827544954281709,-4.023601067760836,39.33911163556836,4.0,1.062,3195.204,19
9,24,1.804936077644182,3.3023985877395905,-0.0012061877850313,39.43057209285164,0.0006,3.287,3205.672,19
9,24,1.804936077644182,3.065415454612707,-4.025613277848967,38.612858054970616,4.0,1.276,3047.719,19
9,24,1.804936077644182,3.512499751745852,-0.0002179026719908,38.69466721443984,0.0006,3.503,3058.188,19
9,24,1.804936077644182,3.214477433950637,-4.023896930261834,37.14314081599824,4.0,1.408,2563.766,19
9,24,1.804936077644182,3.6365219699526943,-0.0016781667007325,37.22319014542491,0.0006,3.635,2574.282,19
9,24,1.804936077644182,3.2115473516548616,-4.02546055022313,37.20834923487826,4.0,1.405,2584.75,19
9,24,1.804936077644182,3.634206470520937,-0.0014179215112157,37.30716654880329,0.0006,3.633,2595.25,19
9,24,1.804936077644182,3.208446298057197,-4.024515353391659,37.2896526207936,4.0,1.403,2605.735,19
9,24,1.804936077644182,3.6320234774938993,0.0012857451005353,37.36641283082973,0.0006,3.631,2616.329,19
9,24,1.804936077644182,2.9605046371467743,-4.023395596750624,38.97561851316284,4.0,1.181,3131.954,19
9,24,1.804936077644182,3.422326563967811,-0.000825402685462,39.131554991447885,0.0006,3.411,3142.454,19
9,24,1.804936077644182,2.8930696335611032,-0.001746919271987,40.32363433758089,0.0006,0.001,3321.688,19
9,24,1.804936077644182,2.9464140783435067,-0.0019070956291708,40.137533692391074,0.0006,0.0,3332.329,19
9,24,1.804936077644182,2.98464678330648,-0.0004705499112183,39.96336651984297,0.0006,0.001,3343.032,19
9,24,1.804936077644182,3.015484825664662,0.0019466599347053,39.75962112171294,0.0006,-0.0,3353.875,19
9,24,1.804936077644182,3.041220268378756,-0.0038272613091074,39.65384804460975,0.0006,0.0,3364.704,19
9,24,1.804936077644182,3.063613331015354,-0.0035029188446309,39.42548196270981,0.0006,0.0,3375.563,19
9,24,1.804936077644182,2.762305813431868,-4.025780656894297,39.47063258435544,4.0,1.004,3216.188,19
9,24,1.804936077644182,3.243445414917362,-0.0007284593257286,39.55555086948446,0.0006,3.226,3226.672,19
9,24,1.804936077644182,3.114303414604877,-0.0016012128787331,39.05986853211889,0.0006,-0.0,3408.344,19
9,24,1.804936077644182,3.1272599438766813,-0.0020093087198512,38.91817244615416,0.0006,0.0,3419.266,19
9,24,1.804936077644182,3.138450071316636,0.0001342013374242,38.76438973287879,0.0006,0.0,3430.282,19
9,24,1.804936077644182,3.148292187199643,-0.0030409955422244,38.60313819869609,0.0006,0.0,3441.172,19
9,24,1.804936077644182,3.1573936915725365,-0.0014853731321252,38.44650593383631,0.0006,-0.0,3452.125,19
9,24,1.804936077644182,3.165167359339282,-9.913173615520584e-05,38.25872979973468,0.0006,0.0,3463.063,19
9,24,1.804936077644182,1.935441772448038,-4.024721037460824,40.17482362169409,4.0,0.42,3300.407,19
9,24,1.804936077644182,2.7929178269474755,-0.0001744193169855,40.37811271633581,0.0006,0.0,3311.047,19
9,24,1.804936077644182,3.185041842480996,-0.005431873829843,37.77406240968012,0.0006,0.0,3495.969,19
9,24,1.804936077644182,3.1906983723037223,-0.0011186041124586,37.63124356026179,0.0006,0.0,3506.875,19
9,24,1.804936077644182,3.195849123494017,-0.0028499326745684,37.50346935678091,0.0006,0.0,3517.829,19
9,24,1.804936077644182,3.200851316427762,-0.0021277165542447,37.347426085504175,0.0006,-0.0,3528.735,19
9,24,1.804936077644182,3.2053623739621515,-0.0016488251306488,37.18735787717987,0.0006,-0.0,3539.641,19
9,24,1.804936077644182,3.2097222707172826,-0.001952211437741,37.04305953427366,0.0006,0.0,3550.563,19
9,24,1.804936077644182,3.082948626834596,-0.0021304403365318,39.2706097577372,0.0006,0.0,3386.563,19
9,24,1.804936077644182,3.099504773496809,-0.0007761721427431,39.17313624382596,0.0006,0.0,3397.469,19
9,24,1.804936077644182,3.145826374337501,-4.025795396014321,38.13597540417528,4.0,1.346,2900.375,19
9,24,1.804936077644182,3.579963473988246,-0.0004597191970546,38.21200579997112,0.0006,3.575,2910.86,19
9,24,1.804936077644182,3.1381849468546434,-4.025967819797526,38.17275375816604,4.0,1.339,2921.422,19
9,24,1.804936077644182,3.5738618727214964,-0.0020020186242081,38.24829869643247,0.0006,3.569,2931.938,19
9,24,1.804936077644182,3.129831203441149,-4.023466476909176,38.2413909515948,4.0,1.332,2942.454,19
9,24,1.804936077644182,3.567094408681501,-0.0028110985041425,38.33811755346829,0.0006,3.562,2952.985,19
9,24,1.804936077644182,3.172441910827501,0.0006183752584345,38.114836967494696,0.0006,0.0,3474.016,19
9,24,1.804936077644182,3.1790020799269296,-0.0028093998714393,37.95039756455722,0.0006,0.0,3485.016,19
9,24,1.804936077644182,3.2452923772016997,-0.0005261668096975,35.5791075266132,0.0006,-0.0,3670.75,19
9,24,1.804936077644182,3.2478742040862727,-0.0003724382159252,35.45893740152054,0.0006,0.0,3681.766,19
9,24,1.804936077644182,3.2502688866067797,0.0008405437889555,35.33658989051606,0.0006,0.0,3692.688,19
9,24,1.804936077644182,3.2525544396138355,-0.0018608050786254,35.22527681639201,0.0006,0.0,3703.579,19
9,24,1.804936077644182,3.254948761193633,-0.002474720903947,35.106816715027065,0.0006,0.0,3714.516,19
9,24,1.804936077644182,3.2571537825645467,-0.0017969030130744,34.99345813428777,0.0006,-0.0,3725.422,19
9,24,1.804936077644182,3.213728235080886,-0.0043222975969786,36.87993896719234,0.0006,0.0,3561.5,19
9,24,1.804936077644182,3.2173581464686194,-0.0011037855305243,36.75398794566779,0.0006,0.0,3572.407,19
9,24,1.804936077644182,3.263292625543986,-0.0016904212614464,34.686148295590094,0.0006,0.0,3758.235,19
9,24,1.804936077644182,3.2652096105048334,0.0004028672541161,34.553828928438215,0.0006,0.0,3769.157,19
9,24,1.804936077644182,3.267087347004241,-0.001336645188768,34.447476004356595,0.0006,-0.0,3780.172,19
9,24,1.804936077644182,3.268817390818132,-0.0023473677056134,34.362442482639565,0.0006,-0.0,3791.079,19
9,24,1.804936077644182,3.2705694992655694,-0.0013557441938786,34.2602215511058,0.0006,-0.0,3802.063,19
9,24,1.804936077644182,3.2723222612325182,-0.0010334611775518,34.15854642848265,0.0006,-0.0,3813.0,19
9,24,1.804936077644182,3.2397406609643684,-0.0008410579960454,35.83357655657285,0.0006,0.0,3648.86,19
9,24,1.804936077644182,3.242680647213965,-0.0006706696599083,35.69804541712142,0.0006,-0.0,3659.813,19
9,24,1.804936077644182,3.277350388877874,-0.0016752597595548,33.866107071939936,0.0006,0.0,3845.782,19
9,24,1.804936077644182,3.278875261404969,-0.0032858750607664,33.79807811960538,0.0006,-0.0,3856.782,19
9,24,1.804936077644182,3.280354773859927,-0.0012071258779121,33.690657685114004,0.0006,-0.0,3867.782,19
9,24,1.804936077644182,3.281942935432236,-0.0014246706125487,33.61144354028606,0.0006,0.0,3878.719,19
9,24,1.804936077644182,3.2833736543917764,-0.0005861826459525,33.523729341519434,0.0006,0.0,3889.735,19
9,24,1.804936077644182,3.284709596858441,0.0011718237319399,33.448253220617104,0.0006,0.0,3900.657,19
9,24,1.804936077644182,3.2592862072199846,-0.0027152336005126,34.88862574941311,0.0006,0.0,3736.375,19
9,24,1.804936077644182,3.2613110525883395,-0.0019385156637945,34.76632790942829,0.0006,0.0,3747.329,19
9,24,1.804936077644182,2.67890427342297,-4.0238302197779845,39.60041725179613,4.0,0.937,3237.172,19
9,24,1.804936077644182,3.170508321401574,0.0007750420455792,39.7232121852846,0.0006,3.15,3247.719,19
9,24,1.804936077644182,2.554184157077121,-4.024122579734122,39.7509235416542,4.0,0.835,3258.266,19
9,24,1.804936077644182,3.0698530270325386,-0.0004450851921958,39.93285288518776,0.0006,3.041,3268.75,19
9,24,1.804936077644182,2.329463955398948,-4.026013748689202,39.94376018023551,4.0,0.691,3279.313,19
9,24,1.804936077644182,2.934560621063327,-0.0009359226481577,40.10798710461097,0.0006,2.884,3289.875,19
9,24,1.804936077644182,3.2742026406562346,0.0003829458510849,34.07560430463794,0.0006,-0.0,3823.922,19
9,24,1.804936077644182,3.2756994571854032,-0.0021999486062707,33.98067131991279,0.0006,0.0,3834.829,19
9,24,1.804936077644182,3.2978114728800207,-0.0018347644161444,32.56385972432457,0.0006,0.0,4021.0,19
9,24,1.804936077644182,3.2986798294482806,-0.0031479189075079,32.49652323368704,0.0006,0.0,4031.891,19
9,24,1.804936077644182,3.299851792638037,0.0002936695689062,32.41105377009347,0.0006,0.0,4042.875,19
9,24,1.804936077644182,3.300824346698572,-0.0009861163042544,32.336615944096664,0.0006,-0.0,4053.782,19
9,24,1.804936077644182,3.3016064204924693,-0.0016711561112161,32.27758930979782,0.0006,0.0,4064.735,19
9,24,1.804936077644182,3.302571246391464,-0.0012109228746889,32.202044978469615,0.0006,0.0,4075.672,19
9,24,1.804936077644182,3.286034734124369,-0.0009948984149894,33.34881314682116,0.0006,0.0,3911.563,19
9,24,1.804936077644182,3.287714913020394,-0.003556436424082,33.2696358542303,0.0006,0.0,3922.547,19
9,24,1.804936077644182,3.30532375376226,-0.0022072512775705,31.982970817563125,0.0006,-0.0,4108.438,19
9,24,1.804936077644182,3.306305652576146,-0.0034290715195146,31.9369736381716,0.0006,0.0,4119.329,19
9,24,1.804936077644182,3.3069268211288727,-0.0009866325093655,31.86172518838928,0.0006,0.0,4130.313,19
9,24,1.804936077644182,3.307795422431671,-0.0011033914479409,31.82473078652369,0.0006,0.0,4141.282,19
9,24,1.804936077644182,3.308649996041831,-0.0006721996429948,31.73840643095505,0.0006,-0.0,4152.204,19
9,24,1.804936077644182,3.3092990560554862,-0.0032082663573637,31.67878654799803,0.0006,0.0,4163.11,19
9,24,1.804936077644182,3.2955665167112738,-0.0022515688497402,32.71184213879572,0.0006,0.0,3999.172,19
9,24,1.804936077644182,3.29682903985567,-0.0005623368942477,32.62752283184659,0.0006,0.0,4010.094,19
9,24,1.804936077644182,3.3116813593891408,-0.0020963349520855,31.50055809611608,0.0006,0.0,4195.938,19
9,24,1.804936077644182,3.312360952678395,-0.000707952532185,31.44913412879702,0.0006,0.0,4206.829,19
9,24,1.804936077644182,3.313095678936228,-0.0003514252216405,31.38275224702416,0.0006,0.0,4217.735,19
9,24,1.804936077644182,3.313724344021148,-0.0023614068931729,31.311496431145518,0.0006,0.0,4228.61,19
9,24,1.804936077644182,3.3142633490384306,-0.0018661877040725,31.255042704281472,0.0006,-0.0,4239.61,19
9,24,1.804936077644182,3.314928202810881,-0.0008051721834781,31.21024113390965,0.0006,-0.0,4250.547,19
9,24,1.804936077644182,3.303573975341475,-0.0017488402909408,32.113765164170864,0.0006,0.0,4086.61,19
9,24,1.804936077644182,3.304382409750691,-0.0013599903154178,32.04759577110956,0.0006,0.0,4097.532,19
9,24,1.804936077644182,3.2210011305243977,-0.0021838747031166,36.62387643185528,0.0006,0.0,3583.297,19
9,24,1.804936077644182,3.224618819460567,-0.0015619147259145,36.48817824603451,0.0006,0.0,3594.219,19
9,24,1.804936077644182,3.227880262745705,-0.001701609080882,36.347469633750414,0.0006,0.0,3605.141,19
9,24,1.804936077644182,3.2311146785486966,-0.0025703281930485,36.21384676242932,0.0006,-0.0,3616.079,19
9,24,1.804936077644182,3.234217289129743,4.744725191332539e-05,36.09076680750959,0.0006,0.0,3627.0,19
9,24,1.804936077644182,3.237154912784835,-0.000899028221185,35.94795982834393,0.0006,0.0,3637.922,19
9,24,1.804936077644182,3.310172124526123,-0.0018905679207104,31.61077630671434,0.0006,-0.0,4174.063,19
9,24,1.804936077644182,3.310830296914665,-0.0020917501897533,31.554584112067825,0.0006,-0.0,4184.954,19
9,24,1.804936077644182,3.321178443997922,-0.0031300775360608,30.65627525648001,0.0006,0.0,4370.75,19
9,24,1.804936077644182,3.3217519059097387,-0.0016743794693971,30.602460109526703,0.0006,0.0,4381.641,19
9,24,1.804936077644182,3.322313534135475,-0.001841995831054,30.559888332356685,0.0006,0.0,4392.625,19
9,24,1.804936077644182,3.322772770907862,2.788268037401372e-05,30.50579915996976,0.0006,0.0,4403.532,19
9,24,1.804936077644182,3.323410917054377,-0.000575733497346,30.47800617670171,0.0006,0.0,4414.469,19
9,24,1.804936077644182,3.3237510146756746,0.0003279437573916,30.41439326908792,0.0006,-0.0,4425.36,19
9,24,1.804936077644182,3.315662821018552,-0.0026169887864261,31.14828128784979,0.0006,0.0,4261.485,19
9,24,1.804936077644182,3.316258453506173,-0.0037176189608312,31.10924236662288,0.0006,0.0,4272.407,19
9,24,1.804936077644182,3.324997883968717,-0.0010350354974446,30.300681745466587,0.0006,0.0,4458.219,19
9,24,1.804936077644182,3.3256797321253093,-0.0015881141472221,30.2618927461116,0.0006,0.0,4469.235,19
9,24,1.804936077644182,3.325995695054828,-0.0030734487659456,30.215057140232695,0.0006,0.0,4480.188,19
9,24,1.804936077644182,3.326480735374384,-0.0028374039136592,30.180927102708555,0.0006,0.0,4491.094,19
9,24,1.804936077644182,3.3268879676717438,-0.001263219093132,30.14603629970548,0.0006,0.0,4501.985,19
9,24,1.804936077644182,3.3271761030574982,-0.0026862795676228,30.08411885079106,0.0006,0.0,4512.938,19
9,24,1.804936077644182,3.320281470422612,-0.0018945063168854,30.73925787313921,0.0006,-0.0,4348.907,19
9,24,1.804936077644182,3.320771723921387,-0.0019772508516822,30.702365059057943,0.0006,-0.0,4359.844,19
9,24,1.804936077644182,3.328595617446,-0.003066195030547,29.975882821271608,0.0006,0.0,4545.75,19
9,24,1.804936077644182,3.3288765105510167,-0.0030209904937535,29.9424932784002,0.0006,0.0,4556.672,19
9,24,1.804936077644182,3.32911119514707,-0.0015608059024252,29.890117705320137,0.0006,0.0,4567.594,19
9,24,1.804936077644182,3.3295335430569457,-0.0012429024081577,29.861938924833016,0.0006,0.0,4578.516,19
9,24,1.804936077644182,3.329937922798355,-0.0009437194270258,29.823406869000728,0.0006,-0.0,4589.422,19
9,24,1.804936077644182,3.330466298368106,-0.0016085850105188,29.7821835721673,0.0006,-0.0,4600.391,19
9,24,1.804936077644182,3.324070651437854,-0.0001885766980665,30.37158660429128,0.0006,0.0,4436.344,19
9,24,1.804936077644182,3.324701490158353,-0.0032401609021051,30.345898874855635,0.0006,-0.0,4447.266,19
9,24,1.804936077644182,3.288688492367477,-0.0009369282475523,33.18221628542487,0.0006,0.0,3933.438,19
9,24,1.804936077644182,3.289967808974517,-0.0015802293296516,33.100364388439985,0.0006,0.0,3944.391,19
9,24,1.804936077644182,3.2910805464403707,0.0019900124603112,33.01385846033651,0.0006,0.0,3955.438,19
9,24,1.804936077644182,3.2922784924829074,-0.0008053533144772,32.94926987763671,0.0006,0.0,3966.344,19
9,24,1.804936077644182,3.2933832632150115,-0.0009719538176673,32.85815655486666,0.0006,0.0,3977.282,19
9,24,1.804936077644182,3.2946026340639136,-0.0016377106482007,32.7705698823128,0.0006,0.0,3988.172,19
9,24,1.804936077644182,3.3275963723591397,-0.0012728410093824,30.038787765572756,0.0006,-0.0,4523.844,19
9,24,1.804936077644182,3.328045008377054,-0.0001543474694151,30.00405251993885,0.0006,0.0,4534.813,19
9,24,1.804936077644182,3.333962928469832,-0.0019119276910075,29.41764490898851,0.0006,-0.0,4720.672,19
9,24,1.804936077644182,3.33411931802176,0.0005398795249784,29.393772410312835,0.0006,0.0,4731.719,19
9,24,1.804936077644182,3.3344393329601,-0.0051051245724433,29.36223885946008,0.0006,0.0,4742.672,19
9,24,1.804936077644182,3.3349215017712863,-0.0025632321767558,29.32497709883573,0.0006,0.0,4753.672,19
9,24,1.804936077644182,3.3351799861729976,-0.0038556047808599,29.30199426563696,0.0006,0.0,4764.672,19
9,24,1.804936077644182,3.3354742900892647,-0.0011562838290988,29.271068756904224,0.0006,-0.0,4775.547,19
9,24,1.804936077644182,3.3307546337186102,-0.0041053627880171,29.743420592844323,0.0006,0.0,4611.329,19
9,24,1.804936077644182,3.331144393584196,0.0008512163454986,29.704844343342927,0.0006,0.0,4622.235,19
9,24,1.804936077644182,3.336353509058306,-0.0034709633558591,29.18558883719598,0.0006,0.0,4808.391,19
9,24,1.804936077644182,3.336543214428283,-0.0001733369171975,29.16212761215555,0.0006,0.0,4819.329,19
9,24,1.804936077644182,3.336865537872871,0.0004138099957917,29.12981245223637,0.0006,0.0,4830.282,19
9,24,1.804936077644182,3.337393674250914,-0.0034772466427912,29.11285697979229,0.0006,0.0,4841.204,19
9,24,1.804936077644182,3.337466810154226,-0.0002015726864552,29.09092527019979,0.0006,0.0,4852.172,19
9,24,1.804936077644182,3.3376618948903225,-0.0053238848784394,29.057490387251697,0.0006,0.0,4863.11,19
9,24,1.804936077644182,3.3333018819964013,0.0006230512201228,29.482644622954727,0.0006,0.0,4698.813,19
9,24,1.804936077644182,3.3336024261652937,-0.0025335607194519,29.44898406310988,0.0006,0.0,4709.75,19
9,24,1.804936077644182,3.338273453759724,-0.0045154816065589,28.979857757905865,0.0006,0.0,4895.922,19
9,24,1.804936077644182,3.3385286643241963,-0.0035031545204368,28.96153144616168,0.0006,0.0,4906.875,19
9,24,1.804936077644182,3.338831320520208,-0.0011701637937811,28.93468299461492,0.0006,0.0,4917.813,19
9,24,1.804936077644182,3.339068255334343,-0.002035167548551,28.905651432852565,0.0006,0.0,4928.719,19
9,24,1.804936077644182,3.339453278115447,-0.0033205164476361,28.880274951754192,0.0006,-0.0,4939.594,19
9,24,1.804936077644182,3.3396154141890326,-0.0016439817351793,28.863620941309957,0.0006,0.0,4950.5,19
9,24,1.804936077644182,3.335889855888506,-0.0017000732691313,29.23481250766234,0.0006,0.0,4786.469,19
9,24,1.804936077644182,3.3359778133595896,-0.000458430167526,29.214108307481705,0.0006,0.0,4797.454,19
9,24,1.804936077644182,3.31686623733628,-0.0024089581003929,31.05060055797688,0.0006,0.0,4283.313,19
9,24,1.804936077644182,3.317473624213217,-0.0006759534306452,30.99037344519923,0.0006,0.0,4294.25,19
9,24,1.804936077644182,3.318072626220266,-0.0007237751147271,30.95530295465345,0.0006,0.0,4305.172,19
9,24,1.804936077644182,3.318545916653358,-0.0016461179514611,30.901590369410336,0.0006,-0.0,4316.094,19
9,24,1.804936077644182,3.319074628630493,-0.0016896378751199,30.84065753906738,0.0006,0.0,4327.016,19
9,24,1.804936077644182,3.3196013832653453,-0.000902261863552,30.786707336159598,0.0006,0.0,4338.0,19
9,24,1.804936077644182,3.337985900087628,-0.0019130585945091,29.029042336690367,0.0006,0.0,4874.11,19
9,24,1.804936077644182,3.338008091678959,-0.0027322855958722,29.01295737128876,0.0006,0.0,4885.0,19
9,24,1.804936077644182,3.3422989358533552,-0.0025558192111084,28.60449064966357,0.0006,0.0,5070.907,19
9,24,1.804936077644182,3.3423409924590066,-0.0020844174735613,28.59539918889519,0.0006,0.0,5081.813,19
9,24,1.804936077644182,3.342766828540508,-0.0001960371300575,28.57285455169906,0.0006,0.0,5092.75,19
9,24,1.804936077644182,3.3427964437865705,-0.0049416483230276,28.5485501910307,0.0006,0.0,5103.672,19
9,24,1.804936077644182,3.3429862272687165,-0.003585091522188,28.52695087721929,0.0006,0.0,5114.594,19
9,24,1.804936077644182,3.3432407655870464,-0.0021059805596902,28.507569763215137,0.0006,0.0,5125.563,19
9,24,1.804936077644182,3.3400609125761527,-0.0020967364090471,28.835282796566013,0.0006,0.0,4961.391,19
9,24,1.804936077644182,3.340272213322492,-0.0062059643355994,28.80382043312493,0.0006,0.0,4972.329,19
9,24,1.804936077644182,3.343749127608089,-0.0035032721127959,28.45454987825702,0.0006,-0.0,5158.313,19
9,24,1.804936077644182,3.344139908827382,-0.0002542321145215,28.43688648937171,0.0006,0.0,5169.282,19
9,24,1.804936077644182,3.3441796963153143,-0.0036118970698669,28.410857547251958,0.0006,0.0,5180.204,19
9,24,1.804936077644182,3.3443729666286544,-0.0014817655960175,28.394409903246657,0.0006,0.0,5191.125,19
9,24,1.804936077644182,3.344780552452112,-0.0011289270996917,28.38299302490654,0.0006,0.0,5202.141,19
9,24,1.804936077644182,3.3446059048770684,0.0005385582452593,28.36084782033488,0.0006,0.0,5213.141,19
9,24,1.804936077644182,3.3417356023135776,-0.0052145458108229,28.66056834940197,0.0006,0.0,5049.047,19
9,24,1.804936077644182,3.342146094887344,-0.0017756925423143,28.633401663433126,0.0006,0.0,5059.969,19
9,24,1.804936077644182,3.3454117921393807,-0.0014034679517672,28.307553851257573,0.0006,0.0,5245.938,19
9,24,1.804936077644182,3.3454741846932645,-0.0017023252984391,28.28520278644277,0.0006,0.0,5256.844,19
9,24,1.804936077644182,3.345888028882299,-0.0012818535910308,28.278829402777557,0.0006,0.0,5267.766,19
9,24,1.804936077644182,3.3461358569087847,0.0005902955435979,28.25649347403638,0.0006,0.0,5278.704,19
9,24,1.804936077644182,3.3460380050671086,-0.0020123292695194,28.234517844019813,0.0006,0.0,5289.641,19
9,24,1.804936077644182,3.346309063666798,-0.0012470810569383,28.22172046253948,0.0006,0.0,5300.61,19
9,24,1.804936077644182,3.3435943724306965,-0.0039017110410035,28.493618502138432,0.0006,0.0,5136.485,19
9,24,1.804936077644182,3.3438679837165872,0.0008194182767272,28.47601647047893,0.0006,0.0,5147.407,19
9,24,1.804936077644182,3.331295546657833,-0.0013572948530954,29.672971544620797,0.0006,-0.0,4633.157,19
9,24,1.804936077644182,3.331630797865651,-0.0022362958976902,29.639836467292543,0.0006,0.0,4644.094,19
9,24,1.804936077644182,3.3319050873500413,-0.0029811884597276,29.595207166042357,0.0006,0.0,4655.0,19
9,24,1.804936077644182,3.3323194784107004,7.613154887849086e-05,29.56885238781149,0.0006,-0.0,4665.969,19
9,24,1.804936077644182,3.3326706259395618,-0.0014327740594895,29.54797355636936,0.0006,0.0,4676.891,19
9,24,1.804936077644182,3.332763956257108,-0.0017300922218071,29.507680506688384,0.0006,0.0,4687.813,19
9,24,1.804936077644182,3.3448806716532498,-0.003882870926817,28.333063189723628,0.0006,0.0,5224.047,19
9,24,1.804936077644182,3.3453092794921075,-0.0010997142053471,28.330944157826316,0.0006,0.0,5235.016,19
9,24,1.804936077644182,3.348358936125824,-0.0029637956510521,28.044969722261005,0.0006,-0.0,5421.063,19
9,24,1.804936077644182,3.348504729727976,-0.0023539466641641,28.02897668521651,0.0006,0.0,5431.954,19
9,24,1.804936077644182,3.348548202981369,-0.001027048533175,28.02052672554752,0.0006,0.0,5442.969,19
9,24,1.804936077644182,3.3485807443434377,0.0001045301100384,28.01743192991625,0.0006,0.0,5453.86,19
9,24,1.804936077644182,3.348995525034277,-0.0007218524917244,27.992709789756507,0.0006,0.0,5464.813,19
9,24,1.804936077644182,3.349106637314061,0.0013585575098127,27.987289761048874,0.0006,0.0,5475.766,19
9,24,1.804936077644182,3.346534185221869,-0.0013002966821731,28.203562863829227,0.0006,-0.0,5311.579,19
9,24,1.804936077644182,3.3467063245848108,-0.00026880608366,28.18654927275623,0.0006,0.0,5322.5,19
9,24,1.804936077644182,3.349535412842138,-0.0004888336121764,27.947392193417247,0.0006,0.0,5508.579,19
9,24,1.804936077644182,3.3498039234505788,0.0008518822091608,27.91940376304965,0.0006,0.0,5519.547,19
9,24,1.804936077644182,3.350132911318729,0.0015991609461959,27.926049195672316,0.0006,0.0,5530.485,19
9,24,1.804936077644182,3.350026533380976,5.9952055147982135e-06,27.90447811380745,0.0006,-0.0,5541.407,19
9,24,1.804936077644182,3.3501723080426387,-0.0007431259776922,27.894275755207584,0.0006,0.0,5552.313,19
9,24,1.804936077644182,3.350464177306957,-0.0023079295377958,27.873048784843995,0.0006,0.0,5563.282,19
9,24,1.804936077644182,3.3479920582900444,-0.001916218118936,28.08315257630868,0.0006,0.0,5399.125,19
9,24,1.804936077644182,3.348090149382897,-0.0041483448100918,28.06200308102057,0.0006,0.0,5410.094,19
9,24,1.804936077644182,3.350951715992342,-0.0024291517203053,27.8440554975621,0.0006,0.0,5596.047,19
9,24,1.804936077644182,3.350945288305142,-0.001288364172117,27.829361812610745,0.0006,-0.0,5607.016,19
9,24,1.804936077644182,3.351206310662261,-0.0017906208699792,27.819496386071737,0.0006,0.0,5617.938,19
9,24,1.804936077644182,3.35140140335766,-0.001612980014374,27.80931536450329,0.0006,0.0,5628.891,19
9,24,1.804936077644182,3.351428343243004,-0.0018654674728495,27.815530136056434,0.0006,0.0,5639.782,19
9,24,1.804936077644182,3.3516753672017896,-0.000911147381891,27.78775061450703,0.0006,0.0,5650.688,19
9,24,1.804936077644182,3.34938581846946,-0.0022272970635668,27.98339603116693,0.0006,0.0,5486.672,19
9,24,1.804936077644182,3.349474143348852,-0.0050484492025777,27.958899263891748,0.0006,0.0,5497.641,19
9,24,1.804936077644182,3.340500994394578,-0.0037605520076523,28.78526262808245,0.0006,0.0,4983.36,19
9,24,1.804936077644182,3.3404897335408825,-0.000896075342533,28.765417074050745,0.0006,0.0,4994.282,19
9,24,1.804936077644182,3.3408360056362625,-0.0042876144502512,28.738963377160164,0.0006,0.0,5005.188,19
9,24,1.804936077644182,3.3409157115895693,-0.0019996940668205,28.724702779785854,0.0006,0.0,5016.141,19
9,24,1.804936077644182,3.3413069805799807,-0.0045478386200704,28.69419125590553,0.0006,0.0,5027.063,19
9,24,1.804936077644182,3.3417239532695806,-0.0015926452521205,28.675563641125255,0.0006,0.0,5038.11,19
9,24,1.804936077644182,3.350529047446841,-0.004048883454778,27.86323882232531,0.0006,-0.0,5574.219,19
9,24,1.804936077644182,3.350828636229368,-0.0057543298018156,27.85893459885533,0.0006,0.0,5585.125,19
9,24,1.804936077644182,3.3532813361505607,-0.0014748804356857,27.68319297859904,0.0006,0.0,5771.047,19
9,24,1.804936077644182,3.3534078018837525,-0.0037462581451531,27.67293701960173,0.0006,0.0,5782.0,19
9,24,1.804936077644182,3.353567039363936,-0.0014572910524614,27.6652424143798,0.0006,-0.0,5792.875,19
9,24,1.804936077644182,3.3537057426293337,-0.0032684875801457,27.652692923876767,0.0006,0.0,5803.813,19
9,24,1.804936077644182,3.353916330546942,-0.0014106971653787,27.649049088900025,0.0006,0.0,5814.782,19
9,24,1.804936077644182,3.3538699150553346,-0.0018749615894247,27.638207686595106,0.0006,0.0,5825.704,19
9,24,1.804936077644182,3.3518017042125066,-0.0006354741713186,27.77867718070843,0.0006,-0.0,5661.657,19
9,24,1.804936077644182,3.35182704407112,-0.002659733821364,27.77791875210891,0.0006,0.0,5672.579,19
9,24,1.804936077644182,3.354438513326191,-0.0018351800151333,27.609356253191145,0.0006,0.0,5858.563,19
9,24,1.804936077644182,3.3545572145652103,-0.0023185567539129,27.59944943036964,0.0006,-0.0,5869.438,19
9,24,1.804936077644182,3.354574636523535,-0.0007928178296697,27.57873192317976,0.0006,-0.0,5880.422,19
9,24,1.804936077644182,3.354766062785694,0.0006474272584985,27.57658479046933,0.0006,-0.0,5891.375,19
9,24,1.804936077644182,3.354949211502141,-0.0005538993597928,27.567839630383197,0.0006,0.0,5902.266,19
9,24,1.804936077644182,3.3549542878398446,-0.0012621481992453,27.55744220300908,0.0006,0.0,5913.172,19
9,24,1.804936077644182,3.3529061730838183,-0.0032927809282621,27.70294145027199,0.0006,0.0,5749.063,19
9,24,1.804936077644182,3.353154270474048,-0.0002398165948136,27.686217045025483,0.0006,0.0,5760.0,19
9,24,1.804936077644182,3.355375643117314,-0.0031764841117802,27.530673576650507,0.0006,0.0,5945.922,19
9,24,1.804936077644182,3.355531158235592,-0.0009131085161396,27.51727758585189,0.0006,0.0,5956.844,19
9,24,1.804936077644182,3.3556156672966573,-0.0080458402443697,27.51341236816318,0.0006,0.0,5967.797,19
9,24,1.804936077644182,3.3559784722261616,-0.0012214294847536,27.50368448225097,0.0006,-0.0,5978.735,19
9,24,1.804936077644182,3.3558950884325363,-0.0031152314582892,27.48701371733212,0.0006,0.0,5989.75,19
9,24,1.804936077644182,3.356030977898513,-0.0006661783338658,27.474476693259756,0.0006,0.0,6000.688,19
9,24,1.804936077644182,3.354130948209686,-0.0026119865886079,27.630102645468163,0.0006,0.0,5836.688,19
9,24,1.804936077644182,3.3541349770626927,0.000961742020498,27.615676908362985,0.0006,0.0,5847.657,19
9,24,1.804936077644182,3.346968635970836,-0.0014387642972608,28.180236037293064,0.0006,0.0,5333.422,19
9,24,1.804936077644182,3.347041481474081,0.0001071846816659,28.158648226096677,0.0006,0.0,5344.36,19
9,24,1.804936077644182,3.347386865436929,-0.0042762072496479,28.13801867469968,0.0006,0.0,5355.36,19
9,24,1.804936077644182,3.347530961088796,-0.0020372234035941,28.135551182491543,0.0006,0.0,5366.297,19
9,24,1.804936077644182,3.3475535385231217,-0.0002643906164423,28.11646382697018,0.0006,0.0,5377.204,19
9,24,1.804936077644182,3.348013036070526,-0.0039598907852596,28.099084449455606,0.0006,0.0,5388.204,19
9,24,1.804936077644182,3.3550666451989537,-0.0005115479570916,27.551562550569088,0.0006,0.0,5924.047,19
9,24,1.804936077644182,3.355345954762671,0.0005680534548701,27.5370146024264,0.0006,0.0,5934.954,19
9,24,1.804936077644182,3.357468893518893,-0.0031700268325889,27.41775262087749,0.0006,0.0,6120.922,19
9,24,1.804936077644182,3.357453728601539,-0.0040623515053678,27.405357457087625,0.0006,0.0,6131.829,19
9,24,1.804936077644182,3.3577852934982184,-0.0022523893819238,27.39217872860979,0.0006,-0.0,6142.75,19
9,24,1.804936077644182,3.3577462681324293,-0.0021605445788491,27.39868834249121,0.0006,0.0,6153.719,19
9,24,1.804936077644182,3.357800818647177,-0.0023903435221982,27.383345447888924,0.0006,0.0,6164.672,19
9,24,1.804936077644182,3.358013525442204,-0.0019136886305186,27.39014194474264,0.0006,0.0,6175.61,19
9,24,1.804936077644182,3.356177335861695,-0.0007263437399206,27.486014328826204,0.0006,0.0,6011.625,19
9,24,1.804936077644182,3.356264798363037,-0.0016593340119092,27.47260858817021,0.0006,-0.0,6022.547,19
9,24,1.804936077644182,3.358338003476609,-0.0050220995199897,27.367727089783376,0.0006,-0.0,6208.375,19
9,24,1.804936077644182,3.358375049794153,0.0010535656180934,27.35962386839964,0.0006,0.0,6219.282,19
9,24,1.804936077644182,3.3586964677563333,0.0019405787784269,27.351419687658357,0.0006,0.0,6230.25,19
9,24,1.804936077644182,3.3586612277571644,-0.0042643140479711,27.342003675637766,0.0006,0.0,6241.157,19
9,24,1.804936077644182,3.358887600427093,-0.0015592009627501,27.334828457288825,0.0006,0.0,6252.079,19
9,24,1.804936077644182,3.358822248648306,-0.002327329983835,27.329835911014072,0.0006,-0.0,6263.047,19
9,24,1.804936077644182,3.3572640250424133,-0.0038785691844982,27.423958845686705,0.0006,-0.0,6099.047,19
9,24,1.804936077644182,3.3572978424926063,-0.0037393944759359,27.413963289160996,0.0006,-0.0,6109.985,19
9,24,1.804936077644182,3.359422496989979,0.000748713309707,27.328790421201397,0.0006,-0.0,6295.985,19
9,24,1.804936077644182,3.3595473439691097,-0.0010361401037961,27.30864160194566,0.0006,0.0,6306.922,19
9,24,1.804936077644182,3.3596838391568533,-0.0017332044078584,27.30347364300371,0.0006,-0.0,6317.813,19
9,24,1.804936077644182,3.359500579518164,-0.0009945031200689,27.28920749474665,0.0006,0.0,6328.75,19
9,24,1.804936077644182,3.359629304034738,-0.0002436806671935,27.289847796202487,0.0006,-0.0,6339.688,19
9,24,1.804936077644182,3.359762831067765,-0.0014542871434851,27.277622888466396,0.0006,-0.0,6350.579,19
9,24,1.804936077644182,3.358084560421431,-0.0017840643110229,27.37783250074108,0.0006,-0.0,6186.516,19
9,24,1.804936077644182,3.358270501908464,-0.003062303976086,27.364098510903258,0.0006,-0.0,6197.438,19
9,24,1.804936077644182,3.3521449410709736,-0.0033733595918507,27.76119806216406,0.0006,0.0,5683.5,19
9,24,1.804936077644182,3.3520426801596432,-0.0030939114637749,27.74349735087764,0.0006,0.0,5694.391,19
9,24,1.804936077644182,3.352308533874776,-0.0039327798065798,27.73068024265729,0.0006,0.0,5705.375,19
9,24,1.804936077644182,3.352536153041497,-0.0039192998540617,27.73308254883256,0.0006,0.0,5716.313,19
9,24,1.804936077644182,3.352461147163914,-0.0038523383439567,27.719120155839,0.0006,0.0,5727.235,19
9,24,1.804936077644182,3.3528795419380466,-0.0028649447202156,27.707124937148727,0.0006,0.0,5738.157,19
9,24,1.804936077644182,3.359228893943877,-0.004780872924019,27.317739062975782,0.0006,0.0,6274.079,19
9,24,1.804936077644182,3.3591718132139223,-0.0019445247953942,27.31335114607374,0.0006,0.0,6285.047,19
9,24,1.804936077644182,3.510343245974601,-4.027417115022909,32.172314766907064,4.0,1.69,629.766,19
9,24,1.804936077644182,3.9329591389736063,-0.0010539782932481,32.273163088854936,0.0006,3.934,640.266,19
9,24,1.804936077644182,3.505936531878377,-4.024583180180101,32.272090034009146,4.0,1.688,650.766,19
9,24,1.804936077644182,3.927714149107065,-0.0005991709853302,32.38391072037991,0.0006,3.928,661.266,19
9,24,1.804936077644182,3.501280803246879,-4.025941239092007,32.386657620008755,4.0,1.682,671.766,19
9,24,1.804936077644182,3.9228697692745897,0.0001603838199869,32.44327692861507,0.0006,3.922,682.25,19
9,24,1.804936077644182,3.535104863837601,-4.025964454315265,31.548866358964368,4.0,1.713,524.579,19
9,24,1.804936077644182,3.961825741741795,-0.0005890904193221,31.654336223621133,0.0006,3.962,535.094,19
9,24,1.804936077644182,3.4922445304991547,-4.023217878122845,32.52677110383854,4.0,1.674,713.766,19
9,24,1.804936077644182,3.912746175430985,-0.0005306032117859,32.60274315096095,0.0006,3.914,724.282,19
9,24,1.804936077644182,3.4876421446982544,-4.023079840968229,32.609698305259506,4.0,1.67,734.813,19
9,24,1.804936077644182,3.90790826403846,-0.0015885995164151,32.68356941791631,0.0006,3.909,745.313,19
9,24,1.804936077644182,3.483344543146158,-4.023765759424381,32.671443859873854,4.0,1.665,755.829,19
9,24,1.804936077644182,3.9029803883530128,-0.0014468862153168,32.712450618387386,0.0006,3.903,766.329,19
9,24,1.804936077644182,3.5154605673190007,-4.024869257273252,32.05255766703141,4.0,1.696,608.594,19
9,24,1.804936077644182,3.938860848362077,-0.0020091404983937,32.1360746393123,0.0006,3.939,619.157,19
9,24,1.804936077644182,3.4745493117260184,-4.0256854962010085,32.78722923914701,4.0,1.657,797.891,19
9,24,1.804936077644182,3.893784464825897,0.0003501367508831,32.84466144417062,0.0008,3.894,808.391,19
9,24,1.804936077644182,3.469817194418502,-4.026729821297639,32.834863591593894,4.0,1.653,818.875,19
9,24,1.804936077644182,3.889028019857568,-0.0017174962177987,32.87372912539364,0.0008,3.889,829.532,19
9,24,1.804936077644182,3.4655946070858468,-4.025769131948006,32.876664380552626,4.0,1.648,840.032,19
9,24,1.804936077644182,3.884320249697762,-0.0020167849570466,32.95265798787549,0.0006,3.885,850.454,19
9,24,1.804936077644182,3.496562998472736,-4.026694804177082,32.47328730357245,4.0,1.677,692.766,19
9,24,1.804936077644182,3.9176890427622064,-0.002625310198631,32.52477405070905,0.0006,3.918,703.219,19
9,24,1.804936077644182,3.6141267262165937,-4.025299252030795,28.90400544148383,4.0,1.782,209.422,19
9,24,1.804936077644182,4.058077970756113,0.0005266728812376,29.04952937093667,0.0006,4.058,219.891,19
9,24,1.804936077644182,3.607466847134905,-4.023409798327875,29.11799331017174,4.0,1.777,230.375,19
9,24,1.804936077644182,4.050862257074555,-0.0010319513703391,29.27257256036785,0.0006,4.051,240.86,19
9,24,1.804936077644182,3.6012814208068518,-4.025960235260461,29.318042914107945,4.0,1.771,251.391,19
9,24,1.804936077644182,4.043504070118098,0.000115723978508,29.45177181756633,0.0006,4.043,261.891,19
9,24,1.804936077644182,3.4786668948950323,-4.025601388347724,32.6961811603587,4.0,1.661,776.86,19
9,24,1.804936077644182,3.89851735443397,-0.0016027383602574,32.78552310598562,0.0006,3.898,787.375,19
9,24,1.804936077644182,3.359996861421349,5.551733539275339e-05,27.279999644251195,0.0006,-0.0,6361.454,19
9,24,1.804936077644182,3.3600137979204816,-0.0038452359270374,27.269420959478506,0.0006,0.0,6372.375,19
9,24,1.804936077644182,3.3601577463732566,-0.0031822546094515,27.27092972420011,0.0006,-0.0,6383.297,19
9,24,1.804936077644182,3.360279167624067,0.0005459184092249,27.26416550484427,0.0006,0.0,6394.204,19
9,24,1.804936077644182,3.360342316320388,-0.0047497747486725,27.247261524933165,0.0006,0.0,6405.188,19
9,24,1.804936077644182,3.3605125209555475,-2.7127162351908392e-05,27.24884404483746,0.0006,0.0,6416.094,19
9,24,1.804936077644182,3.360711216868573,-0.0013342420201777,27.240660566480106,0.0006,0.0,6426.969,19
9,24,1.804936077644182,3.36061601818323,-0.0031125748172747,27.23753977436248,0.0006,0.0,6437.922,19
9,24,1.804936077644182,3.3608261191641824,-0.0019480424737599,27.233122206278225,0.0006,0.0,6448.907,19
9,24,1.804936077644182,3.356455113914117,-0.0031821607580878,27.460827506650023,0.0006,0.0,6033.454,19
9,24,1.804936077644182,3.356553255189489,-0.0025280986823704,27.46035310879783,0.0006,0.0,6044.313,19
9,24,1.804936077644182,3.356773084405296,-0.0040913870861608,27.44894532990647,0.0006,0.0,6055.204,19
9,24,1.804936077644182,3.3568910932660367,0.0009162717161531,27.44474024915828,0.0006,0.0,6066.172,19
9,24,1.804936077644182,3.3569292495110803,-0.0027839092217519,27.437853869174827,0.0006,0.0,6077.157,19
9,24,1.804936077644182,3.3569270895490795,-0.0017374798153417,27.426909751657657,0.0006,0.0,6088.11,19
9,24,1.804936077644182,3.5896700759954143,-4.02680594774225,29.712766490577064,4.0,1.76,293.391,19
9,24,1.804936077644182,4.029695562727097,0.0008156611153798,29.855606505561106,0.0006,4.029,303.891,19
9,24,1.804936077644182,3.584281256143213,-4.022647133667673,29.90782002594148,4.0,1.758,314.438,19
9,24,1.804936077644182,4.022911243403935,0.0022569839911852,30.034716804394577,0.0006,4.023,324.954,19
9,24,1.804936077644182,3.57924288330884,-4.025008358479936,30.090223520125043,4.0,1.752,335.5,19
9,24,1.804936077644182,4.016886380047589,-0.0005322151757641,30.20769631571483,0.0006,4.016,346.047,19
9,24,1.804936077644182,3.6208064612047375,-4.0251008150043335,28.708457283394026,4.0,1.788,188.391,19
9,24,1.804936077644182,4.0660368353479415,0.0007096742080453,28.85648937975376,0.0006,4.067,198.922,19
9,24,1.804936077644182,3.5696567415360687,-4.023282340102449,30.44427344230573,4.0,1.743,377.625,19
9,24,1.804936077644182,4.004500112974094,-0.0030452901340879,30.574246151501978,0.0006,4.005,388.063,19
9,24,1.804936077644182,3.564781931234537,-4.025779298690689,30.617016463140388,4.0,1.738,398.563,19
9,24,1.804936077644182,3.998685262080672,-0.0049192272853571,30.741704454417334,0.0006,3.998,409.047,19
9,24,1.804936077644182,3.5595681428809067,-4.0276602822734295,30.769822959342147,4.0,1.734,419.672,19
9,24,1.804936077644182,3.9924561798014073,-2.54529970158651e-06,30.90188512476452,0.0006,3.992,430.172,19
9,24,1.804936077644182,3.5954155279623783,-4.024281234859663,29.525085059814977,4.0,1.766,272.422,19
9,24,1.804936077644182,4.036227671900519,0.0010727817926703,29.65039787654769,0.0006,4.035,282.907,19
9,24,1.804936077644182,3.550128131786844,-4.024507101327879,31.084369758302937,4.0,1.727,461.657,19
9,24,1.804936077644182,3.980321148565369,-0.0006410623596387,31.214104264028805,0.0006,3.98,472.141,19
9,24,1.804936077644182,3.5450094552507503,-4.024357432068087,31.252377504539872,4.0,1.722,482.657,19
9,24,1.804936077644182,3.973948697637696,-0.0027860543288415,31.376012948275463,0.0006,3.973,493.11,19
9,24,1.804936077644182,3.540095510543978,-4.023564060093725,31.39909315561313,4.0,1.717,503.625,19
9,24,1.804936077644182,3.9677769365162265,-0.0018453717781142,31.515129605253456,0.0006,3.967,514.11,19
9,24,1.804936077644182,3.57454304374246,-4.027850787866815,30.257231489170703,4.0,1.748,356.547,19
9,24,1.804936077644182,4.010754441212988,-0.0009520047733779,30.39169357792276,0.0006,4.011,367.11,19
9,24,1.804936077644182,3.55487278410414,-4.0249034698274855,30.929547175665,4.0,1.73,440.657,19
9,24,1.804936077644182,3.986439446784844,-0.0008846289170425,31.06154322900284,0.0006,3.986,451.157,19
9,24,1.804936077644182,4.190283088382904,-0.0046515980421829,26.431871222136834,0.0006,-0.0,0.0,19
9,24,1.804936077644182,4.190404777859946,0.0001427579307052,26.420629809971157,0.0006,4.205,9.282,19
9,24,1.804936077644182,3.705526904242491,-4.02352408782799,26.906468919319227,4.0,1.861,41.125,19
9,24,1.804936077644182,4.139265502223827,0.0009291354568855,27.1040127105926,0.0006,4.145,51.75,19
9,24,1.804936077644182,3.685796462920486,-4.025605330169153,27.21963590812249,4.0,1.844,62.266000000000005,19
9,24,1.804936077644182,4.124386109194531,-0.0014257081355988,27.410803094771417,0.0006,4.129,72.782,19
9,24,1.804936077644182,3.669983260026705,-4.024015949869013,27.50464909096885,4.0,1.829,83.28200000000001,19
9,24,1.804936077644182,4.1119209547326285,0.0003470109592849,27.676334530058785,0.0006,4.115,93.829,19
9,24,1.804936077644182,3.645848148930645,-4.024777209239517,28.01375241865011,4.0,1.806,125.375,19
9,24,1.804936077644182,4.091326044147215,0.0008816114635864,28.17633068777421,0.0006,4.093,135.86,19
9,24,1.804936077644182,3.6365020371169514,-4.026114643625808,28.25962824955695,4.0,1.798,146.407,19
9,24,1.804936077644182,4.082229227633984,-0.000553096290426,28.42942905991655,0.0006,4.083,156.907,19
9,24,1.804936077644182,3.628587505159544,-4.025148637785072,28.5036557323514,4.0,1.794,167.391,19
9,24,1.804936077644182,4.073992464449126,0.0003381193052339,28.660213242404076,0.0006,4.075,177.875,19
9,24,1.804936077644182,3.732332005312046,-4.025305838326454,26.525915123567238,4.0,1.869,20.047000000000004,19
9,24,1.804936077644182,4.158330487096971,-0.000379584880045,26.764221157186466,0.0008,4.165,30.625,19
9,24,1.804936077644182,3.656811883332253,-4.025503107917556,27.763579604769763,4.0,1.816,104.329,19
9,24,1.804936077644182,4.101334342153929,-0.0006594790831938,27.947683221495105,0.0006,4.103,114.844,19
10,24,1.8049315924982108,3.996170387021055,-0.0013509047494802,31.01226826971099,0.0006,3.995,411.547,18
10,24,1.8049315924982108,3.559030558839452,-4.023997306460903,31.084055776379056,4.0,1.733,422.172,18
10,24,1.8049315924982108,3.989833223335976,0.0011317271106485,31.20455425107001,0.0006,3.99,432.703,18
10,24,1.8049315924982108,3.554362775435935,-4.024630188455412,31.254057764067166,4.0,1.73,443.281,18
10,24,1.8049315924982108,3.936098635930814,-0.0015432330689192,32.45480166072468,0.0006,3.936,622.891,18
10,24,1.8049315924982108,3.5098031268814798,-4.026239639294511,32.49660500024406,4.0,1.686,633.469,18
10,24,1.8049315924982108,3.9307264374901,-0.0026185887320104,32.56813273026851,0.0006,3.93,643.984,18
10,24,1.8049315924982108,3.504644929915034,-4.026278143224494,32.638864120999706,4.0,1.683,654.594,18
10,24,1.8049315924982108,4.020988147435216,-0.0019937689879515,30.290692691439705,0.0006,4.021,326.719,18
10,24,1.8049315924982108,3.579470390597516,-4.02638304236433,30.352779954406472,4.0,1.752,337.313,18
10,24,1.8049315924982108,4.014586403683175,-0.0004004226580222,30.47475209127713,0.0006,4.014,347.859,18
10,24,1.8049315924982108,3.5741192663167127,-4.026226407886822,30.543809070919632,4.0,1.746,358.563,18
10,24,1.8049315924982108,3.959266560651879,-0.0008852173412871,31.985711970310337,0.0006,3.958,538.313,18
10,24,1.8049315924982108,3.529380813409359,-4.026499117701729,32.03394767852199,4.0,1.705,548.875,18
10,24,1.8049315924982108,3.953331617424891,0.0011259426369581,32.10366491530463,0.0006,3.953,559.453,18
10,24,1.8049315924982108,3.524318957658465,-4.022810248854155,32.17218953329586,4.0,1.701,570.063,18
10,24,1.8049315924982108,4.048664730481554,-0.0009555500923394,29.52285328342561,0.0006,4.047,242.219,18
10,24,1.8049315924982108,3.60153855291416,-4.03024351282461,29.57429112223773,4.0,1.768,252.797,18
10,24,1.8049315924982108,4.041073629446821,-0.0001421257869331,29.7169680130217,0.0006,4.041,263.375,18
10,24,1.8049315924982108,3.595462462971984,-4.026506657445554,29.78226117440705,4.0,1.764,273.953,18
10,24,1.8049315924982108,3.983679844442591,-0.0006660029658378,31.377068902033795,0.0006,3.984,453.813,18
10,24,1.8049315924982108,3.549114136259216,-4.0275778352883,31.431012024865456,4.0,1.726,464.375,18
10,24,1.8049315924982108,3.977795481362734,8.151918382053243e-05,31.537003906131755,0.0006,3.978,474.891,18
10,24,1.8049315924982108,3.544489552443025,-4.021323454197031,31.588354670665943,4.0,1.72,485.453,18
10,24,1.8049315924982108,3.384151859536427,-0.0051089926797512,27.68897693130421,0.0006,-0.0,6436.172,18
10,24,1.8049315924982108,3.384121792249783,-0.0006437130382861,27.680896274829536,0.0006,0.0,6447.125,18
10,24,1.8049315924982108,3.3828656211052937,-0.0033992614718809,27.76433330286167,0.0006,-0.0,6281.797,18
10,24,1.8049315924982108,3.382950071773453,-0.0002456577514806,27.76556057053553,0.0006,0.0,6292.813,18
10,24,1.8049315924982108,3.3827628553582656,-0.0011137157249633,27.756646610252144,0.0006,0.0,6303.813,18
10,24,1.8049315924982108,3.383118399475926,-0.0033358426029295,27.74684289833963,0.0006,0.0,6314.859,18
10,24,1.8049315924982108,4.002217954793558,-0.0019110336830065,30.8345754676632,0.0006,4.001,390.391,18
10,24,1.8049315924982108,3.564318379401384,-4.027563289271963,30.891711840363552,4.0,1.736,401.031,18
10,24,1.8049315924982108,3.87725943513578,-0.0026630430730388,33.31591345421621,0.0006,3.878,876.766,18
10,24,1.8049315924982108,3.455999506451125,-4.024404862083972,33.322833674182505,4.0,1.639,887.328,18
10,24,1.8049315924982108,3.872669750027188,-0.0042183726402464,33.365138909201825,0.0006,3.873,897.922,18
10,24,1.8049315924982108,3.4514144917928977,-4.024095414237692,33.384639164218555,4.0,1.633,908.578,18
10,24,1.8049315924982108,3.905344312628447,-0.0029675261309893,33.01024812006388,0.0006,3.905,749.766,18
10,24,1.8049315924982108,3.4819016893114174,-4.024899381004123,33.02274088421118,4.0,1.664,760.344,18
10,24,1.8049315924982108,3.900345209438863,-0.001551657989548,33.03202962934473,0.0006,3.9,770.906,18
10,24,1.8049315924982108,3.4773264392495906,-4.026715682287223,33.092538764897384,4.0,1.657,781.563,18
10,24,1.8049315924982108,3.895448611779472,-0.0017851351174247,33.09768417395382,0.0006,3.896,792.125,18
10,24,1.8049315924982108,3.47290709596438,-4.025062075377161,33.113293465886684,4.0,1.655,802.703,18
10,24,1.8049315924982108,3.890928955362415,-0.0032825534617039,33.1647726625482,0.0006,3.892,813.266,18
10,24,1.8049315924982108,3.4687007851047493,-4.0267266306617655,33.180859034562715,4.0,1.649,823.828,18
10,24,1.8049315924982108,3.9250388851900513,-0.0027765973757031,32.6837469675407,0.0006,3.925,665.141,18
10,24,1.8049315924982108,3.4994569810272567,-4.025247471196458,32.71657529118548,4.0,1.679,675.844,18
10,24,1.8049315924982108,3.920006864062305,-0.0024718026866884,32.79664541685682,0.0006,3.92,686.438,18
10,24,1.8049315924982108,3.495290631525239,-4.023869294331735,32.808249567781,4.0,1.674,696.984,18
10,24,1.8049315924982108,4.0082369173771495,-0.0008052044863992,30.66668444483188,0.0006,4.007,369.094,18
10,24,1.8049315924982108,3.569046158154333,-4.0258014703059,30.73211400678474,4.0,1.742,379.734,18
10,24,1.8049315924982108,3.9100498936120593,0.0013112316404916,32.9650905442462,0.0006,3.91,728.625,18
10,24,1.8049315924982108,3.486274147617237,-4.025775186814365,32.92243595664007,4.0,1.667,739.203,18
10,24,1.8049315924982108,3.94731056131849,-0.0020344122792515,32.2450767912256,0.0006,3.948,580.672,18
10,24,1.8049315924982108,3.519609300762866,-4.024452523842938,32.30538356960956,4.0,1.696,591.281,18
10,24,1.8049315924982108,3.941497817043482,-0.0011214808350147,32.3789648824799,0.0006,3.941,601.813,18
10,24,1.8049315924982108,3.514659871643444,-4.0259965602191095,32.40257959729133,4.0,1.692,612.344,18
10,24,1.8049315924982108,3.816123935577541,-0.0018042303364923,34.1234872569954,0.0006,3.816,1172.906,18
10,24,1.8049315924982108,3.589834451168584,-4.024437741788032,29.957484132879184,4.0,1.76,295.047,18
10,24,1.8049315924982108,4.027644387077222,-0.0021321965536181,30.098054586908432,0.0006,4.027,305.594,18
10,24,1.8049315924982108,3.5845062632363214,-4.02402786827525,30.176081514165013,4.0,1.756,316.172,18
10,24,1.8049315924982108,3.885971311609704,-0.002392483171197,33.233305182196865,0.0006,3.886,834.391,18
10,24,1.8049315924982108,3.4644221377893265,-4.026428074879698,33.22514072914232,4.0,1.646,844.969,18
10,24,1.8049315924982108,3.881687697185954,-0.0030775992737892,33.278932859073905,0.0006,3.882,855.547,18
10,24,1.8049315924982108,3.4602361582397303,-4.024677646244556,33.29875117359892,4.0,1.642,866.125,18
10,24,1.8049315924982108,3.7483327774475534,0.0003618592787195,35.218840944456254,0.0006,3.75,1553.594,18
10,24,1.8049315924982108,3.334950217189536,-4.025189461132568,35.208659615982235,4.0,1.521,1564.156,18
10,24,1.8049315924982108,3.745245391064927,-0.0019621840239017,35.25868980274283,0.0006,3.746,1574.719,18
10,24,1.8049315924982108,3.3315793001267284,-4.026542050770745,35.23926493890479,4.0,1.518,1585.375,18
10,24,1.8049315924982108,3.7695144543040335,-0.0013538860817895,34.8923319268596,0.0006,3.77,1426.891,18
10,24,1.8049315924982108,3.355206384915208,-4.022572116668887,34.86427567953309,4.0,1.541,1437.406,18
10,24,1.8049315924982108,3.765688650245774,0.0037844751277207,34.92762022270279,0.0008,3.766,1447.953,18
10,24,1.8049315924982108,3.3514561807667818,-4.029040006498633,34.93413386569833,4.0,1.537,1458.578,18
10,24,1.8049315924982108,3.762113479390448,0.0006475273914743,34.974023610414655,0.0006,3.764,1469.094,18
10,24,1.8049315924982108,3.347977489328375,-4.024621900569114,34.98532566353234,4.0,1.535,1479.672,18
10,24,1.8049315924982108,3.758727484383016,-0.0014666149668453,35.046665156411585,0.0006,3.76,1490.203,18
10,24,1.8049315924982108,3.344397223835258,-4.026015736467813,35.053691754699415,4.0,1.531,1500.813,18
10,24,1.8049315924982108,3.784252264839696,-0.0006044384820201,34.64900141243251,0.0006,3.784,1342.219,18
10,24,1.8049315924982108,3.368766075832422,-4.027008646966753,34.62310589725215,4.0,1.555,1352.859,18
10,24,1.8049315924982108,3.7806101378523818,-0.0022838619510792,34.70175004467639,0.0006,3.782,1363.422,18
10,24,1.8049315924982108,3.365571698071101,-4.026162905616349,34.68278037612473,4.0,1.552,1373.938,18
10,24,1.8049315924982108,3.7768640073343582,-0.0002408975220697,34.77075926066282,0.0006,3.778,1384.516,18
10,24,1.8049315924982108,3.361948747175885,-4.025124105390626,34.75290017973187,4.001,1.549,1395.063,18
10,24,1.8049315924982108,3.773139286124556,-0.0006828117802343,34.82529664508106,0.0006,3.774,1405.656,18
10,24,1.8049315924982108,3.358496445597292,-4.027520789415033,34.80838063946985,4.0,1.544,1416.281,18
10,24,1.8049315924982108,3.800061335157127,-0.0018093014160353,34.399452320998535,0.0006,3.8,1257.563,18
10,24,1.8049315924982108,3.383874373148953,-4.024171893091826,34.39877103086836,4.0,1.569,1268.156,18
10,24,1.8049315924982108,3.7959654383749135,-0.0022670891537508,34.43640746275799,0.0006,3.797,1278.766,18
10,24,1.8049315924982108,3.380175801008588,-4.025217165479127,34.45269440411903,4.0,1.566,1289.391,18
10,24,1.8049315924982108,3.791982980295208,-0.0035230825676695,34.51365226332327,0.0006,3.792,1300.0,18
10,24,1.8049315924982108,3.376387063943864,-4.024848024782792,34.50252798204868,4.0,1.561,1310.578,18
10,24,1.8049315924982108,3.788170675551137,-0.0026574309604193,34.58566149053585,0.0006,3.788,1321.094,18
10,24,1.8049315924982108,3.372545583694993,-4.025140622016429,34.57739565570813,4.0,1.558,1331.688,18
10,24,1.8049315924982108,3.706532711112442,-0.0005112607666929,35.87640117632843,0.0006,3.707,1850.031,18
10,24,1.8049315924982108,3.292793724053846,-4.027164205843079,35.87409526778215,4.0,1.48,1860.672,18
10,24,1.8049315924982108,3.703495309941359,-0.0033161636755446,35.89314604298597,0.0006,3.705,1871.219,18
10,24,1.8049315924982108,3.290340511066606,-4.027023002932384,35.91707609293216,4.0,1.477,1881.781,18
10,24,1.8049315924982108,3.70098346882661,-0.002166076311738,35.95340539474483,0.0006,3.702,1892.328,18
10,24,1.8049315924982108,3.287720263017269,-4.024287655611769,35.97579944802658,4.0,1.475,1902.875,18
10,24,1.8049315924982108,3.6987024726203575,0.0009850287776956,36.00586929579053,0.0008,3.7,1913.438,18
10,24,1.8049315924982108,3.284709223890849,-4.024621284823383,35.98775862250473,4.0,1.471,1924.063,18
10,24,1.8049315924982108,3.717465846580422,-0.0019054172014646,35.723877160508884,0.0008,3.718,1765.281,18
10,24,1.8049315924982108,3.303709948626968,-4.026613960234165,35.70677575248902,4.0,1.489,1775.844,18
10,24,1.8049315924982108,3.7146355834512153,-0.0012570179032474,35.75357085782144,0.0006,3.716,1786.484,18
10,24,1.8049315924982108,3.3012345756568453,-4.026904606522518,35.73944100858981,4.0,1.488,1797.031,18
10,24,1.8049315924982108,3.711796948974013,0.0002418447932652,35.77037257630543,0.0006,3.714,1807.609,18
10,24,1.8049315924982108,3.2982306751399686,-4.025511784328241,35.77711084626214,4.0,1.485,1818.234,18
10,24,1.8049315924982108,3.708960063920585,-0.0006893380693838,35.83723675550755,0.0006,3.71,1828.813,18
10,24,1.8049315924982108,3.2957639590724077,-4.023928946424444,35.83511857665854,4.0,1.481,1839.375,18
10,24,1.8049315924982108,3.7290442356067888,-0.0023040997449153,35.51261490317795,0.0006,3.73,1680.656,18
10,24,1.8049315924982108,3.316097521056488,-4.025239487671877,35.49465293312793,4.0,1.501,1691.219,18
10,24,1.8049315924982108,3.7264889122493994,-0.0001238121916529,35.56994336764887,0.0006,3.727,1701.781,18
10,24,1.8049315924982108,3.313107722198272,-4.027009934574364,35.55227118382061,4.0,1.499,1712.328,18
10,24,1.8049315924982108,3.723355472149529,-0.0029243084353627,35.618725261840936,0.0006,3.724,1722.859,18
10,24,1.8049315924982108,3.3096574901234286,-4.024593867584318,35.59197017332462,4.0,1.496,1733.5,18
10,24,1.8049315924982108,3.7200752858443926,-0.0036341277890689,35.67293640075172,0.0006,3.722,1744.063,18
10,24,1.8049315924982108,3.306741987250377,-4.024139914325617,35.64365561713805,4.0,1.493,1754.672,18
10,24,1.8049315924982108,3.741784445006513,-0.0011262805459013,35.31117904348559,0.0006,3.743,1595.953,18
10,24,1.8049315924982108,3.3283869677575377,-4.028156318013267,35.305835836926775,4.001,1.515,1606.5,18
10,24,1.8049315924982108,3.73884053991162,-0.0017293631765701,35.383943796655856,0.0006,3.74,1617.094,18
10,24,1.8049315924982108,3.3250338289386243,-4.023607537574305,35.37283241952411,4.0,1.511,1627.703,18
10,24,1.8049315924982108,3.7357521661014186,0.0005700261687407,35.420264158139624,0.0006,3.737,1638.344,18
10,24,1.8049315924982108,3.3222295692336044,-4.024912495536549,35.415497976638605,4.0,1.509,1648.906,18
10,24,1.8049315924982108,3.7324899125367,-0.0017340456886415,35.48894894902384,0.0006,3.734,1659.531,18
10,24,1.8049315924982108,3.319208335352831,-4.024709857813073,35.461197484336644,4.0,1.505,1670.125,18
10,24,1.8049315924982108,3.6709567941214822,-0.0006633221410829,36.59625062476228,0.0006,3.672,2188.953,18
10,24,1.8049315924982108,3.2554573065205683,-4.026831478561029,36.5597043078597,4.001,1.443,2199.469,18
10,24,1.8049315924982108,3.669147040938815,-0.0021276414265698,36.6316799924755,0.0006,3.67,2210.031,18
10,24,1.8049315924982108,3.2528991952492183,-4.025208243777552,36.61993760298539,4.0,1.44,2220.688,18
10,24,1.8049315924982108,3.6673288609669608,-0.0049108378966731,36.701156424656176,0.0006,3.668,2231.234,18
10,24,1.8049315924982108,3.2510807154244192,-4.023753294103002,36.71469974810043,4.0,1.438,2241.781,18
10,24,1.8049315924982108,3.665421516198857,0.0015493256961899,36.716000472286325,0.0006,3.666,2252.359,18
10,24,1.8049315924982108,3.2489994538922446,-4.025902216357856,36.73382499003357,4.0,1.437,2262.891,18
10,24,1.8049315924982108,3.678629775666455,-0.0028604025323862,36.411371010833314,0.0006,3.679,2104.203,18
10,24,1.8049315924982108,3.2632855508735736,-4.023936979985931,36.37183466111701,4.0,1.451,2114.922,18
10,24,1.8049315924982108,3.67623070614192,0.0008861836387058,36.474937355816216,0.0006,3.677,2125.5,18
10,24,1.8049315924982108,3.2615419209942846,-4.024494260954865,36.45187319181182,4.0,1.448,2136.031,18
10,24,1.8049315924982108,3.674967414213856,-0.0032118464749758,36.50369774192577,0.0006,3.676,2146.656,18
10,24,1.8049315924982108,3.2592690417881807,-4.025674180856795,36.470789913446055,4.0,1.447,2157.281,18
10,24,1.8049315924982108,3.672629696935725,-0.0037771473914833,36.56995930324132,0.0006,3.674,2167.797,18
10,24,1.8049315924982108,3.25736243513271,-4.0241429756579645,36.54142421043564,4.0,1.445,2178.375,18
10,24,1.8049315924982108,3.686997310204831,-0.0031950450872668,36.218970727698114,0.0006,3.688,2019.547,18
10,24,1.8049315924982108,3.2726099838397498,-4.024768110994785,36.20671716056084,4.0,1.459,2030.172,18
10,24,1.8049315924982108,3.684395405644428,0.0007274264437139,36.24987305228173,0.0006,3.686,2040.703,18
10,24,1.8049315924982108,3.270094806457303,-4.026278812559997,36.25585945295317,4.0,1.457,2051.359,18
10,24,1.8049315924982108,3.682384966290732,-0.0006181821440683,36.30892478105092,0.0006,3.684,2061.875,18
10,24,1.8049315924982108,3.2679525286474043,-4.024867882775882,36.29347371148796,4.0,1.455,2072.453,18
10,24,1.8049315924982108,3.68041509766873,-0.0013411315739169,36.35347114129279,0.0006,3.682,2083.031,18
10,24,1.8049315924982108,3.265830884991665,-4.024818432545978,36.33376393550765,4.0,1.453,2093.594,18
10,24,1.8049315924982108,3.696133643356757,-0.0008499036540001,36.0643824843261,0.0006,3.697,1934.703,18
10,24,1.8049315924982108,3.282402089730845,-4.027641134803892,36.03636352476431,4.0,1.469,1945.313,18
10,24,1.8049315924982108,3.693656656465167,7.585680917903106e-05,36.09756839843413,0.0006,3.695,1955.875,18
10,24,1.8049315924982108,3.2798398460254417,-4.025247171863265,36.0766359346105,4.001,1.466,1966.5,18
10,24,1.8049315924982108,3.691280603325536,-0.0032839602365713,36.14094217201739,0.0006,3.692,1977.141,18
10,24,1.8049315924982108,3.27740344785852,-4.0246023562768745,36.121097422365466,4.0,1.465,1987.75,18
10,24,1.8049315924982108,3.688980369183946,0.0005058381632837,36.19817364280578,0.0006,3.69,1998.297,18
10,24,1.8049315924982108,3.2750516798888785,-4.027179995960577,36.1632909403679,4.0,1.462,2008.922,18
10,24,1.8049315924982108,3.6399458364145327,-0.0005706746822124,37.39224358439834,0.0006,3.639,2527.797,18
10,24,1.8049315924982108,3.217078301274621,-4.024661957272448,37.39176397074674,4.0,1.407,2538.344,18
10,24,1.8049315924982108,3.637774669400385,0.0010257334533681,37.46372081518317,0.0006,3.637,2548.875,18
10,24,1.8049315924982108,3.214234456121899,-4.025854956903256,37.45013485746804,4.0,1.405,2559.484,18
10,24,1.8049315924982108,3.6355674930418673,0.0009229659057882,37.52069565870487,0.0006,3.635,2570.125,18
10,24,1.8049315924982108,3.2117459857535984,-4.025790115151977,37.52073677502635,4.0,1.403,2580.719,18
10,24,1.8049315924982108,3.633466662946074,0.000187820347416,37.60193308125245,0.0006,3.632,2591.375,18
10,24,1.8049315924982108,3.2086903613528848,-4.0229591044491295,37.59984184055597,4.001,1.4,2601.938,18
10,24,1.8049315924982108,3.648550160424235,-0.0010752879052905,37.198774630939226,0.0006,3.648,2442.938,18
10,24,1.8049315924982108,3.2278902891511603,-4.026285479242865,37.20294833559847,4.0,1.417,2453.516,18
10,24,1.8049315924982108,3.646782840176359,0.0003856359046855,37.26543437161327,0.0006,3.646,2464.109,18
10,24,1.8049315924982108,3.225290454970017,-4.025214228949839,37.23097083097964,4.0,1.415,2474.75,18
10,24,1.8049315924982108,3.644324398736984,-0.0021115985128155,37.318771221400056,0.0006,3.643,2485.359,18
10,24,1.8049315924982108,3.22245496193976,-4.025845418579635,37.29023283225695,4.0,1.412,2495.953,18
10,24,1.8049315924982108,3.6424567642250314,-0.0026884273623232,37.35717342484006,0.0006,3.641,2506.531,18
10,24,1.8049315924982108,3.219650517413264,-4.027118569474894,37.358070600572205,4.0,1.411,2517.188,18
10,24,1.8049315924982108,3.656301348935342,-0.0044140443217458,36.9827130488825,0.0006,3.656,2358.078,18
10,24,1.8049315924982108,3.237682786588145,-4.02449386171621,37.00277779207148,4.0,1.427,2368.625,18
10,24,1.8049315924982108,3.654501041199621,-0.0010911544402623,37.04928253424179,0.0006,3.655,2379.234,18
10,24,1.8049315924982108,3.2352348339639314,-4.026280699147888,37.02585138844768,4.0,1.425,2389.891,18
10,24,1.8049315924982108,3.6526062874757392,0.0002705157755415,37.1152612612474,0.0006,3.653,2400.469,18
10,24,1.8049315924982108,3.2328418210926344,-4.025072305211582,37.10305934546453,4.0,1.422,2411.031,18
10,24,1.8049315924982108,3.6508666655870345,-0.0010952997071962,37.15749266553758,0.0006,3.65,2421.609,18
10,24,1.8049315924982108,3.2302898629387258,-4.025752347526687,37.1469196739908,4.0,1.42,2432.328,18
10,24,1.8049315924982108,3.6636417123424048,-0.0007100531366964,36.80956764069329,0.0006,3.664,2273.453,18
10,24,1.8049315924982108,3.246745669564289,-4.025260024538948,36.79685776449184,4.0,1.435,2284.016,18
10,24,1.8049315924982108,3.661708706658605,-0.0009863212343349,36.841593645753335,0.0006,3.663,2294.578,18
10,24,1.8049315924982108,3.244389491976258,-4.022653923982651,36.8566456966917,4.0,1.433,2305.188,18
10,24,1.8049315924982108,3.65997603199508,-0.0023774131170092,36.90244754427388,0.0006,3.661,2315.719,18
10,24,1.8049315924982108,3.2421160821210213,-4.024403222732995,36.8740934889392,4.0,1.429,2326.328,18
10,24,1.8049315924982108,3.658305822880104,-0.0011362901547334,36.92681798697882,0.0006,3.659,2336.938,18
10,24,1.8049315924982108,3.239995951174297,-4.0252554734298185,36.94823047153272,4.0,1.428,2347.531,18
10,24,1.8049315924982108,3.58895895706451,0.0027033925800634,38.38090891957731,0.0006,3.585,2866.125,18
10,24,1.8049315924982108,3.1509853945574418,-4.026172834391993,38.387029612897074,4.001,1.349,2876.688,18
10,24,1.8049315924982108,3.583775571767666,0.0009911997798567,38.45555496921504,0.0006,3.58,2887.297,18
10,24,1.8049315924982108,3.1444487443620828,-4.024597325735682,38.49109509599049,4.0,1.343,2897.813,18
10,24,1.8049315924982108,3.578037564043864,-0.0015087159860289,38.54285016894213,0.0006,3.573,2908.438,18
10,24,1.8049315924982108,3.1365566245205048,-4.026398264070573,38.54822938457053,4.0,1.335,2919.0,18
10,24,1.8049315924982108,3.5712620457347377,0.0011338605372965,38.59048795129159,0.0006,3.566,2929.578,18
10,24,1.8049315924982108,3.127533907222974,-4.025272853595951,38.59189838959222,4.0,1.328,2940.141,18
10,24,1.8049315924982108,3.6061115578585454,-0.0011117279804723,38.13715551197769,0.0006,3.603,2781.609,18
10,24,1.8049315924982108,3.1742879211854937,-4.024680727210358,38.14688899675098,4.0,1.371,2792.156,18
10,24,1.8049315924982108,3.602227826683401,-0.0017235364435416,38.1820616991556,0.0006,3.599,2802.719,18
10,24,1.8049315924982108,3.1689751572424885,-4.025389826803459,38.19418401162552,4.0,1.364,2813.313,18
10,24,1.8049315924982108,3.5983065360619637,2.3132869228648967e-05,38.228155223086944,0.0006,3.594,2823.844,18
10,24,1.8049315924982108,3.163239270332298,-4.027900434644641,38.234170947052704,4.0,1.359,2834.469,18
10,24,1.8049315924982108,3.593496508488279,-0.0032850061016223,38.30711824091747,0.0008,3.589,2845.0,18
10,24,1.8049315924982108,3.157386688109418,-4.026734166402995,38.31598232762741,4.0,1.355,2855.563,18
10,24,1.8049315924982108,3.6197479165630257,-0.004297894350208,37.87900413969031,0.0006,3.618,2696.922,18
10,24,1.8049315924982108,3.1913233195345465,-4.027331203406361,37.8886441964388,4.001,1.385,2707.5,18
10,24,1.8049315924982108,3.61659790166901,0.0006912506124727,37.93390646782586,0.0006,3.614,2718.094,18
10,24,1.8049315924982108,3.187443978412388,-4.023881660470435,37.91254994763875,4.0,1.381,2728.656,18
10,24,1.8049315924982108,3.613345908382816,-4.686551303870508e-06,38.00700189522187,0.0006,3.61,2739.297,18
10,24,1.8049315924982108,3.183099720207342,-4.0249842661821145,37.99350019492807,4.0,1.378,2749.938,18
10,24,1.8049315924982108,3.609861803730667,0.0007645121496016,38.072893384387854,0.0006,3.607,2760.531,18
10,24,1.8049315924982108,3.1789142632512317,-4.027321842357675,38.06497217088173,4.0,1.375,2771.047,18
10,24,1.8049315924982108,3.630863977150249,-0.0042723467955936,37.67937779524256,0.0006,3.629,2612.484,18
10,24,1.8049315924982108,3.205540692723246,-4.0260062858913885,37.66766745230397,4.001,1.397,2623.047,18
10,24,1.8049315924982108,3.628080168351585,-0.0011550682444682,37.72228075881958,0.0006,3.627,2633.625,18
10,24,1.8049315924982108,3.2021168709474903,-4.02593416198006,37.70371916801232,4.0,1.395,2644.172,18
10,24,1.8049315924982108,3.625426732141657,-0.0001148649401134,37.76776428033696,0.0006,3.623,2654.672,18
10,24,1.8049315924982108,3.198659481559684,-4.025597536128898,37.775670074993215,4.001,1.391,2665.203,18
10,24,1.8049315924982108,3.6226509182149633,-0.0029126444333989,37.833617256410136,0.0006,3.62,2675.781,18
10,24,1.8049315924982108,3.19495824013534,-4.024123298476317,37.82047423749757,4.0,1.389,2686.344,18
10,24,1.8049315924982108,3.267607436652483,2.3398414142021853e-05,39.8280959278921,0.0006,3.252,3204.922,18
10,24,1.8049315924982108,2.7152814712287774,-4.024317536407658,39.89608005017115,4.0,0.963,3215.453,18
10,24,1.8049315924982108,3.200666048974396,0.000315551368427,39.976876228604056,0.0006,3.182,3226.031,18
10,24,1.8049315924982108,2.608024246810822,-4.0252769289057655,40.0185811340904,4.0,0.875,3236.672,18
10,24,1.8049315924982108,3.1110513045895214,0.0012201395936352,40.16056767389843,0.0006,3.084,3247.219,18
10,24,1.8049315924982108,2.4301277228110902,-4.025556974429693,40.24407773881776,4.001,0.749,3257.828,18
10,24,1.8049315924982108,2.987272675916449,-0.0019738714774287,40.36968640557063,0.0008,2.949,3268.453,18
10,24,1.8049315924982108,2.084244057146889,-4.023875088420796,40.48043473716673,4.001,0.538,3279.047,18
10,24,1.8049315924982108,3.436320221475807,0.0018180703626833,39.34894947153698,0.0006,3.425,3120.281,18
10,24,1.8049315924982108,2.9430837938072894,-4.024718526317401,39.38516497431654,4.0,1.164,3130.875,18
10,24,1.8049315924982108,3.4046623916132277,-0.0036890393227889,39.43396312195481,0.0006,3.394,3141.406,18
10,24,1.8049315924982108,2.9002037659463173,-4.023002848702326,39.47795307363018,4.0,1.127,3152.047,18
10,24,1.8049315924982108,3.367193865075482,-0.0016697643480496,39.559751945861024,0.0006,3.354,3162.594,18
10,24,1.8049315924982108,2.850618241760679,-4.024154638218241,39.591129316460574,4.0,1.08,3173.188,18
10,24,1.8049315924982108,3.321990995457152,-0.0019670816283849,39.73151592985481,0.0006,3.309,3183.797,18
10,24,1.8049315924982108,2.7903939145008367,-4.025580171863803,39.77656053205557,4.0,1.028,3194.359,18
10,24,1.8049315924982108,3.520093878165444,-0.0015326720734327,38.937842983688135,0.0006,3.514,3035.359,18
10,24,1.8049315924982108,3.05626833005156,-4.026602331743229,38.96095541035902,4.001,1.266,3046.047,18
10,24,1.8049315924982108,3.5036177711889565,-0.0028530557009648,39.00685617597663,0.0006,3.495,3056.625,18
10,24,1.8049315924982108,3.034382673014279,-4.027430740935983,39.04077462414186,4.0,1.245,3067.219,18
10,24,1.8049315924982108,3.484902952798824,-0.0021322344702241,39.11614550436421,0.0006,3.475,3077.828,18
10,24,1.8049315924982108,3.0086017231215543,-4.025154702254777,39.14974787931341,4.0,1.223,3088.438,18
10,24,1.8049315924982108,3.462448573199391,-0.0012374217292664,39.241627966848526,0.0006,3.453,3099.031,18
10,24,1.8049315924982108,2.9784376038426714,-4.027037788888168,39.285780294838005,4.001,1.194,3109.625,18
10,24,1.8049315924982108,3.5639168981040905,4.3094876616597824e-05,38.64509132290334,0.0006,3.557,2950.703,18
10,24,1.8049315924982108,3.116841019429401,-4.024617287076331,38.6665890194401,4.0,1.319,2961.359,18
10,24,1.8049315924982108,3.554558018900652,-0.0007090600754862,38.70493088444549,0.0006,3.549,2971.875,18
10,24,1.8049315924982108,3.104959784585133,-4.0247930507028205,38.71455432133313,4.0,1.309,2982.453,18
10,24,1.8049315924982108,3.5449417946674044,-0.0015211135945077,38.760298800741786,0.0006,3.539,2993.031,18
10,24,1.8049315924982108,3.091389779053102,-4.027063341969051,38.78387877882499,4.0,1.298,3003.578,18
10,24,1.8049315924982108,3.5335626128560533,-0.0009508883830151,38.85679317218887,0.0006,3.527,3014.188,18
10,24,1.8049315924982108,3.0759654843699558,-4.025455886193021,38.88400828565142,4.0,1.282,3024.734,18
10,24,1.8049315924982108,3.2454158503674178,0.000456488687038,36.98448748467295,0.0006,0.0,3551.984,18
10,24,1.8049315924982108,3.249025257764068,-0.0017749199725252,36.835628604742936,0.0006,0.0,3562.922,18
10,24,1.8049315924982108,3.2523599926841804,-0.0024087302123486,36.700651721390365,0.0006,0.0,3573.953,18
10,24,1.8049315924982108,3.2556446484396764,-0.0004341096817264,36.57188849026288,0.0006,0.0,3584.922,18
10,24,1.8049315924982108,3.258771829800468,-0.0018630251993226,36.43145720158832,0.0006,0.0,3595.938,18
10,24,1.8049315924982108,3.261909155378445,-0.0007323755261461,36.292318358975926,0.0006,0.0,3606.875,18
10,24,1.8049315924982108,3.2647778643422805,-0.002465932910854,36.192952571389526,0.0006,0.0,3617.891,18
10,24,1.8049315924982108,3.267604272844044,-0.0015108542513268,36.053865557162005,0.0006,0.0,3628.938,18
10,24,1.8049315924982108,3.2079942476113144,-0.0033510607239775,38.161507046159926,0.0006,-0.0,3464.25,18
10,24,1.8049315924982108,3.213752691393767,-0.00157384862036,38.0218531749367,0.0006,0.0,3475.219,18
10,24,1.8049315924982108,3.2189510443193634,-0.0012667726745002,37.8741084705214,0.0006,0.0,3486.203,18
10,24,1.8049315924982108,3.22434736271178,-0.0012024744372327,37.700633972806834,0.0006,0.0,3497.203,18
10,24,1.8049315924982108,3.2289094080265266,-0.0026390954999273,37.576017681828496,0.0006,0.0,3508.156,18
10,24,1.8049315924982108,3.2334720314956344,-0.0017853208461566,37.41066565132867,0.0006,0.0,3519.156,18
10,24,1.8049315924982108,3.237549432786826,-0.0023529359699095,37.25983419333248,0.0006,-0.0,3530.078,18
10,24,1.8049315924982108,3.241557583132645,-0.0030386707057355,37.12347674250613,0.0006,-0.0,3541.047,18
10,24,1.8049315924982108,3.133755173387737,-0.0021983710090257,39.30571882791228,0.0006,0.0,3376.141,18
10,24,1.8049315924982108,3.1477161276928216,-0.0014333934263689,39.19801206560247,0.0006,-0.0,3387.188,18
10,24,1.8049315924982108,3.1592512335774225,-0.0007416764909531,39.094224298298585,0.0006,0.0,3398.219,18
10,24,1.8049315924982108,3.170051646086304,-0.0025696728336478,38.967935496729886,0.0006,-0.0,3409.297,18
10,24,1.8049315924982108,3.1789455650992013,-0.003974160641523,38.817870704484406,0.0006,0.0,3420.297,18
10,24,1.8049315924982108,3.187409121450468,-0.0018990919435564,38.67140005441679,0.0006,-0.0,3431.266,18
10,24,1.8049315924982108,3.19495154037964,0.0004553593277001,38.51215045026401,0.0006,0.0,3442.266,18
10,24,1.8049315924982108,3.201616798652821,0.0006793710004254,38.337677536501765,0.0008,0.0,3453.313,18
10,24,1.8049315924982108,2.845876369269329,0.0016373811343045,40.6345527951007,0.0006,0.0,3289.75,18
10,24,1.8049315924982108,2.935027999161494,-0.0008260717959959,40.60138671912556,0.0006,0.001,3300.469,18
10,24,1.8049315924982108,2.985280158961032,-0.0025794991146731,40.37398570803492,0.0006,0.0,3311.156,18
10,24,1.8049315924982108,3.0229389670640563,-0.0046746118869025,40.20996919831856,0.0006,0.001,3321.891,18
10,24,1.8049315924982108,3.05303992935607,-0.0025714440693999,39.99081469993551,0.0006,0.0,3332.625,18
10,24,1.8049315924982108,3.0785601471926607,-0.0026735964048152,39.876417595182446,0.0006,0.001,3343.453,18
10,24,1.8049315924982108,3.0998898404207447,-0.0015372179905744,39.610586895477965,0.0006,0.0,3354.281,18
10,24,1.8049315924982108,3.118130869611408,-0.0006240549153485,39.503516034820805,0.0006,0.0,3365.141,18
10,24,1.8049315924982108,3.314128261111532,-0.0016503797326887,33.560040697226725,0.0006,-0.0,3904.438,18
10,24,1.8049315924982108,3.3154609651869,-0.0007163256571662,33.47806978514575,0.0006,-0.0,3915.453,18
10,24,1.8049315924982108,3.316682611208821,-0.0006577486198148,33.408603996714966,0.0006,-0.0,3926.422,18
10,24,1.8049315924982108,3.317905886592139,-0.0017540403020443,33.333351293043016,0.0006,0.0,3937.359,18
10,24,1.8049315924982108,3.318996399847058,-0.0018112183448046,33.24530302127945,0.0006,-0.0,3948.359,18
10,24,1.8049315924982108,3.3202192965601456,-0.0017161747900472,33.17041366433337,0.0006,0.0,3959.391,18
10,24,1.8049315924982108,3.321297427798452,-0.0013964474759566,33.104258879064325,0.0006,0.0,3970.406,18
10,24,1.8049315924982108,3.3225059868716422,-0.002965188614173,33.02442362550997,0.0006,0.0,3981.453,18
10,24,1.8049315924982108,3.3028711750047792,0.000589834430752,34.25900978233361,0.0006,0.0,3816.266,18
10,24,1.8049315924982108,3.304491997454836,-0.0013221558894195,34.17779454100409,0.0006,0.0,3827.281,18
10,24,1.8049315924982108,3.305932472493516,-0.0017368390623064,34.089622876551395,0.0006,0.0,3838.313,18
10,24,1.8049315924982108,3.3072866461399397,-0.0018658430420532,33.985429705031834,0.0006,-0.0,3849.328,18
10,24,1.8049315924982108,3.3088830280589607,-0.0013361304201623,33.90614034939051,0.0006,0.0,3860.344,18
10,24,1.8049315924982108,3.31027130108788,-0.0025889408086075,33.8206424680379,0.0006,-0.0,3871.406,18
10,24,1.8049315924982108,3.311529092050021,-0.0017880996585139,33.72317789765924,0.0006,0.0,3882.453,18
10,24,1.8049315924982108,3.31292875334419,5.277713330001468e-05,33.65075096829939,0.0006,0.0,3893.438,18
10,24,1.8049315924982108,3.288727333677168,-0.0025426014825348,35.07484254777244,0.0006,-0.0,3728.297,18
10,24,1.8049315924982108,3.290736970551442,-0.0013147493244148,34.9644950519636,0.0006,0.0,3739.328,18
10,24,1.8049315924982108,3.2924551457650817,-0.0016389659891571,34.85365838604915,0.0006,-0.0,3750.344,18
10,24,1.8049315924982108,3.2944972560089245,-0.0017116225892443,34.750124446071865,0.0006,0.0,3761.375,18
10,24,1.8049315924982108,3.2963704226256354,-0.0014389222754701,34.651713404908776,0.0006,0.0,3772.344,18
10,24,1.8049315924982108,3.2978700553317326,-0.0002735137016976,34.57161843775586,0.0006,-0.0,3783.281,18
10,24,1.8049315924982108,3.299657562569205,-0.0018443861260618,34.46374296213182,0.0006,-0.0,3794.281,18
10,24,1.8049315924982108,3.3012307605377917,-0.0003548494057654,34.35796272805602,0.0006,-0.0,3805.297,18
10,24,1.8049315924982108,3.270228454444695,-0.0020941404355673,35.94352412309651,0.0006,0.0,3639.938,18
10,24,1.8049315924982108,3.2729944385152256,-0.0020876077498774,35.826852626230135,0.0006,0.0,3650.969,18
10,24,1.8049315924982108,3.275283243722728,-0.0030907744267082,35.71266841237435,0.0006,-0.0,3662.031,18
10,24,1.8049315924982108,3.277842549918609,-0.0005427416857484,35.6042393899847,0.0006,-0.0,3673.031,18
10,24,1.8049315924982108,3.280093674641375,-0.0005697848838995,35.4845180101251,0.0006,0.0,3684.031,18
10,24,1.8049315924982108,3.282302026432908,-0.0018078974483333,35.3703055677706,0.0006,0.0,3695.031,18
10,24,1.8049315924982108,3.2846214584873663,-0.0018303278903311,35.265222899421104,0.0006,0.0,3706.109,18
10,24,1.8049315924982108,3.2866920740355323,0.000151529094531,35.163606961298946,0.0006,-0.0,3717.281,18
10,24,1.8049315924982108,3.3426395191600227,-0.0017656324402269,31.471377030290192,0.0006,0.0,4256.422,18
10,24,1.8049315924982108,3.3432542384343806,-0.0009990702253187,31.405076877061585,0.0006,0.0,4267.438,18
10,24,1.8049315924982108,3.343794317995887,4.866852752902496e-05,31.36649932759251,0.0006,0.0,4278.469,18
10,24,1.8049315924982108,3.344388819956573,-0.0025002102268804,31.31351347357346,0.0006,-0.0,4289.453,18
10,24,1.8049315924982108,3.345127070802091,-0.0004235714318258,31.26341993914207,0.0006,-0.0,4300.438,18
10,24,1.8049315924982108,3.345544290811945,0.0002940551113521,31.225187611425667,0.0006,0.0,4311.406,18
10,24,1.8049315924982108,3.3459839599777377,-0.0024665261296169,31.16924449387055,0.0006,0.0,4322.406,18
10,24,1.8049315924982108,3.3466007844384995,-0.0003405798438007,31.12680540851792,0.0006,0.0,4333.375,18
10,24,1.8049315924982108,3.3373715843553318,-0.0007636177850641,31.90248557509459,0.0006,0.0,4168.5,18
10,24,1.8049315924982108,3.3380689275365416,-0.0013398054955742,31.84876240546687,0.0006,0.0,4179.453,18
10,24,1.8049315924982108,3.3387983764782474,-0.0003365849964989,31.788613670702524,0.0006,0.0,4190.406,18
10,24,1.8049315924982108,3.33955768395176,-0.0027358169617075,31.73341548557781,0.0006,0.0,4201.344,18
10,24,1.8049315924982108,3.34017178097996,0.0006388233626929,31.680104152560983,0.0006,0.0,4212.328,18
10,24,1.8049315924982108,3.3407652234008944,-0.0027197466640154,31.623665916015703,0.0006,0.0,4223.328,18
10,24,1.8049315924982108,3.3415518174767422,-0.0030298467257053,31.57234946281907,0.0006,-0.0,4234.344,18
10,24,1.8049315924982108,3.341979843921868,-0.0008846798607135,31.51624542783766,0.0006,0.0,4245.375,18
10,24,1.8049315924982108,3.331153851077462,-0.0033940955912743,32.40412857439201,0.0006,0.0,4080.375,18
10,24,1.8049315924982108,3.331987230727919,-0.0027135661223955,32.33476134694962,0.0006,0.0,4091.422,18
10,24,1.8049315924982108,3.3327791312186137,-0.0002486131126665,32.27219222747592,0.0006,0.0,4102.469,18
10,24,1.8049315924982108,3.3335371014964763,-0.0002889467652949,32.21673101361258,0.0006,-0.0,4113.484,18
10,24,1.8049315924982108,3.334473957825422,-0.004831477052898,32.143621217081346,0.0006,0.0,4124.516,18
10,24,1.8049315924982108,3.3351862774140457,-0.001429075137956,32.083181198371214,0.0006,0.0,4135.5,18
10,24,1.8049315924982108,3.335924993855956,0.0008439699560139,32.031984053386815,0.0006,0.0,4146.563,18
10,24,1.8049315924982108,3.336666423590069,-0.00276954047207,31.96704271172352,0.0006,-0.0,4157.5,18
10,24,1.8049315924982108,3.3235254106838545,-0.003320476437927,32.95099399824348,0.0006,0.0,3992.422,18
10,24,1.8049315924982108,3.3245505520669045,-0.0009869062061077,32.86991246690406,0.0006,0.0,4003.406,18
10,24,1.8049315924982108,3.3254601165473,-0.0028057660484544,32.7955742518835,0.0006,0.0,4014.359,18
10,24,1.8049315924982108,3.3264952367073675,-0.0010125434285328,32.72815746084555,0.0006,0.0,4025.328,18
10,24,1.8049315924982108,3.327404227359997,-0.0040507832701731,32.665613117243026,0.0006,0.0,4036.313,18
10,24,1.8049315924982108,3.328383020599592,0.0002942116044987,32.588775912192915,0.0006,0.0,4047.375,18
10,24,1.8049315924982108,3.3292355279740127,-0.0016902188915828,32.52653479463884,0.0006,-0.0,4058.422,18
10,24,1.8049315924982108,3.330169617850602,-0.002699842879271,32.46490298914333,0.0006,0.0,4069.391,18
10,24,1.8049315924982108,3.356859568813981,-0.0009702894073973,30.11329816276027,0.0006,0.0,4608.75,18
10,24,1.8049315924982108,3.357833964200059,0.0049785783479378,30.07752470028228,0.0008,0.0,4619.766,18
10,24,1.8049315924982108,3.357620919251281,-0.0037879718084139,30.056181731722496,0.0006,-0.0,4630.828,18
10,24,1.8049315924982108,3.3580424410677785,-0.0054882051595294,30.02538345626302,0.0006,0.0,4641.828,18
10,24,1.8049315924982108,3.358180781894008,0.0011750804188421,29.998820400790795,0.0006,0.0,4652.844,18
10,24,1.8049315924982108,3.3586374459179,-0.0032389882362176,29.96413796783317,0.0006,0.0,4663.813,18
10,24,1.8049315924982108,3.358826004920376,-0.000622577195548,29.92578267095799,0.0006,0.0,4674.781,18
10,24,1.8049315924982108,3.359124993935211,-0.0026568744360944,29.898732046930597,0.0006,0.0,4685.75,18
10,24,1.8049315924982108,3.3540925402139043,-0.0014771194270936,30.4174055832129,0.0006,0.0,4520.563,18
10,24,1.8049315924982108,3.35446294003889,-0.0018387547613227,30.372168840715076,0.0006,0.0,4531.594,18
10,24,1.8049315924982108,3.354863517317858,-0.0038425101450303,30.345033308476523,0.0006,0.0,4542.594,18
10,24,1.8049315924982108,3.355133330694256,-0.003855547673092,30.307987019826157,0.0006,-0.0,4553.578,18
10,24,1.8049315924982108,3.355624454071571,-0.0031463005891796,30.270004189623148,0.0006,0.0,4564.625,18
10,24,1.8049315924982108,3.3560358079703687,-0.0014510011680094,30.217844642160912,0.0006,0.0,4575.656,18
10,24,1.8049315924982108,3.3561834875875274,-0.0029328944482001,30.194800699574287,0.0006,0.0,4586.688,18
10,24,1.8049315924982108,3.3565417083285944,-0.0014982482524493,30.15549573815102,0.0006,-0.0,4597.703,18
10,24,1.8049315924982108,3.3508296196924627,-0.0002110983405659,30.727764045950927,0.0006,0.0,4432.547,18
10,24,1.8049315924982108,3.351359677077668,-0.0045372467545287,30.678479568459736,0.0006,-0.0,4443.594,18
10,24,1.8049315924982108,3.3519051960070603,-0.0025283266200826,30.65223423786497,0.0006,-0.0,4454.609,18
10,24,1.8049315924982108,3.352200343782345,-0.0034020526280005,30.608844575971737,0.0006,0.0,4465.563,18
10,24,1.8049315924982108,3.3525023970092573,-0.0031371298271108,30.55642292055645,0.0006,0.0,4476.531,18
10,24,1.8049315924982108,3.353088707689914,-0.0030587077693947,30.52568709993829,0.0006,0.0,4487.547,18
10,24,1.8049315924982108,3.353334147225075,-0.0026588284289149,30.49267808803952,0.0006,0.0,4498.547,18
10,24,1.8049315924982108,3.353636642306585,-0.0028991785468805,30.454202846062884,0.0006,0.0,4509.516,18
10,24,1.8049315924982108,3.3471857366466,-0.0029401664845111,31.059159584495987,0.0006,0.0,4344.359,18
10,24,1.8049315924982108,3.3475053192599327,-0.0032230416602932,31.034954989134096,0.0006,0.0,4355.469,18
10,24,1.8049315924982108,3.348108807701897,-0.0010540363959178,31.001254128246647,0.0006,0.0,4366.469,18
10,24,1.8049315924982108,3.348538374531079,-0.0017997280535442,30.94848880262383,0.0006,0.0,4377.5,18
10,24,1.8049315924982108,3.34888029789489,0.0004785103387445,30.910327110615647,0.0006,0.0,4388.516,18
10,24,1.8049315924982108,3.34956689563796,-0.0014345852707558,30.85209491427514,0.0006,0.0,4399.516,18
10,24,1.8049315924982108,3.349971016093963,-0.0018714148031925,30.804106027894758,0.0006,0.0,4410.531,18
10,24,1.8049315924982108,3.350287390616596,-0.0015188558011603,30.76922694506936,0.0006,0.0,4421.563,18
10,24,1.8049315924982108,3.3656388153022574,-0.002787338640827,29.232642088271,0.0006,0.0,4961.063,18
10,24,1.8049315924982108,3.365653415252204,-0.0018605593568465,29.1966428428078,0.0006,0.0,4972.078,18
10,24,1.8049315924982108,3.365981150911781,-0.0009574380992173,29.18460697051273,0.0006,-0.0,4983.125,18
10,24,1.8049315924982108,3.3660994672642257,-0.0044727636291184,29.15750825938621,0.0006,-0.0,4994.125,18
10,24,1.8049315924982108,3.366290393963455,-0.0033751831499887,29.144459752625185,0.0006,0.0,5005.125,18
10,24,1.8049315924982108,3.3666402022454016,-0.0023587006229614,29.11667183493049,0.0006,0.0,5016.125,18
10,24,1.8049315924982108,3.366900959050589,-0.0007406742091144,29.10152251573308,0.0006,-0.0,5027.094,18
10,24,1.8049315924982108,3.3669150733060595,-0.0027006263169623,29.08267109225524,0.0006,0.0,5038.016,18
10,24,1.8049315924982108,3.363708328076372,-0.0041992592927742,29.422221221479305,0.0006,0.0,4873.094,18
10,24,1.8049315924982108,3.36393180337362,-0.0028239416414336,29.3947513227899,0.0006,0.0,4884.141,18
10,24,1.8049315924982108,3.3640252588688546,-0.0026094996255553,29.36646485687442,0.0006,0.0,4895.172,18
10,24,1.8049315924982108,3.364380664186008,-0.0052367900546179,29.337393309242174,0.0006,-0.0,4906.156,18
10,24,1.8049315924982108,3.364652327354116,-0.0033776707323776,29.311975569313702,0.0006,0.0,4917.141,18
10,24,1.8049315924982108,3.3649194422807955,-0.0006329537000769,29.292525911998435,0.0006,0.0,4928.094,18
10,24,1.8049315924982108,3.365246456656459,-0.0018237818431334,29.27417208360188,0.0006,-0.0,4939.078,18
10,24,1.8049315924982108,3.365367742829112,-0.0024037034534614,29.24790270896551,0.0006,0.0,4950.078,18
10,24,1.8049315924982108,3.361677107092195,-0.0038938743716586,29.61981649418459,0.0006,0.0,4784.891,18
10,24,1.8049315924982108,3.361848208436901,-0.0010398643794513,29.589103921255976,0.0006,0.0,4795.938,18
10,24,1.8049315924982108,3.3623093860981728,-0.0005725337790175,29.57611061371106,0.0006,0.0,4806.938,18
10,24,1.8049315924982108,3.362472656119785,-0.0007022782382243,29.5526319024484,0.0006,0.0,4817.938,18
10,24,1.8049315924982108,3.362638882173773,-0.0013280138569968,29.51860315322181,0.0006,0.0,4828.984,18
10,24,1.8049315924982108,3.363010108146104,-0.0019598243882514,29.489923495646853,0.0006,0.0,4840.0,18
10,24,1.8049315924982108,3.363437312002525,-0.0037817324304269,29.45793670021795,0.0006,0.0,4851.031,18
10,24,1.8049315924982108,3.3633712317426943,-0.0024486334542948,29.453770702865825,0.0006,0.0,4862.016,18
10,24,1.8049315924982108,3.35941914515576,-0.0034180759018893,29.870166227243736,0.0006,0.0,4696.734,18
10,24,1.8049315924982108,3.359675333561842,-0.0037411227395841,29.837056418935344,0.0006,0.0,4707.75,18
10,24,1.8049315924982108,3.3600251988133985,-0.0039080791626781,29.811255837478264,0.0006,0.0,4718.781,18
10,24,1.8049315924982108,3.3602072858026304,-0.0014695206007422,29.78735392295697,0.0006,0.0,4729.859,18
10,24,1.8049315924982108,3.36054641728452,-0.0020098798830273,29.747401070378597,0.0006,0.0,4740.828,18
10,24,1.8049315924982108,3.360759340116788,-0.0038644232427241,29.712588879809918,0.0006,0.0,4751.813,18
10,24,1.8049315924982108,3.361274963348051,-0.0026082421377879,29.69037997904568,0.0006,-0.0,4762.844,18
10,24,1.8049315924982108,3.3614551937740296,-0.00262507597896,29.65429244522505,0.0006,-0.0,4773.875,18
10,24,1.8049315924982108,3.3714598760806127,-0.0026102674664045,28.63968164508305,0.0006,0.0,5313.375,18
10,24,1.8049315924982108,3.371781451872888,0.0008802667938015,28.621615651359114,0.0006,-0.0,5324.406,18
10,24,1.8049315924982108,3.3718385279740626,-0.0018503216004419,28.60764336676069,0.0006,0.0,5335.438,18
10,24,1.8049315924982108,3.372236645976712,-0.0043912534936809,28.594505709423075,0.0006,0.0,5346.453,18
10,24,1.8049315924982108,3.3722504239676447,-0.00022838444513,28.562862376037483,0.0006,0.0,5357.438,18
10,24,1.8049315924982108,3.372261033426748,-0.0022300523948312,28.56361545110704,0.0006,0.0,5368.453,18
10,24,1.8049315924982108,3.3725139744745616,-0.0024376100653059,28.536664531354862,0.0006,0.0,5379.531,18
10,24,1.8049315924982108,3.3726744487714506,-0.0042787696747487,28.53283875355434,0.0006,-0.0,5390.5,18
10,24,1.8049315924982108,3.3701655475470123,-0.0020840266379457,28.757374588058568,0.0006,-0.0,5225.219,18
10,24,1.8049315924982108,3.3704994824498087,-0.0029853661316197,28.72852701441034,0.0006,0.0,5236.25,18
10,24,1.8049315924982108,3.370559092346856,-0.001787399371768,28.73049250169665,0.0006,-0.0,5247.25,18
10,24,1.8049315924982108,3.370677009740424,-0.0015422241078767,28.72209063734039,0.0006,0.0,5258.281,18
10,24,1.8049315924982108,3.3709315837921205,-0.0042090125021706,28.69511326685189,0.0006,0.0,5269.281,18
10,24,1.8049315924982108,3.371059274655705,-0.0036295964895438,28.69652195177912,0.0006,-0.0,5280.281,18
10,24,1.8049315924982108,3.371161944260133,-0.0015999281304661,28.674277714053567,0.0006,0.0,5291.328,18
10,24,1.8049315924982108,3.371623501633965,-0.0033615939974548,28.65258835063407,0.0006,-0.0,5302.359,18
10,24,1.8049315924982108,3.368885252557761,-0.0002591147760388,28.90138907247032,0.0006,0.0,5137.203,18
10,24,1.8049315924982108,3.3690248223858177,-0.0036943498910903,28.887737004507432,0.0006,0.0,5148.25,18
10,24,1.8049315924982108,3.369181735316827,-0.0025864788177016,28.862007739335656,0.0006,-0.0,5159.281,18
10,24,1.8049315924982108,3.369267430034153,-0.0032492600640466,28.837643416055204,0.0006,0.0,5170.266,18
10,24,1.8049315924982108,3.369697112436524,-0.0018056674663262,28.817216744520067,0.0006,-0.0,5181.234,18
10,24,1.8049315924982108,3.3697080715332235,-0.0023979703789916,28.800311741721607,0.0006,0.0,5192.188,18
10,24,1.8049315924982108,3.3698484408732314,-0.0019613933481407,28.7867391891825,0.0006,0.0,5203.125,18
10,24,1.8049315924982108,3.370062650401447,-0.0014519079914071,28.77612218802222,0.0006,0.0,5214.188,18
10,24,1.8049315924982108,3.3672737441580383,-0.0025109540815756,29.05613254977666,0.0006,0.0,5049.047,18
10,24,1.8049315924982108,3.367205590014721,-0.0017318636797382,29.03451449251768,0.0006,0.0,5060.094,18
10,24,1.8049315924982108,3.3675819227390544,0.0001161261908516,29.00818519870333,0.0006,0.0,5071.094,18
10,24,1.8049315924982108,3.3678965106272822,-0.0023940018245246,28.995869750700063,0.0006,0.0,5082.063,18
10,24,1.8049315924982108,3.3681678774150665,-0.0031515189629441,28.97944086249732,0.0006,-0.0,5093.109,18
10,24,1.8049315924982108,3.368220292810826,-0.003439182300253,28.95738081023424,0.0006,0.0,5104.125,18
10,24,1.8049315924982108,3.368501788807781,-0.0028357633821084,28.93944790281527,0.0006,0.0,5115.156,18
10,24,1.8049315924982108,3.3686441514382026,-0.0024856480448076,28.92152848222409,0.0006,0.0,5126.188,18
10,24,1.8049315924982108,3.376344525747616,-0.0028185792701473,28.2326381121803,0.0006,-0.0,5665.703,18
10,24,1.8049315924982108,3.376494960909477,-0.0017930780657552,28.23090406186865,0.0006,-0.0,5676.734,18
10,24,1.8049315924982108,3.3765735163951707,-0.0044019276712592,28.214243330099603,0.0006,-0.0,5687.781,18
10,24,1.8049315924982108,3.3766138649802064,-0.0012962671393589,28.204197630518337,0.0006,0.0,5698.781,18
10,24,1.8049315924982108,3.376942963050196,-0.0020711949805775,28.188355722704035,0.0006,0.0,5709.797,18
10,24,1.8049315924982108,3.376829663467281,-0.0014238399209491,28.18210063386548,0.0006,-0.0,5720.766,18
10,24,1.8049315924982108,3.3771622076774994,-0.0027661363508142,28.167395508326823,0.0006,0.0,5731.844,18
10,24,1.8049315924982108,3.377192534122819,-0.0007145619914202,28.16130876427334,0.0006,0.0,5742.844,18
10,24,1.8049315924982108,3.375104720260433,-0.0009467567551163,28.316135462667635,0.0006,-0.0,5577.703,18
10,24,1.8049315924982108,3.375467637563854,-0.0011754002393519,28.302867503010187,0.0006,-0.0,5588.656,18
10,24,1.8049315924982108,3.375527849587607,-0.003761326791996,28.29494011296688,0.0006,-0.0,5599.75,18
10,24,1.8049315924982108,3.3755553124695514,-0.0029412931964426,28.279491765920845,0.0006,-0.0,5610.703,18
10,24,1.8049315924982108,3.375693618400477,-0.0004317145868649,28.276472388707045,0.0006,0.0,5621.672,18
10,24,1.8049315924982108,3.3760152096375564,-0.0001479836391333,28.258763160861623,0.0006,-0.0,5632.656,18
10,24,1.8049315924982108,3.376160192569772,-0.0019449013945362,28.261055975901087,0.0006,0.0,5643.625,18
10,24,1.8049315924982108,3.376234525175662,-0.0018999369796273,28.247476597429458,0.0006,0.0,5654.688,18
10,24,1.8049315924982108,3.374165507929192,-0.0029282434122788,28.41422888744685,0.0006,0.0,5489.766,18
10,24,1.8049315924982108,3.374291679922358,-0.0029638538895306,28.39705763949391,0.0006,-0.0,5500.734,18
10,24,1.8049315924982108,3.374283117950898,-0.0030842706827552,28.388593895567805,0.0006,-0.0,5511.703,18
10,24,1.8049315924982108,3.3744417005799376,-0.0043015862087061,28.36824809202041,0.0006,0.0,5522.703,18
10,24,1.8049315924982108,3.374578633675673,-0.0014755595609814,28.35761301975318,0.0006,0.0,5533.688,18
10,24,1.8049315924982108,3.374794065518015,-0.0002060713156231,28.346258190082377,0.0006,0.0,5544.688,18
10,24,1.8049315924982108,3.3749755287871186,-0.0001302802999525,28.33134784951289,0.0006,0.0,5555.672,18
10,24,1.8049315924982108,3.375094527271432,-0.0012339673802317,28.32082419355201,0.0006,0.0,5566.672,18
10,24,1.8049315924982108,3.3730087798709456,-0.0053246518886091,28.51438356691027,0.0006,0.0,5401.547,18
10,24,1.8049315924982108,3.373223094054093,-0.0038365317659272,28.485524970427075,0.0006,0.0,5412.594,18
10,24,1.8049315924982108,3.373156972878347,-0.001885088909591,28.481431660047303,0.0006,-0.0,5423.594,18
10,24,1.8049315924982108,3.373465954224096,-0.0009228000533184,28.47424375326532,0.0006,0.0,5434.578,18
10,24,1.8049315924982108,3.3734852977806,-0.004880282615637,28.459256822577213,0.0006,0.0,5445.625,18
10,24,1.8049315924982108,3.373570686621676,-0.0006321382280927,28.44853530423973,0.0006,0.0,5456.656,18
10,24,1.8049315924982108,3.3738795610593075,-0.0017945890160281,28.43113849171108,0.0006,0.0,5467.656,18
10,24,1.8049315924982108,3.3738714644803145,-0.0032401594219563,28.41943998032856,0.0006,0.0,5478.719,18
10,24,1.8049315924982108,3.3802321085897185,-0.0066001186691103,27.942917843569727,0.0006,-0.0,6017.828,18
10,24,1.8049315924982108,3.3802671849147994,-0.0014391623425665,27.938601843465307,0.0006,0.0,6028.797,18
10,24,1.8049315924982108,3.380363342768146,-0.0054228598729656,27.933037061846694,0.0006,0.0,6039.734,18
10,24,1.8049315924982108,3.3804051709112923,-0.0011282096657853,27.92639278750457,0.0006,0.0,6050.688,18
10,24,1.8049315924982108,3.38070483185572,-0.0019481375019945,27.922407543453936,0.0006,0.0,6061.656,18
10,24,1.8049315924982108,3.380754052055992,0.0009117414022591,27.904799532568894,0.0006,0.0,6072.641,18
10,24,1.8049315924982108,3.3808188815904257,-0.0025606571485362,27.899130703445586,0.0006,0.0,6083.609,18
10,24,1.8049315924982108,3.380863579037571,-0.0047739185746751,27.88324898879836,0.0006,0.0,6094.656,18
10,24,1.8049315924982108,3.379347922844389,-0.0020487837626933,28.006258644677157,0.0006,0.0,5929.906,18
10,24,1.8049315924982108,3.379447974347257,-0.0028981862809618,27.99134921541854,0.0006,0.0,5940.875,18
10,24,1.8049315924982108,3.379462058614856,-0.0025507959596385,27.991360411777272,0.0006,0.0,5951.844,18
10,24,1.8049315924982108,3.379633382209274,0.0007312431974716,27.975290637726587,0.0006,-0.0,5962.813,18
10,24,1.8049315924982108,3.3798204560156755,-0.0025852656091859,27.96924685449141,0.0006,0.0,5973.781,18
10,24,1.8049315924982108,3.379817184030211,-0.0015138307237848,27.968487375546285,0.0006,0.0,5984.813,18
10,24,1.8049315924982108,3.380051797314694,-0.0037273672362345,27.96422302060575,0.0006,0.0,5995.781,18
10,24,1.8049315924982108,3.380069981689299,-0.0011166839648586,27.947402660924567,0.0006,0.0,6006.766,18
10,24,1.8049315924982108,3.378201386465666,-0.0037229503518865,28.081511436547636,0.0006,0.0,5841.875,18
10,24,1.8049315924982108,3.3783455798369117,-0.0009325485189075,28.073714863718106,0.0006,-0.0,5852.906,18
10,24,1.8049315924982108,3.378435911659205,-0.0020313327450348,28.05352538043608,0.0006,0.0,5863.984,18
10,24,1.8049315924982108,3.3785919557249926,-0.0015652603494502,28.04655041065676,0.0006,0.0,5874.969,18
10,24,1.8049315924982108,3.3787242105289352,-0.0023464718175312,28.03676459185884,0.0006,0.0,5885.922,18
10,24,1.8049315924982108,3.379005601748353,-0.0013404708887303,28.02108244171276,0.0006,0.0,5896.891,18
10,24,1.8049315924982108,3.3789428633418748,0.0015769555169778,28.01876034899843,0.0006,0.0,5907.906,18
10,24,1.8049315924982108,3.3791883839630934,-0.0031868339590959,28.02085797646116,0.0006,0.0,5918.922,18
10,24,1.8049315924982108,3.3772354493678307,0.0002519733546778,28.148464413112624,0.0006,0.0,5753.813,18
10,24,1.8049315924982108,3.377519298305248,-0.0034597159779354,28.15006764530929,0.0006,0.0,5764.813,18
10,24,1.8049315924982108,3.3774154860313934,0.0001972321478411,28.127361823758942,0.0006,0.0,5775.797,18
10,24,1.8049315924982108,3.3778860969036058,-0.0027883920866609,28.129013638158483,0.0006,-0.0,5786.781,18
10,24,1.8049315924982108,3.3778258497426124,-0.0030127726018531,28.106556672430283,0.0006,0.0,5797.781,18
10,24,1.8049315924982108,3.377891774515753,-0.0034764107458571,28.09630223821588,0.0006,0.0,5808.813,18
10,24,1.8049315924982108,3.378201173805807,-0.0005557473272995,28.08490662773972,0.0006,0.0,5819.781,18
10,24,1.8049315924982108,3.378258416644871,-0.003105859049456,28.086092226977563,0.0006,-0.0,5830.859,18
10,24,1.8049315924982108,3.3833928595794758,-0.0055445530783829,27.71619872755428,0.0006,-0.0,6370.016,18
10,24,1.8049315924982108,3.38353336712693,-0.005635642186496,27.71800553830326,0.0006,0.0,6381.0,18
10,24,1.8049315924982108,3.383640787872185,-0.0039347534432155,27.71776938661217,0.0006,-0.0,6392.047,18
10,24,1.8049315924982108,3.3836527081301955,-0.0004987759106254,27.71438446402312,0.0006,0.0,6403.063,18
10,24,1.8049315924982108,3.383223992078224,-0.0052142664125327,27.73705958177642,0.0006,0.0,6348.0,18
10,24,1.8049315924982108,3.383466726768237,-0.0036682161892379,27.724858383100397,0.0006,0.0,6359.047,18
10,24,1.8049315924982108,3.381962185830264,-0.0021836678432867,27.812924836231677,0.0006,0.0,6193.859,18
10,24,1.8049315924982108,3.382012281504019,-0.0034703671205363,27.820340370737608,0.0006,0.0,6204.875,18
10,24,1.8049315924982108,3.3818987067716435,-0.003907129370481,27.811152240861645,0.0006,0.0,6215.875,18
10,24,1.8049315924982108,3.382093273761344,-0.0005191467005214,27.80763266868268,0.0006,-0.0,6226.906,18
10,24,1.8049315924982108,3.3838171290815926,-0.0008773835789972,27.71149898173344,0.0006,0.0,6414.094,18
10,24,1.8049315924982108,3.3840590381554816,-0.0042610034589794,27.69489975023128,0.0006,0.0,6425.141,18
10,24,1.8049315924982108,3.382492000248015,-0.0016271386463031,27.78327050981441,0.0006,0.0,6259.859,18
10,24,1.8049315924982108,3.382423148496237,-0.0028673716968081,27.770139811561823,0.0006,0.0,6270.859,18
10,24,1.8049315924982108,3.380877663918555,-0.0012180010988534,27.873709751391623,0.0006,0.0,6105.688,18
10,24,1.8049315924982108,3.381134895865698,0.0007275245968956,27.869896689896294,0.0006,0.0,6116.656,18
10,24,1.8049315924982108,3.3811623775386903,-0.0009044298224185,27.873159951933708,0.0006,0.0,6127.688,18
10,24,1.8049315924982108,3.381327539516209,-0.0019622446264177,27.857039073602184,0.0006,0.0,6138.703,18
10,24,1.8049315924982108,3.383091500326739,-0.0023957952689406,27.740669374647915,0.0006,-0.0,6325.891,18
10,24,1.8049315924982108,3.3830114834891627,-0.0012693226316598,27.73385956468018,0.0006,0.0,6336.922,18
10,24,1.8049315924982108,3.965060837137046,-0.0012605550822508,31.835818637928192,0.0006,3.965,517.203,18
10,24,1.8049315924982108,3.534231031904443,-4.024715011472774,31.875483580069268,4.0,1.71,527.766,18
10,24,1.8049315924982108,4.155948610270121,-0.0015572873027598,26.981797868307225,0.0006,4.163,30.656,18
10,24,1.8049315924982108,3.704840869208172,-4.02597968774846,27.129649344996047,4.0,1.857,41.234,18
10,24,1.8049315924982108,4.136898630342276,-0.0008842677138803,27.352603851432207,0.0006,4.143,51.859,18
10,24,1.8049315924982108,3.68500787283941,-4.02612490234167,27.45644405373437,4.0,1.84,62.484,18
10,24,1.8049315924982108,4.098996507784861,-0.0015295999891115,28.16214284031457,0.0006,4.102,115.266,18
10,24,1.8049315924982108,3.645985136247385,-4.024847628560593,28.2583097475555,4.0,1.804,125.906,18
10,24,1.8049315924982108,3.381461831396775,-0.0035953275655036,27.857415823942716,0.0006,-0.0,6149.734,18
10,24,1.8049315924982108,3.3814295931133884,-0.0021419091789201,27.834444375485237,0.0006,0.0,6160.75,18
10,24,1.8049315924982108,3.381700651826184,0.0005748213182841,27.83847979452881,0.0006,-0.0,6171.797,18
10,24,1.8049315924982108,3.381777938049315,-0.0024518307106185,27.830197326202025,0.0006,0.0,6182.891,18
10,24,1.8049315924982108,3.382152448635985,0.0002365399365796,27.804955894087485,0.0006,0.0,6237.906,18
10,24,1.8049315924982108,3.3823650583835208,-0.0018611515476514,27.79471552535214,0.0006,0.0,6248.875,18
10,24,1.8049315924982108,3.971581749149657,-0.0017227430462216,31.67183695076852,0.0006,3.971,496.047,18
10,24,1.8049315924982108,3.53963580213371,-4.026715219740028,31.732944513090366,4.0,1.716,506.625,18
10,24,1.8049315924982108,3.8080550970630536,-0.0009000245011886,34.26344937432306,0.0006,3.81,1215.188,18
10,24,1.8049315924982108,3.3916631671231863,-4.024833227025294,34.28455514045415,4.0,1.577,1225.75,18
10,24,1.8049315924982108,3.804037781969068,-0.0006160308780807,34.3348146128299,0.0006,3.805,1236.313,18
10,24,1.8049315924982108,3.3875093694794614,-4.024862801467199,34.33343897556264,4.0,1.573,1246.969,18
10,24,1.8049315924982108,3.832810781327945,-0.0014671471339069,33.907837384169056,0.0006,3.834,1088.359,18
10,24,1.8049315924982108,3.4147521743953764,-4.023187542248592,33.85928794986409,4.0,1.599,1098.922,18
10,24,1.8049315924982108,3.828622628250218,-0.0010132323839625,33.958298638614814,0.0006,3.83,1109.484,18
10,24,1.8049315924982108,3.4105336223390186,-4.02402868557738,33.95788455836283,4.0,1.592,1120.0,18
10,24,1.8049315924982108,3.8245831408192528,-0.0001526877471646,34.05882539735141,0.0006,3.826,1130.563,18
10,24,1.8049315924982108,3.4064254853334384,-4.026658030723655,34.045565501395174,4.0,1.59,1141.188,18
10,24,1.8049315924982108,3.820278711203665,0.0013149604319525,34.067044748500514,0.0006,3.82,1151.797,18
10,24,1.8049315924982108,3.4030371409128106,-4.028489030995094,34.052376482701604,4.0,1.586,1162.328,18
10,24,1.8049315924982108,3.8497960777239175,-0.0014394129827388,33.67805105318946,0.0006,3.851,1003.891,18
10,24,1.8049315924982108,3.430287227735632,-4.0262201329255,33.65131509578902,4.0,1.615,1014.484,18
10,24,1.8049315924982108,3.8453576640119302,-0.0010225021451967,33.68870789250379,0.0006,3.846,1025.0,18
10,24,1.8049315924982108,3.42634988241649,-4.025109570678112,33.7006549297147,4.0,1.609,1035.547,18
10,24,1.8049315924982108,3.841293915650352,-0.0022912774322037,33.76823759616422,0.0006,3.842,1046.172,18
10,24,1.8049315924982108,3.4230148968977034,-4.025971609558567,33.748469019965064,4.0,1.607,1056.734,18
10,24,1.8049315924982108,3.836977262345495,0.000195707710553,33.80110979676237,0.0006,3.838,1067.25,18
10,24,1.8049315924982108,3.418552445448762,-4.026024552509544,33.78768718271106,4.0,1.603,1077.813,18
10,24,1.8049315924982108,3.867781519144255,-0.0026584801175028,33.44752420479802,0.0006,3.869,919.188,18
10,24,1.8049315924982108,3.447074656064855,-4.02452736658857,33.44053982231291,4.0,1.629,929.828,18
10,24,1.8049315924982108,3.863040578179553,-0.0037443909839936,33.4684660438247,0.0006,3.864,940.406,18
10,24,1.8049315924982108,3.4426341946622663,-4.025110137067016,33.47803410259889,4.0,1.627,951.0,18
10,24,1.8049315924982108,3.859027014467968,-0.0018224115368081,33.552892394757244,0.0006,3.86,961.656,18
10,24,1.8049315924982108,3.4390714575616506,-4.026082127527738,33.50737297224423,4.0,1.624,972.203,18
10,24,1.8049315924982108,3.854231672914121,-0.0003286577899805,33.60883016907264,0.0006,3.856,982.719,18
10,24,1.8049315924982108,3.4347660346322884,-4.025272310790525,33.621637675965616,4.0,1.62,993.297,18
10,24,1.8049315924982108,3.755405649752985,-0.0034813513693654,35.120588605257446,0.0006,3.756,1511.344,18
10,24,1.8049315924982108,3.341232168424511,-4.023662925510017,35.10244097449282,4.0,1.528,1521.922,18
10,24,1.8049315924982108,3.751975139754452,-0.0023378896706802,35.175299570024485,0.0006,3.752,1532.5,18
10,24,1.8049315924982108,3.3379423480772976,-4.024808983749233,35.16825251989244,4.0,1.523,1543.047,18
10,24,1.8049315924982108,3.3990290737066826,-4.025479939181645,34.13827238826488,4.0,1.583,1183.547,18
10,24,1.8049315924982108,3.812067294882317,-0.0003596274521239,34.183373068689825,0.0006,3.813,1194.109,18
10,24,1.8049315924982108,3.3954483512316056,-4.025611076420333,34.21672989637789,4.0,1.58,1204.625,18
10,24,1.8049315924982108,3.914858966217303,-0.0020573945051894,32.879706116411896,0.0006,3.915,707.547,18
10,24,1.8049315924982108,3.490877755946903,-4.027447011939855,32.87326075552797,4.0,1.67,718.094,18
10,24,1.8049315924982108,4.089404541976075,-0.0007494145095071,28.40915027215509,0.0006,4.091,136.484,18
10,24,1.8049315924982108,3.636762405455448,-4.0244815873503255,28.48533657195025,4.0,1.799,147.031,18
10,24,1.8049315924982108,4.188068725985081,-0.0015809580964133,26.668129241717903,0.0006,0.0,0.0,18
10,24,1.8049315924982108,4.187998064789684,-0.0005627119401401,26.67675252332213,0.0006,4.203,9.359000000000002,18
10,24,1.8049315924982108,3.732106312168023,-4.025926775358428,26.768102134088828,4.0,1.862,20.141000000000005,18
10,24,1.8049315924982108,4.06377631170574,-0.0017973902085376,29.094894928646674,0.0006,4.065,199.969,18
10,24,1.8049315924982108,3.6139185193656096,-4.024626593788107,29.162232600253144,4.0,1.782,210.547,18
10,24,1.8049315924982108,4.055967884274586,-0.0010833146749052,29.31498890540406,0.0006,4.056,221.094,18
10,24,1.8049315924982108,3.60750603789844,-4.02567972527753,29.372866352478876,4.0,1.773,231.641,18
10,24,1.8049315924982108,4.12229430888112,-0.0021466506012797,27.64834778567682,0.0006,4.127,73.047,18
10,24,1.8049315924982108,3.669546558855728,-4.025042936766583,27.733303627277675,4.0,1.824,83.625,18
10,24,1.8049315924982108,4.10975117474278,0.0003016953180312,27.91281020251794,0.0006,4.113,94.156,18
10,24,1.8049315924982108,3.656696114576477,-4.025576598649686,28.00481214126505,4.0,1.814,104.734,18
10,24,1.8049315924982108,4.080564423122642,0.0002012397100474,28.631609478872164,0.0006,4.081,157.656,18
10,24,1.8049315924982108,3.6284117033778673,-4.027339273919775,28.711845651112693,4.0,1.793,168.297,18
10,24,1.8049315924982108,4.071867697925836,-0.0017258037324653,28.87745484414097,0.0006,4.073,178.859,18
10,24,1.8049315924982108,3.62091726920571,-4.025198056146424,28.940059024520245,4.0,1.788,189.438,18
10,24,1.8049315924982108,4.034389990379717,-0.0028738833337119,29.91128169469884,0.0006,4.033,284.516,18
11,24,1.717679232699393,3.319129116105521,-0.0029928056463947,26.76597509957594,0.0006,0.0,6376.047,17
11,24,1.717679232699393,3.3192674491871355,-0.0005044372961131,26.78121874260588,0.0006,0.0,6387.094,17
11,24,1.717679232699393,3.319356682107298,-0.0016997533095356,26.76758547050038,0.0006,0.0,6398.063,17
11,24,1.717679232699393,3.3174455264502654,-0.0025395765539589,26.82174424283913,0.0006,0.0,6232.438,17
11,24,1.717679232699393,3.31811800863932,-0.0005152960343526,26.816400729700344,0.0006,0.0,6276.547,17
11,24,1.717679232699393,3.3182214377719017,-0.0051882269612854,26.81784092486228,0.0006,-0.0,6287.563,17
11,24,1.717679232699393,3.3183249801299706,-0.0007437649425368,26.799386035765256,0.0006,0.0,6298.594,17
11,24,1.717679232699393,3.3183582862541767,-0.0045778485850296,26.80652975283533,0.0006,-0.0,6309.625,17
11,24,1.717679232699393,3.318624781017491,-0.0018865035290391,26.785879114314863,0.0006,0.0,6331.813,17
11,24,1.717679232699393,3.3188917536626867,0.0007144701612106,26.77144723242614,0.0006,0.0,6342.828,17
11,24,1.717679232699393,3.318930591639012,-0.0019800996144526,26.778063141900976,0.0006,-0.0,6353.844,17
11,24,1.717679232699393,3.31922402259117,-0.0008377090432979,26.76759299573956,0.0006,0.0,6364.969,17
11,24,1.717679232699393,3.317617996293248,-0.0030147268954926,26.828884016757367,0.0006,0.0,6243.453,17
11,24,1.717679232699393,3.317765538620783,0.0004262379071973,26.82284205004044,0.0006,0.0,6254.484,17
11,24,1.717679232699393,3.317909695313251,0.0012532019503678,26.815393942237364,0.0006,-0.0,6265.547,17
11,24,1.717679232699393,3.5194550487862366,-4.023662530188489,30.57118695487699,4.0,1.695,402.938,17
11,24,1.717679232699393,3.948296537508439,-0.0014816281981027,30.70886357314465,0.0006,3.948,413.578,17
11,24,1.717679232699393,3.41201916006692,-4.025642738181708,32.75011880353839,4.0,1.597,935.078,17
11,24,1.717679232699393,3.8269739885545664,-0.0015957948180593,32.83390457006947,0.0006,3.827,945.688,17
11,24,1.717679232699393,3.4085100364677845,-4.025771477765568,32.818054283065734,4.0,1.593,956.25,17
11,24,1.717679232699393,3.822969896076423,0.0009419098140436,32.91552107725368,0.0006,3.824,966.875,17
11,24,1.717679232699393,3.504393160191833,-4.023117071299833,31.01222671864452,4.0,1.681,466.828,17
11,24,1.717679232699393,3.930269534209255,0.0009091239645651,31.119220012924927,0.0006,3.93,477.531,17
11,24,1.717679232699393,3.5399404571595805,-4.025093342874007,29.82780674349364,4.0,1.716,317.859,17
11,24,1.717679232699393,3.9754018613174495,-0.0005337029414779,29.96397717357828,0.0006,3.974,328.484,17
11,24,1.717679232699393,3.578703438272355,-4.024812664649997,28.31504031028332,4.0,1.744,169.094,17
11,24,1.717679232699393,4.023817063349685,0.0002072056451179,28.476228823602955,0.0006,4.023,179.688,17
11,24,1.717679232699393,3.572047975572863,-4.024850198145313,28.545844784704634,4.0,1.739,190.359,17
11,24,1.717679232699393,4.016619874217763,-0.0002374355157508,28.70819509931016,0.0006,4.016,201.063,17
11,24,1.717679232699393,3.5243706390432448,-4.024548876682815,30.408420346078422,4.0,1.7,381.625,17
11,24,1.717679232699393,3.95495274695628,-0.0019308557326093,30.52988828993341,0.0006,3.954,392.313,17
11,24,1.717679232699393,3.561037518027376,-4.023818078760323,28.9917800886722,4.0,1.731,232.813,17
11,24,1.717679232699393,4.0028236153881815,-0.0013048436523894,29.139342206252174,0.0006,4.002,243.438,17
11,24,1.717679232699393,3.6172695029625954,-4.026165281728472,27.31816944685656,4.0,1.772,84.031,17
11,24,1.717679232699393,4.06077122942771,-0.0017346295439249,27.502805418968887,0.0006,4.063,94.641,17
11,24,1.717679232699393,3.6044102437689114,-4.024337960930258,27.601905051827234,4.0,1.76,105.359,17
11,24,1.717679232699393,4.049953942513512,0.0004131864477883,27.76253179506655,0.0006,4.052,115.969,17
11,24,1.717679232699393,3.5452399377793533,-4.023538327837527,29.63020849871812,4.0,1.719,296.594,17
11,24,1.717679232699393,3.98224882526204,-0.0003760061521824,29.771826848249894,0.0006,3.982,307.234,17
11,24,1.717679232699393,3.5862350163854653,-4.025920571613808,28.0739847225374,4.0,1.75,147.828,17
11,24,1.717679232699393,4.031873533175687,-0.0024374311523905,28.256937211468497,0.0006,4.032,158.453,17
11,24,1.717679232699393,4.137907749692748,-0.0044507139688947,26.253373650244296,0.0006,0.0,0.0,17
11,24,1.717679232699393,4.1378132883803245,-0.0009817826414341,26.25653646240806,0.0006,4.153,9.359000000000002,17
11,24,1.717679232699393,3.678173362725856,-4.024395960464028,26.3552782146932,4.0,1.817,20.15600000000001,17
11,24,1.717679232699393,4.10656748265383,-0.001269334296495,26.575556086802884,0.0006,4.113,30.781,17
11,24,1.717679232699393,3.566593692600144,-4.024662758124564,28.76440026940161,4.0,1.734,211.625,17
11,24,1.717679232699393,4.009691685239525,-0.0026586457855043,28.918435957397616,0.0006,4.009,222.219,17
11,24,1.717679232699393,3.4478605761490715,-4.023481631744977,32.114207357324524,4.0,1.632,743.484,17
11,24,1.717679232699393,3.866039395475027,-0.0017655459389221,32.1740754587308,0.0006,3.867,754.156,17
11,24,1.717679232699393,3.353522566457011,-4.024841370816466,33.90186521257952,4.0,1.537,1275.094,17
11,24,1.717679232699393,3.7639085438600697,0.0004246657037776,33.97137425840192,0.0006,3.764,1285.75,17
11,24,1.717679232699393,3.350100772565325,-4.025257234510172,33.9752363399858,4.0,1.536,1296.406,17
11,24,1.717679232699393,3.760228702128687,-0.0010190900137914,34.03968325359928,0.0006,3.761,1307.0,17
11,24,1.717679232699393,3.435310124933686,-4.02600956324647,32.29513672756749,4.0,1.619,807.438,17
11,24,1.717679232699393,3.852865450208612,-0.0007355171709386,32.364319051198606,0.0006,3.854,818.078,17
11,24,1.717679232699393,3.464602679806349,-4.026343895548238,31.86996071873125,4.0,1.647,658.422,17
11,24,1.717679232699393,3.88497126656539,0.0001373553014031,31.908863333918376,0.0006,3.885,669.078,17
11,24,1.717679232699393,3.494965996787249,-4.025595623131678,31.266387393106253,4.0,1.672,509.453,17
11,24,1.717679232699393,3.918933614055601,0.0005520553103978,31.36742168649415,0.0006,3.92,520.109,17
11,24,1.717679232699393,3.4905107171942147,-4.024852299181686,31.38104858523072,4.0,1.669,530.703,17
11,24,1.717679232699393,3.913852915924597,-0.0012073991887733,31.493131223272496,0.0006,3.914,541.281,17
11,24,1.717679232699393,3.4518931736200744,-4.023140434282344,32.0781809273043,4.0,1.635,722.219,17
11,24,1.717679232699393,3.8709955788548815,0.0011723371955927,32.126585521426115,0.0006,3.872,732.859,17
11,24,1.717679232699393,3.481845626697482,-4.024590399521961,31.58073459895591,4.0,1.661,573.172,17
11,24,1.717679232699393,3.9041798157742833,-0.0015268551875225,31.667682483994408,0.0006,3.904,583.875,17
11,24,1.717679232699393,3.5141316589100677,-4.02512629483023,30.748263404141397,4.0,1.69,424.234,17
11,24,1.717679232699393,3.942137156339411,-0.0016020835996384,30.848167092948582,0.0006,3.941,434.875,17
11,24,1.717679232699393,3.509393148509467,-4.02319482431058,30.88364159264579,4.0,1.686,445.563,17
11,24,1.717679232699393,3.935986672540044,-0.0028939198935096,31.00443360340749,0.0006,3.936,456.188,17
11,24,1.717679232699393,3.468510815600811,-4.02568886699136,31.787664135165347,4.0,1.651,637.109,17
11,24,1.717679232699393,3.8897121525890954,-0.002314297632859,31.84252547481536,0.0006,3.89,647.797,17
11,24,1.717679232699393,3.499900227984385,-4.0240342675282434,31.156140139767853,4.0,1.677,488.141,17
11,24,1.717679232699393,3.9246410574015855,-0.0018588107832497,31.2551095075938,0.0006,3.926,498.75,17
11,24,1.717679232699393,3.534667812561408,-4.024807197646076,30.025031667532417,4.0,1.71,339.156,17
11,24,1.717679232699393,3.968255804501807,-0.0018464388534784,30.16701719732089,0.0006,3.967,349.766,17
11,24,1.717679232699393,3.5295980886433185,-4.024703599908577,30.219432099726145,4.0,1.704,360.359,17
11,24,1.717679232699393,3.961507794552938,-0.0007289965108089,30.34855050188158,0.0006,3.96,370.984,17
11,24,1.717679232699393,3.4859305778700205,-4.023981988165088,31.502362678184006,4.0,1.665,551.906,17
11,24,1.717679232699393,3.9088891533378383,-0.0013144023344199,31.57371051792087,0.0006,3.909,562.563,17
11,24,1.717679232699393,3.385735821128613,-4.023851639158904,33.274964464634465,4.0,1.572,1083.656,17
11,24,1.717679232699393,3.7983662221016345,-0.0003033656188868,33.35417804224027,0.0006,3.799,1094.328,17
11,24,1.717679232699393,3.302321365413828,-4.025757967827302,34.8678463639645,4.0,1.491,1615.109,17
11,24,1.717679232699393,3.7115561204435714,-0.0034148561456633,34.892552703762966,0.0006,3.712,1625.75,17
11,24,1.717679232699393,3.299588131525929,-4.02352521124494,34.907695760918294,4.0,1.487,1636.406,17
11,24,1.717679232699393,3.708911016937677,0.0015872275896873,34.93641801179372,0.0006,3.71,1647.0,17
11,24,1.717679232699393,3.374936619708474,-4.025676536758253,33.51102311882143,4.0,1.563,1147.578,17
11,24,1.717679232699393,3.78627348385735,-0.001240993794456,33.56808402313943,0.0006,3.787,1158.234,17
11,24,1.717679232699393,3.401031853311842,-4.025206186967869,32.978145769858095,4.0,1.587,998.75,17
11,24,1.717679232699393,3.814576782437528,-0.0016331842652953,33.06976644347034,0.0006,3.816,1009.328,17
11,24,1.717679232699393,3.4274506953502093,-4.024828570724265,32.44567619190224,4.0,1.613,850.016,17
11,24,1.717679232699393,3.844241014061572,-0.0002440098131536,32.51617409327659,0.0006,3.844,860.703,17
11,24,1.717679232699393,3.4238404345723894,-4.0277523093513175,32.506737924598355,4.0,1.609,871.328,17
11,24,1.717679232699393,3.83971469634672,-0.0004915291362418,32.566936514879394,0.0006,3.84,881.906,17
11,24,1.717679232699393,3.389346651531276,-4.023710046249486,33.21183368615637,4.0,1.575,1062.5,17
11,24,1.717679232699393,3.801984670427351,-0.0007930924712828,33.28831682987975,0.0008,3.802,1073.047,17
11,24,1.717679232699393,3.416186251294967,-4.026287130983127,32.66948737575047,4.0,1.601,913.75,17
11,24,1.717679232699393,3.831292361701581,-0.0004998959282312,32.74415251269967,0.0006,3.832,924.422,17
11,24,1.717679232699393,3.44367322360651,-4.026010128257965,32.17792318244692,4.0,1.628,764.766,17
11,24,1.717679232699393,3.862011985664519,-0.0010763024298459,32.24327191350073,0.0006,3.862,775.438,17
11,24,1.717679232699393,3.4395360586910053,-4.024812952875586,32.224837450759864,4.0,1.623,786.141,17
11,24,1.717679232699393,3.8574046302607554,-0.0005747564976305,32.301622514563995,0.0006,3.858,796.766,17
11,24,1.717679232699393,3.4046586569752813,-4.025853311062431,32.884460896029104,4.0,1.59,977.516,17
11,24,1.717679232699393,3.818668285895817,-0.0017048934301314,32.980757553212406,0.0006,3.819,988.125,17
11,24,1.717679232699393,3.431574758377109,-4.024765054154658,32.352248281127515,4.0,1.616,828.719,17
11,24,1.717679232699393,3.848472875786905,0.0007373625951723,32.45356560870668,0.0006,3.848,839.344,17
11,24,1.717679232699393,3.4605374339556643,-4.025022706925191,31.91480863546336,4.0,1.643,679.719,17
11,24,1.717679232699393,3.880292922210962,0.000314485152715,31.98558475176777,0.0006,3.881,690.328,17
11,24,1.717679232699393,3.455913736149747,-4.025641793660296,31.98722915220033,4.0,1.639,701.047,17
11,24,1.717679232699393,3.875426898120031,-0.0011906401712057,32.06289982353976,0.0006,3.876,711.625,17
11,24,1.717679232699393,3.419775046591542,-4.024516348022806,32.57538603547508,4.0,1.607,892.516,17
11,24,1.717679232699393,3.835445588084516,0.002056770047494,32.667266253712754,0.0006,3.836,903.109,17
11,24,1.717679232699393,3.329937584140543,-4.026487947138447,34.34387611252243,4.0,1.517,1423.688,17
11,24,1.717679232699393,3.7397599102491954,-0.0013680467075698,34.412350090058645,0.0006,3.741,1434.344,17
11,24,1.717679232699393,3.263569225563369,-4.025029447216695,35.668668592923254,4.0,1.451,1955.203,17
11,24,1.717679232699393,3.6746541360502394,-0.000285470199668,35.69328146090921,0.0006,3.676,1965.813,17
11,24,1.717679232699393,3.2616861282003806,-4.022512316273242,35.720880509130275,4.0,1.45,1976.422,17
11,24,1.717679232699393,3.6728318730190295,-0.0012508315931905,35.760653096008134,0.0006,3.674,1987.094,17
11,24,1.717679232699393,3.320356212414833,-4.024513572891879,34.51555589644028,4.0,1.507,1487.547,17
11,24,1.717679232699393,3.72986765199152,-0.0014286398181477,34.56086844722692,0.0006,3.731,1498.156,17
11,24,1.717679232699393,3.3432137237365707,-4.026535363947273,34.10783284357207,4.0,1.53,1338.859,17
11,24,1.717679232699393,3.7532863380804784,0.0013584565988509,34.17307365882563,0.0006,3.754,1349.453,17
11,24,1.717679232699393,3.367777808973329,-4.025038529867183,33.64534991015655,4.0,1.556,1190.047,17
11,24,1.717679232699393,3.7788602135054417,-0.0006548977659009,33.71357686656633,0.0006,3.78,1200.656,17
11,24,1.717679232699393,3.364029376588281,-4.026241411813546,33.70626859466763,4.0,1.551,1211.328,17
11,24,1.717679232699393,3.775148070394095,-0.0012588362435352,33.77695155609979,0.0006,3.776,1222.031,17
11,24,1.717679232699393,3.3332988403138617,-4.0261505342690525,34.289769533187055,4.0,1.521,1402.453,17
11,24,1.717679232699393,3.742918337462368,0.0010653550155566,34.332856934538505,0.0006,3.744,1413.063,17
11,24,1.717679232699393,3.356940292192489,-4.024293110209064,33.85613877002705,4.0,1.541,1253.797,17
11,24,1.717679232699393,3.767642152241532,-5.905330739378453e-05,33.91206457524697,0.0006,3.769,1264.453,17
11,24,1.717679232699393,3.3820722094252385,-4.024178767298911,33.35405447188331,4.0,1.569,1105.031,17
11,24,1.717679232699393,3.79420523822408,-0.0015104418450163,33.42058682895092,0.0006,3.795,1115.672,17
11,24,1.717679232699393,3.3784399319378697,-4.024042557168291,33.43530481962578,4.0,1.565,1126.297,17
11,24,1.717679232699393,3.790283606985719,-0.0038200200233807,33.500207984140204,0.0006,3.79,1136.969,17
11,24,1.717679232699393,3.3466388702739507,-4.024680536149232,34.03359984595992,4.0,1.532,1317.625,17
11,24,1.717679232699393,3.7568282826441335,0.0006469633704533,34.10101890254305,0.0006,3.757,1328.25,17
11,24,1.717679232699393,3.37133268510975,-4.025779428593567,33.587363188275354,4.0,1.558,1168.875,17
11,24,1.717679232699393,3.78238257259558,-0.003306722574351,33.62855201789498,0.0006,3.784,1179.484,17
11,24,1.717679232699393,3.396872569973357,-4.024138229696374,33.05824096566772,4.0,1.583,1020.016,17
11,24,1.717679232699393,3.810392985031064,0.0008100550646301,33.12419198662319,0.0006,3.812,1030.656,17
11,24,1.717679232699393,3.393306853774141,-4.024031074800466,33.14104122229281,4.0,1.579,1041.281,17
11,24,1.717679232699393,3.806157000899196,-0.000778800554844,33.20665992546527,0.0006,3.806,1051.859,17
11,24,1.717679232699393,3.3607804616847297,-4.026248990688631,33.7755457351584,4.0,1.547,1232.641,17
11,24,1.717679232699393,3.771073452029088,-0.0011906197959959,33.851687859168024,0.0006,3.772,1243.219,17
11,24,1.717679232699393,3.2836959221345148,-4.024970203576945,35.20947925353168,4.0,1.471,1763.766,17
11,24,1.717679232699393,3.693651791079809,0.000877609252532,35.22674640304525,0.0006,3.695,1774.422,17
11,24,1.717679232699393,3.229431728247104,-4.026216402489227,36.51624582715496,4.0,1.421,2295.078,17
11,24,1.717679232699393,3.6457313863575385,-0.0017152520495995,36.55384576741995,0.0006,3.645,2305.672,17
11,24,1.717679232699393,3.2268917682623117,-4.026016440999415,36.58030935368234,4.0,1.417,2316.266,17
11,24,1.717679232699393,3.643508864179608,-0.0017577908238359,36.61569455066451,0.0006,3.644,2326.891,17
11,24,1.717679232699393,3.276609823743617,-4.023319733727291,35.362477161556505,4.0,1.464,1827.531,17
11,24,1.717679232699393,3.686900785031156,-0.001364136208897,35.40652114055364,0.0006,3.689,1838.172,17
11,24,1.717679232699393,3.294129265440456,-4.024619406671364,35.02271706919084,4.0,1.482,1678.859,17
11,24,1.717679232699393,3.7036666915671295,-0.0017897036688242,35.07036815970188,0.0006,3.705,1689.531,17
11,24,1.717679232699393,3.31405144123104,-4.024988044208233,34.64378603729685,4.0,1.501,1530.094,17
11,24,1.717679232699393,3.723623132309817,-0.0010744246825726,34.69906020223606,0.0006,3.725,1540.719,17
11,24,1.717679232699393,3.311046719457274,-4.024739162816259,34.68684283805539,4.0,1.498,1551.328,17
11,24,1.717679232699393,3.7206206801397608,-0.0006034094083916,34.749998256702455,0.0006,3.721,1561.938,17
11,24,1.717679232699393,3.286358664775445,-4.026327116131249,35.15783111028032,4.0,1.473,1742.594,17
11,24,1.717679232699393,3.695686212780181,0.0005378474633228,35.200063077079044,0.0006,3.696,1753.156,17
11,24,1.717679232699393,3.305084199734613,-4.024003910818967,34.804219781061285,4.0,1.492,1593.813,17
11,24,1.717679232699393,3.7146336860054254,-0.000421490322727,34.85525285140261,0.0006,3.715,1604.438,17
11,24,1.717679232699393,3.326603798089077,-4.025433906730108,34.423303911696465,4.0,1.513,1445.0,17
11,24,1.717679232699393,3.736425290318401,-0.000357430883651,34.46667221254052,0.0006,3.736,1455.641,17
11,24,1.717679232699393,3.323321899050368,-4.0250384645801205,34.468102348749824,4.0,1.511,1466.344,17
11,24,1.717679232699393,3.732945825836999,-0.0015937334286578,34.51678256635128,0.0006,3.734,1476.938,17
11,24,1.717679232699393,3.296837454265605,-4.024906353792052,34.96825485663612,4.0,1.484,1657.641,17
11,24,1.717679232699393,3.7061244935119886,-0.0015546373716289,35.0135151406454,0.0006,3.707,1668.234,17
11,24,1.717679232699393,3.317217109014264,-4.024999264279811,34.59654792821063,4.0,1.505,1508.797,17
11,24,1.717679232699393,3.726791841055826,-0.0010290229904314,34.65054112500573,0.0006,3.728,1519.406,17
11,24,1.717679232699393,3.339950395466724,-4.02624738024071,34.17362259042359,4.0,1.526,1360.047,17
11,24,1.717679232699393,3.749720661234865,-0.0005813742381391,34.23055054314482,0.0006,3.75,1370.656,17
11,24,1.717679232699393,3.3366819075686904,-4.025215114556112,34.248711270904074,4.0,1.523,1381.266,17
11,24,1.717679232699393,3.746269439294425,-0.001307949126475,34.28348181314247,0.0006,3.748,1391.828,17
11,24,1.717679232699393,3.308220296110839,-4.02438276970118,34.74100295063258,4.0,1.495,1572.563,17
11,24,1.717679232699393,3.717567220378938,-0.0018852116348503,34.78877556401335,0.0006,3.719,1583.172,17
11,24,1.717679232699393,3.2492517615596954,-4.024670209856712,36.015291487133986,4.0,1.438,2104.0,17
11,24,1.717679232699393,3.6621733575601807,-0.0009462781388756,36.08133228063131,0.0006,3.663,2114.609,17
11,24,1.717679232699393,3.1773981980901325,-4.025103050062132,37.48054742447521,4.0,1.374,2635.0,17
11,24,1.717679232699393,3.6026129745187085,-0.0019786376412459,37.55971149294541,0.0006,3.599,2645.703,17
11,24,1.717679232699393,3.1722707056549675,-4.025115421901061,37.53516665302482,4.0,1.369,2656.328,17
11,24,1.717679232699393,3.598635718496526,0.0004357554574547,37.5778700401111,0.0006,3.595,2666.969,17
11,24,1.717679232699393,3.24317697179326,-4.023778127969951,36.158044907019146,4.0,1.433,2167.594,17
11,24,1.717679232699393,3.6568029718716537,-0.0009758135329404,36.22183905680303,0.0006,3.658,2178.156,17
11,24,1.717679232699393,3.2575347171063966,-4.025143390529331,35.821773396800204,4.0,1.445,2019.063,17
11,24,1.717679232699393,3.6691002299250814,-0.0002092362043812,35.85912438735438,0.0006,3.67,2029.641,17
11,24,1.717679232699393,3.271962201969168,-4.025283834793574,35.414567727798,4.0,1.46,1870.094,17
11,24,1.717679232699393,3.6823635942366426,-0.0034035082954787,35.50874504331857,0.0006,3.684,1880.719,17
11,24,1.717679232699393,3.270171372575599,-4.022898379088294,35.51571412843869,4.0,1.457,1891.328,17
11,24,1.717679232699393,3.6804413807159335,-0.0021019096671838,35.55839712577372,0.0006,3.682,1901.969,17
11,24,1.717679232699393,3.2513967832955166,-4.023545523278719,35.95597299071913,4.0,1.441,2082.688,17
11,24,1.717679232699393,3.663846088335525,0.0014261253285213,36.020110865355434,0.0006,3.665,2093.313,17
11,24,1.717679232699393,3.265800697800276,-4.027396081146459,35.61214811610043,4.0,1.453,1933.984,17
11,24,1.717679232699393,3.6763679949832535,-0.0016051929025375,35.66254417403791,0.0006,3.678,1944.578,17
11,24,1.717679232699393,3.2814885210255587,-4.026345567960701,35.26574627745718,4.0,1.469,1785.078,17
11,24,1.717679232699393,3.6911583401064183,0.000857754410913,35.322994571197505,0.0006,3.692,1795.672,17
11,24,1.717679232699393,3.278977932261939,-4.024307964467988,35.32493086935313,4.0,1.467,1806.344,17
11,24,1.717679232699393,3.6887863142514834,-0.0011810395275273,35.359381955654754,0.0006,3.69,1816.938,17
11,24,1.717679232699393,3.259673676421284,-4.025043742019099,35.78924725281353,4.0,1.448,1997.797,17
11,24,1.717679232699393,3.670989758391411,-0.0011612638163085,35.83761373474636,0.0006,3.672,2008.406,17
11,24,1.717679232699393,3.2745048405552013,-4.023152200898473,35.41587528602946,4.0,1.463,1848.828,17
11,24,1.717679232699393,3.684620635141485,-0.0001632207206189,35.484465913774606,0.0006,3.686,1859.438,17
11,24,1.717679232699393,3.2915977864690933,-4.02154946882674,35.06857214000885,4.0,1.479,1700.156,17
11,24,1.717679232699393,3.701123190794155,-0.0009753676844134,35.09415286310262,0.0006,3.702,1710.766,17
11,24,1.717679232699393,3.289025176732751,-4.022597832492617,35.12945576397398,4.0,1.477,1721.359,17
11,24,1.717679232699393,3.69832940846494,-0.0007100279508885,35.14746164103647,0.0006,3.7,1731.953,17
11,24,1.717679232699393,3.2676219860124767,-4.02578318103002,35.552941559977135,4.0,1.456,1912.688,17
11,24,1.717679232699393,3.678509690574325,-0.0009696334682449,35.622959667555136,0.0006,3.68,1923.313,17
11,24,1.717679232699393,3.210158922879834,-4.025757463512284,36.90117012256567,4.0,1.403,2443.703,17
11,24,1.717679232699393,3.630044209741013,-0.0017427472575391,36.983878172245966,0.0006,3.629,2454.313,17
11,24,1.717679232699393,2.9647365188185173,-4.022764848790011,38.68740996774303,4.0,1.185,2975.078,17
11,24,1.717679232699393,3.4165500540246967,-1.0513031481671136e-05,38.77478044518813,0.0006,3.406,2985.703,17
11,24,1.717679232699393,2.926422747492614,-4.02496812183788,38.79009908681475,4.0,1.149,2996.328,17
11,24,1.717679232699393,3.382182201998105,-0.0026001804368925,38.84626515705279,0.0006,3.371,3006.938,17
11,24,1.717679232699393,3.2009199379118565,-4.02609177017755,37.09650492213733,4.0,1.395,2507.359,17
11,24,1.717679232699393,3.622383686098759,-0.0012193850928499,37.17396195326722,0.0006,3.621,2517.969,17
11,24,1.717679232699393,3.22171671692957,-4.024096895379407,36.65863414421387,4.0,1.413,2358.75,17
11,24,1.717679232699393,3.63938895870738,-0.000476960440721,36.73647188449728,0.0006,3.638,2369.328,17
11,24,1.717679232699393,3.2387614163453606,-4.022658838572,36.302310389270815,4.0,1.429,2210.078,17
11,24,1.717679232699393,3.653515651510989,0.0013388415799307,36.32496694257083,0.0006,3.654,2220.719,17
11,24,1.717679232699393,3.236602448190862,-4.026469821181785,36.32463197591803,4.0,1.426,2231.344,17
11,24,1.717679232699393,3.651399767106312,-0.0013025854519677,36.377195962519146,0.0006,3.651,2241.891,17
11,24,1.717679232699393,3.2132309498255696,-4.027235249823989,36.86460374052928,4.0,1.407,2422.5,17
11,24,1.717679232699393,3.6325575902483846,-0.0008515461957749,36.93522243616179,0.0006,3.631,2433.109,17
11,24,1.717679232699393,3.231748015195022,-4.025649853531506,36.43399718364537,4.0,1.422,2273.859,17
11,24,1.717679232699393,3.647585967083,-0.0023091204559996,36.48729483071253,0.0008,3.648,2284.469,17
11,24,1.717679232699393,3.247354078329,-4.025459434949171,36.06175239705737,4.0,1.437,2125.172,17
11,24,1.717679232699393,3.660332249562351,-0.0020772929955018,36.12826450576346,0.0006,3.661,2135.781,17
11,24,1.717679232699393,3.2452990845636704,-4.027262602768272,36.12123771947361,4.0,1.434,2146.391,17
11,24,1.717679232699393,3.658754552896608,-0.001717514511056,36.17275261619015,0.0006,3.659,2156.984,17
11,24,1.717679232699393,3.2243623649604527,-4.02506545476446,36.66321440657703,4.0,1.416,2337.5,17
11,24,1.717679232699393,3.6415795104400193,-0.0019563207452536,36.67437762159733,0.0006,3.641,2348.094,17
11,24,1.717679232699393,3.24087363551396,-4.025445467386503,36.24631260204092,4.0,1.431,2188.797,17
11,24,1.717679232699393,3.655266023356733,-0.0029786256312485,36.296389659432855,0.0006,3.655,2199.438,17
11,24,1.717679232699393,3.255325009250303,-4.026528117990074,35.88586155964089,4.0,1.444,2040.297,17
11,24,1.717679232699393,3.667254125551767,-0.0029745555534717,35.916566953175135,0.0006,3.668,2050.891,17
11,24,1.717679232699393,3.2534599921704053,-4.024596645959398,35.879624708611665,4.0,1.441,2061.516,17
11,24,1.717679232699393,3.6656942309210954,-0.0010006899662306,35.94851521998995,0.0006,3.666,2072.109,17
11,24,1.717679232699393,3.2339645458590898,-4.024362818921006,36.35344647005614,4.0,1.424,2252.531,17
11,24,1.717679232699393,3.649550540470804,-0.0009235392725429,36.44201560722304,0.0006,3.649,2263.188,17
11,24,1.717679232699393,3.1327982474858813,-4.026963581576805,37.90263981605068,4.0,1.333,2783.938,17
11,24,1.717679232699393,3.565325611846107,-0.0001406852652885,37.98592941276274,0.0006,3.559,2794.547,17
11,24,1.717679232699393,3.1296323762925584,-0.0026045693606355,37.63514355456968,0.0006,0.001,3317.766,17
11,24,1.717679232699393,3.136803135991707,-0.0043268369083519,37.45312131161084,0.0008,0.0,3328.594,17
11,24,1.717679232699393,3.1431262960273534,-0.0048961465877562,37.32280787142221,0.0006,0.001,3339.313,17
11,24,1.717679232699393,3.149111288196952,-0.000325806359213,37.13705792364999,0.0006,-0.0,3350.25,17
11,24,1.717679232699393,3.0992426874869814,-4.027310106618239,38.13771169920225,4.0,1.304,2847.594,17
11,24,1.717679232699393,3.536393571094657,-0.0038418214253476,38.17938531183355,0.0006,3.531,2858.188,17
11,24,1.717679232699393,3.161463770955478,-4.025690163551689,37.66482678922007,4.0,1.361,2698.938,17
11,24,1.717679232699393,3.5898261918465804,0.0009599845619857,37.72063765175547,0.0006,3.585,2709.578,17
11,24,1.717679232699393,3.193729120369963,-4.026142760303171,37.244817826598045,4.0,1.389,2549.828,17
11,24,1.717679232699393,3.616309525972637,-0.0004664685306132,37.293289309425006,0.0006,3.614,2560.422,17
11,24,1.717679232699393,3.1903276702836063,-4.02383698340754,37.26381018866181,4.0,1.385,2571.047,17
11,24,1.717679232699393,3.613462635909376,-1.0682467462020304e-05,37.34938882926706,0.0006,3.611,2581.688,17
11,24,1.717679232699393,3.141016797161488,-4.026798654984899,37.86627160390487,4.0,1.341,2762.75,17
11,24,1.717679232699393,3.572386830377204,-6.57272609499458e-05,37.92892796298684,0.0006,3.567,2773.344,17
11,24,1.717679232699393,3.1818404966623257,-4.025149195094938,37.39580308361041,4.0,1.379,2613.688,17
11,24,1.717679232699393,3.606803488493249,-0.0001722881262032,37.48719215919471,0.0006,3.603,2624.359,17
11,24,1.717679232699393,3.207380902165729,-4.024004635942186,36.96975505163491,4.0,1.401,2464.953,17
11,24,1.717679232699393,3.6275376236709382,-0.0025127344345517,37.03159211543795,0.0006,3.626,2475.516,17
11,24,1.717679232699393,3.204158354736589,-4.021172053136859,37.03947779296762,4.0,1.397,2486.141,17
11,24,1.717679232699393,3.625030093672689,-0.0014567335633937,37.11341119598128,0.0006,3.623,2496.734,17
11,24,1.717679232699393,3.1668352878047705,-4.025462123718083,37.58685539087281,4.0,1.366,2677.641,17
11,24,1.717679232699393,3.594251126315416,-0.0034817136972461,37.66107163724457,0.0006,3.59,2688.281,17
11,24,1.717679232699393,3.197420016068368,-4.024945569677112,37.1703230037599,4.0,1.391,2528.609,17
11,24,1.717679232699393,3.619245277299212,-8.088105871288033e-05,37.20445735203944,0.0006,3.617,2539.188,17
11,24,1.717679232699393,3.2190921734637787,-4.023899412495448,36.7673356914653,4.0,1.411,2379.938,17
11,24,1.717679232699393,3.63704812426504,0.0006849535241931,36.83667084940323,0.0006,3.637,2390.5,17
11,24,1.717679232699393,3.216321118493554,-4.024859197608363,36.82444881899775,4.0,1.407,2401.156,17
11,24,1.717679232699393,3.634833862897073,-0.0014051442876377,36.86988913495607,0.0006,3.633,2411.813,17
11,24,1.717679232699393,3.1863205012222875,-4.022454136467513,37.33081325968959,4.0,1.383,2592.313,17
11,24,1.717679232699393,3.610165301793344,-0.0028888308690132,37.38779322489137,0.0006,3.607,2602.938,17
11,24,1.717679232699393,2.287759237971964,-4.022358336403457,39.64199197795671,4.0,0.656,3123.969,17
11,24,1.717679232699393,2.8990670495230115,0.0002074161566239,39.7980823600566,0.0006,2.841,3134.547,17
11,24,1.717679232699393,3.228793479142631,-0.0043108188539878,33.75202478271615,0.0006,0.0,3670.266,17
11,24,1.717679232699393,3.2300242680097275,-0.0014158544929569,33.665478723989104,0.0006,0.0,3681.359,17
11,24,1.717679232699393,3.231709277705084,-0.0020249153942217,33.57742060496104,0.0006,0.0,3692.359,17
11,24,1.717679232699393,3.233138021916428,-0.0014633557356572,33.470073008010814,0.0006,0.0,3703.375,17
11,24,1.717679232699393,2.949990755109453,-0.0057508313054474,39.68868189525504,0.0006,0.001,3188.359,17
11,24,1.717679232699393,2.9781901304512464,-0.0024003067538852,39.44924202549523,0.0006,-0.0,3199.141,17
11,24,1.717679232699393,2.8268606412772166,-4.024067540421921,39.04263728523871,4.0,1.06,3038.844,17
11,24,1.717679232699393,3.290688046052592,-0.0011899052708953,39.117639888400575,0.0006,3.278,3049.438,17
11,24,1.717679232699393,3.0671306720289424,-4.024217496463388,38.29759159277564,4.0,1.276,2890.078,17
11,24,1.717679232699393,3.5082198504994557,-0.0007436197115313,38.35418043476042,0.0006,3.501,2900.672,17
11,24,1.717679232699393,3.0474146734684933,-4.025292963189826,38.374274777298986,4.0,1.26,2911.266,17
11,24,1.717679232699393,3.4907343827874264,-0.0021253125203359,38.43845513088244,0.0006,3.482,2921.938,17
11,24,1.717679232699393,2.536389430846306,-4.023487168188019,39.47112806579224,4.0,0.825,3102.672,17
11,24,1.717679232699393,3.0431427170988385,0.0010532426278035,39.606805529670126,0.0006,3.015,3113.344,17
11,24,1.717679232699393,2.996252640268422,-4.024217892819135,38.5842152671678,4.0,1.212,2953.875,17
11,24,1.717679232699393,3.4454223092487557,-0.0012755408850314,38.67619362765021,0.0006,3.437,2964.516,17
11,24,1.717679232699393,3.12341464682523,-4.024942039857853,37.991685114790805,4.0,1.326,2805.141,17
11,24,1.717679232699393,3.556804737508392,-0.0026375174667817,38.04624335332617,0.0006,3.552,2815.734,17
11,24,1.717679232699393,3.112117733333278,-4.024395637716853,38.05249148091645,4.0,1.314,2826.375,17
11,24,1.717679232699393,3.547543332089373,-0.0001554423677646,38.12274291467093,0.0006,3.541,2836.984,17
11,24,1.717679232699393,2.8807325451088377,-4.02299119872592,38.92546506406093,4.0,1.106,3017.594,17
11,24,1.717679232699393,3.3405620428756317,-0.0007964501055519,39.02261841018116,0.0006,3.328,3028.234,17
11,24,1.717679232699393,3.084617689363034,-4.023599217817699,38.224427384324926,4.0,1.292,2868.813,17
11,24,1.717679232699393,3.5236288296262384,0.0003620641254769,38.28987052117164,0.0006,3.517,2879.422,17
11,24,1.717679232699393,3.1555514504636264,-4.024073232336285,37.71805469586114,4.0,1.355,2720.266,17
11,24,1.717679232699393,3.584357916771334,9.873898237043724e-05,37.76633904741453,0.0006,3.581,2730.844,17
11,24,1.717679232699393,3.14872938015763,-4.025992007201966,37.780493265829946,4.0,1.349,2741.422,17
11,24,1.717679232699393,3.578771785803676,-0.0005719462597644,37.83231259397845,0.0008,3.574,2752.016,17
11,24,1.717679232699393,3.024012744233461,-4.025839267557913,38.4529051802285,4.0,1.238,2932.578,17
11,24,1.717679232699393,3.470069469665886,0.0003259903073844,38.56386894572074,0.0006,3.461,2943.25,17
11,24,1.717679232699393,3.1923004236703427,-3.691332153705821e-05,35.77194990383816,0.0006,0.0,3471.547,17
11,24,1.717679232699393,3.195075066764684,-0.001231597423231,35.60657926393749,0.0006,-0.0,3482.609,17
11,24,1.717679232699393,3.2622894531875253,-8.22979922279568e-05,31.335335133197056,0.0006,0.0,4023.109,17
11,24,1.717679232699393,3.2629339250647136,-0.0011454516153607,31.2514426452858,0.0006,0.0,4034.172,17
11,24,1.717679232699393,3.2636712110518045,-0.0011279179738694,31.19649246547866,0.0006,0.0,4045.203,17
11,24,1.717679232699393,3.264512298400926,0.0012302924571957,31.158459629464115,0.0006,0.0,4056.188,17
11,24,1.717679232699393,3.207007859157842,-0.0001621933626214,35.04625427979213,0.0006,0.0,3537.766,17
11,24,1.717679232699393,3.209213666022429,-0.0020323736184405,34.92207112386843,0.0006,-0.0,3548.813,17
11,24,1.717679232699393,3.164312607873307,-0.0023493597638932,36.74143254062541,0.0006,0.0,3383.203,17
11,24,1.717679232699393,3.168352565211052,-0.0004899336248631,36.62405654109961,0.0006,-0.0,3394.219,17
11,24,1.717679232699393,3.040038104294488,-0.0031419958363119,38.95268766367584,0.0006,0.001,3231.531,17
11,24,1.717679232699393,3.055680106637926,-0.0001997881164962,38.72351707764189,0.0006,0.0,3242.281,17
11,24,1.717679232699393,3.0696948706676213,-0.0057391870076671,38.6112009421468,0.0006,0.001,3253.063,17
11,24,1.717679232699393,3.0823958979103345,-0.001361563449849,38.43443378497312,0.0006,0.0,3263.797,17
11,24,1.717679232699393,3.186468248758328,0.0024640863272765,36.04255738577267,0.0006,0.0,3449.406,17
11,24,1.717679232699393,3.18933616823722,-0.001365872887216,35.92137177889277,0.0006,0.0,3460.516,17
11,24,1.717679232699393,3.113463580592875,-0.0047456525942615,37.93177345337755,0.0006,0.001,3296.172,17
11,24,1.717679232699393,3.1219393300768887,-0.0049871525836848,37.75170129421917,0.0006,0.0,3306.984,17
11,24,1.717679232699393,1.896444377630184,-3.991931632305926,39.9291184110981,4.0,0.354,3145.203,17
11,24,1.717679232699393,2.759145017868772,0.00127215253275,40.0980220096873,0.0006,0.0,3155.984,17
11,24,1.717679232699393,2.8612016913118588,-0.002184629969266,40.03271474653798,0.0006,0.001,3166.781,17
11,24,1.717679232699393,2.913656769524108,-0.004064258352029,39.81664358586924,0.0006,0.0,3177.578,17
11,24,1.717679232699393,3.1544816821760584,-0.0030512541790686,37.00556932237299,0.0006,0.0,3361.141,17
11,24,1.717679232699393,3.1597419383481475,-0.0039716040502571,36.84980763218909,0.0006,0.0,3372.156,17
11,24,1.717679232699393,3.001749091618694,-0.0062498484493453,39.30699823255824,0.0006,0.001,3209.969,17
11,24,1.717679232699393,3.022245637938778,-0.0051020973515045,39.08002952835825,0.0006,0.0,3220.766,17
11,24,1.717679232699393,2.760383087337888,-4.024762838105849,39.18401202881988,4.0,0.999,3060.047,17
11,24,1.717679232699393,3.2297987672584383,4.1426720230624685e-05,39.26359063568125,0.0006,3.214,3070.703,17
11,24,1.717679232699393,2.671433066619198,-4.023512598709634,39.314312536494654,4.0,0.929,3081.375,17
11,24,1.717679232699393,3.1513237369526865,0.000162116132664,39.447705888637294,0.0006,3.131,3092.047,17
11,24,1.717679232699393,3.0938643752415245,-0.0035539558723804,38.27349870616371,0.0006,0.0,3274.594,17
11,24,1.717679232699393,3.1042757064462627,0.0023726289325288,38.06767415482658,0.0006,0.0,3285.359,17
11,24,1.717679232699393,3.2463482646250097,-0.0039597757594269,32.57149834957978,0.0006,0.0,3824.609,17
11,24,1.717679232699393,3.247500505092772,-0.0022168109829879,32.47438647981055,0.0006,0.0,3835.641,17
11,24,1.717679232699393,3.279956105605441,-0.0025669456016004,29.75678529073664,0.0006,0.0,4376.203,17
11,24,1.717679232699393,3.2803292909274084,-0.002014149057101,29.72788093057869,0.0006,-0.0,4387.25,17
11,24,1.717679232699393,3.280616097558882,-0.0031033278568206,29.68453716563924,0.0006,0.0,4398.25,17
11,24,1.717679232699393,3.281132032625771,-0.0044181495494737,29.633906185829595,0.0006,-0.0,4409.281,17
11,24,1.717679232699393,3.2522963563575864,-0.0018720442063641,32.08163979821128,0.0006,0.0,3890.719,17
11,24,1.717679232699393,3.2532417280743022,-0.002862484263161,32.02931507217069,0.0006,0.0,3901.719,17
11,24,1.717679232699393,3.237141084111712,0.0001614561076942,33.1903267270004,0.0006,0.0,3736.469,17
11,24,1.717679232699393,3.2385265435244555,-0.0023882547684182,33.09881966698699,0.0006,-0.0,3747.469,17
11,24,1.717679232699393,3.2153409293167217,-0.004195438852921,34.57936797822181,0.0006,0.0,3581.906,17
11,24,1.717679232699393,3.21696236208277,-0.0031520753253885,34.47275478933775,0.0006,-0.0,3592.953,17
11,24,1.717679232699393,3.2189156686097773,0.0009866519105167,34.38905168840187,0.0006,0.0,3603.969,17
11,24,1.717679232699393,3.2208561956640884,6.251141245892404e-05,34.25403911580268,0.0006,-0.0,3614.984,17
11,24,1.717679232699393,3.24434251323922,-0.0020489253947882,32.68820423012368,0.0006,0.0,3802.547,17
11,24,1.717679232699393,3.2454934325628755,0.0033077265776867,32.609642362827095,0.0006,0.0,3813.563,17
11,24,1.717679232699393,3.2258230216009616,0.0006982217330276,33.95534932774339,0.0006,0.0,3648.234,17
11,24,1.717679232699393,3.2274058735278977,-0.005017692252912,33.86930980717729,0.0006,0.0,3659.25,17
11,24,1.717679232699393,3.197699705111311,-0.0031161468964157,35.535011911507816,0.0006,-0.0,3493.641,17
11,24,1.717679232699393,3.200124578974591,-0.0032422590474399,35.40560864566319,0.0006,-0.0,3504.672,17
11,24,1.717679232699393,3.202609783274375,-0.000908526059651,35.28315246373514,0.0006,0.0,3515.688,17
11,24,1.717679232699393,3.2049468746573213,-0.0019651459525603,35.15438915311916,0.0006,0.0,3526.719,17
11,24,1.717679232699393,3.23461097542748,-0.0014331442288673,33.375057727119774,0.0006,0.0,3714.391,17
11,24,1.717679232699393,3.23574159952976,-0.0028752411717451,33.27036984960672,0.0006,0.0,3725.406,17
11,24,1.717679232699393,3.211316957340351,0.0002377888276865,34.78541915819231,0.0006,0.0,3559.844,17
11,24,1.717679232699393,3.21339561629916,-0.002715767908031,34.68171022621158,0.0006,0.0,3570.859,17
11,24,1.717679232699393,3.172652022141909,-0.0006336117073012,36.54611170174181,0.0006,0.0,3405.25,17
11,24,1.717679232699393,3.1764150519148173,-0.0023056575312592,36.39538777204195,0.0006,0.0,3416.281,17
11,24,1.717679232699393,3.1798324827397706,0.0002498857478448,36.31304126515472,0.0006,0.0,3427.281,17
11,24,1.717679232699393,3.1834648544650697,-0.0020684086993321,36.1623944003178,0.0006,-0.0,3438.344,17
11,24,1.717679232699393,3.2224959771079287,-0.0004504539865476,34.16085520100107,0.0006,-0.0,3626.063,17
11,24,1.717679232699393,3.224167137364123,-0.0020583858901181,34.070240202731604,0.0006,0.0,3637.125,17
11,24,1.717679232699393,3.2710848310521774,-0.0022517811045778,30.55788585329913,0.0006,0.0,4177.688,17
11,24,1.717679232699393,3.2717043534283485,-0.0019322541186773,30.4967907306208,0.0006,0.0,4188.703,17
11,24,1.717679232699393,3.29104781705454,0.0028344698983858,28.714907228175544,0.0006,-0.0,4729.875,17
11,24,1.717679232699393,3.291579907825384,-0.0001667834393684,28.685133640499465,0.0006,0.0,4740.984,17
11,24,1.717679232699393,3.2919488374530146,-0.0024258647284801,28.65229525254392,0.0006,0.0,4752.047,17
11,24,1.717679232699393,3.292279986287799,-0.0021598326354371,28.63536813027839,0.0006,0.0,4763.078,17
11,24,1.717679232699393,3.2742711567727887,-0.0018606084977533,30.255367810064428,0.0006,0.0,4243.969,17
11,24,1.717679232699393,3.2750726723972234,-0.0018524497950495,30.208848305594387,0.0006,0.0,4254.984,17
11,24,1.717679232699393,3.26624232029981,-0.0013287011367532,30.951634119559355,0.0006,0.0,4089.281,17
11,24,1.717679232699393,3.266889341386315,-0.0003628261130004,30.93438116021542,0.0006,0.0,4100.313,17
11,24,1.717679232699393,3.2558369438229167,-0.0022602999184015,31.84806200911404,0.0006,0.0,3934.828,17
11,24,1.717679232699393,3.256762752592057,0.0007899130245596,31.767738138469934,0.0006,0.0,3945.859,17
11,24,1.717679232699393,3.257510889220252,-0.0015425483288709,31.705526579520605,0.0006,0.0,3956.891,17
11,24,1.717679232699393,3.258415723570833,-0.0037288671534361,31.632394300067197,0.0006,0.0,3967.906,17
11,24,1.717679232699393,3.269788778862314,-0.0032646878349966,30.64658535376284,0.0006,0.0,4155.531,17
11,24,1.717679232699393,3.270373122453922,-0.0013846873686913,30.610103300218416,0.0006,0.0,4166.625,17
11,24,1.717679232699393,3.260755042742553,-0.0010960330203335,31.44166705437199,0.0006,-0.0,4001.094,17
11,24,1.717679232699393,3.2611681743475938,-0.0032750017654051,31.39827412205361,0.0006,-0.0,4012.125,17
11,24,1.717679232699393,3.2485476741132966,-0.0013946085773877,32.3704552899033,0.0006,0.0,3846.609,17
11,24,1.717679232699393,3.249596605443861,-0.0004502303677236,32.29296946322983,0.0006,-0.0,3857.609,17
11,24,1.717679232699393,3.250352762323597,-0.0040043268201113,32.25363448040943,0.0006,-0.0,3868.656,17
11,24,1.717679232699393,3.2512889828316585,-0.0044240610077649,32.151795170339426,0.0006,0.0,3879.656,17
11,24,1.717679232699393,3.2649445634673286,0.0006251130919194,31.100027400336977,0.0006,0.0,4067.219,17
11,24,1.717679232699393,3.265820491258566,0.0005688630799865,30.99894343134269,0.0006,0.0,4078.219,17
11,24,1.717679232699393,3.254068720937988,0.0009580319837495,31.95735905791685,0.0006,-0.0,3912.781,17
11,24,1.717679232699393,3.255147086149879,-0.0022326128794918,31.909573732450404,0.0006,0.0,3923.781,17
11,24,1.717679232699393,3.2395680821843675,-0.0056129972966174,33.01574341691205,0.0006,0.0,3758.5,17
11,24,1.717679232699393,3.240675002451133,-4.642283771735556e-05,32.94503967095415,0.0006,0.0,3769.453,17
11,24,1.717679232699393,3.241970953971481,-0.0015780569696735,32.85822840482029,0.0006,-0.0,3780.453,17
11,24,1.717679232699393,3.2432630977475663,-0.0034275421585723,32.75543178640909,0.0006,0.0,3791.5,17
11,24,1.717679232699393,3.2592830287952315,-0.0010688435502719,31.564752492016844,0.0006,0.0,3978.938,17
11,24,1.717679232699393,3.260126400410979,-0.0033467122122824,31.490906257894487,0.0006,0.0,3990.0,17
11,24,1.717679232699393,3.285188141785385,-0.0030140060899642,29.2574330208702,0.0006,0.0,4530.875,17
11,24,1.717679232699393,3.2853975211360105,-0.0013046191914589,29.225427638851,0.0006,0.0,4541.891,17
11,24,1.717679232699393,3.2994592440871764,-0.0007096475283064,27.993966900229832,0.0006,0.0,5083.219,17
11,24,1.717679232699393,3.2997810321145047,0.0005648607880437,27.97812949552553,0.0006,-0.0,5094.219,17
11,24,1.717679232699393,3.299940987382622,0.0009306672172402,27.957994819956888,0.0006,0.0,5105.281,17
11,24,1.717679232699393,3.300295035341809,-0.000915476233048,27.942921343201583,0.0006,0.0,5116.313,17
11,24,1.717679232699393,3.287416161768112,-0.0015098784570379,29.05397602511053,0.0006,0.0,4597.172,17
11,24,1.717679232699393,3.2880071298855498,-0.0015239062181403,29.022929383154672,0.0006,0.0,4608.203,17
11,24,1.717679232699393,3.2823094252704226,-0.0012403771757939,29.51985378719484,0.0006,-0.0,4442.484,17
11,24,1.717679232699393,3.28299316092207,0.0008713374192549,29.48216369984083,0.0006,0.0,4453.5,17
11,24,1.717679232699393,3.2762354346138145,-0.0012954501975795,30.08256206192526,0.0006,0.0,4288.047,17
11,24,1.717679232699393,3.276756929270054,-0.0041282897267709,30.035229445549827,0.0006,0.0,4299.078,17
11,24,1.717679232699393,3.2773515430318287,-0.0015620539510399,29.990066610382705,0.0006,-0.0,4310.094,17
11,24,1.717679232699393,3.2778756080666387,-0.000678677140771,29.96233635452185,0.0006,0.0,4321.094,17
11,24,1.717679232699393,3.2848346928212817,-0.0070394066703984,29.316107196336944,0.0006,0.0,4508.797,17
11,24,1.717679232699393,3.2852567146210627,-0.0015846676966676,29.283569575987563,0.0006,0.0,4519.875,17
11,24,1.717679232699393,3.279157090134589,-0.0006545180239186,29.851196032977544,0.0006,-0.0,4354.141,17
11,24,1.717679232699393,3.279439218801879,-0.0029273621881712,29.800101952770664,0.0006,-0.0,4365.156,17
11,24,1.717679232699393,3.272353164568875,-0.0040710207120198,30.473923647597665,0.0006,-0.0,4199.703,17
11,24,1.717679232699393,3.272831970739352,-0.0034661285899247,30.411172765095674,0.0006,-0.0,4210.75,17
11,24,1.717679232699393,3.273325456636357,-0.0006843503497327,30.37467537673147,0.0006,0.0,4221.922,17
11,24,1.717679232699393,3.273715484265064,-0.0046210969276375,30.312486181723663,0.0006,0.0,4232.969,17
11,24,1.717679232699393,3.2815177704379037,0.0007076633025654,29.584487023634622,0.0006,-0.0,4420.297,17
11,24,1.717679232699393,3.2821306869326388,-0.0029289603752105,29.55289187238836,0.0006,0.0,4431.313,17
11,24,1.717679232699393,3.275501374116551,-0.002401206977457,30.17196444850318,0.0006,0.0,4265.969,17
11,24,1.717679232699393,3.2759306996248605,0.0010128421688362,30.14238788042938,0.0006,-0.0,4276.938,17
11,24,1.717679232699393,3.2675105258010864,-0.0012900855669199,30.879434541699336,0.0006,-0.0,4111.328,17
11,24,1.717679232699393,3.26824312033066,-0.0035253274838125,30.820835065002083,0.0006,-0.0,4122.359,17
11,24,1.717679232699393,3.2686264476418336,-0.0005173328447948,30.77086308824072,0.0006,0.0,4133.422,17
11,24,1.717679232699393,3.269367094558495,-0.0016150797047095,30.69405971330779,0.0006,0.0,4144.453,17
11,24,1.717679232699393,3.278283597793722,-0.0007321524998888,29.92110458173663,0.0006,-0.0,4332.125,17
11,24,1.717679232699393,3.278615135524512,-0.0011812571618301,29.88808044657178,0.0006,0.0,4343.141,17
11,24,1.717679232699393,3.2951838291537423,6.263831986108779e-05,28.357148790824084,0.0006,-0.0,4884.469,17
11,24,1.717679232699393,3.2955954311424724,0.0003325236228191,28.34415316547597,0.0006,0.0,4895.531,17
11,24,1.717679232699393,3.3061424225222606,-0.0003941227086587,27.507633634304455,0.0006,0.0,5436.547,17
11,24,1.717679232699393,3.3062786045555126,-0.001955717219749,27.495521630200976,0.0006,0.0,5447.547,17
11,24,1.717679232699393,3.3065705449510334,-0.0046103204591389,27.477763641901888,0.0006,-0.0,5458.578,17
11,24,1.717679232699393,3.306899627579458,-0.0034111817110139,27.468562773795856,0.0006,0.0,5469.625,17
11,24,1.717679232699393,3.2966786498147638,-0.001724573704181,28.241369234920207,0.0006,0.0,4950.688,17
11,24,1.717679232699393,3.297137717056564,-0.0036955238532314,28.216920205298603,0.0006,-0.0,4961.734,17
11,24,1.717679232699393,3.2931556472084864,-0.0006455605125733,28.559573523409583,0.0006,0.0,4796.188,17
11,24,1.717679232699393,3.293288353773188,-0.0027793508240396,28.530496363998605,0.0006,0.0,4807.25,17
11,24,1.717679232699393,3.2885196544868998,-0.0019036109429687,28.924088048618856,0.0006,0.0,4641.313,17
11,24,1.717679232699393,3.289097382675301,-0.0008197731374228,28.90821485566995,0.0006,0.0,4652.484,17
11,24,1.717679232699393,3.28954325343112,-0.0023641092882502,28.86556682494196,0.0006,0.0,4663.5,17
11,24,1.717679232699393,3.2897668986855133,-0.0011699386180485,28.839745414485314,0.0006,0.0,4674.656,17
11,24,1.717679232699393,3.29455061795872,4.84924027717812e-05,28.397561144544497,0.0006,0.0,4862.453,17
11,24,1.717679232699393,3.2948820442025664,-0.0006971289270745,28.38340401432753,0.0006,0.0,4873.422,17
11,24,1.717679232699393,3.290814680975901,-0.001746494437368,28.763974408952706,0.0006,0.0,4707.781,17
11,24,1.717679232699393,3.291090150636828,-0.0043569042057055,28.74211895149205,0.0006,-0.0,4718.859,17
11,24,1.717679232699393,3.286084958927668,-0.0035409105065407,29.18042287278757,0.0006,0.0,4552.922,17
11,24,1.717679232699393,3.286502614155074,-0.0018695986432272,29.15096851052197,0.0006,0.0,4564.094,17
11,24,1.717679232699393,3.2868046561516087,-0.0008270011625357,29.123229029941808,0.0006,-0.0,4575.078,17
11,24,1.717679232699393,3.2872506342123278,-0.0046706665452816,29.09407409601066,0.0006,0.0,4586.172,17
11,24,1.717679232699393,3.292348068499878,-0.0002144027666026,28.61382778368517,0.0006,-0.0,4774.109,17
11,24,1.717679232699393,3.292660907859608,-0.0037527224520694,28.58941603176574,0.0006,-0.0,4785.156,17
11,24,1.717679232699393,3.288177643205532,-0.0003575497948085,28.99361173227214,0.0006,-0.0,4619.203,17
11,24,1.717679232699393,3.288381159456036,-0.0040472041427598,28.963109391797406,0.0006,-0.0,4630.313,17
11,24,1.717679232699393,3.2832100404718587,-0.0017217443749083,29.45132716218036,0.0006,0.0,4464.531,17
11,24,1.717679232699393,3.2835334194525188,-0.0022017340579111,29.41878486055119,0.0006,0.0,4475.578,17
11,24,1.717679232699393,3.284032294934457,-0.0021121314358361,29.38035608842133,0.0006,0.0,4486.703,17
11,24,1.717679232699393,3.28448404714354,-0.0043872451762198,29.348976568228764,0.0006,0.0,4497.719,17
11,24,1.717679232699393,3.2899292770492305,-0.0031068091912911,28.817922439587697,0.0006,-0.0,4685.703,17
11,24,1.717679232699393,3.2903767144316616,-0.0003811777163505,28.78387761495452,0.0006,-0.0,4696.75,17
11,24,1.717679232699393,3.302439943184701,0.0003675265191016,27.763626845143943,0.0006,0.0,5237.734,17
11,24,1.717679232699393,3.3028574403338444,-0.0050069131224904,27.74509408859752,0.0006,0.0,5248.781,17
11,24,1.717679232699393,3.311655797393562,-0.0003513511092332,27.145834082658936,0.0006,0.0,5790.25,17
11,24,1.717679232699393,3.311958528826688,-0.0016170396274547,27.13228490274661,0.0006,0.0,5801.281,17
11,24,1.717679232699393,3.312000787129812,-0.0009748397106776,27.11963899883804,0.0006,0.0,5812.375,17
11,24,1.717679232699393,3.3121335003987924,-0.0009991978937022,27.10816179205324,0.0006,0.0,5823.391,17
11,24,1.717679232699393,3.3038581460283982,-0.0029012138083072,27.670442310121416,0.0006,-0.0,5304.094,17
11,24,1.717679232699393,3.3042525707621224,-0.0006899692631196,27.643104386944,0.0006,-0.0,5315.109,17
11,24,1.717679232699393,3.30096071637968,-0.0026399498741294,27.89026673755311,0.0006,0.0,5149.406,17
11,24,1.717679232699393,3.301019110117399,0.0007225204896487,27.87064010831588,0.0006,0.0,5160.406,17
11,24,1.717679232699393,3.2977124196311767,2.828655246733768e-05,28.14950689189702,0.0006,0.0,4994.813,17
11,24,1.717679232699393,3.29806103015555,-0.0023506733384825,28.136306948095275,0.0006,-0.0,5005.875,17
11,24,1.717679232699393,3.2982212722040005,-0.0002030188089459,28.11713912953638,0.0006,0.0,5016.875,17
11,24,1.717679232699393,3.298420313333753,-0.0018141390492339,28.091884670303536,0.0006,-0.0,5027.938,17
11,24,1.717679232699393,3.302238202288993,-0.0002932316831926,27.788005483608192,0.0006,0.0,5215.688,17
11,24,1.717679232699393,3.302468094635326,0.001045771197868,27.77274877835728,0.0006,0.0,5226.703,17
11,24,1.717679232699393,3.2991955240098005,-0.0003051809981457,28.036236158628647,0.0006,-0.0,5061.063,17
11,24,1.717679232699393,3.299588908924669,0.0003407634364914,28.011759625983565,0.0006,0.0,5072.141,17
11,24,1.717679232699393,3.295754511167682,-0.0021004184638585,28.324873368047623,0.0006,-0.0,4906.578,17
11,24,1.717679232699393,3.295830225046493,-0.000317580561739,28.28640848393882,0.0006,0.0,4917.563,17
11,24,1.717679232699393,3.296216792036295,-0.0018059101410508,28.28272357511884,0.0006,0.0,4928.625,17
11,24,1.717679232699393,3.296570806805008,-0.0037588648617095,28.26137990115856,0.0006,0.0,4939.656,17
11,24,1.717679232699393,3.300338422550178,-0.0018671157292589,27.922497138764527,0.0006,0.0,5127.344,17
11,24,1.717679232699393,3.300616071290007,-0.0027097251773991,27.904735040188967,0.0006,-0.0,5138.359,17
11,24,1.717679232699393,3.297334581442127,-0.0047614503975694,28.198375086916517,0.0006,0.0,4972.766,17
11,24,1.717679232699393,3.297519927719637,-0.0061773714810202,28.16676051722247,0.0006,0.0,4983.781,17
11,24,1.717679232699393,3.293519893615158,0.0003180836970803,28.50311459998548,0.0006,0.0,4818.344,17
11,24,1.717679232699393,3.293895447453112,0.0016673450195974,28.4906097357794,0.0006,-0.0,4829.344,17
11,24,1.717679232699393,3.2941985297680296,-0.001287640186702,28.451409079419683,0.0006,0.0,4840.406,17
11,24,1.717679232699393,3.2942349359230403,-0.002006511351429,28.43093491934024,0.0006,0.0,4851.438,17
11,24,1.717679232699393,3.2985339878876343,-0.0025319412705322,28.083861753617597,0.0006,-0.0,5039.0,17
11,24,1.717679232699393,3.298701161838438,-0.0015126642817488,28.06459836838587,0.0006,-0.0,5050.031,17
11,24,1.717679232699393,3.308861181762276,-0.0024330385141398,27.33119016380196,0.0006,-0.0,5591.141,17
11,24,1.717679232699393,3.3088841877884354,-0.00237794803921,27.316329849011616,0.0006,0.0,5602.234,17
11,24,1.717679232699393,3.3162655605875937,-0.0011826263890115,26.88475316218588,0.0006,0.0,6144.094,17
11,24,1.717679232699393,3.31660141738692,-0.0002150347215172,26.86840650621136,0.0006,-0.0,6155.125,17
11,24,1.717679232699393,3.3165908021115995,-0.0014901159425271,26.873139268168885,0.0006,-0.0,6166.203,17
11,24,1.717679232699393,3.3169834331273687,-0.0001971392807756,26.86187817719383,0.0006,0.0,6177.281,17
11,24,1.717679232699393,3.309700873983721,-0.0012117303818906,27.27623038551289,0.0006,-0.0,5657.516,17
11,24,1.717679232699393,3.309999428921387,-0.0013386511692794,27.254271252145035,0.0006,0.0,5668.531,17
11,24,1.717679232699393,3.307107095131522,-0.0022148665416912,27.434487508834188,0.0006,0.0,5502.828,17
11,24,1.717679232699393,3.307604558640038,-0.0010296630535213,27.4204999307425,0.0006,0.0,5513.891,17
11,24,1.717679232699393,3.3045615056724547,-0.0002861755392427,27.605669547985865,0.0006,-0.0,5348.25,17
11,24,1.717679232699393,3.304921922914717,-0.0031846989072599,27.591856572553542,0.0006,0.0,5359.234,17
11,24,1.717679232699393,3.3051340675907026,-0.0002087763446938,27.57680797350724,0.0006,-0.0,5370.313,17
11,24,1.717679232699393,3.3050641488051475,-0.0008040637586727,27.572560523978503,0.0006,0.0,5381.344,17
11,24,1.717679232699393,3.3082625082654373,-0.0013176615622399,27.362618408662318,0.0006,0.0,5569.078,17
11,24,1.717679232699393,3.3087091601948417,-0.0032924811346661,27.339016225710576,0.0006,0.0,5580.125,17
11,24,1.717679232699393,3.30593871838222,0.0015917649491934,27.52625259027253,0.0006,0.0,5414.5,17
11,24,1.717679232699393,3.30588129633005,-0.0024553387701084,27.515788453717043,0.0006,0.0,5425.5,17
11,24,1.717679232699393,3.303129961789905,-0.0020532452544609,27.726374330757164,0.0006,0.0,5259.844,17
11,24,1.717679232699393,3.3031401790684702,0.0006105923426844,27.709206033411675,0.0006,-0.0,5270.906,17
11,24,1.717679232699393,3.3034025777735097,0.0007357560172666,27.69876170202291,0.0006,0.0,5281.984,17
11,24,1.717679232699393,3.30379510647756,-0.0020362542725664,27.68242040932937,0.0006,0.0,5293.031,17
11,24,1.717679232699393,3.3069069501903536,-0.0019732365338663,27.46631235501092,0.0006,-0.0,5480.688,17
11,24,1.717679232699393,3.3068874744341525,0.0035022633535197,27.45014850631703,0.0006,0.0,5491.797,17
11,24,1.717679232699393,3.3042490109978173,-0.0016547002167917,27.628072375919245,0.0006,0.0,5326.156,17
11,24,1.717679232699393,3.3043886446504485,0.0022126261013283,27.626195436140254,0.0006,0.0,5337.203,17
11,24,1.717679232699393,3.301465141593315,-0.0009554636276326,27.858788068234983,0.0006,0.0,5171.453,17
11,24,1.717679232699393,3.3015753964363146,0.0004153219060588,27.83827583445316,0.0006,0.0,5182.5,17
11,24,1.717679232699393,3.301810664329538,-0.0028899764047019,27.826586505679558,0.0006,-0.0,5193.516,17
11,24,1.717679232699393,3.3021257675014977,0.0003853893967361,27.80106660485613,0.0006,0.0,5204.563,17
11,24,1.717679232699393,3.3052269258584377,-0.0019139728240261,27.5514525186298,0.0006,-0.0,5392.391,17
11,24,1.717679232699393,3.305514437281659,-0.0015304194697019,27.54435832583277,0.0006,0.0,5403.406,17
11,24,1.717679232699393,3.313788372898913,-0.0021616372358966,27.01711860615241,0.0006,-0.0,5944.938,17
11,24,1.717679232699393,3.313784060206845,-0.0016885660886607,27.007907123404845,0.0006,0.0,5955.984,17
11,24,1.717679232699393,3.319716672020976,0.000176298498596,26.75489787869185,0.0006,0.0,6409.125,17
11,24,1.717679232699393,3.319648092865496,-0.0012059355166224,26.755013491809528,0.0006,0.0,6420.203,17
11,24,1.717679232699393,3.3197816919448715,-0.0019327832793396,26.747966873184968,0.0006,0.0,6431.219,17
11,24,1.717679232699393,3.318728821018948,-0.0013453279530917,26.79265009293196,0.0006,0.0,6320.75,17
11,24,1.717679232699393,3.3146156907979973,-0.0036792408804352,26.97661541619933,0.0006,0.0,6011.25,17
11,24,1.717679232699393,3.3149051027253704,-0.0034460330218893,26.97139084009324,0.0006,-0.0,6022.328,17
11,24,1.717679232699393,3.312667739088188,-0.0008400411449892,27.08094169540378,0.0006,0.0,5856.594,17
11,24,1.717679232699393,3.31280240088039,-0.00361243086241,27.07619875666483,0.0006,0.0,5867.625,17
11,24,1.717679232699393,3.3103257863049294,0.0008455261939425,27.221576063655807,0.0006,0.0,5701.766,17
11,24,1.717679232699393,3.310559129113469,-0.0010812968724856,27.21470738381588,0.0006,0.0,5712.813,17
11,24,1.717679232699393,3.31073638659928,-0.0001074133842667,27.20420266909555,0.0006,0.0,5723.953,17
11,24,1.717679232699393,3.3107555289479893,-0.002977063964252,27.19095318029489,0.0006,0.0,5734.984,17
11,24,1.717679232699393,3.3136809124725874,-0.000885847234757,27.036504392775928,0.0006,0.0,5922.766,17
11,24,1.717679232699393,3.3136244216424413,-2.5853868903971372e-05,27.02074992279682,0.0006,0.0,5933.844,17
11,24,1.717679232699393,3.3114682428034747,-0.0029637988764084,27.157214558585867,0.0006,0.0,5768.188,17
11,24,1.717679232699393,3.311655027152595,-0.0033205873952363,27.15453146876593,0.0006,0.0,5779.203,17
11,24,1.717679232699393,3.3090221293969644,0.0026987545208525,27.297534678339577,0.0006,-0.0,5613.328,17
11,24,1.717679232699393,3.309228341971296,-0.0017904552429449,27.286807347466507,0.0006,0.0,5624.359,17
11,24,1.717679232699393,3.309640040435534,-0.0022342149739097,27.27852817877201,0.0006,0.0,5635.422,17
11,24,1.717679232699393,3.3095803311482546,-0.0021620302184448,27.277527860259053,0.0006,0.0,5646.484,17
11,24,1.717679232699393,3.312208750734675,-0.0007639721929591,27.09548734684012,0.0006,0.0,5834.469,17
11,24,1.717679232699393,3.3125100391775457,-0.0019159513484812,27.08794104737373,0.0006,0.0,5845.563,17
11,24,1.717679232699393,3.310013838824688,-0.0027857503260629,27.25252811602975,0.0006,0.0,5679.594,17
11,24,1.717679232699393,3.310213809927195,0.0003758665439693,27.222932976144246,0.0006,-0.0,5690.719,17
11,24,1.717679232699393,3.3076124078493687,0.0022760423531068,27.41059765054256,0.0006,-0.0,5524.922,17
11,24,1.717679232699393,3.3079641239983824,-0.0011989131226326,27.39103327250889,0.0006,0.0,5535.953,17
11,24,1.717679232699393,3.308250760995735,-0.0017367738361522,27.381055832732983,0.0006,0.0,5547.0,17
11,24,1.717679232699393,3.3081028315015004,-0.0003547871753308,27.36986948985701,0.0006,-0.0,5558.047,17
11,24,1.717679232699393,3.310962525215261,-0.0013481999451615,27.18055531819354,0.0006,0.0,5746.031,17
11,24,1.717679232699393,3.3110480693637,-0.0044319408197662,27.16621752283525,0.0006,-0.0,5757.109,17
11,24,1.717679232699393,3.632427222048032,-4.023279120604542,27.038653060578024,4.0,1.786,62.813,17
11,24,1.717679232699393,4.072973131089956,0.0005950022409787,27.217996064839955,0.0008,4.077,73.406,17
11,24,1.717679232699393,3.477268653851577,-4.024195426751225,31.65453298299448,4.0,1.658,594.547,17
11,24,1.717679232699393,3.899258884612873,-0.0007013940118222,31.71550921415593,0.0006,3.9,605.156,17
11,24,1.717679232699393,3.4729051792027974,-4.024926464799911,31.72743486848145,4.0,1.654,615.844,17
11,24,1.717679232699393,3.894211927069507,-0.0026541030882855,31.793685169632752,0.0006,3.894,626.469,17
11,24,1.717679232699393,3.594728415971529,-4.02363133189114,27.844612133576568,4.0,1.756,126.563,17
11,24,1.717679232699393,4.040474654714519,0.0002141126156395,28.005647914361404,0.0006,4.041,137.203,17
11,24,1.717679232699393,3.65113079398622,-4.02387747064196,26.71169094790412,4.0,1.804,41.516000000000005,17
11,24,1.717679232699393,4.087551687207098,-0.0012628661588962,26.93119839592026,0.0006,4.093,52.234,17
11,24,1.717679232699393,3.317266820698404,-0.0030042696531906,26.84585951230841,0.0006,0.0,6210.375,17
11,24,1.717679232699393,3.3174433025986976,-0.0012131534202678,26.83398372582673,0.0006,0.0,6221.422,17
11,24,1.717679232699393,3.315330290718086,0.0015483610674038,26.934575323514093,0.0006,0.0,6055.578,17
11,24,1.717679232699393,3.315362471445689,-0.0023386156284532,26.929363995497408,0.0006,0.0,6066.578,17
11,24,1.717679232699393,3.3156173265839075,-0.0001518582317827,26.91854114280701,0.0006,0.0,6077.672,17
11,24,1.717679232699393,3.315751944634996,-0.0009527509281442,26.91175452894975,0.0006,-0.0,6088.797,17
11,24,1.717679232699393,3.316063240591636,0.0008428556412228,26.88839042928114,0.0006,0.0,6122.0,17
11,24,1.717679232699393,3.3162575666685337,-0.0024533681854061,26.883476829191974,0.0006,0.0,6133.016,17
11,24,1.717679232699393,3.314029686082839,-0.0018903040429358,26.99499622613554,0.0006,0.0,5967.016,17
11,24,1.717679232699393,3.3143019293492424,-0.0019965099771453,26.99463553147,0.0006,0.0,5978.047,17
11,24,1.717679232699393,3.3144885672668285,-0.0017004275176787,26.982802762476997,0.0006,0.0,5989.219,17
11,24,1.717679232699393,3.314646316760789,0.0013185309657198,26.977378055548176,0.0006,0.0,6000.266,17
11,24,1.717679232699393,3.316965455172991,0.0014946976866789,26.85031854654081,0.0006,0.0,6188.297,17
11,24,1.717679232699393,3.31725352433985,0.0006440845427982,26.846924837241083,0.0006,0.0,6199.359,17
11,24,1.717679232699393,3.314913252578979,0.0005938943090375,26.95767723212029,0.0006,-0.0,6033.484,17
11,24,1.717679232699393,3.3151007785022,-0.0017475119241298,26.963252902892467,0.0006,-0.0,6044.516,17
11,24,1.717679232699393,3.31291497211956,-0.0014431752972159,27.060149568067228,0.0006,0.0,5878.641,17
11,24,1.717679232699393,3.3130111384955736,-0.0001483212685917,27.054756589028337,0.0006,0.0,5889.703,17
11,24,1.717679232699393,3.313233170595923,-0.0013588086510599,27.052160243089237,0.0006,0.0,5900.734,17
11,24,1.717679232699393,3.313322746282225,-0.0028046331578886,27.04172704715037,0.0006,0.0,5911.75,17
11,24,1.717679232699393,3.3158880828565893,-0.0023478632420212,26.89862431267336,0.0006,-0.0,6099.844,17
11,24,1.717679232699393,3.3160836187098144,-0.0017448648499552,26.9011281672105,0.0006,0.0,6110.891,17
11,24,1.717679232699393,3.555705223539593,-4.02506462661667,29.21316305576293,4.0,1.727,254.125,17
11,24,1.717679232699393,3.995880224334756,-0.0001698936099822,29.3516299866348,0.0006,3.996,264.703,17
11,24,1.717679232699393,3.5504051427514214,-4.025321813127652,29.42358646239665,4.0,1.724,275.328,17
11,24,1.717679232699393,3.989197354148316,-0.0012206696517379,29.570538633632104,0.0006,3.988,285.969,17
12,24,1.809804813280106,3.575934637969179,-4.026379287361722,30.40008583241891,4.0,1.748,362.078,16
12,24,1.809804813280106,4.007318093324304,-0.0012474606873912,30.539140496877305,0.0006,4.006,372.703,16
12,24,1.809804813280106,3.570903534922952,-4.025441898104863,30.582216002727662,4.0,1.744,383.406,16
12,24,1.809804813280106,4.054206174019356,0.0002197783954798,29.170637199696344,0.0006,4.055,223.36,16
12,24,1.809804813280106,3.566021816965653,-4.024805765711013,30.772638228419336,4.0,1.74,404.844,16
12,24,1.809804813280106,3.9953463869209935,-8.50545935873103e-05,30.89330263687495,0.0008,3.994,415.516,16
12,24,1.809804813280106,3.561169010256935,-4.02484861150541,30.956486610654284,4.0,1.736,426.172,16
12,24,1.809804813280106,3.988936890228343,0.000153537634536,31.081168515809875,0.0006,3.988,436.797,16
12,24,1.809804813280106,3.93829780383235,-0.0006356274158377,32.27464946319482,0.0006,3.938,607.844,16
12,24,1.809804813280106,3.5138310417302754,-4.0243938160334025,32.3072628653424,4.0,1.693,618.656,16
12,24,1.809804813280106,3.93242998687649,-0.0005367424808147,32.38211127373095,0.0006,3.932,629.328,16
12,24,1.809804813280106,4.120481293208025,0.0010533790709425,27.48528156079981,0.0006,4.125,73.797,16
12,24,1.809804813280106,3.5857226272266565,-4.025361737931341,30.028162524173045,4.0,1.758,319.391,16
12,24,1.809804813280106,4.019589007840803,-0.0005485361888528,30.170245296869236,0.0006,4.019,330.063,16
12,24,1.809804813280106,3.580878121356436,-4.024523842931552,30.21599434118811,4.0,1.752,340.703,16
12,24,1.809804813280106,4.013694397568569,-4.91239832905078e-05,30.346920554378947,0.0006,4.012,351.406,16
12,24,1.809804813280106,3.963199552361265,-0.0016287135084706,31.725571550317103,0.0006,3.962,522.391,16
12,24,1.809804813280106,3.5345483255951406,-4.024600086948109,31.77252254177519,4.0,1.712,533.094,16
12,24,1.809804813280106,3.956678096516398,-0.0006074034467192,31.88341600003807,0.0006,3.956,543.735,16
12,24,1.809804813280106,3.52878056788919,-4.023758521387041,31.90574656971665,4.0,1.706,554.547,16
12,24,1.809804813280106,3.833246135632891,-0.0008608107210274,33.637844727931885,0.0006,3.834,1077.875,16
12,24,1.809804813280106,3.524104582945876,-4.022882544238001,32.06286590646439,4.0,1.702,575.86,16
12,24,1.809804813280106,3.944058230209405,-0.0015650110398774,32.157989415406234,0.0006,3.944,586.5,16
12,24,1.809804813280106,3.5192425154810736,-4.023878991327477,32.18970736783357,4.0,1.697,597.156,16
12,24,1.809804813280106,3.824037438911593,0.000355257788926,33.79253116282363,0.0006,3.825,1120.547,16
12,24,1.809804813280106,3.409065844592854,-4.023750306123123,33.78283017773182,4.0,1.595,1131.219,16
12,24,1.809804813280106,3.819997384017242,-0.0015428966325979,33.864843836265656,0.0006,3.821,1141.875,16
12,24,1.809804813280106,3.4051720920867363,-4.025538428593568,33.85176803023286,4.0,1.591,1152.594,16
12,24,1.809804813280106,3.85057601948049,-0.0033264851073156,33.40267136563432,0.0006,3.851,992.328,16
12,24,1.809804813280106,3.5450126356188885,-4.02451279534238,31.437300615321533,4.0,1.721,490.266,16
12,24,1.809804813280106,3.969666931928805,-0.0015698929741787,31.56531505021294,0.0006,3.969,500.953,16
12,24,1.809804813280106,3.539737879975603,-4.025346284595662,31.611361497385325,4.0,1.716,511.703,16
12,24,1.809804813280106,3.608493542115649,-4.02393686063755,29.231582100049938,4.0,1.777,234.031,16
12,24,1.809804813280106,4.046750376043664,-0.001323854027555,29.3865264462685,0.0006,4.046,244.688,16
12,24,1.809804813280106,3.602318430608688,-4.026191605067487,29.44802999954469,4.0,1.771,255.391,16
12,24,1.809804813280106,4.039485469658568,-0.00026742294674,29.583945370355448,0.0006,4.039,266.125,16
12,24,1.809804813280106,3.5966971376136674,-4.026348648940335,29.643906954413023,4.0,1.766,276.781,16
12,24,1.809804813280106,4.032677918943139,-0.00137296701601,29.796400503219267,0.0006,4.031,287.453,16
12,24,1.809804813280106,3.509391282132083,-4.0254317717817925,32.45674721058889,4.0,1.689,639.969,16
12,24,1.809804813280106,3.975977216964703,-0.0005084004884765,31.41239953782521,0.0006,3.975,479.547,16
12,24,1.809804813280106,3.637192036730572,-4.025391758593523,28.355277367104826,4.0,1.798,148.578,16
12,24,1.809804813280106,4.078399713458141,-0.0009145587695857,28.507831899402348,0.0006,4.08,159.235,16
12,24,1.809804813280106,3.629042717338322,-4.023494349243977,28.57749679373049,4.0,1.793,169.906,16
12,24,1.809804813280106,4.07003420109071,0.000728219087873,28.736297736573427,0.0006,4.071,180.578,16
12,24,1.809804813280106,3.6216184700542433,-4.026141143147124,28.81470732992238,4.0,1.788,191.235,16
12,24,1.809804813280106,4.062053124090412,-0.0008148635063291,28.96351074742155,0.0006,4.062,201.922,16
12,24,1.809804813280106,3.614989613335256,-4.023709245652025,29.0245782296644,4.0,1.782,212.688,16
12,24,1.809804813280106,3.906715727651904,-0.0023294382863975,32.82063436231106,0.0006,3.908,735.797,16
12,24,1.809804813280106,3.486049600842688,-4.025099364890762,32.82181389009736,4.0,1.666,746.485,16
12,24,1.809804813280106,3.90192716897258,-0.0028480116796193,32.858249883940594,0.0006,3.902,757.156,16
12,24,1.809804813280106,3.481342061946825,-4.024542921586216,32.85512770541985,4.0,1.663,767.875,16
12,24,1.809804813280106,3.896977249709473,-0.0010175158420319,32.8942936254584,0.0006,3.897,778.531,16
12,24,1.809804813280106,3.4767790117513,-4.026353065496997,32.91620604812575,4.0,1.661,789.203,16
12,24,1.809804813280106,3.8919174314892815,6.393485591903477e-05,32.977996363086966,0.0006,3.892,799.844,16
12,24,1.809804813280106,3.472127073314337,-4.026483575933431,32.968200344190144,4.0,1.655,810.547,16
12,24,1.809804813280106,3.926965516432874,-0.0010851092001403,32.50940019351861,0.0006,3.928,650.625,16
12,24,1.809804813280106,3.555571366162765,-4.026153563617663,31.12154782844196,4.0,1.73,447.469,16
12,24,1.809804813280106,3.646473823481446,-4.023480086207138,28.09395065854743,4.0,1.805,127.235,16
12,24,1.809804813280106,4.097448610053546,-0.0015897050634047,28.01020134365188,0.0006,4.1,116.531,16
12,24,1.809804813280106,3.657098263866093,-4.023726458879592,27.84626680078936,4.0,1.812,105.828,16
12,24,1.809804813280106,4.108394348456693,-0.003092659003762,27.752648790106186,0.0006,4.111,95.156,16
12,24,1.809804813280106,3.669632715429153,-4.02478011860375,27.583616346149817,4.0,1.823,84.469,16
12,24,1.809804813280106,3.490639400791567,-4.024703782989854,32.792172489921725,4.0,1.671,725.172,16
12,24,1.809804813280106,3.950150846894247,-0.0006373428174583,32.01965002747392,0.0006,3.949,565.188,16
12,24,1.809804813280106,3.3861353128472955,-4.025620685160012,34.197045818466194,4.0,1.573,1259.328,16
12,24,1.809804813280106,3.7960954059864207,-0.0015487477352902,34.25727138032088,0.0006,3.796,1270.031,16
12,24,1.809804813280106,3.3825636969478965,-4.024051139971151,34.23469118978063,4.0,1.569,1280.688,16
12,24,1.809804813280106,3.791568604908342,-0.0006875151970509,34.29778564013826,0.0006,3.792,1291.344,16
12,24,1.809804813280106,3.3787040368092414,-4.024643000766777,34.30236766932803,4.0,1.565,1302.031,16
12,24,1.809804813280106,3.788201795096706,8.818721747449467e-05,34.394447203759135,0.0006,3.789,1312.672,16
12,24,1.809804813280106,3.374656043721256,-4.025698306706879,34.38170828753668,4.0,1.561,1323.422,16
12,24,1.809804813280106,3.816085022608904,0.0003959230602414,33.923140482943914,0.0006,3.817,1163.297,16
12,24,1.809804813280106,3.4013946045436945,-4.024464943517042,33.92325017094941,4.0,1.587,1173.969,16
12,24,1.809804813280106,3.811790400482877,0.0020765656982985,33.9811997670362,0.0006,3.813,1184.625,16
12,24,1.809804813280106,3.3973737203087846,-4.027472859736048,34.00193991713051,4.0,1.583,1195.328,16
12,24,1.809804813280106,3.807533698432761,0.0006619540855554,34.044488114025164,0.0006,3.809,1205.953,16
12,24,1.809804813280106,3.393830683089575,-4.025642968324183,34.05177636849355,4.0,1.58,1216.594,16
12,24,1.809804813280106,3.803812914806556,-0.0018179914166827,34.131662834028624,0.0006,3.804,1227.25,16
12,24,1.809804813280106,3.3899909569668023,-4.023721898049465,34.114975380117336,4.0,1.577,1237.922,16
12,24,1.809804813280106,3.716784411020552,-0.0011978740473629,35.53526820229834,0.0006,3.718,1760.703,16
12,24,1.809804813280106,3.306056480034776,-4.025631854397494,35.51110417026203,4.0,1.492,1771.422,16
12,24,1.809804813280106,3.71404652826769,-0.0011735524762203,35.603078809333944,0.0006,3.715,1782.125,16
12,24,1.809804813280106,3.303362814478746,-4.0255154982492565,35.60017347594765,4.0,1.489,1792.844,16
12,24,1.809804813280106,3.7112725396351673,-0.0007107161593841,35.62938676500675,0.0006,3.712,1803.531,16
12,24,1.809804813280106,3.300527248163573,-4.023845187579203,35.60668976099157,4.0,1.487,1814.172,16
12,24,1.809804813280106,3.7085469067903976,-0.0012635939202708,35.67779475812059,0.0006,3.71,1824.797,16
12,24,1.809804813280106,3.297889817829076,-4.0243222731550645,35.67584211121298,4.0,1.484,1835.469,16
12,24,1.809804813280106,3.728598312392292,-0.0011525931848589,35.34953120544623,0.0006,3.73,1675.422,16
12,24,1.809804813280106,3.318042349379517,-4.024583661116767,35.34736210807106,4.0,1.503,1686.078,16
12,24,1.809804813280106,3.725728912676921,-0.001617132088189,35.37263654079351,0.0006,3.727,1696.75,16
12,24,1.809804813280106,3.314959459278283,-4.023688184033339,35.371055202323205,4.0,1.5,1707.453,16
12,24,1.809804813280106,3.7225084661969072,-0.0014621271175851,35.423837268078444,0.0006,3.724,1718.078,16
12,24,1.809804813280106,3.312076882738796,-4.025030534549401,35.42050121536675,4.0,1.498,1728.719,16
12,24,1.809804813280106,3.7198149538634175,-0.0005869693511575,35.46609652559082,0.0006,3.72,1739.375,16
12,24,1.809804813280106,3.308942976329678,-4.025363844966709,35.49101700906503,4.0,1.495,1750.063,16
12,24,1.809804813280106,3.741103848691695,0.0005741588059808,35.10524378098776,0.0008,3.742,1590.25,16
12,24,1.809804813280106,3.3305450786341644,-4.025910154917678,35.14174394220928,4.0,1.515,1600.875,16
12,24,1.809804813280106,3.737962266238781,0.0003477490557711,35.189920582204415,0.0008,3.739,1611.516,16
12,24,1.809804813280106,3.3271668572887623,-4.0263191068463,35.19004431010075,4.001,1.512,1622.188,16
12,24,1.809804813280106,3.734986743584652,-0.0015496625813495,35.23228267603182,0.0006,3.736,1632.828,16
12,24,1.809804813280106,3.3242252516405566,-4.026234935239173,35.2270838414333,4.0,1.51,1643.485,16
12,24,1.809804813280106,3.731853859775722,0.0006502403422629,35.29421356262192,0.0006,3.733,1654.141,16
12,24,1.809804813280106,3.3211256568122582,-4.024597299080081,35.27901145797879,4.001,1.507,1664.813,16
12,24,1.809804813280106,3.7552234570108216,0.0007103650365597,34.91636820628059,0.0006,3.756,1504.813,16
12,24,1.809804813280106,3.3435530122365438,-4.024956029548553,34.91783434374714,4.0,1.527,1515.5,16
12,24,1.809804813280106,3.7514534806069535,0.000962865394408,34.958965077170745,0.0006,3.752,1526.172,16
12,24,1.809804813280106,3.340082405468806,-4.027026017928097,34.98866784001726,4.0,1.523,1536.875,16
12,24,1.809804813280106,3.747858609055563,-0.0017316849348347,35.03362968121817,0.0006,3.748,1547.547,16
12,24,1.809804813280106,3.3366641154686647,-4.021903322380791,35.03831314206947,4.0,1.522,1558.266,16
12,24,1.809804813280106,3.744614976332727,-0.0009135483436813,35.07867905024203,0.0006,3.745,1568.953,16
12,24,1.809804813280106,3.33382205290554,-4.028862296598938,35.057501709147694,4.0,1.519,1579.578,16
12,24,1.809804813280106,3.6782762192274583,-0.0003500633723636,36.231440885558456,0.0006,3.68,2102.391,16
12,24,1.809804813280106,3.2665679641269514,-4.026373263943079,36.24977005504295,4.0,1.453,2113.172,16
12,24,1.809804813280106,3.6764373198767735,-0.0020939745583707,36.31788362119088,0.0006,3.678,2123.875,16
12,24,1.809804813280106,3.264698186413445,-4.026131175494893,36.28921171344401,4.0,1.451,2134.578,16
12,24,1.809804813280106,3.674858256913685,-0.0027881920167124,36.3515799246675,0.0006,3.676,2145.266,16
12,24,1.809804813280106,3.2625437258208403,-4.026278802098559,36.341109884517145,4.0,1.449,2155.969,16
12,24,1.809804813280106,3.673006899924657,-0.000750017692517,36.373478886027485,0.0006,3.674,2166.641,16
12,24,1.809804813280106,3.260357355991343,-4.025446903216506,36.37317182243956,4.0,1.447,2177.344,16
12,24,1.809804813280106,3.6866272634527792,-0.0043681024424999,36.12777195675945,0.0006,3.688,2016.844,16
12,24,1.809804813280106,3.275426156241009,-4.02481494869675,36.10678396466126,4.0,1.461,2027.61,16
12,24,1.809804813280106,3.684405565937784,-0.003521474678208,36.13163893305307,0.0006,3.686,2038.281,16
12,24,1.809804813280106,3.2733808936886253,-4.024552285002764,36.138679218558245,4.0,1.459,2048.969,16
12,24,1.809804813280106,3.682367820495291,3.751945558925249e-05,36.16794980783232,0.0006,3.684,2059.641,16
12,24,1.809804813280106,3.271058892876561,-4.024930679516044,36.14730136541279,4.001,1.457,2070.391,16
12,24,1.809804813280106,3.680252918655002,-0.0012697912991825,36.20103719999791,0.0006,3.682,2081.047,16
12,24,1.809804813280106,3.268865072420174,-4.023563388630127,36.2208823805378,4.0,1.455,2091.75,16
12,24,1.809804813280106,3.695845299521921,-0.0003502880398363,35.89056982537198,0.0006,3.697,1931.422,16
12,24,1.809804813280106,3.285121919234267,-4.026198846148223,35.904054025393215,4.0,1.471,1942.125,16
12,24,1.809804813280106,3.693357869471817,-0.0002854428485809,35.91671187601202,0.0006,3.694,1952.766,16
12,24,1.809804813280106,3.2826158099827816,-4.024806169284422,35.94770603845063,4.0,1.468,1963.469,16
12,24,1.809804813280106,3.69094773173405,-0.0013152626889797,35.96740530272619,0.0006,3.692,1974.141,16
12,24,1.809804813280106,3.280360680284861,-4.024229633561497,35.962786280927126,4.0,1.466,1984.813,16
12,24,1.809804813280106,3.688862297369244,-0.0006205742047809,36.02316179091533,0.0006,3.69,1995.485,16
12,24,1.809804813280106,3.2780007291403086,-4.027045011764466,36.01358025083779,4.0,1.463,2006.156,16
12,24,1.809804813280106,3.705808817858167,2.040810072005921e-05,35.744181807957034,0.0006,3.707,1846.125,16
12,24,1.809804813280106,3.2952122259861283,-4.024228501325617,35.75922074052791,4.0,1.481,1856.781,16
12,24,1.809804813280106,3.7031076625801393,-0.0021381441778072,35.77929713678655,0.0006,3.704,1867.438,16
12,24,1.809804813280106,3.2927154059572543,-4.0251882318194365,35.734745567354395,4.0,1.479,1878.094,16
12,24,1.809804813280106,3.70065814876848,-0.0009854478897297,35.80816077850783,0.0006,3.702,1888.719,16
12,24,1.809804813280106,3.2900259666702434,-4.024764971716603,35.79225252145119,4.0,1.476,1899.422,16
12,24,1.809804813280106,3.6982112615877143,-0.0025354656232671,35.87348975997308,0.0006,3.699,1910.094,16
12,24,1.809804813280106,3.287591889098909,-4.026031586610144,35.82904522407104,4.0,1.474,1920.735,16
12,24,1.809804813280106,3.649536146341804,-0.0017923008111149,36.9895960466126,0.0006,3.649,2444.672,16
12,24,1.809804813280106,3.232019874809981,-4.025310597677729,37.005704915909575,4.0,1.422,2455.406,16
12,24,1.809804813280106,3.647420192532431,-0.0014524597777769,37.05292903251067,0.0006,3.647,2466.11,16
12,24,1.809804813280106,3.229333663328977,-4.02781207780151,37.06198240498629,4.0,1.42,2476.86,16
12,24,1.809804813280106,3.6452098931908328,0.0009711239006327,37.0851570894047,0.0006,3.645,2487.563,16
12,24,1.809804813280106,3.226565490465433,-4.024070494463301,37.08956587048204,4.0,1.418,2498.281,16
12,24,1.809804813280106,3.643351134097296,0.0005091441294248,37.11326803787296,0.0006,3.643,2508.969,16
12,24,1.809804813280106,3.2242664170926068,-4.024860921776345,37.164832491880816,4.0,1.414,2519.703,16
12,24,1.809804813280106,3.656780747027855,-0.0017610577516821,36.82636156836511,0.0006,3.657,2359.094,16
12,24,1.809804813280106,3.2414149095862816,-4.027006905717607,36.801475216661466,4.001,1.43,2369.766,16
12,24,1.809804813280106,3.655027329048651,-0.0006821236372513,36.84640621114252,0.0006,3.655,2380.453,16
12,24,1.809804813280106,3.2392297925915763,-4.024952752659614,36.81047674066188,4.0,1.428,2391.141,16
12,24,1.809804813280106,3.653184855299791,-0.0001357168556278,36.96129048699808,0.0006,3.653,2401.844,16
12,24,1.809804813280106,3.2364028072917157,-4.026409414488689,36.89479675204796,4.0,1.426,2412.578,16
12,24,1.809804813280106,3.6514151056073945,-0.0017593488879529,36.97739999010769,0.0006,3.651,2423.266,16
12,24,1.809804813280106,3.2342690435243333,-4.026987824477115,36.95546364419273,4.0,1.424,2433.938,16
12,24,1.809804813280106,3.6637672157594663,-9.378821669894734e-06,36.60974375964442,0.0006,3.664,2273.563,16
12,24,1.809804813280106,3.2499615787315674,-4.024813398238932,36.64131621418903,4.0,1.438,2284.25,16
12,24,1.809804813280106,3.661849204441782,-0.0004135761584045,36.67101541175016,0.0006,3.663,2294.891,16
12,24,1.809804813280106,3.2477553532891923,-4.024646697248525,36.633944525033975,4.0,1.436,2305.61,16
12,24,1.809804813280106,3.6605250523188295,-0.002340017259246,36.7185619394252,0.0006,3.661,2316.281,16
12,24,1.809804813280106,3.24557838527422,-4.026336455228157,36.68312863313824,4.0,1.433,2327.016,16
12,24,1.809804813280106,3.65865964397288,0.0010274675151888,36.795568670485856,0.0006,3.659,2337.719,16
12,24,1.809804813280106,3.2435183417812863,-4.025315259235375,36.7468274094115,4.0,1.432,2348.438,16
12,24,1.809804813280106,3.67106824677036,-0.0001356512993023,36.46788281955536,0.0006,3.672,2188.047,16
12,24,1.809804813280106,3.2585210331207746,-4.025173918326975,36.42743770111304,4.0,1.446,2198.735,16
12,24,1.809804813280106,3.669343632899924,-0.0004832217680112,36.48446155713181,0.0006,3.67,2209.453,16
12,24,1.809804813280106,3.256591313882804,-4.026266482741474,36.47721298801238,4.0,1.445,2220.11,16
12,24,1.809804813280106,3.667285050801932,0.0014319782016929,36.52221063686151,0.0008,3.668,2230.797,16
12,24,1.809804813280106,3.2543988356244595,-4.025967273628296,36.48742563404447,4.0,1.442,2241.485,16
12,24,1.809804813280106,3.6657960019544142,0.0007741793505569,36.56807150799948,0.0006,3.666,2252.219,16
12,24,1.809804813280106,3.2521692041356696,-4.02770672956633,36.55744006036664,4.0,1.44,2262.922,16
12,24,1.809804813280106,3.607343655003071,-0.0007110856730414,37.9344259318316,0.0006,3.604,2786.485,16
12,24,1.809804813280106,3.1777491716944684,-4.027099626002874,37.92052773008509,4.0,1.374,2797.266,16
12,24,1.809804813280106,3.603212699214838,0.001992965179801,37.97805547468947,0.0006,3.599,2807.969,16
12,24,1.809804813280106,3.1734483299042227,-4.027289811317587,37.99959318412528,4.0,1.37,2818.656,16
12,24,1.809804813280106,3.5995023620350426,-0.0017036828146683,38.12233023504157,0.0006,3.595,2829.375,16
12,24,1.809804813280106,3.168257890053655,-4.025374222690999,38.08467063742377,4.0,1.365,2840.016,16
12,24,1.809804813280106,3.59497295258336,0.0008627803165345,38.12010849397145,0.0006,3.591,2850.688,16
12,24,1.809804813280106,3.1622099738282223,-4.025587388519551,38.10772651711533,4.0,1.36,2861.36,16
12,24,1.809804813280106,3.620608544153155,-0.0035876705891737,37.67485497831543,0.0006,3.618,2701.047,16
12,24,1.809804813280106,3.195832101937475,-4.02500884486504,37.67695105695867,4.0,1.39,2711.719,16
12,24,1.809804813280106,3.617624365387312,-0.0003880262949136,37.71941890456846,0.0008,3.615,2722.375,16
12,24,1.809804813280106,3.1916456263009687,-4.025223927972267,37.742522403937606,4.0,1.386,2733.047,16
12,24,1.809804813280106,3.6144603669772057,0.000754126961885,37.83181212396868,0.0006,3.612,2743.703,16
12,24,1.809804813280106,3.1871491896500816,-4.026428863617599,37.79600347821508,4.0,1.382,2754.469,16
12,24,1.809804813280106,3.6108953109105646,-0.0012061987599299,37.90249041657408,0.0006,3.608,2765.141,16
12,24,1.809804813280106,3.1830476786015462,-4.025644681679099,37.85969359229595,4.0,1.378,2775.828,16
12,24,1.809804813280106,3.6317373553324654,-0.0002976955745103,37.40237660500669,0.0006,3.63,2615.766,16
12,24,1.809804813280106,3.209297888623039,-4.024824067776439,37.40058881937487,4.0,1.401,2626.453,16
12,24,1.809804813280106,3.629004112283626,-0.0007202676029262,37.50730568055723,0.0006,3.627,2637.125,16
12,24,1.809804813280106,3.206339331473214,-4.024340295772507,37.47779930505345,4.0,1.399,2647.766,16
12,24,1.809804813280106,3.6265070383173033,-0.0016427604643259,37.57384230938032,0.0006,3.625,2658.391,16
12,24,1.809804813280106,3.2029211772265422,-4.024208147895439,37.5963987641563,4.001,1.395,2669.031,16
12,24,1.809804813280106,3.623706126589055,0.0008482887488893,37.62858062739985,0.0006,3.621,2679.719,16
12,24,1.809804813280106,3.1994560340264133,-4.025685292153393,37.60644947900647,4.0,1.393,2690.406,16
12,24,1.809804813280106,3.641041962127646,-0.0011498440198114,37.20565264438756,0.0006,3.641,2530.36,16
12,24,1.809804813280106,3.2215922522771647,-4.025517291057641,37.22572555342274,4.0,1.413,2541.031,16
12,24,1.809804813280106,3.639111585288575,0.0015841241000099,37.26725974235829,0.0008,3.637,2551.719,16
12,24,1.809804813280106,3.2189252057525093,-4.026685118333405,37.25464782383022,4.0,1.411,2562.36,16
12,24,1.809804813280106,3.636495826282674,-0.0020546572498846,37.32043083571659,0.0006,3.635,2572.953,16
12,24,1.809804813280106,3.215184567881036,-4.028234736396347,37.31510924857885,4.0,1.407,2583.735,16
12,24,1.809804813280106,3.634335342656728,-0.0005554755796794,37.39076313406594,0.0006,3.633,2594.453,16
12,24,1.809804813280106,3.2127320336449885,-4.023589472565444,37.37035113904913,4.0,1.405,2605.125,16
12,24,1.809804813280106,3.4343072256165272,-0.0005720364899322,39.14922948029162,0.0006,3.424,3128.297,16
12,24,1.809804813280106,2.947422884961609,-4.026179490749546,39.17179197835314,4.0,1.167,3138.985,16
12,24,1.809804813280106,3.40252997578892,-0.0004684446603703,39.277224825151485,0.0006,3.392,3149.672,16
12,24,1.809804813280106,2.90436172706128,-4.02510887945656,39.30631835062277,4.0,1.129,3160.469,16
12,24,1.809804813280106,3.3635705917131604,-0.0012940621040341,39.40444134848293,0.0006,3.351,3171.11,16
12,24,1.809804813280106,2.854224956283825,-4.024933023044953,39.37954158653924,4.0,1.084,3181.781,16
12,24,1.809804813280106,3.3176820288044007,-0.0002550081699498,39.53613027598775,0.0006,3.304,3192.422,16
12,24,1.809804813280106,2.7914858842872903,-4.02646088877801,39.54501850655975,4.0,1.028,3203.219,16
12,24,1.809804813280106,3.5200627806233222,-0.0006054328390579,38.77824600129861,0.0008,3.512,3042.938,16
12,24,1.809804813280106,3.06145325323692,-4.026504714951531,38.78534174886602,4.0,1.271,3053.625,16
12,24,1.809804813280106,3.503242094513922,-0.0039971199706538,38.88826444873142,0.0006,3.495,3064.266,16
12,24,1.809804813280106,3.0392596394981424,-4.023501324455027,38.859660497688296,4.0,1.251,3074.938,16
12,24,1.809804813280106,3.484344552348443,-0.0015798790866042,38.95769239697543,0.0006,3.475,3085.656,16
12,24,1.809804813280106,3.0137956197252125,-4.025254641898006,38.971786402559175,4.0,1.228,3096.328,16
12,24,1.809804813280106,3.4613360751159465,0.0008952206580182,39.04861021879299,0.0006,3.451,3106.953,16
12,24,1.809804813280106,2.9831045194721897,-4.026050734129117,39.05617614807971,4.0,1.2,3117.641,16
12,24,1.809804813280106,3.5647439422095277,-0.0009394554360169,38.45645808058492,0.0006,3.559,2957.516,16
12,24,1.809804813280106,3.1216661876486484,-4.024197689842482,38.48932437626942,4.0,1.323,2968.235,16
12,24,1.809804813280106,3.55592926093526,-0.00109731087989,38.53924063125984,0.0008,3.551,2978.922,16
12,24,1.809804813280106,3.110004297428128,-4.02491343889765,38.56653552268121,4.0,1.312,2989.61,16
12,24,1.809804813280106,3.545701011247794,0.0003118626706152,38.59767936038788,0.0006,3.54,3000.266,16
12,24,1.809804813280106,3.0965901221831778,-4.026090126781055,38.616785983027626,4.0,1.3,3010.922,16
12,24,1.809804813280106,3.534026525399868,0.0009663805739766,38.66242291999049,0.0006,3.528,3021.578,16
12,24,1.809804813280106,3.0802458597056748,-4.024185452846969,38.69469953827131,4.0,1.288,3032.266,16
12,24,1.809804813280106,3.590187050923656,-0.0025335105824937,38.20365769803367,0.0008,3.586,2872.016,16
12,24,1.809804813280106,3.156075976324576,-4.0242925864927,38.17334473317416,4.0,1.353,2882.672,16
12,24,1.809804813280106,3.585077051494713,0.001389857738364,38.24188623845654,0.0006,3.581,2893.438,16
12,24,1.809804813280106,3.1493635070124437,-4.026134020740296,38.25973983622443,4.0,1.348,2904.203,16
12,24,1.809804813280106,3.5789694866330413,-0.0007590078983046,38.326498957954136,0.0006,3.574,2914.86,16
12,24,1.809804813280106,3.1410345401253004,-4.0256257468824845,38.34740076436392,4.0,1.341,2925.563,16
12,24,1.809804813280106,3.5722147508456645,-0.0001850100486471,38.36087450514732,0.0006,3.567,2936.203,16
12,24,1.809804813280106,3.132139522111601,-4.024038339653039,38.38372774844269,4.0,1.332,2946.875,16
12,24,1.809804813280106,3.181663917049517,-0.0026926167323243,37.8962452369153,0.0006,-0.0,3475.86,16
12,24,1.809804813280106,3.1878038498664405,-0.0017408057052091,37.73372434727486,0.0006,0.0,3486.953,16
12,24,1.809804813280106,3.193579425467043,-0.0031666612962451,37.57668481424995,0.0006,0.0,3498.047,16
12,24,1.809804813280106,3.1988168594854307,-0.0041852133246063,37.43821027013931,0.0006,0.0,3509.094,16
12,24,1.809804813280106,3.204217344788133,0.0011300882428496,37.27842224309449,0.0006,-0.0,3520.172,16
12,24,1.809804813280106,3.2086565150300848,-0.0040047494639421,37.147250181058446,0.0006,0.0,3531.344,16
12,24,1.809804813280106,3.213175586505394,-0.0006352676862004,36.95829412912782,0.0006,-0.0,3542.469,16
12,24,1.809804813280106,3.2172702015592134,-0.0018682616967113,36.83969153232974,0.0006,-0.0,3553.516,16
12,24,1.809804813280106,3.103738733911674,-0.0036312696399146,39.12533116929387,0.0006,0.0,3387.156,16
12,24,1.809804813280106,3.1177003234940264,-0.0039910928721392,39.0193442246872,0.0006,0.0,3398.25,16
12,24,1.809804813280106,3.129670974534708,-0.0036455780483052,38.88346433832602,0.0006,0.0,3409.281,16
12,24,1.809804813280106,3.1409110098944395,8.661495962337322e-05,38.72227555329494,0.0006,0.0,3420.36,16
12,24,1.809804813280106,3.150611879828142,-0.000304956199705,38.562207863973065,0.0006,0.0,3431.453,16
12,24,1.809804813280106,3.1600176003137657,0.0002902690827407,38.4094528959016,0.0006,0.0,3442.594,16
12,24,1.809804813280106,3.167675660914059,0.0013351911976067,38.24369350912029,0.0006,0.0,3453.672,16
12,24,1.809804813280106,3.1749144660178645,-4.95953711092763e-05,38.06152011396135,0.0006,0.0,3464.781,16
12,24,1.809804813280106,2.818776187701626,-0.0016345399218549,40.34748376711444,0.0008,0.0,3299.422,16
12,24,1.809804813280106,2.910364026181908,-0.0023617565804646,40.28719951699789,0.0006,0.001,3310.297,16
12,24,1.809804813280106,2.9599568092174118,-0.0013727537821665,40.12251914673689,0.0006,0.0,3321.11,16
12,24,1.809804813280106,2.995666615915481,-0.0040915935971248,39.98031981674493,0.0006,0.001,3331.922,16
12,24,1.809804813280106,3.024495360668085,-0.0045449193563632,39.728364876234046,0.0006,0.0,3342.86,16
12,24,1.809804813280106,3.0489739975577432,-0.0037050955911892,39.57844060973887,0.0006,0.0,3353.875,16
12,24,1.809804813280106,3.069646533445558,-0.0023592148439854,39.35481119578099,0.0006,-0.0,3364.953,16
12,24,1.809804813280106,3.087761895434018,-0.0002160265374257,39.2438830684086,0.0006,0.0,3376.047,16
12,24,1.809804813280106,3.2606354576854555,-0.001337398280022,39.66039655478865,0.0006,3.245,3213.875,16
12,24,1.809804813280106,2.7141406857851296,-4.027249672139385,39.62987161047466,4.0,0.962,3224.531,16
12,24,1.809804813280106,3.1908351557025623,-0.0025625690387499,39.77682897046783,0.0006,3.172,3235.219,16
12,24,1.809804813280106,2.603300528114741,-4.024890623011675,39.81840859475158,4.0,0.873,3245.875,16
12,24,1.809804813280106,3.097905570351552,-0.0008266744937234,39.942452308477314,0.0008,3.072,3256.61,16
12,24,1.809804813280106,2.414372732070192,-4.023905383919916,39.97958722012651,4.0,0.741,3267.266,16
12,24,1.809804813280106,2.96696911565667,-0.0029171821357429,40.136125200335954,0.0006,2.926,3277.922,16
12,24,1.809804813280106,2.039907733440496,-4.022338247827461,40.18206540641122,4.0,0.498,3288.625,16
12,24,1.809804813280106,3.2802571339858977,-0.0008645053664162,33.9676912907741,0.0006,0.0,3830.938,16
12,24,1.809804813280106,3.2819284800445576,-0.0028777345003889,33.87937355861282,0.0006,0.0,3842.016,16
12,24,1.809804813280106,3.283580966016105,-0.001964673611357,33.76997384401984,0.0006,0.0,3853.094,16
12,24,1.809804813280106,3.285013489801263,-0.0017688030481273,33.66717783253093,0.0006,-0.0,3864.203,16
12,24,1.809804813280106,3.286604669940632,-0.0028111613817425,33.591049165942884,0.0006,-0.0,3875.375,16
12,24,1.809804813280106,3.288051379014885,-0.0035118622496074,33.50456502155929,0.0006,0.0,3886.438,16
12,24,1.809804813280106,3.289453669681218,-0.0044364279795752,33.39734742185112,0.0006,0.0,3897.578,16
12,24,1.809804813280106,3.290833465727499,-0.0016816555133965,33.328252680445715,0.0006,0.0,3908.625,16
12,24,1.809804813280106,3.2658015324962864,0.0001453785341625,34.75687553488355,0.0006,0.0,3742.172,16
12,24,1.809804813280106,3.2678367891111844,-0.0045435317258077,34.6539551208168,0.0006,0.0,3753.203,16
12,24,1.809804813280106,3.269804960478928,-0.0020286319507847,34.55517075680058,0.0006,0.0,3764.313,16
12,24,1.809804813280106,3.2716594828569123,-0.0024672910111677,34.447303550393215,0.0006,0.0,3775.438,16
12,24,1.809804813280106,3.2734257430337177,-0.0048127579274406,34.34510516736604,0.0006,0.0,3786.531,16
12,24,1.809804813280106,3.2751163033803268,0.001879609795299,34.24931886334953,0.0006,0.0,3797.656,16
12,24,1.809804813280106,3.2771633319885902,-0.0006796949558072,34.1380909500963,0.0006,-0.0,3808.719,16
12,24,1.809804813280106,3.278606875868994,-0.0012154373214061,34.045998050695914,0.0006,0.0,3819.797,16
12,24,1.809804813280106,3.2469207879861224,-0.0025266173423315,35.67480077656128,0.0006,0.0,3653.281,16
12,24,1.809804813280106,3.249556853312338,-0.0017243811232733,35.55202492619628,0.0006,-0.0,3664.328,16
12,24,1.809804813280106,3.252051956239373,-0.0023616922904881,35.43648548556837,0.0006,0.0,3675.516,16
12,24,1.809804813280106,3.2544082758056403,-0.0015263285642276,35.30196912507513,0.0006,0.0,3686.61,16
12,24,1.809804813280106,3.256846683871476,-0.0026918326697052,35.211571751100344,0.0006,-0.0,3697.688,16
12,24,1.809804813280106,3.2594184057673457,-0.0004840484816331,35.08809971345152,0.0006,0.0,3708.766,16
12,24,1.809804813280106,3.2613638383210857,-0.003297607638455,34.97013624729157,0.0006,0.0,3719.828,16
12,24,1.809804813280106,3.2637523437363973,0.0014955847957409,34.85845999126936,0.0006,-0.0,3730.969,16
12,24,1.809804813280106,3.2211749822090887,0.0012252991640782,36.703024302256914,0.0006,-0.0,3564.61,16
12,24,1.809804813280106,3.2248880129446724,-0.0007668546784827,36.566716516916685,0.0006,0.0,3575.672,16
12,24,1.809804813280106,3.228562297581503,-0.002837177223246,36.43528252954727,0.0006,0.0,3586.75,16
12,24,1.809804813280106,3.231812474249138,-0.0028645831605726,36.289322805150505,0.0006,0.0,3597.828,16
12,24,1.809804813280106,3.2350415237587438,-0.0017666498492639,36.167310276256536,0.0006,0.0,3608.953,16
12,24,1.809804813280106,3.238303552807606,-0.0038075846494065,36.010262600615285,0.0006,0.0,3620.031,16
12,24,1.809804813280106,3.2413779868454955,-0.0028018812028302,35.89132696993469,0.0006,0.0,3631.141,16
12,24,1.809804813280106,3.2440980963915185,-0.001823061784302,35.7747491668467,0.0006,0.0,3642.25,16
12,24,1.809804813280106,3.316861053172939,-0.0018643916222295,31.5627872315053,0.0006,0.0,4186.344,16
12,24,1.809804813280106,3.317509507336652,-0.0023543709585345,31.492880651977465,0.0006,0.0,4197.422,16
12,24,1.809804813280106,3.3181624311664355,-0.003724287900161,31.43948454679927,0.0006,0.0,4208.485,16
12,24,1.809804813280106,3.3191154676522423,-0.0028678765134394,31.39574167164769,0.0006,0.0,4219.61,16
12,24,1.809804813280106,3.3196632134957107,-0.0004629722025386,31.33335637896996,0.0006,0.0,4230.703,16
12,24,1.809804813280106,3.320532773926144,-0.0005735437079424,31.28710699506973,0.0006,0.0,4241.875,16
12,24,1.809804813280106,3.320892104854906,0.0022833130666888,31.22414070776042,0.0006,0.0,4252.922,16
12,24,1.809804813280106,3.32165304689734,-0.0035736732442445,31.161881006054664,0.0006,0.0,4264.063,16
12,24,1.809804813280106,3.309971550339223,-0.0006802410745912,32.070050033994,0.0006,0.0,4097.485,16
12,24,1.809804813280106,3.3107572050005607,0.0008678427308332,31.997972970167687,0.0006,-0.0,4108.563,16
12,24,1.809804813280106,3.3116583584068398,-0.0018780727405576,31.919636493595373,0.0006,-0.0,4119.75,16
12,24,1.809804813280106,3.3124985172819024,-0.0003749879547262,31.874419491209867,0.0006,0.0,4130.875,16
12,24,1.809804813280106,3.313403554539552,-0.0021713956799812,31.80323092006192,0.0006,0.0,4141.953,16
12,24,1.809804813280106,3.3142502393672246,-0.0014717305927593,31.73924108913808,0.0006,0.0,4153.141,16
12,24,1.809804813280106,3.31517477099826,-0.0045757542323421,31.68130408714837,0.0006,0.0,4164.219,16
12,24,1.809804813280106,3.315836649139543,-0.0021614041701767,31.608797609802743,0.0006,0.0,4175.235,16
12,24,1.809804813280106,3.301697309305967,-0.001609717285347,32.60647958514081,0.0006,0.0,4008.703,16
12,24,1.809804813280106,3.3028850439833177,-0.0057620585095111,32.5463039654286,0.0006,0.0,4019.813,16
12,24,1.809804813280106,3.304017906871714,-0.0022987063038412,32.46441262375499,0.0006,0.0,4030.86,16
12,24,1.809804813280106,3.3051703296819244,-0.0009814513137358,32.40256798320283,0.0006,-0.0,4041.953,16
12,24,1.809804813280106,3.3060822671159147,-0.0010529908071895,32.320144074630626,0.0006,0.0,4053.094,16
12,24,1.809804813280106,3.3068601207966184,-0.0001227447326921,32.26196332174988,0.0006,0.0,4064.172,16
12,24,1.809804813280106,3.307916170883391,0.0003654735863801,32.17221059602225,0.0006,0.0,4075.235,16
12,24,1.809804813280106,3.309094227878666,0.0002359929430716,32.12222370958498,0.0006,-0.0,4086.422,16
12,24,1.809804813280106,3.292214028074762,-0.003671528967856,33.260639774319735,0.0006,0.0,3919.719,16
12,24,1.809804813280106,3.293469278877148,-0.0030382496461128,33.16545565578648,0.0006,0.0,3930.781,16
12,24,1.809804813280106,3.294752534951922,-0.0023121596085637,33.07824833407258,0.0006,-0.0,3941.922,16
12,24,1.809804813280106,3.295872223648332,-0.0032086121397138,32.998900784197126,0.0006,0.0,3953.094,16
12,24,1.809804813280106,3.297276218448629,-0.0004350383745215,32.92403332841992,0.0006,0.0,3964.235,16
12,24,1.809804813280106,3.2983370992215777,-0.0011379357081282,32.863687915166814,0.0006,0.0,3975.328,16
12,24,1.809804813280106,3.2995268378136307,0.0004727436595279,32.763854948395995,0.0006,0.0,3986.438,16
12,24,1.809804813280106,3.3006342789433822,-0.002200153911464,32.68007483442076,0.0006,0.0,3997.5,16
12,24,1.809804813280106,3.335449441515166,-0.0029874966916113,30.05931563612528,0.0006,0.0,4541.625,16
12,24,1.809804813280106,3.336010106160364,-0.0014896777709848,30.020904581990127,0.0006,0.0,4552.735,16
12,24,1.809804813280106,3.336275844378799,0.0001684911733015,29.990760948612515,0.0006,0.0,4563.86,16
12,24,1.809804813280106,3.336787626407528,-0.0016125166229114,29.955580777605675,0.0006,-0.0,4574.922,16
12,24,1.809804813280106,3.3371389393345368,-0.0042543746199784,29.915295956814685,0.0006,0.0,4586.063,16
12,24,1.809804813280106,3.3376470828144837,-0.0043731999367873,29.889937223737785,0.0006,0.0,4597.156,16
12,24,1.809804813280106,3.3379129087643484,-0.0004339336833789,29.850836453876276,0.0006,0.0,4608.281,16
12,24,1.809804813280106,3.338409255586096,-0.0029905394104095,29.80450515326905,0.0006,-0.0,4619.391,16
12,24,1.809804813280106,3.331690141268202,-0.0030429565894817,30.372284841276944,0.0006,-0.0,4452.86,16
12,24,1.809804813280106,3.332292287538876,6.921675918241528e-05,30.34126268326467,0.0006,-0.0,4463.938,16
12,24,1.809804813280106,3.332853914397437,-0.0012411684338099,30.29906454068125,0.0006,-0.0,4475.047,16
12,24,1.809804813280106,3.3330681451010724,-0.0004464290292414,30.253383732372004,0.0006,0.0,4486.219,16
12,24,1.809804813280106,3.333638196651339,-0.0024312901859013,30.228556889521787,0.0006,0.0,4497.266,16
12,24,1.809804813280106,3.3342473721678623,-0.0006601387880136,30.183533921310328,0.0006,-0.0,4508.406,16
12,24,1.809804813280106,3.334599585944398,-0.0013770636680146,30.129482412325547,0.0006,0.0,4519.469,16
12,24,1.809804813280106,3.335028872766816,-0.0019613076775042,30.093720379871527,0.0006,0.0,4530.5,16
12,24,1.809804813280106,3.3274433421624505,-0.0015848242220973,30.736419751504908,0.0006,0.0,4364.047,16
12,24,1.809804813280106,3.3280337779820743,-0.0015663831631084,30.68190017698684,0.0006,0.0,4375.078,16
12,24,1.809804813280106,3.3287015151503447,-0.0003085092292386,30.643610144180663,0.0006,-0.0,4386.235,16
12,24,1.809804813280106,3.3291873698595134,-0.0004836320358133,30.59303295979466,0.0006,-0.0,4397.391,16
12,24,1.809804813280106,3.32962679436537,-7.003529140320005e-05,30.546676111347228,0.0006,0.0,4408.485,16
12,24,1.809804813280106,3.330347430373182,-0.0012237416731887,30.503404669026363,0.0006,-0.0,4419.641,16
12,24,1.809804813280106,3.330720897509381,-0.0020153439974056,30.464314540343644,0.0006,0.0,4430.75,16
12,24,1.809804813280106,3.3312065032686835,-0.0033881324275647,30.414357167005683,0.0006,0.0,4441.797,16
12,24,1.809804813280106,3.322412371678291,-0.0010085076932386,31.121531549013238,0.0006,0.0,4275.235,16
12,24,1.809804813280106,3.323075738190862,-0.0011283742753675,31.07868844754228,0.0006,0.0,4286.328,16
12,24,1.809804813280106,3.323807650007314,-0.0012547868142452,31.018265099631943,0.0006,0.0,4297.406,16
12,24,1.809804813280106,3.324483224237693,-0.0011149673111573,30.973738876832048,0.0006,0.0,4308.469,16
12,24,1.809804813280106,3.324918203263161,-0.0007697145132452,30.917985342277483,0.0006,0.0,4319.547,16
12,24,1.809804813280106,3.3257315703133448,0.0007955419914518,30.87355095921787,0.0006,0.0,4330.61,16
12,24,1.809804813280106,3.326386585779569,-0.0005254948191836,30.82552969470329,0.0006,0.0,4341.781,16
12,24,1.809804813280106,3.326855674373941,-0.0018531556831608,30.777767111065547,0.0006,0.0,4352.875,16
12,24,1.809804813280106,3.346362648839838,-0.0036247359407655,29.075065892776003,0.0006,0.0,4897.438,16
12,24,1.809804813280106,3.34651918448109,-0.0041651134604338,29.03810987578077,0.0006,-0.0,4908.531,16
12,24,1.809804813280106,3.3468303994383226,-0.0031379492556573,29.02422236808783,0.0006,0.0,4919.641,16
12,24,1.809804813280106,3.3471074161625216,-0.0019323415855276,28.998641621141307,0.0006,0.0,4930.781,16
12,24,1.809804813280106,3.347353055323668,-0.0012474661947718,28.96718419531608,0.0006,-0.0,4941.86,16
12,24,1.809804813280106,3.3477055994941125,-0.0033093137066275,28.941245791305352,0.0006,0.0,4952.953,16
12,24,1.809804813280106,3.34790328145597,-0.0025103653976501,28.918693033273318,0.0006,0.0,4964.141,16
12,24,1.809804813280106,3.348095727357188,-0.0018674956125754,28.90425860591913,0.0006,0.0,4975.219,16
12,24,1.809804813280106,3.3440626104576987,-0.002311466127613,29.27597416486611,0.0006,-0.0,4808.531,16
12,24,1.809804813280106,3.344427490197415,-0.0004750682555377,29.24827063426083,0.0006,-0.0,4819.641,16
12,24,1.809804813280106,3.344676518572566,-0.0021592563236347,29.22157081970842,0.0006,-0.0,4830.781,16
12,24,1.809804813280106,3.3447424634571155,-0.0041880235231345,29.20514827337632,0.0006,-0.0,4841.86,16
12,24,1.809804813280106,3.3451845928986543,-0.0025194878890657,29.17018499398391,0.0006,0.0,4853.0,16
12,24,1.809804813280106,3.3454553951568977,-0.0027684831933534,29.15873090180398,0.0006,-0.0,4864.125,16
12,24,1.809804813280106,3.3457852690098613,1.290375105065859e-06,29.136150455744467,0.0006,-0.0,4875.219,16
12,24,1.809804813280106,3.3461228373387564,-0.0019104654176154,29.103205854152197,0.0006,0.0,4886.281,16
12,24,1.809804813280106,3.3415950880852106,-0.0003866414611207,29.51903237431623,0.0006,0.0,4719.438,16
12,24,1.809804813280106,3.3418810926816858,-0.0020376922976618,29.4843476722973,0.0006,0.0,4730.531,16
12,24,1.809804813280106,3.342136335767511,-0.000356899744303,29.447797201692808,0.0006,0.0,4741.641,16
12,24,1.809804813280106,3.34255333384548,-0.0010871087787767,29.422254530560476,0.0006,0.0,4752.75,16
12,24,1.809804813280106,3.342896054217514,-0.002085279758909,29.39688452177591,0.0006,0.0,4763.922,16
12,24,1.809804813280106,3.343092417482165,-0.0024006896152721,29.36691865123853,0.0006,0.0,4775.094,16
12,24,1.809804813280106,3.3434654066306884,-0.0027345735237358,29.341637093614704,0.0006,0.0,4786.219,16
12,24,1.809804813280106,3.343791686773625,-0.0005314759265053,29.307205624503855,0.0006,-0.0,4797.375,16
12,24,1.809804813280106,3.3385533356558232,-0.0033072975381372,29.77487932619799,0.0006,0.0,4630.547,16
12,24,1.809804813280106,3.3391802984076797,-0.000961042610148,29.75475605006117,0.0006,0.0,4641.656,16
12,24,1.809804813280106,3.339436048619152,-0.0017664097989301,29.708429672786245,0.0006,0.0,4652.703,16
12,24,1.809804813280106,3.339755902262977,-0.0025033840028847,29.66913186154278,0.0006,0.0,4663.813,16
12,24,1.809804813280106,3.3401848523504687,-0.0030593769993214,29.646984780769984,0.0006,0.0,4675.031,16
12,24,1.809804813280106,3.340430299287528,-0.0009632504804048,29.61195154612374,0.0006,-0.0,4686.141,16
12,24,1.809804813280106,3.3408637131520145,-0.0026419056453023,29.581548816427933,0.0006,0.0,4697.25,16
12,24,1.809804813280106,3.341286476305766,-0.0015962865522069,29.54522186712669,0.0006,0.0,4708.391,16
12,24,1.809804813280106,3.353394715846573,-0.0021063064559896,28.41024304366881,0.0006,0.0,5252.766,16
12,24,1.809804813280106,3.3536764261549017,-9.538437035583924e-05,28.39477189244949,0.0006,0.0,5263.891,16
12,24,1.809804813280106,3.3538429654868684,-0.0009522865440783,28.384967301054715,0.0006,0.0,5275.0,16
12,24,1.809804813280106,3.3539965687921787,-0.0015035454132752,28.37071975842875,0.0006,0.0,5286.156,16
12,24,1.809804813280106,3.3543145227737114,-0.0009938112062508,28.348119569229304,0.0006,0.0,5297.281,16
12,24,1.809804813280106,3.354458494506409,-0.0016876901271701,28.33554562133519,0.0006,0.0,5308.406,16
12,24,1.809804813280106,3.3548353511175053,-0.0031613423462417,28.309091372989265,0.0006,-0.0,5319.547,16
12,24,1.809804813280106,3.354909259106265,-0.0022426624608831,28.29929457479055,0.0006,-0.0,5330.672,16
12,24,1.809804813280106,3.3518034433948016,-0.0029994425207478,28.555487130282767,0.0006,0.0,5164.016,16
12,24,1.809804813280106,3.352365541780872,-0.0022222499802116,28.53185959935444,0.0006,0.0,5175.125,16
12,24,1.809804813280106,3.3523369418161777,-0.0010653781727223,28.516372814082384,0.0006,0.0,5186.203,16
12,24,1.809804813280106,3.352493392765055,-0.0011838350084174,28.50104525797689,0.0006,-0.0,5197.297,16
12,24,1.809804813280106,3.352717420378922,-0.0011345357461998,28.473994111329414,0.0006,0.0,5208.344,16
12,24,1.809804813280106,3.35308183982737,-0.0020386020633997,28.460292805036783,0.0006,0.0,5219.469,16
12,24,1.809804813280106,3.353159690145665,-0.0026147781884158,28.44109486424381,0.0006,-0.0,5230.531,16
12,24,1.809804813280106,3.3531993241458244,-0.0027729893742195,28.41957227489874,0.0006,0.0,5241.672,16
12,24,1.809804813280106,3.350102952514181,-0.0011384016145775,28.70918655002236,0.0006,0.0,5075.297,16
12,24,1.809804813280106,3.350337796595002,-0.0027747576911075,28.67673673055347,0.0006,-0.0,5086.375,16
12,24,1.809804813280106,3.350697968494851,-0.0045096183523709,28.66075636433512,0.0006,0.0,5097.453,16
12,24,1.809804813280106,3.3508647204057302,-0.0016815139622704,28.650122795070917,0.0006,0.0,5108.547,16
12,24,1.809804813280106,3.351098089851228,-0.0024188113018745,28.623808893322057,0.0006,0.0,5119.61,16
12,24,1.809804813280106,3.351145549557951,0.0002388136277115,28.605196044884607,0.0006,0.0,5130.75,16
12,24,1.809804813280106,3.351534353830407,-0.0029722065799173,28.58449867856425,0.0006,-0.0,5141.844,16
12,24,1.809804813280106,3.3515505993172257,-0.0010427765010252,28.559384649022096,0.0006,-0.0,5152.938,16
12,24,1.809804813280106,3.348539176145786,0.0001738215649337,28.87526829890264,0.0006,-0.0,4986.391,16
12,24,1.809804813280106,3.34871327555025,-0.0004883665908917,28.85301467423999,0.0006,0.0,4997.578,16
12,24,1.809804813280106,3.3488532824073878,-0.0007017031088914,28.81773510790844,0.0006,0.0,5008.625,16
12,24,1.809804813280106,3.349043347895998,-0.0038483932276614,28.81099130746816,0.0006,0.0,5019.735,16
12,24,1.809804813280106,3.3492582886580897,0.000192183807702,28.789660602000197,0.0006,-0.0,5030.797,16
12,24,1.809804813280106,3.349634526851164,6.179428477581896e-05,28.76796161033585,0.0006,0.0,5041.86,16
12,24,1.809804813280106,3.3497852925206937,-0.0015936598552959,28.744550451543027,0.0006,0.0,5053.031,16
12,24,1.809804813280106,3.3500190264485377,-0.002881685152889,28.733799394123125,0.0006,0.0,5064.235,16
12,24,1.809804813280106,3.359085859199137,-0.0014596961461231,27.94890473784781,0.0006,0.0,5608.391,16
12,24,1.809804813280106,3.358983031737392,-0.0029650552943738,27.92742045936753,0.0006,0.0,5619.516,16
12,24,1.809804813280106,3.359409615305025,-0.0013483843450598,27.91888775824554,0.0006,0.0,5630.61,16
12,24,1.809804813280106,3.3594984300319304,-0.002431706353076,27.912425386459404,0.0006,-0.0,5641.766,16
12,24,1.809804813280106,3.359614071933575,-0.0008030129978744,27.911461515553327,0.0006,0.0,5652.891,16
12,24,1.809804813280106,3.359665091838524,-0.0025694130380851,27.891698616426908,0.0006,0.0,5664.016,16
12,24,1.809804813280106,3.359963649405702,-0.0035843995290924,27.87798848626418,0.0006,0.0,5675.11,16
12,24,1.809804813280106,3.360050095511392,-0.0003181682043574,27.87144807110824,0.0006,0.0,5686.25,16
12,24,1.809804813280106,3.357683377568984,-0.0022535179077183,28.04308062532663,0.0006,-0.0,5519.625,16
12,24,1.809804813280106,3.3577318636413724,-0.0007135566984351,28.02905861790548,0.0006,0.0,5530.703,16
12,24,1.809804813280106,3.357969396130564,-0.0039780256014534,28.02183264132042,0.0006,0.0,5541.781,16
12,24,1.809804813280106,3.3582504543366984,-0.0025941745655463,28.012548919898617,0.0006,0.0,5552.828,16
12,24,1.809804813280106,3.3584213500251465,-0.0007843278778954,28.00075360182357,0.0006,-0.0,5563.938,16
12,24,1.809804813280106,3.358522917671185,-0.0006186665831155,27.991114610791428,0.0006,-0.0,5575.141,16
12,24,1.809804813280106,3.3584534371931696,-0.0016555860039535,27.97596937101715,0.0006,0.0,5586.25,16
12,24,1.809804813280106,3.358935867766242,-0.0019484472053475,27.96519034246388,0.0006,0.0,5597.328,16
12,24,1.809804813280106,3.356373756934941,0.0015056707920757,28.16419419221117,0.0006,-0.0,5430.641,16
12,24,1.809804813280106,3.3565791794175333,-0.0019001906261992,28.148176967680477,0.0006,0.0,5441.75,16
12,24,1.809804813280106,3.3566775964413127,-0.0023558678825386,28.135975497647728,0.0006,0.0,5452.875,16
12,24,1.809804813280106,3.356967074625801,-0.0014073973679824,28.11648929875307,0.0006,0.0,5464.031,16
12,24,1.809804813280106,3.3570733755165256,-0.0034686566179902,28.09978554833857,0.0006,0.0,5475.188,16
12,24,1.809804813280106,3.3572719976372256,-0.0056674192837853,28.082639157367343,0.0006,0.0,5486.281,16
12,24,1.809804813280106,3.357379888459472,-0.004618710941549,28.065901841833757,0.0006,-0.0,5497.391,16
12,24,1.809804813280106,3.3577035020846115,-0.0015413561968707,28.05241345913393,0.0006,0.0,5508.453,16
12,24,1.809804813280106,3.3551503050075726,-0.0030587603150564,28.28753667292802,0.0006,0.0,5341.75,16
12,24,1.809804813280106,3.355217205040321,-0.0026170759840011,28.273653497892795,0.0006,0.0,5352.86,16
12,24,1.809804813280106,3.35528951547481,-0.0043696183984274,28.252454815826862,0.0006,0.0,5364.016,16
12,24,1.809804813280106,3.3554612492492466,-0.0029768752722107,28.244299142861088,0.0006,0.0,5375.094,16
12,24,1.809804813280106,3.3559766138203417,-0.0023610931781431,28.225302147035997,0.0006,-0.0,5386.203,16
12,24,1.809804813280106,3.356026465178302,-0.0043141339511621,28.205296512022265,0.0006,-0.0,5397.36,16
12,24,1.809804813280106,3.3560758103724377,-0.0005693285667762,28.19202470809339,0.0006,-0.0,5408.485,16
12,24,1.809804813280106,3.356321403557936,-0.0025270150968769,28.18499341593118,0.0006,0.0,5419.578,16
12,24,1.809804813280106,3.3634388914372164,-0.0032697168422822,27.65069706521384,0.0006,0.0,5964.203,16
12,24,1.809804813280106,3.364003923906913,-0.0013767008213571,27.64235768974543,0.0006,0.0,5975.36,16
12,24,1.809804813280106,3.363833628199908,-0.0045372475349763,27.63414630360939,0.0006,0.0,5986.453,16
12,24,1.809804813280106,3.3652431035451773,-0.0035884812375834,27.623958263403683,0.0006,0.0,5997.516,16
12,24,1.809804813280106,3.364033839903529,-0.00343950562431,27.616539778506358,0.0006,0.0,6008.625,16
12,24,1.809804813280106,3.3639904483495973,-0.002370999988087,27.606837200856948,0.0006,0.0,6019.719,16
12,24,1.809804813280106,3.364301286879009,-0.0016950276711225,27.600653153261067,0.0006,0.0,6030.828,16
12,24,1.809804813280106,3.3643095733253525,-0.0044312849946913,27.58954541321264,0.0006,0.0,6041.922,16
12,24,1.809804813280106,3.3624090943136893,-0.0021875667923262,27.70279613680147,0.0006,0.0,5875.266,16
12,24,1.809804813280106,3.362686107570485,-0.0012759110636263,27.701015099685478,0.0006,0.0,5886.453,16
12,24,1.809804813280106,3.362945065775353,-0.0022121636149362,27.70162161908837,0.0006,0.0,5897.578,16
12,24,1.809804813280106,3.3628951700459355,-0.0006371532161144,27.683461686296702,0.0006,0.0,5908.672,16
12,24,1.809804813280106,3.363066981457026,-0.0029046481218849,27.680261263176035,0.0006,0.0,5919.813,16
12,24,1.809804813280106,3.36290817357513,-0.0020181382048761,27.66798260794677,0.0006,0.0,5930.891,16
12,24,1.809804813280106,3.36369240110389,-0.0044462709832674,27.66536802752664,0.0006,-0.0,5942.047,16
12,24,1.809804813280106,3.36345728196723,-0.0039008555943737,27.650419342156358,0.0006,0.0,5953.11,16
12,24,1.809804813280106,3.3615526737194257,-0.0034566994427679,27.79050468111712,0.0006,0.0,5786.203,16
12,24,1.809804813280106,3.361706609470997,0.0011077222117416,27.776993485799384,0.0006,-0.0,5797.375,16
12,24,1.809804813280106,3.36165190759128,0.0011586022497148,27.763992023594163,0.0006,0.0,5808.5,16
12,24,1.809804813280106,3.361737524313899,-0.0023539512222354,27.75146282435569,0.0006,0.0,5819.672,16
12,24,1.809804813280106,3.3617732783188417,-0.0023359840878036,27.747659721062167,0.0006,0.0,5830.766,16
12,24,1.809804813280106,3.362236324661645,-0.0005939519675512,27.72853398548676,0.0006,0.0,5841.891,16
12,24,1.809804813280106,3.362199479535928,-0.003717290160764,27.72729994861845,0.0006,0.0,5852.985,16
12,24,1.809804813280106,3.3622428754627887,-0.002304766198612,27.72001123540802,0.0006,0.0,5864.094,16
12,24,1.809804813280106,3.3602474226136247,-0.0003900086595157,27.870388882317783,0.0006,-0.0,5697.375,16
12,24,1.809804813280106,3.360496208698714,-0.0008111606249922,27.85796242799393,0.0006,0.0,5708.453,16
12,24,1.809804813280106,3.3604884351690174,-0.0007871521014245,27.846038197799704,0.0006,-0.0,5719.578,16
12,24,1.809804813280106,3.3606802795240767,-0.0015066516583391,27.840864831224824,0.0006,0.0,5730.641,16
12,24,1.809804813280106,3.361012055932439,-0.0011695150182974,27.825637579579546,0.0006,0.0,5741.703,16
12,24,1.809804813280106,3.360912959078267,-0.0015309989610589,27.82234121465577,0.0006,-0.0,5752.813,16
12,24,1.809804813280106,3.361079155203487,-0.0005540096336224,27.8151596705044,0.0006,-0.0,5763.953,16
12,24,1.809804813280106,3.3611153220919388,0.0007580328448992,27.798893514378843,0.0006,0.0,5775.047,16
12,24,1.809804813280106,3.3673311589695496,-0.0015340581824948,27.450638588656904,0.0006,0.0,6319.938,16
12,24,1.809804813280106,3.367351073073855,0.0005978745023607,27.440836495086497,0.0006,0.0,6331.031,16
12,24,1.809804813280106,3.3677482341032,-0.0021335449410291,27.437502730365733,0.0006,-0.0,6342.11,16
12,24,1.809804813280106,3.367673192084608,-0.0006557743922086,27.427746099161475,0.0006,0.0,6353.188,16
12,24,1.809804813280106,3.367637842303336,-0.004209978741765,27.42739957934274,0.0006,0.0,6364.281,16
12,24,1.809804813280106,3.3679444409280763,-0.0079944857676752,27.415768731969845,0.0006,0.0,6375.469,16
12,24,1.809804813280106,3.368184459613353,-0.0046909330766205,27.420724223290115,0.0006,0.0,6386.563,16
12,24,1.809804813280106,3.368218030228273,-0.003364836893017,27.40513649565212,0.0006,0.0,6397.672,16
12,24,1.809804813280106,3.3666029744808776,0.0007401428803299,27.487264303038824,0.0006,-0.0,6231.078,16
12,24,1.809804813280106,3.366762455904132,-0.0003281133776046,27.47995363499416,0.0006,0.0,6242.172,16
12,24,1.809804813280106,3.3667111525999416,-0.0027966165344089,27.472178827204456,0.0006,0.0,6253.313,16
12,24,1.809804813280106,3.3668800516491566,-0.0008632426518672,27.465201481290364,0.0006,-0.0,6264.438,16
12,24,1.809804813280106,3.366904595183175,-0.0036933832199088,27.46266351403274,0.0006,0.0,6275.531,16
12,24,1.809804813280106,3.3671259144672163,-0.0014965900747766,27.455514100731435,0.0006,0.0,6286.625,16
12,24,1.809804813280106,3.367260289144362,0.0021190093408224,27.4542765931197,0.0006,0.0,6297.75,16
12,24,1.809804813280106,3.367328563536131,-0.0025945865470814,27.460339057082876,0.0006,0.0,6308.797,16
12,24,1.809804813280106,3.365483081319811,-0.0053557540219214,27.529540571478325,0.0006,0.0,6142.125,16
12,24,1.809804813280106,3.841797885894924,-0.0025806146474916,33.51318859798884,0.0006,3.842,1035.094,16
12,24,1.809804813280106,3.425059182473277,-4.025947269235688,33.51769423317397,4.0,1.609,1045.781,16
12,24,1.809804813280106,3.837627565700043,-0.0015839048059132,33.61511648087517,0.0006,3.838,1056.531,16
12,24,1.809804813280106,3.421301219560325,-4.025227231798144,33.581051374868785,4.0,1.606,1067.203,16
12,24,1.809804813280106,3.868871552240051,-0.0003012207004784,33.161271958381775,0.0006,3.869,906.844,16
12,24,1.809804813280106,3.4173311751319297,-4.023821057820616,33.6333801136758,4.0,1.602,1088.547,16
12,24,1.809804813280106,3.828897871239382,-0.0020891338520855,33.71867631972172,0.0006,3.829,1099.188,16
12,24,1.809804813280106,3.4131008449886853,-4.024755008881898,33.70851466175979,4.0,1.599,1109.891,16
12,24,1.809804813280106,3.368327318722085,-0.0002925337440295,27.395154146083726,0.0006,-0.0,6419.938,16
12,24,1.809804813280106,3.368587550878124,-0.0031833774440074,27.384414015081283,0.0006,0.0,6431.063,16
12,24,1.809804813280106,3.3686369707762718,-0.0023732334412301,27.386082499009756,0.0006,-0.0,6442.203,16
12,24,1.809804813280106,3.5911547611547934,-4.026051295606526,29.84649603358733,4.0,1.762,298.125,16
12,24,1.809804813280106,4.08776351903312,-0.0008725933246848,28.265484669032627,0.0006,4.089,137.906,16
12,24,1.809804813280106,3.433100997509004,-4.02735665510334,33.392693953794804,4.0,1.617,1003.031,16
12,24,1.809804813280106,3.845779648306377,0.0024654215761141,33.47154082558914,0.0006,3.846,1013.735,16
12,24,1.809804813280106,3.428966765949765,-4.022930117966502,33.446806280061224,4.0,1.615,1024.422,16
12,24,1.809804813280106,3.3657787836946538,-0.0020518236416635,27.51839043821935,0.0006,0.0,6164.391,16
12,24,1.809804813280106,3.365893921934303,-0.0060473200598856,27.513886308534723,0.0006,-0.0,6175.438,16
12,24,1.809804813280106,3.3660828290080125,-0.002493523956309,27.49474110993176,0.0006,0.0,6186.563,16
12,24,1.809804813280106,3.36626853855243,-0.0042093288780183,27.50927040804668,0.0006,-0.0,6197.719,16
12,24,1.809804813280106,3.366202263255748,0.0001856788337716,27.491564064497386,0.0006,-0.0,6208.828,16
12,24,1.809804813280106,3.3681750962948103,-0.0023476761460225,27.400038045620693,0.0006,0.0,6408.781,16
12,24,1.809804813280106,3.366530643518326,-0.0032106905085903,27.492161582071937,0.0006,-0.0,6219.969,16
12,24,1.809804813280106,3.364655905112007,-0.0013679808320886,27.595966636849145,0.0006,0.0,6053.047,16
12,24,1.809804813280106,3.364513906958742,-0.0033581694258132,27.577880115070016,0.0006,0.0,6064.297,16
12,24,1.809804813280106,3.364785083919947,-0.0018996482819155,27.57270219366049,0.0006,0.0,6075.406,16
12,24,1.809804813280106,3.3648969859700384,0.000757379692501,27.57205458215864,0.0006,-0.0,6086.516,16
12,24,1.809804813280106,3.3651574961849797,-0.0071320267759134,27.553832646402544,0.0006,0.0,6097.594,16
12,24,1.809804813280106,3.3652418907687864,-0.0023829300197398,27.54953473300884,0.0006,0.0,6108.766,16
12,24,1.809804813280106,3.3654609021264776,-0.0003984190866365,27.55707924710059,0.0006,0.0,6119.906,16
12,24,1.809804813280106,3.365371433093571,-0.0003571254766638,27.537380325340703,0.0006,0.0,6131.047,16
12,24,1.809804813280106,3.365699206226896,-4.986770765369454e-05,27.516705487553214,0.0006,0.0,6153.25,16
12,24,1.809804813280106,3.4504683042532904,-4.024410072507488,33.16429638980386,4.0,1.636,917.531,16
12,24,1.809804813280106,3.864308556715756,-0.0008401872387612,33.21953729617762,0.0006,3.864,928.203,16
12,24,1.809804813280106,3.4457277316441344,-4.0248930067972575,33.20148609848988,4.0,1.63,939.016,16
12,24,1.809804813280106,3.859394983999427,-0.0003399842282165,33.29176292544885,0.0006,3.86,949.641,16
12,24,1.809804813280106,3.44146283210316,-4.024508171482768,33.26517268862766,4.0,1.625,960.344,16
12,24,1.809804813280106,3.854942279400389,-0.0005932216530655,33.341382237003096,0.0006,3.855,970.985,16
12,24,1.809804813280106,3.4372749757548786,-4.02641539028439,33.32157594532803,4.0,1.622,981.672,16
12,24,1.809804813280106,3.887372100224464,-0.0021204520460181,32.99191606539344,0.0006,3.888,821.266,16
12,24,1.809804813280106,3.468138680392072,-4.021733735237629,32.9904541042332,4.0,1.651,831.906,16
12,24,1.809804813280106,3.882852721426027,-0.0010931385614102,33.01541460713595,0.0006,3.883,842.594,16
12,24,1.809804813280106,3.463901518374219,-4.025463886499195,33.01249803020607,4.0,1.646,853.25,16
12,24,1.809804813280106,3.878316699982807,-0.0015636065247373,33.07046734373377,0.0006,3.879,863.953,16
12,24,1.809804813280106,3.458811750350072,-4.024719927206336,33.05525191904064,4.0,1.642,874.75,16
12,24,1.809804813280106,3.873601736845633,-0.0012000203359576,33.1001839219359,0.0006,3.874,885.422,16
12,24,1.809804813280106,3.454530474465014,-4.025666836150163,33.10004587988869,4.0,1.639,896.172,16
12,24,1.809804813280106,3.768958045145829,-0.0008422408256134,34.70233871176973,0.0006,3.77,1419.36,16
12,24,1.809804813280106,3.3572530624936703,-4.026929293431955,34.68914969535623,4.0,1.542,1430.0,16
12,24,1.809804813280106,3.765613877287545,-0.0022171257313336,34.74351328395816,0.0008,3.767,1440.688,16
12,24,1.809804813280106,3.353649112123997,-4.0254180283681,34.7429343515791,4.0,1.539,1451.344,16
12,24,1.809804813280106,3.761916216684964,-0.0011534640442466,34.80756306762904,0.0006,3.762,1462.016,16
12,24,1.809804813280106,3.350173318158357,-4.024793340019116,34.791205660473615,4.0,1.534,1472.688,16
12,24,1.809804813280106,3.7584040756644335,-0.0033416172940923,34.88096498940297,0.0006,3.76,1483.422,16
12,24,1.809804813280106,3.347016767406209,-4.025673780968207,34.85827232799865,4.0,1.529,1494.078,16
12,24,1.809804813280106,3.7836558828322624,-0.0018584669268891,34.44115640426188,0.0006,3.785,1334.125,16
12,24,1.809804813280106,3.3716056547086506,-4.0253821863967065,34.42845564980648,4.0,1.558,1344.781,16
12,24,1.809804813280106,3.78022850063446,-0.0008306642563804,34.502615314409084,0.0006,3.782,1355.453,16
12,24,1.809804813280106,3.367782935752728,-4.025983041816658,34.48470325752282,4.0,1.554,1366.141,16
12,24,1.809804813280106,3.776514123325815,-0.0025326028614045,34.56377130085663,0.0006,3.778,1376.75,16
12,24,1.809804813280106,3.364002567493315,-4.025263902530993,34.561868845149974,4.0,1.551,1387.406,16
12,24,1.809804813280106,3.77250664154168,-0.0007362460627757,34.64664068494088,0.0008,3.773,1398.031,16
12,24,1.809804813280106,3.3605043694359997,-4.02639908977881,34.65916527021006,4.0,1.545,1408.703,16
12,24,1.809804813280106,3.799842422370616,0.0014519647029768,34.213674017950225,0.0006,3.8,1248.61,16
12,24,1.809804813280106,3.98262205496228,0.000142099333808,31.24681620144749,0.0006,3.982,458.141,16
12,24,1.809804813280106,3.550332783828763,-4.026258068293953,31.275240676845907,4.0,1.726,468.891,16
12,24,1.809804813280106,4.026035248194629,0.000273816741551,29.97929799982536,0.0006,4.025,308.735,16
12,24,1.809804813280106,4.001300230016788,-0.0006652430061975,30.728006858560512,0.0006,4.0,394.141,16
12,24,1.809804813280106,3.5046061736608536,-4.024801716267126,32.533061239126546,4.0,1.684,661.281,16
12,24,1.809804813280106,3.921752792380573,-0.0013931441294136,32.59039052920287,0.0006,3.922,671.906,16
12,24,1.809804813280106,3.499820848156272,-4.025671438784325,32.626330334645466,4.0,1.68,682.578,16
12,24,1.809804813280106,3.916565483376807,-0.0014404242619747,32.70171174791922,0.0006,3.916,693.235,16
12,24,1.809804813280106,3.4951543434566075,-4.024797286286087,32.73161771759716,4.0,1.675,703.86,16
12,24,1.809804813280106,3.911704661922279,-0.0006358934542475,32.75455821303914,0.0006,3.912,714.5,16
12,24,1.809804813280106,4.1860879116703416,-0.0008223013468508,26.47777121062403,0.0006,0.0,0.0,16
12,24,1.809804813280106,4.186123854255208,-0.0018747617562825,26.46703845524767,0.0006,4.201,9.344,16
12,24,1.809804813280106,3.73123926187733,-4.024543284014993,26.57233488054541,4.0,1.86,20.25,16
12,24,1.809804813280106,4.154284369609425,-0.0011175249410429,26.805613756812317,0.0006,4.162,30.922,16
12,24,1.809804813280106,3.704504184174872,-4.025265313203258,26.96523035234856,4.0,1.854,41.641,16
12,24,1.809804813280106,3.684720456277003,-4.0238340981315766,27.2909004064431,4.0,1.836,63.063,16
12,24,1.809804813280106,4.135118285305378,-0.0015985017799403,27.16990182394685,0.0006,4.141,52.328,16
13,24,1.806556213274488,3.3832071389315974,-0.0017032103149467,27.96743758685186,0.0006,0.0,6059.094,15
13,24,1.806556213274488,3.3813029954810143,-0.002050393684052,28.109413589456548,0.0006,0.0,5891.797,15
13,24,1.806556213274488,4.157822523011771,-0.001137128668806,27.21287431506356,0.0006,4.165,31.0,15
13,24,1.806556213274488,3.5337517253689232,-4.025802649971184,32.27338208851039,4.0,1.705,556.657,15
13,24,1.806556213274488,4.138432128026785,-0.0034711917171345,27.54694077993528,0.0006,4.145,52.516,15
13,24,1.806556213274488,3.6913990787178834,-4.025837761835469,27.66777623176841,4.0,1.837,63.344,15
13,24,1.806556213274488,4.123238932064174,-0.0026832007648755,27.8683810471444,0.0006,4.127,74.063,15
13,24,1.806556213274488,3.676028140254284,-4.024338705416973,27.96237420039084,4.0,1.823,84.813,15
13,24,1.806556213274488,4.111273479874613,-0.0007504687513262,28.146763783184348,0.0006,4.115,95.516,15
13,24,1.806556213274488,3.663282931796086,-4.024145433612692,28.22516819740393,4.0,1.81,106.282,15
13,24,1.806556213274488,3.9342391062500632,-0.0001605619923269,32.74498687819405,0.0006,3.935,631.907,15
13,24,1.806556213274488,3.5551262512916075,-4.024531672490287,31.655978918437565,4.0,1.723,470.938,15
13,24,1.806556213274488,4.1900980869893365,-0.0064494910682206,26.87208425739509,0.0006,-0.0,0.0,15
13,24,1.806556213274488,4.1899584379153305,0.002840780609838,26.866927200418345,0.0006,4.205,9.313000000000002,15
13,24,1.806556213274488,3.7378998353006745,-4.024135801839147,26.966943245953733,4.0,1.853,20.266,15
13,24,1.806556213274488,3.9592172300915,-0.000589837814508,32.237331604869475,0.0006,3.959,545.969,15
13,24,1.806556213274488,3.575833788154519,-4.025530980181395,30.943305665540507,4.0,1.739,385.063,15
13,24,1.806556213274488,3.95288061557239,-0.0007933562412851,32.368311521245445,0.0006,3.953,567.407,15
13,24,1.806556213274488,3.528273560154106,-4.025176017564481,32.44248080152859,4.0,1.7,578.157,15
13,24,1.806556213274488,3.9464809341366207,-0.0030781947768144,32.505726838404875,0.0006,3.946,588.907,15
13,24,1.806556213274488,3.5225182651749773,-4.0270470375053575,32.56645906192912,4.0,1.694,599.735,15
13,24,1.806556213274488,3.940044874882121,0.0003797815080002,32.631086123099124,0.0006,3.94,610.438,15
13,24,1.806556213274488,3.51743827160605,-4.025230774014615,32.6510227413136,4.0,1.688,621.219,15
13,24,1.806556213274488,3.978528403648202,-0.0047675664946383,31.757821815660517,0.0006,3.978,481.672,15
13,24,1.806556213274488,3.5495641792254404,-4.025577021515918,31.81789786678938,4.001,1.72,492.407,15
13,24,1.806556213274488,3.9719026748017394,0.0001406202500473,31.92972937214223,0.0006,3.971,503.094,15
13,24,1.806556213274488,3.54421765405868,-4.025123173286064,31.97578829843825,4.0,1.715,513.813,15
13,24,1.806556213274488,3.9654602395147887,-0.0029489602889865,32.0830463441646,0.0006,3.966,524.532,15
13,24,1.806556213274488,3.5388104255241344,-4.023734654380681,32.14617914777538,4.0,1.709,535.25,15
13,24,1.806556213274488,4.0098741055568485,-0.0018369551213785,30.89201704686336,0.0006,4.009,374.329,15
13,24,1.806556213274488,3.4571045841374213,-4.025991049466718,33.47950645005122,4.0,1.635,900.422,15
13,24,1.806556213274488,4.003745452759102,-0.0009638782432581,31.06737862949464,0.0006,4.003,395.766,15
13,24,1.806556213274488,3.570625327068305,-4.025402902851103,31.1046434038835,4.0,1.736,406.485,15
13,24,1.806556213274488,3.997919207972075,0.0002453915024981,31.24170686831706,0.0006,3.996,417.282,15
13,24,1.806556213274488,3.5656776154419187,-4.024755584464747,31.309587237309163,4.0,1.731,428.016,15
13,24,1.806556213274488,3.991758537760404,0.0013377246713893,31.415840931073923,0.0006,3.991,438.797,15
13,24,1.806556213274488,3.560458915808016,-4.024226834675559,31.48056001930454,4.0,1.727,449.516,15
13,24,1.806556213274488,3.856245307612641,-0.0008306157734239,33.682656375377896,0.0006,3.856,975.579,15
13,24,1.806556213274488,3.4751898679242603,-4.026070716768001,33.311521277189115,4.001,1.651,814.641,15
13,24,1.806556213274488,4.028637607839134,0.0014184722661847,30.343723582745284,0.0006,4.028,309.922,15
13,24,1.806556213274488,3.5913175773690087,-4.026873587504459,30.412733898491243,4.001,1.754,320.61,15
13,24,1.806556213274488,4.022185055295332,0.0007148751684828,30.541922682129112,0.0006,4.021,331.282,15
13,24,1.806556213274488,3.5857649174895583,-4.026592365220924,30.552448672682416,4.0,1.748,342.016,15
13,24,1.806556213274488,4.015997312928195,-0.0019958823682888,30.688452192760156,0.0006,4.016,352.813,15
13,24,1.806556213274488,3.580866733733965,-4.024811432058346,30.763197068227203,4.0,1.743,363.547,15
13,24,1.806556213274488,3.8746819034337303,0.003040102436213,33.437842191329274,0.0006,3.875,889.61,15
13,24,1.806556213274488,3.493268529486774,-4.026734394822625,33.123384093078904,4.0,1.666,728.657,15
13,24,1.806556213274488,3.869868103862741,-0.0056803049584763,33.52843371310327,0.0006,3.87,911.094,15
13,24,1.806556213274488,3.452691163898445,-4.026271848464844,33.54405560026644,4.001,1.631,921.907,15
13,24,1.806556213274488,3.865380495948449,-0.0001111016684151,33.577513686337646,0.0006,3.866,932.625,15
13,24,1.806556213274488,3.4483469772423234,-4.026029183912882,33.56388063800936,4.001,1.628,943.407,15
13,24,1.806556213274488,3.860734489967256,0.0001041276572746,33.609915007825045,0.0006,3.86,954.11,15
13,24,1.806556213274488,3.4440422216381044,-4.024578874276054,33.59822646353846,4.0,1.621,964.891,15
13,24,1.806556213274488,4.100462886825797,-0.001207540279415,28.397756351550083,0.0006,4.103,117.032,15
13,24,1.806556213274488,3.888859466228764,-0.0009786414388813,33.35290344735634,0.0006,3.889,825.36,15
13,24,1.806556213274488,3.471025509959012,-4.0233519388703725,33.3659747547695,4.0,1.647,836.032,15
13,24,1.806556213274488,3.884119184839146,-0.0014320655830348,33.37393840493971,0.0006,3.884,846.782,15
13,24,1.806556213274488,3.466302884073118,-4.02683185054688,33.43836203217739,4.001,1.645,857.485,15
13,24,1.806556213274488,3.8789105980876335,-0.0001582500520961,33.431202553048166,0.0006,3.88,868.188,15
13,24,1.806556213274488,3.461946164706908,-4.025906236598161,33.40112873739837,4.001,1.641,878.922,15
13,24,1.806556213274488,3.913115537448962,-0.0021918830076357,33.09458145836875,0.0006,3.913,717.891,15
13,24,1.806556213274488,3.391934880291891,-4.02425681912543,34.3926126909951,4.0,1.573,1243.782,15
13,24,1.806556213274488,3.908275916271633,-0.0014688353181919,33.157333128676825,0.0006,3.909,739.438,15
13,24,1.806556213274488,3.4886968779428478,-4.0252558609816775,33.1393868733959,4.0,1.665,750.188,15
13,24,1.806556213274488,3.9034127369077782,-0.0006671090926931,33.19826253205415,0.0006,3.904,760.969,15
13,24,1.806556213274488,3.484320937640763,-4.025985400436212,33.19594116357004,4.001,1.661,771.704,15
13,24,1.806556213274488,3.898048071014807,-0.0008897002852349,33.261633018700465,0.0006,3.899,782.454,15
13,24,1.806556213274488,3.4794302559989085,-4.025285532809859,33.22914795302476,4.0,1.655,793.188,15
13,24,1.806556213274488,3.7885740265031367,0.0009661489017882,34.68816601226684,0.0006,3.789,1318.907,15
13,24,1.806556213274488,3.407104067143888,-4.025221675631636,34.13586846603444,4.0,1.586,1157.954,15
13,24,1.806556213274488,3.9287345144589816,-0.0032874134842978,32.87094935931128,0.0006,3.929,653.422,15
13,24,1.806556213274488,3.507714129991074,-4.02236569674996,32.93654456566576,4.0,1.68,664.204,15
13,24,1.806556213274488,3.92341568441681,-0.0031559303089529,32.96189447257027,0.0006,3.924,674.922,15
13,24,1.806556213274488,3.502836343821697,-4.024788231906523,33.02672372148055,4.0,1.674,685.735,15
13,24,1.806556213274488,3.918097119320173,-0.0039274510549733,33.058633936096584,0.0006,3.918,696.516,15
13,24,1.806556213274488,3.498053636942814,-4.024797173327615,33.05517419668757,4.0,1.672,707.204,15
13,24,1.806556213274488,3.804815322107289,-0.0018837691830694,34.424545825110464,0.0006,3.805,1233.063,15
13,24,1.806556213274488,3.4235348327586803,-4.024920378343418,33.861703319146336,4.0,1.602,1072.016,15
13,24,1.806556213274488,3.800573701353136,-0.0017104454590156,34.47671758020632,0.0006,3.8,1254.454,15
13,24,1.806556213274488,3.3877769827784343,-4.025375222973499,34.488881476882966,4.001,1.568,1265.235,15
13,24,1.806556213274488,3.796619112580184,-0.0018936185207654,34.554732916706456,0.0006,3.798,1275.969,15
13,24,1.806556213274488,3.3840286022851,-4.0257669671954455,34.528697101255275,4.0,1.565,1286.735,15
13,24,1.806556213274488,3.792438327002933,-0.0013223650044252,34.61129020430003,0.0006,3.793,1297.438,15
13,24,1.806556213274488,3.380168828013949,-4.024845069941004,34.616103180450715,4.001,1.562,1308.204,15
13,24,1.806556213274488,3.985046179763336,-0.0034321968098862,31.59574165263192,0.0006,3.984,460.235,15
13,24,1.806556213274488,3.5964115243008776,-4.025377690788424,30.20884131532698,4.0,1.758,299.204,15
13,24,1.806556213274488,3.8170377891335954,-0.0004462119697902,34.21666534390006,0.0006,3.818,1168.672,15
13,24,1.806556213274488,3.403333629442748,-4.025148652602117,34.21514214904337,4.001,1.583,1179.391,15
13,24,1.806556213274488,3.8127299220501274,-0.0006413865751646,34.28873166692942,0.0006,3.814,1190.11,15
13,24,1.806556213274488,3.399506878553207,-4.02531041411369,34.26231623496769,4.001,1.579,1200.844,15
13,24,1.806556213274488,3.808810513613317,-0.0013155553020144,34.34471841437771,0.0006,3.809,1211.547,15
13,24,1.806556213274488,3.395525329452004,-4.0251363106322,34.332690306691056,4.001,1.576,1222.282,15
13,24,1.806556213274488,3.8385854446424954,-0.0009819935754403,33.88042198028872,0.0006,3.839,1061.313,15
13,24,1.806556213274488,3.334642995317949,-4.0276042484384975,35.38032385696583,4.001,1.517,1587.157,15
13,24,1.806556213274488,3.8341079740826327,-0.001658542541108,33.93602188402297,0.0006,3.834,1082.719,15
13,24,1.806556213274488,3.419457488804227,-4.026760661167576,33.94839818187863,4.001,1.597,1093.438,15
13,24,1.806556213274488,3.82952620784784,-0.000140311475041,34.02861879159597,0.0006,3.831,1104.188,15
13,24,1.806556213274488,3.415062945026061,-4.0253976130382085,34.02273073164364,4.0,1.593,1115.0,15
13,24,1.806556213274488,3.825338924629341,0.0002015183031701,34.107252868217,0.0006,3.826,1125.641,15
13,24,1.806556213274488,3.4108008914574115,-4.025644047215475,34.06761975013005,4.001,1.589,1136.438,15
13,24,1.806556213274488,3.7321071963404098,2.2343307943766382e-05,35.61962306210682,0.0006,3.733,1662.172,15
13,24,1.806556213274488,3.348008114047175,-4.0246263203953,35.14719378336205,4.001,1.53,1501.485,15
13,24,1.806556213274488,3.851542176568894,0.0002728177357062,33.69953799076975,0.0006,3.852,996.985,15
13,24,1.806556213274488,3.4356510959003352,-4.023254093729637,33.681947582771414,4.0,1.615,1007.688,15
13,24,1.806556213274488,3.847181052543822,-0.0006362576202852,33.74769350962857,0.0006,3.848,1018.454,15
13,24,1.806556213274488,3.4316923053033186,-4.0246855431308,33.71053645766659,4.001,1.611,1029.141,15
13,24,1.806556213274488,3.842901031790716,-0.0013496826304466,33.81124496415723,0.0006,3.843,1039.844,15
13,24,1.806556213274488,3.427535767183981,-4.025570493982742,33.80254325170901,4.0,1.607,1050.547,15
13,24,1.806556213274488,3.744843601856568,-0.0019583947173475,35.399844700716415,0.0006,3.746,1576.438,15
13,24,1.806556213274488,3.3621413211529108,-4.024862882360717,34.92352171021096,4.001,1.543,1415.547,15
13,24,1.806556213274488,3.7417545263461554,-0.0004317787524064,35.45292099671908,0.0006,3.742,1597.875,15
13,24,1.806556213274488,3.331636620791838,-4.023624975656986,35.43777271239076,4.001,1.515,1608.594,15
13,24,1.806556213274488,3.7382801390168674,0.000371863913159,35.50219540603096,0.0006,3.74,1619.344,15
13,24,1.806556213274488,3.328066994694061,-4.024609293166432,35.503659547814195,4.001,1.511,1630.094,15
13,24,1.806556213274488,3.735241837965489,-8.5151203089361e-06,35.56765910043661,0.0006,3.736,1640.797,15
13,24,1.806556213274488,3.3252557678479926,-4.025351609479492,35.53790172565362,4.0,1.508,1651.469,15
13,24,1.806556213274488,3.893365794403173,-0.0002915883873141,33.319391052033,0.0006,3.894,803.922,15
13,24,1.806556213274488,3.51217525252728,-4.025685082247608,32.79928045730729,4.001,1.684,642.719,15
13,24,1.806556213274488,3.755257539179774,-0.0019267584623642,35.22844360233245,0.0006,3.756,1512.188,15
13,24,1.806556213274488,3.344825043162365,-4.024767093896809,35.22083974318409,4.0,1.527,1522.875,15
13,24,1.806556213274488,3.752032615887058,6.0973347537416137e-05,35.29925294447679,0.0006,3.753,1533.579,15
13,24,1.806556213274488,3.3415215534815057,-4.025234209309798,35.270940592874524,4.0,1.524,1544.297,15
13,24,1.806556213274488,3.748282581016949,0.0054112289849594,35.358032592067104,0.0008,3.749,1554.985,15
13,24,1.806556213274488,3.337803795276121,-4.0258306512978095,35.320377634025384,4.0,1.521,1565.766,15
13,24,1.806556213274488,3.773462897541136,-0.000557766019506,34.94569433801525,0.0006,3.775,1404.829,15
13,24,1.806556213274488,3.288455480924997,-4.025740225930578,36.1747087258131,4.001,1.471,1930.485,15
13,24,1.806556213274488,3.769572937324721,-0.0003584135755373,34.99430822372849,0.0006,3.77,1426.25,15
13,24,1.806556213274488,3.358696848141422,-4.024342912653529,35.00671466453597,4.0,1.54,1436.969,15
13,24,1.806556213274488,3.766075927580469,-0.0003328295380269,35.07016727402226,0.0006,3.767,1447.672,15
13,24,1.806556213274488,3.3548013930948217,-4.024855335237498,35.03943246908647,4.001,1.537,1458.516,15
13,24,1.806556213274488,3.762307986154674,-0.0003316872325076,35.11871434174566,0.0006,3.762,1469.297,15
13,24,1.806556213274488,3.3517718843630084,-4.025474647144299,35.12053237709493,4.0,1.533,1479.969,15
13,24,1.806556213274488,3.688871652344497,-0.0009454315835143,36.33564096580358,0.0006,3.69,2005.547,15
13,24,1.806556213274488,3.298959517748296,-4.02572339484156,35.98431512835687,4.001,1.481,1844.485,15
13,24,1.806556213274488,3.784627232806043,-0.001024600576106,34.71942473164751,0.0006,3.786,1340.422,15
13,24,1.806556213274488,3.3728992916412563,-4.025936396683587,34.72312677264909,4.001,1.555,1351.125,15
13,24,1.806556213274488,3.781000883256044,0.0001841175050836,34.818844737839875,0.0006,3.782,1361.891,15
13,24,1.806556213274488,3.369077826791332,-4.025025239846934,34.81185174478628,4.001,1.551,1372.688,15
13,24,1.806556213274488,3.777088302365864,-0.0006392300046063,34.87610192762229,0.0006,3.778,1383.422,15
13,24,1.806556213274488,3.3657131147597408,-4.0256143534725135,34.8835297624783,4.001,1.549,1394.125,15
13,24,1.806556213274488,3.698251115642917,0.0004584345215359,36.1480302689776,0.0006,3.699,1919.735,15
13,24,1.806556213274488,3.310140019909961,-4.023614489090213,35.77790434251873,4.0,1.493,1758.594,15
13,24,1.806556213274488,3.69567563432993,0.0042856150711884,36.2018404111176,0.0006,3.697,1941.188,15
13,24,1.806556213274488,3.2858087962548805,-4.025271830239637,36.20792331312342,4.001,1.469,1951.922,15
13,24,1.806556213274488,3.693276223624777,0.0002948751391439,36.23826842393767,0.0006,3.694,1962.672,15
13,24,1.806556213274488,3.2838539144486085,-4.025205924333867,36.25391320150039,4.0,1.467,1973.375,15
13,24,1.806556213274488,3.69108276870451,-0.0001301368251908,36.2910742339311,0.0006,3.692,1984.063,15
13,24,1.806556213274488,3.28122701678832,-4.024903569467567,36.27609951662701,4.0,1.464,1994.875,15
13,24,1.806556213274488,3.821177893133524,0.0001439238322676,34.15901025093972,0.0006,3.821,1147.172,15
13,24,1.806556213274488,3.43984264713497,-4.025531161978196,33.65794367099236,4.0,1.619,986.297,15
13,24,1.806556213274488,3.7058651500790623,-0.0004877287475506,36.05540396315357,0.0006,3.708,1855.188,15
13,24,1.806556213274488,3.2962016413540094,-4.027061446207152,36.01475218447122,4.0,1.479,1865.907,15
13,24,1.806556213274488,3.703164058157524,-0.0025918563977106,36.07740031339988,0.0006,3.704,1876.766,15
13,24,1.806556213274488,3.2936318811464758,-4.025753048356377,36.04520832860639,4.001,1.477,1887.485,15
13,24,1.806556213274488,3.700540641614944,-0.0009645355669773,36.11019710612021,0.0006,3.702,1898.282,15
13,24,1.806556213274488,3.2910320375036624,-4.025009962915797,36.09951387889055,4.0,1.473,1909.032,15
13,24,1.806556213274488,3.71969363144287,-0.0023246957508231,35.79597610548622,0.0006,3.722,1747.907,15
13,24,1.806556213274488,3.2528762178951305,-4.023593032491391,36.866491008873886,4.0,1.437,2274.079,15
13,24,1.806556213274488,3.7173109931502,0.0002032560453642,35.87259530906996,0.0006,3.718,1769.297,15
13,24,1.806556213274488,3.307140130385512,-4.024845503606801,35.83641489981183,4.001,1.491,1780.016,15
13,24,1.806556213274488,3.7141779287772367,-0.0007184218352183,35.88419653547356,0.0006,3.716,1790.766,15
13,24,1.806556213274488,3.304225154533363,-4.024424399882121,35.9135391304939,4.0,1.487,1801.547,15
13,24,1.806556213274488,3.7112950572088046,-0.0015537190051188,35.95521477002913,0.0006,3.712,1812.282,15
13,24,1.806556213274488,3.3017374313763845,-4.026346833975814,35.95174665042204,4.0,1.485,1822.985,15
13,24,1.806556213274488,3.658237391935935,0.0071798509964851,37.07689344125885,0.0006,3.659,2349.282,15
13,24,1.806556213274488,3.2614332207454995,-4.02519293424297,36.69943841015757,4.001,1.445,2188.016,15
13,24,1.806556213274488,3.729088082312256,-0.0017913950874363,35.67776682327619,0.0006,3.73,1683.625,15
13,24,1.806556213274488,3.31920567953638,-4.025436960944048,35.63178135403618,4.0,1.502,1694.36,15
13,24,1.806556213274488,3.7259617088291184,0.0008948425489353,35.713756250656715,0.0006,3.726,1705.047,15
13,24,1.806556213274488,3.316006991974417,-4.0267437916454885,35.69268126499883,4.0,1.499,1715.782,15
13,24,1.806556213274488,3.722887009679877,-0.0002118717502275,35.75464461383052,0.0006,3.724,1726.485,15
13,24,1.806556213274488,3.3130059660887423,-4.025197060948973,35.75016050619715,4.0,1.497,1737.219,15
13,24,1.806556213274488,3.665836245557566,-0.0023109212294437,36.87288931067816,0.0006,3.667,2263.36,15
13,24,1.806556213274488,3.26966527058436,-4.024318489710189,36.52643826965922,4.0,1.453,2102.047,15
13,24,1.806556213274488,3.6637333931682288,-0.0007164992184604,36.94275526189665,0.0006,3.664,2284.766,15
13,24,1.806556213274488,3.250602837565053,-4.026336035376285,36.927341979859776,4.0,1.435,2295.516,15
13,24,1.806556213274488,3.6621563414227367,-0.0004326723239182,36.98893320639993,0.0006,3.663,2306.266,15
13,24,1.806556213274488,3.248279889298409,-4.025321440898313,36.996425609927606,4.001,1.434,2317.063,15
13,24,1.806556213274488,3.660414433405268,-0.0009540160381947,37.021385255267965,0.0006,3.661,2327.891,15
13,24,1.806556213274488,3.2465138936944453,-4.024813688387259,37.02877210947134,4.0,1.432,2338.625,15
13,24,1.806556213274488,3.758803749408897,-0.0013712797798065,35.16546108008576,0.0006,3.76,1490.688,15
13,24,1.806556213274488,3.3763365873478506,-4.027070941810603,34.67207938292885,4.001,1.559,1329.704,15
13,24,1.806556213274488,3.671235655952316,0.0027947349059587,36.72931761072673,0.0006,3.672,2198.75,15
13,24,1.806556213274488,3.2593465912484243,-4.024652448099273,36.74243206608483,4.001,1.444,2209.469,15
13,24,1.806556213274488,3.669442992561188,-0.0004827414004386,36.77125572670843,0.0006,3.671,2220.266,15
13,24,1.806556213274488,3.2569978346195634,-4.025435675332071,36.78602071680685,4.0,1.441,2231.094,15
13,24,1.806556213274488,3.667448170009589,-0.0036227478651577,36.82437531015731,0.0006,3.668,2241.86,15
13,24,1.806556213274488,3.2549077479253485,-4.025635801353592,36.81717423828619,4.001,1.44,2252.594,15
13,24,1.806556213274488,3.6804779223866526,-0.0016929417851864,36.523056856671225,0.0006,3.682,2091.344,15
13,24,1.806556213274488,3.212446484351536,-4.026284131648733,37.70265542792367,4.001,1.401,2617.579,15
13,24,1.806556213274488,3.678522527987967,-0.0042463204374132,36.5874346164172,0.0006,3.68,2112.797,15
13,24,1.806556213274488,3.267683801690851,-4.026135861436623,36.5341838128367,4.001,1.451,2123.532,15
13,24,1.806556213274488,3.676822815687426,0.0029807556059175,36.62132478585238,0.0006,3.678,2134.313,15
13,24,1.806556213274488,3.265609288696239,-4.025748498787748,36.5987713848811,4.001,1.45,2145.032,15
13,24,1.806556213274488,3.6748624659513327,-0.0007098163943151,36.667723677604926,0.0006,3.676,2155.782,15
13,24,1.806556213274488,3.263632836968283,-4.025089421775976,36.65037528553471,4.001,1.448,2166.469,15
13,24,1.806556213274488,3.6227651848934537,-0.0060195275906547,37.96807566207313,0.0006,3.621,2692.625,15
13,24,1.806556213274488,3.2245865284268342,-4.024171672092929,37.51126636753236,4.001,1.413,2531.766,15
13,24,1.806556213274488,3.686443248303165,-0.0034498997222926,36.38051013348512,0.0006,3.688,2027.079,15
13,24,1.806556213274488,3.276358761413892,-4.025059313162832,36.36822295537392,4.0,1.46,2037.813,15
13,24,1.806556213274488,3.684464075975079,0.000142928634799,36.456425307793765,0.0006,3.686,2048.485,15
13,24,1.806556213274488,3.2742138828777034,-4.0242165948765525,36.42030357035096,4.0,1.458,2059.188,15
13,24,1.806556213274488,3.682596018727914,-0.0024618688163841,36.475890981577614,0.0006,3.683,2069.907,15
13,24,1.806556213274488,3.271969001079396,-4.0253697931668,36.4856915179406,4.001,1.456,2080.641,15
13,24,1.806556213274488,3.633383535610911,-0.0011568430869164,37.790700311037526,0.0006,3.632,2606.844,15
13,24,1.806556213274488,3.234559085969277,-4.024929824546526,37.27097142802408,4.001,1.421,2445.922,15
13,24,1.806556213274488,3.6310939554817385,-0.0006097469529653,37.82115390842044,0.0006,3.629,2628.282,15
13,24,1.806556213274488,3.2090469626669456,-4.024089760992159,37.772268617746,4.0,1.399,2639.063,15
13,24,1.806556213274488,3.6282448154940665,-0.0001293128754118,37.85159992516928,0.0006,3.626,2649.766,15
13,24,1.806556213274488,3.2057120778993315,-4.025837006784656,37.822105106051794,4.001,1.396,2660.5,15
13,24,1.806556213274488,3.6253153178642834,-0.0049990732922334,37.90437742346487,0.0006,3.624,2671.204,15
13,24,1.806556213274488,3.2025094564127867,-4.024399683518866,37.91611778869958,4.0,1.392,2681.891,15
13,24,1.806556213274488,3.7086343879177215,0.0006649155913946,36.023478700164866,0.0006,3.71,1833.766,15
13,24,1.806556213274488,3.322162363732101,-4.024532015402691,35.60439558968834,4.0,1.505,1672.875,15
13,24,1.806556213274488,3.640857569549493,-0.0044116102803804,37.59454310684196,0.0006,3.64,2542.454,15
13,24,1.806556213274488,3.221438897611087,-4.0252283670221445,37.5585529809525,4.0,1.41,2553.204,15
13,24,1.806556213274488,3.638443745251224,0.0010233005471643,37.66609388239566,0.0006,3.637,2563.891,15
13,24,1.806556213274488,3.2186176174669696,-4.0268258800937975,37.66143997506792,4.0,1.408,2574.625,15
13,24,1.806556213274488,3.6361574284614218,-0.0018567929479409,37.6993341775465,0.0006,3.634,2585.375,15
13,24,1.806556213274488,3.2157452264197954,-4.024239809538038,37.72037137090437,4.001,1.404,2596.11,15
13,24,1.806556213274488,3.651048267507147,-0.0008620013455203,37.29081739209154,0.0006,3.651,2435.188,15
13,24,1.806556213274488,3.1270227532250687,-4.025441240823287,38.78586276850102,4.0,1.325,2960.875,15
13,24,1.806556213274488,3.649109275825336,-0.0010391188369134,37.37192830456639,0.0006,3.649,2456.688,15
13,24,1.806556213274488,3.232386941422721,-4.026064398432353,37.32212298121054,4.0,1.42,2467.391,15
13,24,1.806556213274488,3.647258159978573,-0.0007454769323474,37.40476708233494,0.0006,3.647,2478.172,15
13,24,1.806556213274488,3.229927892641428,-4.02344116658148,37.38208263855478,4.001,1.417,2488.86,15
13,24,1.806556213274488,3.645318084543273,-0.0011099608270196,37.4423237774085,0.0006,3.645,2499.594,15
13,24,1.806556213274488,3.227152664801036,-4.025313025413966,37.42513064899961,4.001,1.415,2510.329,15
13,24,1.806556213274488,3.524795560728005,-0.0064903878531076,39.08948011608869,0.0008,3.517,3035.938,15
13,24,1.806556213274488,3.1598773347933293,-4.025079900121189,38.52811302520404,4.0,1.356,2874.969,15
13,24,1.806556213274488,3.656775454063911,-0.000528433437357,37.10263171035066,0.0006,3.657,2370.719,15
13,24,1.806556213274488,3.241473751271529,-4.025320469891967,37.12971778383474,4.0,1.428,2381.547,15
13,24,1.806556213274488,3.654858815060569,-0.0003528747194893,37.19491892308207,0.0006,3.655,2392.282,15
13,24,1.806556213274488,3.239157599904494,-4.024585455716288,37.1922574776108,4.001,1.425,2403.047,15
13,24,1.806556213274488,3.6529629447306182,-0.0011079744007385,37.21448927081677,0.0006,3.653,2413.782,15
13,24,1.806556213274488,3.2371958531989757,-4.025195219349828,37.22390480178086,4.001,1.423,2424.485,15
13,24,1.806556213274488,3.5680362540463584,-0.0015433969606952,38.755313166545264,0.0006,3.562,2950.094,15
13,24,1.806556213274488,3.1821501331120365,-4.026245783191682,38.21747298291907,4.0,1.375,2789.282,15
13,24,1.806556213274488,3.5593352354998333,0.0016667895357813,38.8952993964588,0.0006,3.554,2971.579,15
13,24,1.806556213274488,3.115125659298929,-4.023359759425707,38.84557961782054,4.0,1.315,2982.391,15
13,24,1.806556213274488,3.549599257563349,-0.0009159133739893,38.93731244627326,0.0008,3.543,2993.11,15
13,24,1.806556213274488,3.102446936515178,-4.026244530183469,38.90971667965639,4.0,1.304,3003.813,15
13,24,1.806556213274488,3.5380845066587434,0.0007251115894973,38.99408849598077,0.0006,3.531,3014.516,15
13,24,1.806556213274488,3.087089325087352,-4.026988268311558,38.99827062704608,4.001,1.291,3025.235,15
13,24,1.806556213274488,3.6732253375092174,-0.0014522230206893,36.7094361215665,0.0006,3.674,2177.25,15
13,24,1.806556213274488,3.278540777996506,-4.024785152219876,36.32284812835564,4.0,1.462,2016.375,15
13,24,1.806556213274488,3.5875504551052426,-0.0010212851316666,38.568302282630334,0.0006,3.583,2885.688,15
13,24,1.806556213274488,3.153380297409686,-4.024404137432017,38.562055419431466,4.0,1.348,2896.407,15
13,24,1.806556213274488,3.581909546113895,-0.0014630944819126,38.61993116970422,0.0006,3.577,2907.125,15
13,24,1.806556213274488,3.1456793946607022,-4.025985416344958,38.58884816725126,4.0,1.341,2917.86,15
13,24,1.806556213274488,3.575392897363479,-0.0013514149027051,38.710532076434966,0.0006,3.57,2928.594,15
13,24,1.806556213274488,3.1369271443094724,-4.024494549716907,38.68060388560748,4.0,1.335,2939.36,15
13,24,1.806556213274488,3.609751746910209,-0.0006573656841377,38.22060025536999,0.0006,3.607,2778.547,15
13,24,1.806556213274488,2.936670241039939,-0.0024968624598888,40.58845980211882,0.0006,0.001,3304.594,15
13,24,1.806556213274488,3.605784324748941,-0.0001545757401416,38.27729996358729,0.0006,3.602,2800.0,15
13,24,1.806556213274488,3.1772984434085934,-4.02654035880721,38.27337683222028,4.001,1.371,2810.704,15
13,24,1.806556213274488,3.6017454582705546,-0.0019743292095646,38.34360692423867,0.0006,3.598,2821.391,15
13,24,1.806556213274488,3.172004228878164,-4.025229530647955,38.34451914557417,4.0,1.366,2832.125,15
13,24,1.806556213274488,3.5975356629197317,-0.0041874793160788,38.4118905082112,0.0006,3.593,2842.829,15
13,24,1.806556213274488,3.166361109943271,-4.02591754713725,38.423839404030026,4.0,1.361,2853.547,15
13,24,1.806556213274488,3.128099651255357,-0.0015437181832558,39.28176744276761,0.0006,0.0,3381.5,15
13,24,1.806556213274488,2.737165123935001,-4.02532497622628,39.984629412320565,4.0,0.98,3218.547,15
13,24,1.806556213274488,3.619832927942581,-0.0004532371655867,38.05251775543401,0.0006,3.617,2714.094,15
13,24,1.806556213274488,3.194854229596047,-4.026234455835569,38.03116303325271,4.001,1.386,2724.875,15
13,24,1.806556213274488,3.6164392102392737,-0.0005003611984183,38.1116077235752,0.0006,3.613,2735.579,15
13,24,1.806556213274488,3.1905773048952364,-4.027646271570473,38.08204562019128,4.0,1.383,2746.297,15
13,24,1.806556213274488,3.6131393540917047,-0.0025531235637045,38.15890139379788,0.0006,3.611,2757.079,15
13,24,1.806556213274488,3.186828547764984,-4.026095668392418,38.13877903644423,4.001,1.379,2767.829,15
13,24,1.806556213274488,2.852096923560161,-0.0007098669070923,40.65512551876581,0.0006,0.0,3293.735,15
13,24,1.806556213274488,2.9586032090416743,-4.0236909625103,39.44497586555901,4.001,1.174,3132.594,15
13,24,1.806556213274488,2.985493087427044,-0.0044609992141378,40.3554803149156,0.0008,0.0,3315.454,15
13,24,1.806556213274488,3.0214495300208952,-0.0049852262390567,40.22766995652347,0.0006,0.001,3326.297,15
13,24,1.806556213274488,3.050992675102244,-0.0004455684032892,40.00077360150056,0.0006,0.0,3337.313,15
13,24,1.806556213274488,3.0749989936389146,-0.0002001975366815,39.85987564549959,0.0006,0.0,3348.36,15
13,24,1.806556213274488,3.09525478208665,-0.0012247301613436,39.63370880588772,0.0006,0.0,3359.313,15
13,24,1.806556213274488,3.1127982472711078,-0.0086119933345605,39.47233823250264,0.0006,-0.0,3370.36,15
13,24,1.806556213274488,3.64304871934212,-0.0005651391035452,37.48955648495913,0.0006,3.642,2521.047,15
13,24,1.806556213274488,3.2440590465915458,-4.0246423956254445,37.08233488430818,4.0,1.429,2360.0,15
13,24,1.806556213274488,3.209222792501349,-0.0012757464032145,40.09419670066583,0.0006,3.191,3229.235,15
13,24,1.806556213274488,2.634370757135511,-4.025163071328828,40.125638904789945,4.001,0.898,3239.985,15
13,24,1.806556213274488,3.121940593586558,-8.624922174696672e-05,40.268965364488174,0.0006,3.099,3250.797,15
13,24,1.806556213274488,2.468238091926039,-4.025897663626077,40.28266711088741,4.0,0.774,3261.485,15
13,24,1.806556213274488,2.997934546722748,0.0017511389867959,40.38666288164317,0.0006,2.961,3272.204,15
13,24,1.806556213274488,2.1312634408664395,-4.022707044178276,40.46670554051968,4.0,0.565,3282.922,15
13,24,1.806556213274488,3.4425096215441866,-0.0010762837397889,39.42286495785816,0.0008,3.433,3121.875,15
13,24,1.806556213274488,3.2689978688217307,-0.0008587181861337,35.81883268045541,0.0006,0.0,3660.266,15
13,24,1.806556213274488,3.411423628978419,0.0010597566349585,39.56182741769871,0.0006,3.401,3143.344,15
13,24,1.806556213274488,2.9180701272322582,-4.023542018097352,39.53602175267568,4.0,1.139,3154.047,15
13,24,1.806556213274488,3.374960628221166,0.0012629693796826,39.66667163056201,0.0006,3.363,3164.829,15
13,24,1.806556213274488,2.870202426968897,-4.026583375372408,39.65788947197143,4.0,1.097,3175.516,15
13,24,1.806556213274488,3.330981033124956,-0.0083796377641362,39.81005824251047,0.0008,3.319,3186.297,15
13,24,1.806556213274488,2.8112857453988367,-4.023900580081338,39.83102534865603,4.0,1.042,3197.032,15
13,24,1.806556213274488,3.285378017746313,-0.0010429588207056,35.05072111130406,0.0006,-0.0,3738.219,15
13,24,1.806556213274488,3.244211940472322,-0.0020123929865212,36.8555522420331,0.0006,0.0,3571.094,15
13,24,1.806556213274488,3.5090843829981626,-0.0008193378558968,39.15669116443692,0.0006,3.502,3057.36,15
13,24,1.806556213274488,3.0472252694507547,-4.024139127710805,39.17537818502947,4.001,1.254,3068.11,15
13,24,1.806556213274488,3.490350128406547,-0.0009023362616724,39.30484561454125,0.0006,3.482,3078.829,15
13,24,1.806556213274488,3.0225386500843494,-4.026612964912109,39.316191591257535,4.0,1.232,3089.532,15
13,24,1.806556213274488,3.468780258619073,6.712190109604615e-05,39.37942013234324,0.0006,3.459,3100.344,15
13,24,1.806556213274488,2.992969486462882,-4.023954541311613,39.39615674307458,4.001,1.208,3111.11,15
13,24,1.806556213274488,3.2662218849858125,-0.0033911323988246,35.93475861562846,0.0006,0.0,3649.047,15
13,24,1.806556213274488,3.2075359414339903,-0.0004640304220906,38.03727851887983,0.0006,-0.0,3481.688,15
13,24,1.806556213274488,3.271489286170249,-0.0016987522250352,35.711105759855656,0.0006,-0.0,3671.375,15
13,24,1.806556213274488,3.2740710891944813,0.0002455896116752,35.59094241413555,0.0006,0.0,3682.516,15
13,24,1.806556213274488,3.2766036754797594,-0.0031747339578,35.493571755520506,0.0006,0.0,3693.672,15
13,24,1.806556213274488,3.2788274613773374,-0.0005238844974867,35.37493385829308,0.0006,0.0,3704.782,15
13,24,1.806556213274488,3.28107645330132,-0.002469339659146,35.26719337876586,0.0006,0.0,3715.922,15
13,24,1.806556213274488,3.283244342919541,-0.0014748349889635,35.1650607046956,0.0006,0.0,3727.063,15
13,24,1.806556213274488,3.592514834588429,-3.353987067487512e-05,38.5195464824596,0.0006,3.587,2864.25,15
13,24,1.806556213274488,3.198936533105305,-4.025860682028644,37.9566023967618,4.0,1.389,2703.36,15
13,24,1.806556213274488,3.247662126389924,-0.0022437728381227,36.71663257606168,0.0006,-0.0,3582.219,15
13,24,1.806556213274488,3.251135854589594,-0.0018018629326595,36.594033556994326,0.0006,-0.0,3593.36,15
13,24,1.806556213274488,3.254176676248936,-0.0023120440144043,36.45431108023323,0.0006,0.0,3604.485,15
13,24,1.806556213274488,3.2575185349290345,-0.0043444519610748,36.3369501306321,0.0006,0.0,3615.61,15
13,24,1.806556213274488,3.2606040803541942,-0.0017567349391353,36.191778784118505,0.0006,0.0,3626.797,15
13,24,1.806556213274488,3.263457555139832,-0.0008683592099395,36.07194051841185,0.0006,0.0,3637.891,15
13,24,1.806556213274488,3.2014871575424664,-0.0025190377697144,38.197413151872986,0.0006,0.0,3470.579,15
13,24,1.806556213274488,3.323385718571976,-0.0018804195005305,32.8596452645216,0.0006,0.0,4017.829,15
13,24,1.806556213274488,3.2129804882649293,-0.0021411575033134,37.857625271944734,0.0006,0.0,3492.875,15
13,24,1.806556213274488,3.2181826842310985,-0.0014900503988623,37.71989964967967,0.0006,-0.0,3504.094,15
13,24,1.806556213274488,3.223193410714981,-0.0012185371224797,37.56558611614431,0.0006,0.0,3515.313,15
13,24,1.806556213274488,3.2278031964535137,-0.000525153189847,37.42740290390405,0.0006,-0.0,3526.485,15
13,24,1.806556213274488,3.232313054415354,-0.0033319342354201,37.26716016387053,0.0006,0.0,3537.641,15
13,24,1.806556213274488,3.236464579590419,-0.0020095791269958,37.12712171486108,0.0006,0.0,3548.813,15
13,24,1.806556213274488,3.330198908348922,0.0005967406470426,32.39528996533146,0.0006,0.0,4096.032,15
13,24,1.806556213274488,3.3135564938812023,-0.0029026798743705,33.47864155349465,0.0006,0.0,3928.422,15
13,24,1.806556213274488,3.1528435105889647,-0.0033231869658204,39.06203717680579,0.0006,0.0,3403.719,15
13,24,1.806556213274488,3.1630180940222217,-0.0016261203852453,38.95202635316762,0.0006,0.0,3414.875,15
13,24,1.806556213274488,3.17221344634214,-0.0031592211739832,38.799370570694265,0.0006,0.0,3426.032,15
13,24,1.806556213274488,3.1805208536248224,-0.0020315382291843,38.66083711376945,0.0006,0.0,3437.141,15
13,24,1.806556213274488,3.187907288633105,-0.0003866640332334,38.49783778648845,0.0008,-0.0,3448.25,15
13,24,1.806556213274488,3.1950969653887835,-0.0014896357166712,38.33157391390612,0.0006,-0.0,3459.454,15
13,24,1.806556213274488,3.321934571830796,-0.0065128979659168,32.94287603653693,0.0006,-0.0,4006.61,15
13,24,1.806556213274488,3.301967392432588,-0.0017723398670669,34.16165144303317,0.0006,-0.0,3838.782,15
13,24,1.806556213274488,3.324289950085712,-0.0038871093898592,32.801380786547085,0.0006,0.0,4029.016,15
13,24,1.806556213274488,3.325265720521617,-0.0027771226421273,32.72943287996997,0.0006,-0.0,4040.172,15
13,24,1.806556213274488,3.32646124896808,-0.0033238905009698,32.66752968698456,0.0006,-0.0,4051.391,15
13,24,1.806556213274488,3.3275243234031846,-0.0018136366634454,32.59693962028785,0.0006,0.0,4062.532,15
13,24,1.806556213274488,3.3281525527507005,0.0009105527626873,32.51538158239281,0.0006,0.0,4073.719,15
13,24,1.806556213274488,3.329245554247572,0.0003569532239351,32.45935207353602,0.0006,-0.0,4084.875,15
13,24,1.806556213274488,3.2770326808429195,0.0010020170171885,39.92552422306158,0.0006,3.262,3207.797,15
13,24,1.806556213274488,3.068916278524132,-4.026289415260683,39.08810253213001,4.001,1.272,3046.657,15
13,24,1.806556213274488,3.3149180525912536,-0.0023347603677905,33.396866972069326,0.0006,0.0,3939.579,15
13,24,1.806556213274488,3.316205921819078,0.0001623787011138,33.31141383296766,0.0006,-0.0,3950.735,15
13,24,1.806556213274488,3.3173954433124684,-0.004317176930353,33.24060935118546,0.0006,0.0,3961.875,15
13,24,1.806556213274488,3.318668501668606,-0.0021661929449344,33.1589013695034,0.0006,-0.0,3973.11,15
13,24,1.806556213274488,3.320099099665279,0.0017452854613292,33.08793578297171,0.0006,0.0,3984.25,15
13,24,1.806556213274488,3.320911186269102,-0.0037725592660098,33.0050989937765,0.0006,0.0,3995.485,15
13,24,1.806556213274488,3.3003159665467754,-0.0018556259139289,34.256021235233305,0.0006,-0.0,3827.625,15
13,24,1.806556213274488,3.3484310784578004,-0.0027384113561594,31.025677776049143,0.0006,0.0,4375.063,15
13,24,1.806556213274488,3.30353661098156,-0.0004375954340509,34.075273202951585,0.0006,-0.0,3850.0,15
13,24,1.806556213274488,3.3049503985844533,-0.0021714808227227,33.995074896616856,0.0006,-0.0,3861.204,15
13,24,1.806556213274488,3.306400960731833,-0.0013036154489836,33.90463381074196,0.0006,-0.0,3872.391,15
13,24,1.806556213274488,3.308046268442622,-0.0020179953064934,33.80838285973324,0.0006,-0.0,3883.61,15
13,24,1.806556213274488,3.3095666596570723,-0.0019375269139348,33.724048778993044,0.0006,0.0,3894.813,15
13,24,1.806556213274488,3.310957826118532,-0.0034983519720338,33.64058999723889,0.0006,0.0,3906.063,15
13,24,1.806556213274488,3.351979483348964,-0.0051890033859602,30.72557516863192,0.0006,0.0,4453.219,15
13,24,1.806556213274488,3.343372229319889,-0.0042026815042491,31.42234650703587,0.0006,0.0,4285.75,15
13,24,1.806556213274488,3.2891984617275845,-0.0033133197333401,34.84086807185075,0.0006,0.0,3760.532,15
13,24,1.806556213274488,3.291126055777843,-0.0015300584581529,34.745879448151015,0.0006,0.0,3771.672,15
13,24,1.806556213274488,3.293318469881795,-0.0039493394597477,34.63617726570163,0.0006,-0.0,3782.829,15
13,24,1.806556213274488,3.29509947091567,-0.0019745753138056,34.53206195321193,0.0006,0.0,3794.016,15
13,24,1.806556213274488,3.296773434944812,-0.000292782231744,34.43985080594262,0.0006,0.0,3805.188,15
13,24,1.806556213274488,3.2986052199056672,-0.0018990990199108,34.35632163623074,0.0006,0.0,3816.36,15
13,24,1.806556213274488,3.347849025620687,-0.0013312591865943,31.08541296187693,0.0006,0.0,4363.938,15
13,24,1.806556213274488,3.337853418058691,0.0006709483186645,31.841970780966843,0.0006,-0.0,4196.5,15
13,24,1.806556213274488,3.348697784452629,0.0019751687880137,30.97972905884186,0.0006,0.0,4386.204,15
13,24,1.806556213274488,3.3493828189099,-0.0014177451865458,30.937253858612177,0.0006,-0.0,4397.344,15
13,24,1.806556213274488,3.3500615698283545,-0.0014404836051324,30.888178542685328,0.0006,-0.0,4408.469,15
13,24,1.806556213274488,3.3504387837627765,-0.0005167781707834,30.866981074594367,0.0006,0.0,4419.641,15
13,24,1.806556213274488,3.3509900679869005,-0.0010085943783921,30.815844045267784,0.0006,0.0,4430.782,15
13,24,1.806556213274488,3.3514636819853543,-0.0024649955528179,30.77467702238545,0.0006,0.0,4441.922,15
13,24,1.806556213274488,3.240341593942257,-0.0029147269209339,36.98775636557657,0.0006,-0.0,3559.938,15
13,24,1.806556213274488,3.141261513327983,-0.0023317437936965,39.147993887348406,0.0006,0.0,3392.579,15
13,24,1.806556213274488,3.3440876083654443,-0.0033746539572977,31.362126019041835,0.0006,0.0,4296.86,15
13,24,1.806556213274488,3.344679019216319,-0.0016070193304942,31.329128153633057,0.0006,0.0,4308.032,15
13,24,1.806556213274488,3.345204035794502,0.0003665442970888,31.261904174781023,0.0006,0.0,4319.188,15
13,24,1.806556213274488,3.34627446484297,-6.561274934563434e-05,31.223529909242625,0.0006,0.0,4330.375,15
13,24,1.806556213274488,3.3467906100783864,-0.0044600054504938,31.169704209647755,0.0006,0.0,4341.625,15
13,24,1.806556213274488,3.3470262006975493,-0.0018502767624624,31.13434726401555,0.0006,0.0,4352.797,15
13,24,1.806556213274488,3.336916266760793,-0.0028755794110665,31.89751363249101,0.0006,0.0,4185.375,15
13,24,1.806556213274488,3.3619823838975336,-0.0024201365274471,29.8715929846354,0.0006,0.0,4732.313,15
13,24,1.806556213274488,3.338537335991414,-0.001851164522933,31.787867829552148,0.0006,0.0,4207.641,15
13,24,1.806556213274488,3.3395245310116684,0.0004338062616549,31.74040559969688,0.0006,0.0,4218.813,15
13,24,1.806556213274488,3.3399141494712588,-0.0035387537352957,31.678732692931995,0.0006,0.0,4229.938,15
13,24,1.806556213274488,3.34056047489183,0.0010022008642385,31.613241005735095,0.0006,-0.0,4241.188,15
13,24,1.806556213274488,3.3413291161455017,-0.0002886565946811,31.56295782333534,0.0006,0.0,4252.297,15
13,24,1.806556213274488,3.34202984835515,-0.0017486242731516,31.51449723263232,0.0006,0.0,4263.469,15
13,24,1.806556213274488,3.3640244520492653,-0.0015145587625979,29.66285260538947,0.0006,-0.0,4810.36,15
13,24,1.806556213274488,3.359210136854502,-0.0023139533813257,30.12035806850396,0.0006,0.0,4643.032,15
13,24,1.806556213274488,3.3321779266834564,-0.0010649585517389,32.280420467480056,0.0006,0.0,4118.375,15
13,24,1.806556213274488,3.333116245300557,-0.0002083705476666,32.221268898516335,0.0006,0.0,4129.547,15
13,24,1.806556213274488,3.333858475889179,-0.0022497037777899,32.145416974446746,0.0006,0.0,4140.797,15
13,24,1.806556213274488,3.334665650036359,-0.0018908599572406,32.080522137073736,0.0006,0.0,4151.954,15
13,24,1.806556213274488,3.3356464528027736,-0.0007112598730179,32.02276766903825,0.0006,0.0,4163.094,15
13,24,1.806556213274488,3.336237600756658,-0.0021622137887819,31.95981452501449,0.0006,-0.0,4174.219,15
13,24,1.806556213274488,3.361645478208539,0.0008229981214756,29.905392576763845,0.0006,0.0,4721.125,15
13,24,1.806556213274488,3.3560847948458874,-0.0016782005801954,30.38846385637431,0.0006,0.0,4553.719,15
13,24,1.806556213274488,3.36229229153048,-0.0018173938807917,29.83705704484552,0.0006,0.0,4743.469,15
13,24,1.806556213274488,3.362688870185345,-0.0055826998378467,29.80571336906305,0.0006,-0.0,4754.61,15
13,24,1.806556213274488,3.3628654851544124,-0.0015289977019394,29.76807727916765,0.0006,0.0,4765.75,15
13,24,1.806556213274488,3.363172909096084,-0.0041082842300221,29.74876207659189,0.0006,0.0,4776.891,15
13,24,1.806556213274488,3.3634618980881124,-0.0003103761381139,29.71608601176876,0.0006,-0.0,4788.047,15
13,24,1.806556213274488,3.363818330450636,-0.0019359599674336,29.696955713858912,0.0006,0.0,4799.219,15
13,24,1.806556213274488,3.3120599651216174,-0.0014075927363182,33.56346564923592,0.0006,0.0,3917.188,15
13,24,1.806556213274488,3.287448602465522,-0.0034728114391304,34.947090041512794,0.0006,0.0,3749.36,15
13,24,1.806556213274488,3.3595610681830537,-0.0022731222607954,30.08885827709751,0.0006,0.0,4654.204,15
13,24,1.806556213274488,3.359917596138452,-0.0004809137178015,30.04601172878144,0.0006,0.0,4665.407,15
13,24,1.806556213274488,3.3601550437470995,-0.0038849907772217,30.01136053857685,0.0006,0.0,4676.594,15
13,24,1.806556213274488,3.360533424314334,-0.0013308713653822,29.970223941923145,0.0006,0.0,4687.735,15
13,24,1.806556213274488,3.3608658096873314,-0.001281654942086,29.950170877465943,0.0006,-0.0,4698.844,15
13,24,1.806556213274488,3.3612016663882747,-0.0020487307046937,29.91845596266702,0.0006,0.0,4710.016,15
13,24,1.806556213274488,3.355541873133937,-0.001815123292369,30.40596176388087,0.0006,0.0,4542.594,15
13,24,1.806556213274488,3.3701977833144694,-0.0043176528323791,29.081947432160447,0.0006,-0.0,5089.0,15
13,24,1.806556213274488,3.3565592220346128,-0.0016141006319586,30.356111340708978,0.0006,-0.0,4564.829,15
13,24,1.806556213274488,3.356934801756965,-0.0021404672066304,30.322278415823607,0.0006,-0.0,4575.938,15
13,24,1.806556213274488,3.35717110265912,-0.0030958137463291,30.28339605014632,0.0006,0.0,4587.141,15
13,24,1.806556213274488,3.3576836142522235,-0.0012049019812635,30.253935039585688,0.0006,0.0,4598.344,15
13,24,1.806556213274488,3.357979381427219,-0.0011280597462144,30.210688106006995,0.0006,0.0,4609.516,15
13,24,1.806556213274488,3.3585191648668133,-0.002250816206664,30.17468009890613,0.0006,-0.0,4620.625,15
13,24,1.806556213274488,3.3714468987650275,-0.0016738970985267,28.947193273085773,0.0006,0.0,5167.219,15
13,24,1.806556213274488,3.368399941138504,-0.0049911951873091,29.2440919282614,0.0006,0.0,4999.844,15
13,24,1.806556213274488,3.35290643592911,-0.0018628735397483,30.653068399731776,0.0006,-0.0,4475.625,15
13,24,1.806556213274488,3.3534750228242323,-0.0028379455910362,30.612763478277103,0.0006,0.0,4486.813,15
13,24,1.806556213274488,3.353912976215306,-0.0034055255839079,30.57377941278361,0.0006,-0.0,4497.954,15
13,24,1.806556213274488,3.354187389636404,-0.0013523698962148,30.538781773069328,0.0006,-0.0,4509.157,15
13,24,1.806556213274488,3.354786961148894,-0.0008833986922699,30.50093004246716,0.0006,0.0,4520.266,15
13,24,1.806556213274488,3.3551797447344085,0.000362708235935,30.45323682643032,0.0006,0.0,4531.485,15
13,24,1.806556213274488,3.370057573385201,-0.0017486194709314,29.099885773576226,0.0006,0.0,5077.86,15
13,24,1.806556213274488,3.366513898114435,-0.0022715586034081,29.424061497898133,0.0006,0.0,4910.704,15
13,24,1.806556213274488,3.370458556102075,-0.0017738893644458,29.0525527213803,0.0006,-0.0,5100.204,15
13,24,1.806556213274488,3.3706529432922774,-0.0009036531188114,29.03403234880526,0.0006,0.0,5111.297,15
13,24,1.806556213274488,3.370969821454359,-0.0010545878998484,29.01835063783754,0.0006,0.0,5122.422,15
13,24,1.806556213274488,3.3710452366213195,-0.0021288430510398,29.011332538713404,0.0006,0.0,5133.61,15
13,24,1.806556213274488,3.371221797390015,-0.0039855848026211,29.00010494960833,0.0006,0.0,5144.86,15
13,24,1.806556213274488,3.37154549657258,-0.0029041362514965,28.983427519957495,0.0006,-0.0,5155.985,15
13,24,1.806556213274488,3.3426102088129053,-0.0017455062857259,31.459346066124333,0.0006,0.0,4274.641,15
13,24,1.806556213274488,3.331253241507144,-0.0013464795850327,32.335506885083355,0.0006,0.0,4107.188,15
13,24,1.806556213274488,3.368709703897862,-0.0007400692520938,29.21943435278837,0.0006,0.0,5010.985,15
13,24,1.806556213274488,3.3688129869206214,-0.0013926292905651,29.20374198783638,0.0006,-0.0,5022.172,15
13,24,1.806556213274488,3.369017568435513,-0.0013591123181587,29.17211026359248,0.0006,0.0,5033.375,15
13,24,1.806556213274488,3.369250670414321,-0.0006856678539778,29.158352160009997,0.0006,0.0,5044.563,15
13,24,1.806556213274488,3.369454935686022,-0.0044861645786596,29.128911767600115,0.0006,0.0,5055.672,15
13,24,1.806556213274488,3.3697466143417905,-0.0010625194040207,29.116043593079,0.0006,-0.0,5066.766,15
13,24,1.806556213274488,3.366182231083563,-0.0015218854611109,29.46271401736662,0.0006,0.0,4899.563,15
13,24,1.806556213274488,3.3760793216260376,-0.0050833293527802,28.53827009344272,0.0006,0.0,5446.016,15
13,24,1.806556213274488,3.366766422404584,-0.0029633148478213,29.4044740656512,0.0006,0.0,4921.813,15
13,24,1.806556213274488,3.3669083092600247,-0.0040371694041872,29.3764222223504,0.0006,-0.0,4933.016,15
13,24,1.806556213274488,3.367060160064685,-0.0028189477219063,29.35061529600906,0.0006,0.0,4944.188,15
13,24,1.806556213274488,3.36766488306712,0.0005790779474561,29.32912354281529,0.0006,0.0,4955.313,15
13,24,1.806556213274488,3.3676317902194057,-0.0023498767658721,29.32166717410449,0.0006,0.0,4966.454,15
13,24,1.806556213274488,3.3680160669113217,-0.0032195515793765,29.288833027659173,0.0006,0.0,4977.594,15
13,24,1.806556213274488,3.3770891285089184,-0.0024555202692706,28.43883955379475,0.0006,0.0,5523.954,15
13,24,1.806556213274488,3.374660860019311,-0.0008801297792841,28.65215861209758,0.0006,-0.0,5356.782,15
13,24,1.806556213274488,3.364667370065881,-0.0035433686080894,29.605595249587054,0.0006,0.0,4832.704,15
13,24,1.806556213274488,3.3649238172628664,-0.0008828679430545,29.572560089654825,0.0006,0.0,4843.829,15
13,24,1.806556213274488,3.3652151672499278,-0.0018648667359553,29.54974699088982,0.0006,-0.0,4854.938,15
13,24,1.806556213274488,3.365519090713076,-0.0011254863982783,29.522480472180245,0.0006,0.0,4866.11,15
13,24,1.806556213274488,3.3655891825252944,-0.0033512629579847,29.492739898735472,0.0006,0.0,4877.219,15
13,24,1.806556213274488,3.3659641200083006,-0.0030433682605532,29.47936213690701,0.0006,0.0,4888.407,15
13,24,1.806556213274488,3.3757438934233,-0.0029418616049719,28.55380774906397,0.0006,-0.0,5434.844,15
13,24,1.806556213274488,3.373179202149984,-0.0010566049585207,28.794031329384893,0.0006,0.0,5267.641,15
13,24,1.806556213274488,3.3762133790359585,-0.001650724303703,28.52984963636927,0.0008,0.0,5457.094,15
13,24,1.806556213274488,3.3761681016965848,-0.0023506350545555,28.51455804149809,0.0006,0.0,5468.204,15
13,24,1.806556213274488,3.376464826072427,-0.0001005056591636,28.492407989114923,0.0006,0.0,5479.36,15
13,24,1.806556213274488,3.3766568724808885,0.0006679093332738,28.485162474724252,0.0006,-0.0,5490.532,15
13,24,1.806556213274488,3.3767762039794333,-0.0022015619255146,28.47107200164491,0.0006,0.0,5501.672,15
13,24,1.806556213274488,3.377003089554747,-0.0017229889504475,28.46443971625825,0.0006,-0.0,5512.829,15
13,24,1.806556213274488,3.3588199341172293,-0.0002672479347301,30.153820860683624,0.0006,0.0,4631.797,15
13,24,1.806556213274488,3.352466293584572,-0.0006253377834537,30.697673846168712,0.0006,-0.0,4464.454,15
13,24,1.806556213274488,3.37484971329118,-0.0031524521669807,28.63970156187998,0.0006,0.0,5367.938,15
13,24,1.806556213274488,3.375091489942664,-0.0026604302796379,28.62164817796277,0.0006,-0.0,5379.063,15
13,24,1.806556213274488,3.375275825871249,-0.0048135701784376,28.61400338724369,0.0006,0.0,5390.219,15
13,24,1.806556213274488,3.375413839200959,-0.0011209242644182,28.597165028710656,0.0006,0.0,5401.407,15
13,24,1.806556213274488,3.375549902727295,-0.0040490646972608,28.589974289913386,0.0006,-0.0,5412.547,15
13,24,1.806556213274488,3.3756157668063,-0.0010639046646213,28.57395371478116,0.0006,0.0,5423.704,15
13,24,1.806556213274488,3.3730724920106527,-0.0023034363012642,28.817876428316318,0.0006,0.0,5256.532,15
13,24,1.806556213274488,3.3804835106510094,-0.000809956063992,28.17259994155141,0.0006,0.0,5802.657,15
13,24,1.806556213274488,3.3735512752006134,-0.002017661162544,28.77839661811445,0.0006,0.0,5278.797,15
13,24,1.806556213274488,3.373691057144312,0.0003570800861917,28.76567317619204,0.0006,0.0,5289.922,15
13,24,1.806556213274488,3.374009682686742,-0.0042720472940577,28.731012630054416,0.0006,0.0,5301.079,15
13,24,1.806556213274488,3.3740530565609657,-0.0004494573170008,28.7244060794128,0.0006,-0.0,5312.235,15
13,24,1.806556213274488,3.374282466320044,0.0008492733058569,28.69876247483649,0.0006,0.0,5323.344,15
13,24,1.806556213274488,3.3743572313701864,-0.0017927464480479,28.68859374803757,0.0006,0.0,5334.469,15
13,24,1.806556213274488,3.381587000753885,-0.0018900847338998,28.098763122400214,0.0006,0.0,5880.672,15
13,24,1.806556213274488,3.379463427548452,0.0007950862453822,28.262784843495385,0.0006,0.0,5713.407,15
13,24,1.806556213274488,3.3721093182735573,-0.0014450376958375,28.911294249538926,0.0006,0.0,5189.532,15
13,24,1.806556213274488,3.3722034972194765,-0.0027035473595608,28.89993474008677,0.0006,0.0,5200.672,15
13,24,1.806556213274488,3.372520642423666,-0.003162444791153,28.877412338234382,0.0006,-0.0,5211.813,15
13,24,1.806556213274488,3.372500615510852,-0.0002158311567135,28.860355845340557,0.0006,0.0,5222.985,15
13,24,1.806556213274488,3.372589143724854,-0.0025503650629449,28.84960239345044,0.0006,-0.0,5234.204,15
13,24,1.806556213274488,3.3729243320493194,-0.0026531867738629,28.82837539250989,0.0006,-0.0,5245.375,15
13,24,1.806556213274488,3.3804728998982227,-0.0006174191839752,28.17835844716003,0.0006,0.0,5791.391,15
13,24,1.806556213274488,3.378379844605805,-0.0022805393459687,28.34473068539279,0.0006,0.0,5624.266,15
13,24,1.806556213274488,3.3805162211886977,-0.0018278117061622,28.157411091997485,0.0006,0.0,5813.829,15
13,24,1.806556213274488,3.380785804873904,-0.0057347222127609,28.14327602526172,0.0006,0.0,5824.969,15
13,24,1.806556213274488,3.3810078642201664,0.001721769850532,28.13945809992649,0.0006,0.0,5836.11,15
13,24,1.806556213274488,3.3810675921263287,-0.0036384797476665,28.12802226236122,0.0008,0.0,5847.235,15
13,24,1.806556213274488,3.381188993025628,-0.0004671616522558,28.121084617890205,0.0006,-0.0,5858.36,15
13,24,1.806556213274488,3.381394948158083,-0.0011213398393015,28.10883355912725,0.0006,0.0,5869.516,15
13,24,1.806556213274488,3.368100357763597,-0.0025535816863779,29.274854392376067,0.0006,0.0,4988.75,15
13,24,1.806556213274488,3.364433710926946,-0.0008825205638828,29.64097609717663,0.0006,0.0,4821.594,15
13,24,1.806556213274488,3.3797410667651344,-0.0050492382869477,28.24695194463479,0.0006,0.0,5724.579,15
13,24,1.806556213274488,3.379764159627904,-0.0020831669336464,28.23063370239588,0.0006,0.0,5735.735,15
13,24,1.806556213274488,3.379858302779967,-0.0004924549300268,28.220589264661957,0.0006,-0.0,5746.844,15
13,24,1.806556213274488,3.3798425266650614,-0.0026271105459239,28.215142363498167,0.0006,0.0,5757.969,15
13,24,1.806556213274488,3.379992648681174,-0.0029197531712539,28.20458037234627,0.0006,0.0,5769.11,15
13,24,1.806556213274488,3.380437660832406,-0.0036517175004896,28.18970574324029,0.0006,0.0,5780.266,15
13,24,1.806556213274488,3.3780152019921217,-0.0018575090727752,28.360076424434634,0.0006,0.0,5613.063,15
13,24,1.806556213274488,3.3842367724773044,0.0002087935374517,27.921628655224158,0.0006,-0.0,6159.391,15
13,24,1.806556213274488,3.378454470446799,-0.0007893616649729,28.33200289252556,0.0006,-0.0,5635.375,15
13,24,1.806556213274488,3.3785360550035235,-0.00208713767927,28.32719464678101,0.0006,0.0,5646.532,15
13,24,1.806556213274488,3.3789143338166268,-0.0057627006119901,28.315880238722144,0.0006,-0.0,5657.672,15
13,24,1.806556213274488,3.378971796255548,-0.0016044768612334,28.296198105692145,0.0006,0.0,5668.86,15
13,24,1.806556213274488,3.379144812819083,0.0002523038421028,28.29001284831152,0.0006,-0.0,5679.954,15
13,24,1.806556213274488,3.379333343480268,-0.004594973500838,28.278864248833475,0.0006,0.0,5691.141,15
13,24,1.806556213274488,3.3849376900263466,-0.0010026560653311,27.86497262714773,0.0006,-0.0,6237.5,15
13,24,1.806556213274488,3.38335552079958,-0.0005469919969881,27.97550471215889,0.0006,0.0,6070.282,15
13,24,1.806556213274488,3.377227311335831,-0.0013827643149555,28.421010832302866,0.0006,0.0,5546.219,15
13,24,1.806556213274488,3.3775525231988075,-0.001884667181303,28.407147619090978,0.0006,0.0,5557.407,15
13,24,1.806556213274488,3.3777378446677977,-0.0005704122042405,28.40364114267781,0.0006,0.0,5568.563,15
13,24,1.806556213274488,3.3778100061641294,-0.0021374224002944,28.38163621577165,0.0006,0.0,5579.688,15
13,24,1.806556213274488,3.3780125497930547,-0.0017654392153659,28.37465998872658,0.0006,0.0,5590.813,15
13,24,1.806556213274488,3.3781081652445506,-0.003279590553921,28.35812824396609,0.0006,0.0,5601.969,15
13,24,1.806556213274488,3.383988765487273,-0.0027068483086103,27.913430153811863,0.0006,0.0,6148.266,15
13,24,1.806556213274488,3.3825115211347594,-0.0035830708660594,28.040866313325925,0.0006,-0.0,5981.016,15
13,24,1.806556213274488,3.384416259127472,-0.0027896160059608,27.910115989235685,0.0006,0.0,6170.563,15
13,24,1.806556213274488,3.3844553126231225,-0.0037656374030003,27.9041648186096,0.0006,0.0,6181.797,15
13,24,1.806556213274488,3.3845906298835606,-0.0019370350124762,27.90455249405645,0.0006,0.0,6192.907,15
13,24,1.806556213274488,3.384710987827355,0.0006126545866423,27.891427992156903,0.0006,-0.0,6204.079,15
13,24,1.806556213274488,3.38471669162104,-0.0017436616694012,27.88756164481615,0.0006,0.0,6215.204,15
13,24,1.806556213274488,3.385014465143477,-5.770807707500463e-05,27.868153652844583,0.0006,0.0,6226.329,15
13,24,1.806556213274488,3.37461458674486,-0.0047549298279466,28.674166192471,0.0006,0.0,5345.625,15
13,24,1.806556213274488,3.371799536903569,6.813094419972597e-05,28.92824267125548,0.0006,-0.0,5178.375,15
13,24,1.806556213274488,3.383600146322902,-0.0015142977050873,27.966445995175256,0.0006,0.0,6081.485,15
13,24,1.806556213274488,3.383660682033227,-0.0017604595510418,27.957583860506134,0.0006,-0.0,6092.61,15
13,24,1.806556213274488,3.3837756322547152,-0.0013118825835165,27.9453847715521,0.0006,0.0,6103.766,15
13,24,1.806556213274488,3.3838162700077152,-0.0006131390540143,27.93517203495231,0.0006,0.0,6114.891,15
13,24,1.806556213274488,3.3838900612646445,-0.0006662270579278,27.93192227143354,0.0006,0.0,6126.063,15
13,24,1.806556213274488,3.3841233351230526,-0.0040473289693827,27.928625507915783,0.0006,-0.0,6137.157,15
13,24,1.806556213274488,3.382182440421271,-0.0038448489340802,28.05799541786671,0.0006,0.0,5958.704,15
13,24,1.806556213274488,3.38235636068959,-0.0006665514819565,28.043679445777148,0.0006,0.0,5969.86,15
13,24,1.806556213274488,3.382582547377988,0.0013253386579931,28.029507766389997,0.0006,0.0,5992.141,15
13,24,1.806556213274488,3.382705929353773,-0.001028149257788,28.02204983343896,0.0006,0.0,6003.235,15
13,24,1.806556213274488,3.3828837909259954,-0.0002400181149423,28.012526532010774,0.0006,0.0,6014.407,15
13,24,1.806556213274488,3.383030251782227,-0.0024469642151419,28.00485303160117,0.0006,0.0,6025.532,15
13,24,1.806556213274488,3.3829764144814667,-0.001352454895477,27.999065453214325,0.0006,-0.0,6036.672,15
13,24,1.806556213274488,3.3832969191621385,-0.0045270972764835,27.99016315255293,0.0006,0.0,6047.891,15
13,24,1.806556213274488,3.385027337229463,-0.0059841563989452,27.858283888402173,0.0006,0.0,6248.657,15
13,24,1.806556213274488,3.3858982969110536,-0.0033739161814857,27.828424375796253,0.0006,-0.0,6337.891,15
13,24,1.806556213274488,3.3867302232941032,-0.0035630722804687,27.78061285780721,0.0006,0.0,6427.079,15
13,24,1.806556213274488,3.381723374011594,-0.0026308223121524,28.0905551019838,0.0008,0.0,5902.954,15
13,24,1.806556213274488,3.381831693615787,-0.0025961586268575,28.0902799542135,0.0006,-0.0,5914.094,15
13,24,1.806556213274488,3.3818783158237817,-0.0019944091765644,28.082360524447356,0.0006,0.0,5925.25,15
13,24,1.806556213274488,3.3819355485807696,-0.0025774451582183,28.07370695547332,0.0006,-0.0,5936.391,15
13,24,1.806556213274488,3.3823374624158085,-0.0025060405536687,28.06250955385754,0.0006,0.0,5947.563,15
13,24,1.806556213274488,3.3856190433979028,-0.0013795386705317,27.82306172427458,0.0006,0.0,6326.735,15
13,24,1.806556213274488,3.3861128724872085,-0.0009861492948181,27.822512751481067,0.0006,0.0,6349.016,15
13,24,1.806556213274488,3.3860988281158644,-0.0021297268546229,27.819597616620715,0.0006,0.0,6360.172,15
13,24,1.806556213274488,3.3863710261956816,-0.0056653678265429,27.80733681528013,0.0006,-0.0,6371.391,15
13,24,1.806556213274488,3.3861626392593926,-0.0022326557236027,27.8094218669441,0.0006,0.0,6382.579,15
13,24,1.806556213274488,3.386356052430341,-0.0016095136069333,27.79974539224528,0.0006,0.0,6393.688,15
13,24,1.806556213274488,3.386417389182556,-0.0021100713145049,27.79032710568517,0.0006,0.0,6404.797,15
13,24,1.806556213274488,3.386558627582519,-0.0020076181474129,27.79236239718319,0.0006,0.0,6415.922,15
13,24,1.806556213274488,3.379425220396356,-0.0021928720192433,28.26668237739005,0.0006,0.0,5702.266,15
13,24,1.806556213274488,3.377131989060922,-0.0034468638018436,28.43449516455121,0.0006,-0.0,5535.094,15
13,24,1.806556213274488,3.3851370502291336,-0.0010650293348544,27.85600094423081,0.0006,0.0,6259.782,15
13,24,1.806556213274488,3.3852605778900067,-0.0011768447612397,27.84559320666476,0.0006,-0.0,6270.922,15
13,24,1.806556213274488,3.385366521706857,-0.0047279206190964,27.847447287938525,0.0006,0.0,6282.063,15
13,24,1.806556213274488,3.385545303355219,-0.0043234214030882,27.834799412606912,0.0006,0.0,6293.188,15
13,24,1.806556213274488,3.385478156809969,-0.0021443418683007,27.83203580147449,0.0006,0.0,6304.391,15
13,24,1.806556213274488,3.3856854433258854,-0.0021338781840866,27.83339694018592,0.0006,0.0,6315.61,15
13,24,1.806556213274488,3.6206712276697535,-4.024354662910832,29.39303019942507,4.0,1.78,213.579,15
13,24,1.806556213274488,4.035309911196532,-0.0010926732225037,30.142509083214392,0.0006,4.035,288.516,15
13,24,1.806556213274488,3.652921396257712,-4.025404414865832,28.470440645731568,4.0,1.801,127.735,15
13,24,1.806556213274488,4.064969527289708,2.492333088835745e-05,29.33772624686695,0.0006,4.066,202.813,15
13,24,1.806556213274488,3.7111597580724704,-4.025456426434335,27.34955816035116,4.0,1.856,41.719,15
13,24,1.806556213274488,4.057015547047777,0.0006065397699911,29.54042323156372,0.0006,4.057,224.266,15
13,24,1.806556213274488,3.614334750136845,-4.024736378084147,29.59118816000354,4.0,1.776,234.969,15
13,24,1.806556213274488,4.049239502236961,-0.0032417278852641,29.731852825656556,0.0006,4.05,245.641,15
13,24,1.806556213274488,3.607877333820552,-4.02566094517654,29.80484961863985,4.0,1.768,256.36,15
13,24,1.806556213274488,4.042228523127361,-0.0019464977065413,29.929778570560195,0.0006,4.042,267.079,15
13,24,1.806556213274488,3.6020216829748586,-4.02414077989792,30.016228670848783,4.0,1.763,277.782,15
13,24,1.806556213274488,4.090848543363677,-0.0007488753968805,28.63916269549806,0.0006,4.092,138.469,15
13,24,1.806556213274488,3.6437291464581634,-4.024590660260137,28.69415925385561,4.001,1.794,149.172,15
13,24,1.806556213274488,4.081717796764428,-0.000103682601099,28.87237262230171,0.0006,4.083,159.844,15
13,24,1.806556213274488,3.6352736035381623,-4.025342211098163,28.934731771144317,4.001,1.79,170.563,15
13,24,1.806556213274488,4.073054769277192,0.0004542069628825,29.11328470262782,0.0006,4.073,181.266,15
13,24,1.806556213274488,3.6276428970256807,-4.025381004574644,29.177553532536376,4.0,1.784,192.032,15
14,24,1.7938155707698509,3.375462419969508,0.0001071054389699,27.77508205548592,0.0006,0.0,6215.437,14
14,24,1.7938155707698509,3.3756486793942098,-0.0013584170838054,27.75828724614145,0.0006,-0.0,6237.797,14
14,24,1.7938155707698509,3.3758047913967872,-0.0023369140335706,27.758321023706337,0.0006,0.0,6249.062,14
14,24,1.7938155707698509,3.375940858676232,-0.0023641915995577,27.76794352588836,0.0006,0.0,6260.25,14
14,24,1.7938155707698509,3.375914951420527,-0.0010209514096227,27.746055185214285,0.0006,0.0,6271.484,14
14,24,1.7938155707698509,3.3761535451114133,-0.0029990454480954,27.738518833801876,0.0006,0.0,6282.703,14
14,24,1.7938155707698509,3.376273807963193,0.0003701904881865,27.74165453688383,0.0006,0.0,6293.89,14
14,24,1.7938155707698509,3.3747923940876388,-0.0003143911887872,27.817395165467413,0.0006,0.0,6148.031,14
14,24,1.7938155707698509,3.3714399688115257,-0.0010066065250129,28.056435835637316,0.0006,0.0,5822.859,14
14,24,1.7938155707698509,3.371396406823374,-0.0018236410384168,28.04382052638088,0.0006,0.0,5834.062,14
14,24,1.7938155707698509,3.371634458341408,-0.0025084939509503,28.0422499014304,0.0006,0.0,5845.297,14
14,24,1.7938155707698509,3.376698887113439,-0.0044646701539029,27.688509325329,0.0006,0.0,6394.765,14
14,24,1.7938155707698509,3.3756174984963367,-0.0009307804445447,27.7700402009972,0.0006,0.0,6226.64,14
14,24,1.7938155707698509,3.377065267321948,-0.0013568369584032,27.682701176575485,0.0006,0.0,6417.156,14
14,24,1.7938155707698509,3.376264955082301,-0.0023164231211844,27.74142452554974,0.0006,0.0,6305.078,14
14,24,1.7938155707698509,3.374810533070145,-0.0027274571396488,27.834886874618302,0.0006,0.0,6136.812,14
14,24,1.7938155707698509,3.372258871121813,-0.0023987583491322,27.99239880847448,0.0006,0.0,5901.406,14
14,24,1.7938155707698509,3.372507773424662,-0.0044871465866316,27.983841669234064,0.0006,0.0,5912.562,14
14,24,1.7938155707698509,3.3724637056158877,-0.0001206026319836,27.981269208487934,0.0006,0.0,5923.765,14
14,24,1.7938155707698509,3.3725239371860734,-0.0018593431007743,27.96510395772383,0.0006,0.0,5934.969,14
14,24,1.7938155707698509,3.3765810151059035,-0.0069020552457338,27.725098350039325,0.0006,-0.0,6316.265,14
14,24,1.7938155707698509,3.370858975743117,-0.0035406434441346,28.074728703071504,0.0006,-0.0,5789.297,14
14,24,1.7938155707698509,3.3710367608215863,-0.0026491808482302,28.07560367457868,0.0006,0.0,5800.531,14
14,24,1.7938155707698509,3.3712130158307594,-0.0010204855972754,28.06855304858954,0.0006,-0.0,5811.703,14
14,24,1.7938155707698509,3.3744366347488515,0.0001662429882973,27.855988887275124,0.0006,-0.0,6103.234,14
14,24,1.7938155707698509,3.374402477072825,-0.0012161132753896,27.83939601397104,0.0008,-0.0,6114.422,14
14,24,1.7938155707698509,3.3727389078036096,-0.0005767155752831,27.9554433765554,0.0006,-0.0,5946.203,14
14,24,1.7938155707698509,3.3708087521769063,-0.0021145694147651,28.08674096363507,0.0006,0.0,5778.125,14
14,24,1.7938155707698509,3.371499816859292,-0.0006655814981734,28.024595970683507,0.0006,0.0,5856.469,14
14,24,1.7938155707698509,3.377187700912546,-0.0034830530281057,27.681821944343977,0.0006,0.0,6405.969,14
14,24,1.7938155707698509,3.371891143862269,-0.0015294633378886,28.014398540422206,0.0006,0.0,5879.015,14
14,24,1.7938155707698509,3.3720397927595345,-0.0006504027297007,27.994398692550146,0.0006,0.0,5890.187,14
14,24,1.7938155707698509,3.547107407515207,-4.023486488281882,31.801493815220123,4.0,1.718,495.812,14
14,24,1.7938155707698509,4.019378801721118,-0.0016558219793249,30.52561960197792,0.0006,4.019,333.703,14
14,24,1.7938155707698509,3.568052417335816,-4.025701349615923,31.1230422417236,4.0,1.736,409.297,14
14,24,1.7938155707698509,4.046854100730494,-3.828955032916838e-05,29.761319817035577,0.0006,4.046,247.234,14
14,24,1.7938155707698509,3.5627420210967427,-4.025005288633781,31.277467974781946,4.0,1.73,430.906,14
14,24,1.7938155707698509,3.9879662807284513,-0.0041234663343223,31.41245160687144,0.0006,3.988,441.687,14
14,24,1.7938155707698509,3.5574800961903525,-4.027033927594326,31.446681882280323,4.0,1.725,452.453,14
14,24,1.7938155707698509,3.9819609116350794,-0.0005553055643684,31.594234377430524,0.0006,3.981,463.265,14
14,24,1.7938155707698509,4.088584368687512,-0.0014300130306836,28.65046210930642,0.0006,4.091,139.219,14
14,24,1.7938155707698509,3.4999298219162944,-4.022277594257204,32.89387328048813,4.0,1.676,689.953,14
14,24,1.7938155707698509,3.915339108033143,-0.0015326071127087,32.92875270800952,0.0006,3.915,700.812,14
14,24,1.7938155707698509,3.4954106626998,-4.0269438822746775,32.97129911377016,4.0,1.67,711.609,14
14,24,1.7938155707698509,3.910523796387442,-0.0029814004240635,32.9932302936709,0.0006,3.91,722.453,14
14,24,1.7938155707698509,3.4907981344777674,-4.0266761376865725,33.03978122109623,4.0,1.665,733.203,14
14,24,1.7938155707698509,3.905036841110705,-0.0027943936693625,33.07087997385393,0.0006,3.906,743.937,14
14,24,1.7938155707698509,3.9947659173374297,-0.0029916948824349,31.242553031138065,0.0006,3.994,420.078,14
14,24,1.7938155707698509,4.121356021016429,0.0017197950638693,27.85670908316594,0.0006,4.126,74.422,14
14,24,1.7938155707698509,3.641805541128569,-4.024984676900541,28.70590880399336,4.0,1.795,150.062,14
14,24,1.7938155707698509,3.689434609135687,-4.025841614957466,27.65856377235337,4.0,1.836,63.672,14
14,24,1.7938155707698509,3.674176809810838,-4.025693297163466,27.95954087932989,4.0,1.82,85.203,14
14,24,1.7938155707698509,4.10920058629628,-0.0010135966013931,28.143750833934885,0.0006,4.112,96.047,14
14,24,1.7938155707698509,3.661512122241588,-4.025723318619956,28.233756570675087,4.0,1.81,106.844,14
14,24,1.7938155707698509,4.098141479854036,-0.0012839175964401,28.402128875245214,0.0006,4.101,117.64,14
14,24,1.7938155707698509,3.650987068552424,-4.024453595293302,28.48682248330388,4.0,1.802,128.422,14
14,24,1.7938155707698509,3.374877470275572,-0.0015600273537192,27.81826938880541,0.0006,-0.0,6159.234,14
14,24,1.7938155707698509,3.70915691609522,-4.026295297944047,27.336693114727797,4.0,1.854,42.047,14
14,24,1.7938155707698509,4.15562910128263,-0.0010016476093781,27.199038038139754,0.0006,4.163,31.203000000000003,14
14,24,1.7938155707698509,3.736057884690716,-4.024089227805717,26.95642447084412,4.0,1.857,20.406,14
14,24,1.7938155707698509,3.5780995871177628,-4.025891521413828,30.760385137811927,4.0,1.744,366.109,14
14,24,1.7938155707698509,4.007058962395725,-0.0004272079004556,30.88740313165349,0.0006,4.005,376.89,14
14,24,1.7938155707698509,3.573094612742133,-4.02583943121908,30.921813855177174,4.0,1.738,387.765,14
14,24,1.7938155707698509,4.000893270954066,-0.0015718258973336,31.086079781426,0.0006,3.999,398.531,14
14,24,1.7938155707698509,3.53042022846598,-4.02382176922553,32.22978138502798,4.0,1.703,560.625,14
14,24,1.7938155707698509,3.9492130799383824,-0.002563769219021,32.34166808719087,0.0006,3.949,571.437,14
14,24,1.7938155707698509,3.4163259668888686,-4.027185651813573,33.95399501017902,4.0,1.599,1100.359,14
14,24,1.7938155707698509,3.861927540432194,0.0011606169877043,33.52524142347161,0.0006,3.863,938.265,14
14,24,1.7938155707698509,3.41201101975332,-4.022641218610595,34.00169545148447,4.0,1.593,1121.984,14
14,24,1.7938155707698509,3.8216828512517806,-0.0026838291780263,34.11183408586337,0.0006,3.822,1132.781,14
14,24,1.7938155707698509,3.4082367625061387,-4.022562037099755,34.11328536337514,4.0,1.589,1143.547,14
14,24,1.7938155707698509,3.817768925305371,-0.0009261908403314,34.18800417219392,0.0006,3.818,1154.312,14
14,24,1.7938155707698509,3.5096003934239683,-4.024169750453176,32.717928726002235,4.0,1.685,646.875,14
14,24,1.7938155707698509,3.925366599309216,-0.0010900396847231,32.81414524166222,0.0006,3.926,657.609,14
14,24,1.7938155707698509,3.3999609463929628,-4.02709587199807,34.212707366993506,4.0,1.581,1186.812,14
14,24,1.7938155707698509,3.8440435783843694,-0.0003586865082115,33.772316288874585,0.0006,3.844,1024.625,14
14,24,1.7938155707698509,3.5412751598974963,-4.025365491867466,31.939874371493566,4.0,1.714,517.437,14
14,24,1.7938155707698509,3.962158892062372,-0.0016462358996719,32.05380399639169,0.0006,3.962,528.265,14
14,24,1.7938155707698509,3.536055517884983,-4.022000849461035,32.07987534199136,4.0,1.708,539.031,14
14,24,1.7938155707698509,3.955663867761117,0.00011480375718,32.20225995092364,0.0006,3.955,549.812,14
14,24,1.7938155707698509,3.358882477300475,-4.025367360293859,34.963672659604626,4.0,1.541,1424.125,14
14,24,1.7938155707698509,3.7660397879992575,-0.0007772607365927,35.043547845491965,0.0006,3.767,1434.906,14
14,24,1.7938155707698509,3.5250745217020265,-4.025120942538746,32.35725742836735,4.0,1.7,582.219,14
14,24,1.7938155707698509,3.8262881696920714,-0.0031773076611307,34.05744864687501,0.0006,3.828,1111.14,14
14,24,1.7938155707698509,3.5200224344345297,-4.024866759383866,32.47708231096773,4.0,1.694,603.734,14
14,24,1.7938155707698509,3.9372388761070063,-0.0017323345304701,32.59415366218086,0.0006,3.937,614.484,14
14,24,1.7938155707698509,3.5148286655841257,-4.025821785650333,32.606420787567885,4.0,1.69,625.297,14
14,24,1.7938155707698509,3.930963329717646,-0.0029913158663277,32.70066927363874,0.0006,3.932,636.062,14
14,24,1.7938155707698509,3.4721490939122472,-4.027666909726691,33.24021038183731,4.0,1.649,819.437,14
14,24,1.7938155707698509,3.8855431973457706,0.0008418116848589,33.2668256429804,0.0006,3.886,830.25,14
14,24,1.7938155707698509,3.5043728115855863,-4.027147181227784,32.82027200369523,4.0,1.68,668.437,14
14,24,1.7938155707698509,3.968966286807021,-0.0019549782649423,31.901251244041894,0.0008,3.968,506.609,14
14,24,1.7938155707698509,3.3660215284032717,-4.023476144695363,34.847032029320644,4.0,1.548,1380.953,14
14,24,1.7938155707698509,3.773438702569404,-0.0017308964826736,34.914199869070124,0.0006,3.774,1391.719,14
14,24,1.7938155707698509,3.362583668742683,-4.023250760849846,34.92607598529469,4.0,1.545,1402.484,14
14,24,1.7938155707698509,3.769961498274864,0.0001376553518359,34.98641907470759,0.0006,3.772,1413.297,14
14,24,1.7938155707698509,3.45405007817587,-4.024356782580403,33.3940115493269,4.0,1.634,905.781,14
14,24,1.7938155707698509,3.866724245467549,-0.0047339717910863,33.47221374206129,0.0006,3.868,916.625,14
14,24,1.7938155707698509,3.355438457064183,-4.024122457950031,35.025099328331905,4.0,1.539,1445.687,14
14,24,1.7938155707698509,3.7931051699600657,-0.0007904432232194,34.587822498443465,0.0006,3.794,1283.859,14
14,24,1.7938155707698509,3.351712672988985,-4.025535546313932,35.08933877637984,4.0,1.535,1467.297,14
14,24,1.7938155707698509,3.758954029112252,-0.0003604930878585,35.1686074494194,0.0006,3.76,1478.156,14
14,24,1.7938155707698509,3.3484299399108397,-4.0246595453993645,35.15296826159128,4.0,1.532,1488.953,14
14,24,1.7938155707698509,3.755475376722118,-0.0005031964274113,35.22798540517639,0.0006,3.756,1499.734,14
14,24,1.7938155707698509,3.4370246885767157,-4.025493390190169,33.60982584563005,4.0,1.618,992.14,14
14,24,1.7938155707698509,3.848341089686466,-0.0018141279899378,33.70475439458788,0.0006,3.848,1002.984,14
14,24,1.7938155707698509,3.3415725693495504,-4.025580795321475,35.25550223810349,4.001,1.525,1532.078,14
14,24,1.7938155707698509,3.777265454741927,-0.0014929376604059,34.85676109221348,0.0006,3.778,1370.172,14
14,24,1.7938155707698509,3.462985582243767,-4.02604020152435,33.334391772024766,4.0,1.641,862.515,14
14,24,1.7938155707698509,3.876116336153916,-0.0043167243214292,33.37419524693508,0.0006,3.876,873.297,14
14,24,1.7938155707698509,3.4590883671967423,-4.025374561728694,33.382919080456745,4.0,1.638,884.062,14
14,24,1.7938155707698509,3.8713728766683926,-0.0019064736054262,33.425454466256355,0.0006,3.872,894.875,14
14,24,1.7938155707698509,3.30732447729632,-4.025759885857109,35.81601894699235,4.0,1.491,1769.5,14
14,24,1.7938155707698509,3.7138792106763634,-0.002622947586495,35.89208487665878,0.0006,3.716,1780.344,14
14,24,1.7938155707698509,3.4497418028380005,-4.0272234566377465,33.418307187791505,4.0,1.63,927.469,14
14,24,1.7938155707698509,3.7625684631381793,-0.0016673583879778,35.107722062304,0.0006,3.764,1456.5,14
14,24,1.7938155707698509,3.4456657277142706,-4.022232203815697,33.51033866526135,4.0,1.625,949.031,14
14,24,1.7938155707698509,3.857612853775208,-0.0021893679126112,33.58446935303666,0.0006,3.858,959.812,14
14,24,1.7938155707698509,3.441539875725324,-4.026800119170438,33.559849665137584,4.0,1.621,970.578,14
14,24,1.7938155707698509,3.852762542513737,-0.0009784902548013,33.63097154238595,0.0006,3.854,981.359,14
14,24,1.7938155707698509,3.403806778972709,-4.025813348690507,34.166023632975886,4.001,1.585,1165.14,14
14,24,1.7938155707698509,3.813619976615666,0.0011972958601516,34.23393711807939,0.0006,3.814,1175.969,14
14,24,1.7938155707698509,3.4326801175405155,-4.026228468755206,33.69019204628493,4.0,1.613,1013.812,14
14,24,1.7938155707698509,3.881008860080669,0.0003993402191035,33.30127710482507,0.0006,3.882,851.75,14
14,24,1.7938155707698509,3.3130741772518184,-4.026893399323371,35.71815851525344,4.0,1.496,1726.359,14
14,24,1.7938155707698509,3.719447694733426,0.0003620979714799,35.758973189139226,0.0006,3.72,1737.094,14
14,24,1.7938155707698509,3.3099852219393475,-4.025791593318928,35.77216685022002,4.0,1.492,1747.906,14
14,24,1.7938155707698509,3.716665373486192,0.0002850121836244,35.83289099579664,0.0006,3.718,1758.75,14
14,24,1.7938155707698509,3.3885207160706474,-4.024324264496777,34.462669539369486,4.0,1.57,1251.406,14
14,24,1.7938155707698509,3.7971887009098713,-0.0036417045023183,34.52010520260236,0.0006,3.798,1262.203,14
14,24,1.7938155707698509,3.304334998035529,-4.028175301200288,35.87992314192776,4.0,1.488,1791.219,14
14,24,1.7938155707698509,3.735000176907377,2.011165861523286e-05,35.547490877137584,0.0006,3.736,1629.203,14
14,24,1.7938155707698509,3.301526201358,-4.026418871982192,35.902396186700095,4.0,1.485,1812.89,14
14,24,1.7938155707698509,3.708185623016892,-0.0011556414306498,35.9783657250709,0.0006,3.71,1823.719,14
14,24,1.7938155707698509,3.2989878947364537,-4.027224807990696,35.95660407808171,4.0,1.483,1834.484,14
14,24,1.7938155707698509,3.705875930229632,-0.0028281259897656,36.038610036107904,0.0008,3.706,1845.265,14
14,24,1.7938155707698509,3.373353158800517,-4.023985237316123,34.73718631536735,4.0,1.555,1337.875,14
14,24,1.7938155707698509,3.7809853867048577,-0.0035322897046881,34.79515154637833,0.0006,3.782,1348.609,14
14,24,1.7938155707698509,3.2933455715599864,-4.024992973080372,36.04607437053387,4.0,1.476,1877.719,14
14,24,1.7938155707698509,3.722677696644152,-0.0004427562989795,35.71500073984298,0.0008,3.724,1715.578,14
14,24,1.7938155707698509,3.3961489496231785,-4.024010285140918,34.29872947256013,4.0,1.577,1208.39,14
14,24,1.7938155707698509,3.8050239564080464,-0.001456577619745,34.407168863838706,0.0006,3.806,1219.172,14
14,24,1.7938155707698509,3.3924149295503665,-4.025665252445407,34.41221177901818,4.0,1.575,1229.937,14
14,24,1.7938155707698509,3.8008821428201296,0.0002500457752255,34.47499283136159,0.0008,3.802,1240.672,14
14,24,1.7938155707698509,3.267164401586641,-4.02505602015793,36.54137649760551,4.0,1.451,2115.39,14
14,24,1.7938155707698509,3.675991616029535,-0.0007804188030085,36.61622728002598,0.0008,3.677,2126.234,14
14,24,1.7938155707698509,3.384717775894829,-4.024289597271504,34.513477308397974,4.0,1.567,1273.015,14
14,24,1.7938155707698509,3.7110071054311535,-0.0018843366370794,35.957650605109734,0.0006,3.712,1802.062,14
14,24,1.7938155707698509,3.3808758050499184,-4.025516104834075,34.5898182926556,4.0,1.563,1294.656,14
14,24,1.7938155707698509,3.788898105012543,-0.0006646132053231,34.684725719857305,0.0006,3.79,1305.406,14
14,24,1.7938155707698509,3.377296546714954,-4.027234726956793,34.6573673036807,4.0,1.559,1316.187,14
14,24,1.7938155707698509,3.7852650981285607,-0.0017751312754441,34.73794402667851,0.0006,3.786,1327.031,14
14,24,1.7938155707698509,3.345368924078629,-4.026398211202,35.19698977705813,4.0,1.528,1510.484,14
14,24,1.7938155707698509,3.751781471599013,-0.0041207126085238,35.28433235686239,0.0006,3.753,1521.234,14
14,24,1.7938155707698509,3.3696501470168303,-4.02567030403505,34.78377326606736,4.0,1.553,1359.422,14
14,24,1.7938155707698509,3.809366304089332,-0.0037538816443414,34.298576303686794,0.0006,3.81,1197.594,14
14,24,1.7938155707698509,3.271560893385552,-4.026634718467292,36.47306017260448,4.0,1.455,2072.14,14
14,24,1.7938155707698509,3.679738551697718,-0.0015531729573816,36.53390323406901,0.0008,3.68,2082.922,14
14,24,1.7938155707698509,3.269533208002661,-4.025138038300867,36.491934080119485,4.001,1.453,2093.734,14
14,24,1.7938155707698509,3.677835315552595,0.0009188690816425,36.59653216201543,0.0006,3.679,2104.594,14
14,24,1.7938155707698509,3.331770601856333,-4.026894437305159,35.43383950395811,4.0,1.514,1596.812,14
14,24,1.7938155707698509,3.7382385867342087,0.0003692986495829,35.485255449164434,0.0006,3.739,1607.578,14
14,24,1.7938155707698509,3.2651603721907425,-4.023712607395259,36.58038215735235,4.0,1.45,2137.015,14
14,24,1.7938155707698509,3.690568008638455,-0.0024804458030972,36.30134693724569,0.0006,3.692,1974.953,14
14,24,1.7938155707698509,3.263099593234071,-4.025409040552099,36.63610884544938,4.0,1.447,2158.484,14
14,24,1.7938155707698509,3.67216741324818,-0.0001099037353265,36.68410334480745,0.0006,3.673,2169.25,14
14,24,1.7938155707698509,3.2608275481143347,-4.027821632147529,36.69481014870998,4.0,1.446,2180.078,14
14,24,1.7938155707698509,3.6705013676314464,-0.0024004211354426,36.72320083646236,0.0006,3.672,2190.89,14
14,24,1.7938155707698509,3.318977718572716,-4.023622422695352,35.61418762306006,4.0,1.502,1683.265,14
14,24,1.7938155707698509,3.725551281626309,0.0019196138022355,35.681626455812456,0.0006,3.728,1694.078,14
14,24,1.7938155707698509,3.2567257789066537,-4.024847602709156,36.78385187237642,4.0,1.443,2223.187,14
14,24,1.7938155707698509,3.6818376579504895,0.0011413918447568,36.48960559974832,0.0006,3.684,2061.328,14
14,24,1.7938155707698509,3.338154060433668,-4.02508542400734,35.319964129411126,4.0,1.521,1553.687,14
14,24,1.7938155707698509,3.744911420653862,-0.0026429833636215,35.384117133223384,0.0006,3.745,1564.531,14
14,24,1.7938155707698509,3.3349171005593274,-4.024193102501613,35.35814300764363,4.0,1.517,1575.312,14
14,24,1.7938155707698509,3.741679114452993,-0.0034658222118802,35.43493252422883,0.0006,3.742,1586.062,14
14,24,1.7938155707698509,3.23140579530138,-4.024152546632783,37.306448277716974,4.0,1.419,2460.75,14
14,24,1.7938155707698509,3.646441931598964,-0.0045425057180786,37.41013008258594,0.0006,3.647,2471.578,14
14,24,1.7938155707698509,3.3283796013648588,-4.026977202284201,35.44526030380241,4.0,1.51,1618.375,14
14,24,1.7938155707698509,3.673885414651621,0.0005761736461365,36.65072468756523,0.0006,3.676,2147.719,14
14,24,1.7938155707698509,3.324863655879141,-4.024970123185692,35.52653538797652,4.0,1.507,1640.109,14
14,24,1.7938155707698509,3.731707922917671,-0.0009798628172038,35.58962354831171,0.0008,3.733,1650.89,14
14,24,1.7938155707698509,3.322121610632047,-4.027117219142287,35.58587205286236,4.0,1.505,1661.687,14
14,24,1.7938155707698509,3.7288592110732233,-0.0045479129927025,35.62516299909563,0.0006,3.73,1672.515,14
14,24,1.7938155707698509,3.2959229034481234,-4.025393698907137,36.02359962430117,4.0,1.479,1856.078,14
14,24,1.7938155707698509,3.70307052758608,0.0002003620932381,36.0615929165813,0.0006,3.704,1866.89,14
14,24,1.7938155707698509,3.3161306891180757,-4.024150581072078,35.6855875398457,4.0,1.498,1704.812,14
14,24,1.7938155707698509,3.7484394579662794,0.0004553805133841,35.33797739946672,0.0006,3.75,1542.859,14
14,24,1.7938155707698509,3.2365675139314387,-4.02586131037431,37.230572815667394,4.0,1.423,2417.656,14
14,24,1.7938155707698509,3.6503025366425375,0.0006921621104496,37.27776440665632,0.0006,3.65,2428.422,14
14,24,1.7938155707698509,3.2337332024739456,-4.028657993786607,37.25919315340319,4.0,1.421,2439.219,14
14,24,1.7938155707698509,3.648200082334653,-0.0014005203510804,37.33718586518475,0.0006,3.648,2449.984,14
14,24,1.7938155707698509,3.28565403586098,-4.025696773301241,36.21186433920168,4.0,1.469,1942.547,14
14,24,1.7938155707698509,3.692501205117476,-0.0005604957323757,36.26931280556018,0.0008,3.694,1953.39,14
14,24,1.7938155707698509,3.2287948075149018,-4.023718523495422,37.3816020403186,4.0,1.416,2482.422,14
14,24,1.7938155707698509,3.659647543073967,-0.0014034277688986,37.01280726644397,0.0006,3.66,2320.281,14
14,24,1.7938155707698509,3.225792159439244,-4.024854927428614,37.44518364521842,4.001,1.415,2503.953,14
14,24,1.7938155707698509,3.6419078374801455,-0.0001943761536155,37.497601153966514,0.0006,3.641,2514.781,14
14,24,1.7938155707698509,3.2231431564481614,-4.025618358857196,37.47700509308493,4.001,1.412,2525.594,14
14,24,1.7938155707698509,3.639425376032434,-0.0001587071892091,37.579247619624994,0.0008,3.639,2536.406,14
14,24,1.7938155707698509,3.2762990052239207,-4.027380551718723,36.37314807587811,4.0,1.459,2029.0,14
14,24,1.7938155707698509,3.683957370058261,0.0004054035514559,36.43067973539914,0.0006,3.685,2039.75,14
14,24,1.7938155707698509,3.2175346048980087,-4.02522634614868,37.60983083816972,4.0,1.406,2568.765,14
14,24,1.7938155707698509,3.6523887403010047,-0.0009787370120314,37.26772141868364,0.0006,3.653,2406.89,14
14,24,1.7938155707698509,3.2904384449236,-4.025748767931343,36.1041342028153,4.0,1.473,1899.406,14
14,24,1.7938155707698509,3.697460721608188,0.0005738470486738,36.18576597650336,0.0006,3.699,1910.219,14
14,24,1.7938155707698509,3.288158579886018,-4.0212163499660765,36.14535344031293,4.0,1.472,1921.0,14
14,24,1.7938155707698509,3.6951197479618343,-0.0014472102258436,36.21765761114002,0.0006,3.697,1931.75,14
14,24,1.7938155707698509,3.174881807011721,-4.025034882878984,38.254656614553454,4.0,1.367,2806.437,14
14,24,1.7938155707698509,3.599744619134924,-0.0020759109054055,38.35958947974614,0.0006,3.596,2817.156,14
14,24,1.7938155707698509,3.2834062317806976,-4.024025306959745,36.23173150776076,4.0,1.466,1964.203,14
14,24,1.7938155707698509,3.6442546944279,-0.0059528031410828,37.41969310386029,0.0006,3.643,2493.172,14
14,24,1.7938155707698509,3.280823292772979,-4.024639725961657,36.28561310958087,4.0,1.465,1985.781,14
14,24,1.7938155707698509,3.688372395514787,-0.0020220913033885,36.34053442383279,0.0006,3.69,1996.562,14
14,24,1.7938155707698509,3.27848475022743,-4.024396079268938,36.33919257056375,4.0,1.462,2007.406,14
14,24,1.7938155707698509,3.685960617137487,-0.0024320383371331,36.37535849138027,0.0008,3.688,2018.234,14
14,24,1.7938155707698509,3.258845200768358,-4.025815141522231,36.723050034472585,4.0,1.444,2201.672,14
14,24,1.7938155707698509,3.668496978626651,-0.0004136320272075,36.79978208183,0.0006,3.669,2212.422,14
14,24,1.7938155707698509,3.2738735033744306,-4.022878369806001,36.42281257051044,4.0,1.458,2050.562,14
14,24,1.7938155707698509,3.70013035583176,0.001621190648063,36.11677307398493,0.0006,3.702,1888.547,14
14,24,1.7938155707698509,3.1849191636206355,-4.027023144060981,38.166220991853145,4.0,1.377,2763.172,14
14,24,1.7938155707698509,3.608027011648937,-0.0026529669425631,38.27578813325525,0.0006,3.605,2773.953,14
14,24,1.7938155707698509,3.1805378128347974,-4.026345698459447,38.22844023585319,4.0,1.373,2784.781,14
14,24,1.7938155707698509,3.6044125773343656,-0.0003239008289245,38.31358778390158,0.0006,3.601,2795.594,14
14,24,1.7938155707698509,3.250029330050453,-4.025172221067451,36.927051571945945,4.0,1.436,2287.922,14
14,24,1.7938155707698509,3.661416100182254,-0.0023833301783578,36.98146982419439,0.0006,3.662,2298.719,14
14,24,1.7938155707698509,3.169177166436088,-4.025006121779564,38.30582614918237,4.0,1.363,2827.937,14
14,24,1.7938155707698509,3.624321149849929,-0.0021344091602258,37.90973305933348,0.0006,3.623,2665.953,14
14,24,1.7938155707698509,3.163285564211868,-4.02494124334353,38.39589381926883,4.0,1.357,2849.515,14
14,24,1.7938155707698509,3.590565827511068,-0.002596230921231,38.50554658764609,0.0006,3.586,2860.312,14
14,24,1.7938155707698509,3.157196516859348,-4.027061231953077,38.43378942244303,4.0,1.353,2871.109,14
14,24,1.7938155707698509,3.585125069370964,-0.0019697160311455,38.56338232166078,0.0006,3.581,2881.969,14
14,24,1.7938155707698509,3.2407552149989622,-4.029328017656563,37.14842629213198,4.0,1.427,2374.437,14
14,24,1.7938155707698509,3.654481425645458,-0.0009779596808197,37.19696506962216,0.0006,3.654,2385.265,14
14,24,1.7938155707698509,3.1413973886746107,-4.027690032067022,38.620529509003006,4.0,1.339,2914.5,14
14,24,1.7938155707698509,3.611809448560619,-0.0002474909568721,38.19157963755666,0.0006,3.609,2752.406,14
14,24,1.7938155707698509,3.254601011934539,-4.0258708290244805,36.81710844662904,4.0,1.439,2244.703,14
14,24,1.7938155707698509,3.664988289576168,-0.0002714285232442,36.86466760483587,0.0006,3.665,2255.453,14
14,24,1.7938155707698509,3.252518153401124,-4.024844476375061,36.86911102955226,4.0,1.438,2266.219,14
14,24,1.7938155707698509,3.663398574391567,-0.0025209198571926,36.926640710644335,0.0006,3.664,2277.078,14
14,24,1.7938155707698509,2.8903942128950555,-4.026943423561269,39.57222974244715,4.0,1.114,3152.047,14
14,24,1.7938155707698509,3.350875986435616,0.001490853494796,39.66146952475956,0.0006,3.337,3162.828,14
14,24,1.7938155707698509,3.248033675210931,-4.026714105743259,36.94124425555423,4.0,1.433,2309.515,14
14,24,1.7938155707698509,3.595367250687875,-0.001055458823367,38.41954036366204,0.0008,3.591,2838.734,14
14,24,1.7938155707698509,3.245585189261983,-4.024807759419248,37.00506382978319,4.0,1.431,2331.078,14
14,24,1.7938155707698509,3.657953829395268,-0.0034206578465058,37.07260461926789,0.0006,3.658,2341.906,14
14,24,1.7938155707698509,3.243665079761785,-4.025279750620097,37.07952300936388,4.001,1.429,2352.75,14
14,24,1.7938155707698509,3.656200048779779,0.0013469733243708,37.136578060573896,0.0008,3.657,2363.578,14
14,24,1.7938155707698509,3.2207026310999853,-4.0284529948434935,37.62416725310117,4.0,1.409,2547.156,14
14,24,1.7938155707698509,3.637459107699607,-0.003000885606536,37.64582358472322,0.0006,3.636,2557.922,14
14,24,1.7938155707698509,3.238950536639671,-4.026084472826803,37.1804653152581,4.0,1.426,2396.047,14
14,24,1.7938155707698509,3.666870149678701,-0.001460447372744,36.84145128362027,0.0006,3.668,2233.937,14
14,24,1.7938155707698509,2.973771864653238,-4.025609138009979,39.33187253899012,4.0,1.191,3108.812,14
14,24,1.7938155707698509,3.426081873282281,-0.0002671120254989,39.45245111710509,0.0006,3.415,3119.625,14
14,24,1.7938155707698509,2.936416721340509,-4.02559235513315,39.45661757960281,4.0,1.157,3130.469,14
14,24,1.7938155707698509,3.392098182025609,-0.0025411197403518,39.57366142876612,0.0006,3.381,3141.25,14
14,24,1.7938155707698509,3.2081219094440097,-4.024436061019796,37.772661765955256,4.0,1.399,2633.453,14
14,24,1.7938155707698509,3.627518220407589,-0.0010369973436127,37.86596008994071,0.0006,3.626,2644.281,14
14,24,1.7938155707698509,2.835745844881312,-4.023234845990178,39.689099340786406,4.0,1.064,3173.64,14
14,24,1.7938155707698509,3.5320089016145344,-0.0019497793782687,39.0165599990107,0.0006,3.525,3011.594,14
14,24,1.7938155707698509,2.767505947145831,-4.022453918530768,39.85708359430729,4.0,1.004,3195.328,14
14,24,1.7938155707698509,3.2382789903083147,-0.0032443336585587,39.97769894272298,0.0006,3.221,3206.094,14
14,24,1.7938155707698509,2.6792441137433847,-4.025337265816086,39.97172083871262,4.0,0.933,3216.844,14
14,24,1.7938155707698509,3.160665414154661,0.0007509434256291,40.13646957180441,0.0006,3.14,3227.656,14
14,24,1.7938155707698509,3.193189294327748,-4.024128795267741,38.01628857787767,4.0,1.384,2720.062,14
14,24,1.7938155707698509,3.6151358667796094,-0.0002140158198232,38.11498724070449,0.0006,3.612,2730.812,14
14,24,1.7938155707698509,2.2881729298596616,-4.024162172817744,40.34983077690182,4.0,0.667,3259.937,14
14,24,1.7938155707698509,3.4548075796495827,-0.0019792439735196,39.34592089392443,0.0006,3.445,3098.0,14
14,24,1.7938155707698509,3.2144670577466674,-4.025303090255773,37.665315376552485,4.0,1.403,2590.437,14
14,24,1.7938155707698509,3.632299145364832,-7.095412693544524e-06,37.75399990963707,0.0006,3.631,2601.187,14
14,24,1.7938155707698509,3.211065050629579,-4.024819928452487,37.71361448250904,4.0,1.401,2611.922,14
14,24,1.7938155707698509,3.630017062204793,-0.0009575270368908,37.81558715119288,0.0006,3.628,2622.687,14
14,24,1.7938155707698509,3.19308664182206,-0.0031037449339228,37.86515563616307,0.0006,-0.0,3504.297,14
14,24,1.7938155707698509,3.19853864736329,-0.0013073321880909,37.7170212417107,0.0006,0.0,3515.531,14
14,24,1.7938155707698509,3.204543771144335,-4.024210841242953,37.83840979324416,4.001,1.395,2655.109,14
14,24,1.7938155707698509,3.300816749217359,0.0006651694627591,39.81243731437108,0.0006,3.286,3184.469,14
14,24,1.7938155707698509,3.201122041638535,-4.025005734137127,37.94513830610431,4.0,1.393,2676.781,14
14,24,1.7938155707698509,3.621803606542577,-0.0012193743797034,37.98720086324207,0.0006,3.62,2687.609,14
14,24,1.7938155707698509,3.197314451220385,-4.023203057141128,37.95339873036996,4.0,1.389,2698.437,14
14,24,1.7938155707698509,3.61859887409367,-0.0010379005456204,38.06020213577262,0.0006,3.615,2709.234,14
14,24,1.7938155707698509,3.1499252390700536,-4.028117973801227,38.47645246344281,4.0,1.347,2892.812,14
14,24,1.7938155707698509,3.579249074998465,-0.0032027577125279,38.61300517348126,0.0006,3.575,2903.609,14
14,24,1.7938155707698509,3.189234761837543,-4.026307862158859,38.10182118124077,4.0,1.382,2741.578,14
14,24,1.7938155707698509,3.635207212127941,-0.0041697905830665,37.6948808746042,0.0006,3.634,2579.594,14
14,24,1.7938155707698509,3.166975557429204,-1.127098724691629e-05,38.509718133864254,0.0006,0.0,3459.5,14
14,24,1.7938155707698509,3.174114233235936,0.001594134415794,38.347416717398026,0.0006,0.0,3470.687,14
14,24,1.7938155707698509,3.180968083201453,-0.0013682926519842,38.19219166894166,0.0006,0.0,3481.906,14
14,24,1.7938155707698509,3.186921533080182,-0.0023924644500923,38.01965548371673,0.0006,0.0,3493.109,14
14,24,1.7938155707698509,3.108822932882868,-4.02530122870264,38.821834203195145,4.0,1.31,2979.187,14
14,24,1.7938155707698509,3.544320256982738,-0.0015434658240011,38.884378962326856,0.0006,3.539,2990.031,14
14,24,1.7938155707698509,3.2038415218143528,-0.0025206545715387,37.57861722213618,0.0006,0.0,3526.734,14
14,24,1.7938155707698509,3.0525049359459238,-0.0026428488383088,39.808629788307314,0.0006,0.0,3358.672,14
14,24,1.7938155707698509,3.21331167577367,-0.0030238494045521,37.2708714188444,0.0006,0.0,3549.234,14
14,24,1.7938155707698509,3.217825275947147,-0.0014522537442639,37.13804482892991,0.0006,0.0,3560.39,14
14,24,1.7938155707698509,3.222123106796812,-0.0004547877240495,36.99099721701525,0.0006,0.0,3571.703,14
14,24,1.7938155707698509,3.226024889506005,-0.0030030401931253,36.85245694561727,0.0006,0.0,3582.937,14
14,24,1.7938155707698509,3.0336479343150917,-4.026420086996566,39.1855512594631,4.0,1.243,3065.64,14
14,24,1.7938155707698509,3.478994745805059,-0.0015076261235705,39.27596274244359,0.0006,3.471,3076.453,14
14,24,1.7938155707698509,3.2368829032247253,-0.0014118025861258,36.44917167434368,0.0006,-0.0,3616.594,14
14,24,1.7938155707698509,3.158693485787789,-0.0011221619497467,38.66559099981848,0.0006,0.0,3448.25,14
14,24,1.7938155707698509,3.1324499718755043,-4.025040203429168,38.69839437715534,4.0,1.33,2936.015,14
14,24,1.7938155707698509,3.564201110739327,0.0006651931099404,38.75687160775664,0.0006,3.558,2946.781,14
14,24,1.7938155707698509,3.121748950880338,-4.024489762826964,38.73927130637471,4.0,1.322,2957.547,14
14,24,1.7938155707698509,3.5551949885525054,-0.0010650483411506,38.83580885346598,0.0006,3.55,2968.312,14
14,24,1.7938155707698509,3.2899543613048188,-0.0004758130033904,34.03985325486711,0.0006,0.0,3863.062,14
14,24,1.7938155707698509,3.29164172594873,0.0008714245561968,33.93185082523915,0.0006,0.0,3874.312,14
14,24,1.7938155707698509,3.0946050094887867,-4.02648104128957,38.867659854886206,4.0,1.297,3000.844,14
14,24,1.7938155707698509,3.2087872820514973,-0.0027437460262381,37.4273823147936,0.0006,0.0,3538.031,14
14,24,1.7938155707698509,3.077144958668286,-4.025475492220583,38.95914555679412,4.0,1.281,3022.484,14
14,24,1.7938155707698509,3.5164624725934592,-0.0002048405394339,39.09621708313797,0.0006,3.509,3033.25,14
14,24,1.7938155707698509,3.0574305721841624,-4.025687568205004,39.06391468088166,4.0,1.265,3044.031,14
14,24,1.7938155707698509,3.4994384298280727,-0.0014870027188659,39.20937002168323,0.0006,3.492,3054.797,14
14,24,1.7938155707698509,2.544069662831233,-4.026686261250086,40.17629844693779,4.0,0.829,3238.422,14
14,24,1.7938155707698509,3.051413225220956,-0.0003309977089718,40.31132780140739,0.0006,3.019,3249.172,14
14,24,1.7938155707698509,3.0062489261611374,-4.023891844550029,39.26980241388532,4.0,1.218,3087.234,14
14,24,1.7938155707698509,3.571884655006375,-0.0003577960004726,38.69988726192189,0.0006,3.567,2925.25,14
14,24,1.7938155707698509,3.282713865990344,-0.0024226625142871,34.402034570221424,0.0006,0.0,3818.25,14
14,24,1.7938155707698509,3.2845206908409783,-0.0055314663498075,34.31638823290445,0.0006,0.0,3829.437,14
14,24,1.7938155707698509,3.2864990816705446,-0.0010595118773708,34.2233963782654,0.0006,0.0,3840.609,14
14,24,1.7938155707698509,3.2881413730393243,-0.0013990255309605,34.11878066239078,0.0006,-0.0,3851.844,14
14,24,1.7938155707698509,2.9734171477386764,-0.0020572056245835,40.41471711188359,0.0006,0.001,3325.406,14
14,24,1.7938155707698509,3.004460744631759,-0.0056725672890858,40.232383415727945,0.0006,0.0,3336.437,14
14,24,1.7938155707698509,3.2934363156094832,-0.0037857549859364,33.85446464862832,0.0006,0.0,3885.515,14
14,24,1.7938155707698509,3.263178214076908,-0.0011623369385136,35.350419050913054,0.0006,-0.0,3717.406,14
14,24,1.7938155707698509,3.2965713138803188,-0.0027086486130205,33.68260092381269,0.0006,-0.0,3907.906,14
14,24,1.7938155707698509,3.297945864841798,-0.0052204626793043,33.605130665978336,0.0006,0.0,3919.078,14
14,24,1.7938155707698509,3.299625513534777,-0.0041639940529732,33.5129642634205,0.0006,0.0,3930.265,14
14,24,1.7938155707698509,3.300754555488656,-0.0001254295128816,33.424987721157684,0.0006,0.0,3941.515,14
14,24,1.7938155707698509,3.1295104335307653,0.0030745216448003,39.16530093332637,0.0006,0.0,3414.64,14
14,24,1.7938155707698509,3.1404504023266884,-0.0004609528745046,39.00665481473042,0.0006,0.0,3425.875,14
14,24,1.7938155707698509,3.3050059710156034,-0.002621400860722,33.18681877216577,0.0006,-0.0,3975.172,14
14,24,1.7938155707698509,3.280932081201547,-0.0006773383690094,34.514142453415126,0.0006,0.0,3807.031,14
14,24,1.7938155707698509,1.8782785619868927,-3.944524509152599,40.59976918451364,4.0,0.338,3281.422,14
14,24,1.7938155707698509,2.770097893588433,-0.0058098945822752,40.78648924035223,0.0006,-0.0,3292.469,14
14,24,1.7938155707698509,2.87826652544745,-0.0022612720318773,40.75933469833274,0.0006,0.001,3303.375,14
14,24,1.7938155707698509,2.9347097429582045,-0.0043731118369537,40.57220161801897,0.0006,-0.0,3314.39,14
14,24,1.7938155707698509,3.32773345535973,0.0014309852350766,31.710243846933555,0.0006,-0.0,4221.5,14
14,24,1.7938155707698509,3.3281247605608484,-0.0008095080071452,31.65256336099429,0.0006,0.0,4232.672,14
14,24,1.7938155707698509,3.030172491042366,-0.0002263374996131,40.07763721228666,0.0006,0.0,3347.469,14
14,24,1.7938155707698509,3.2948724264622093,-0.0046236540937068,33.78061813291251,0.0006,0.0,3896.703,14
14,24,1.7938155707698509,3.0718272898772927,-0.0010577884807537,39.70618482871513,0.0006,-0.0,3369.875,14
14,24,1.7938155707698509,3.089001784032725,-0.0011112029937359,39.60217594854025,0.0006,0.0,3381.062,14
14,24,1.7938155707698509,3.1041487277486985,4.100095135246541e-05,39.46567502796169,0.0006,0.0,3392.219,14
14,24,1.7938155707698509,3.1176514957408505,-0.0016113087950676,39.31890598631181,0.0006,0.0,3403.453,14
14,24,1.7938155707698509,3.2299497453631663,-0.0019014413447867,36.70884425485936,0.0006,0.0,3594.156,14
14,24,1.7938155707698509,3.233542804762989,-0.0045540288456595,36.588082181183005,0.0006,0.0,3605.422,14
14,24,1.7938155707698509,3.150155906862806,-0.0035709899246066,38.83127097927788,0.0006,0.0,3437.078,14
14,24,1.7938155707698509,2.9056183034312904,0.0005001587619802,40.48928802507035,0.0006,2.841,3270.672,14
14,24,1.7938155707698509,3.3240998269512008,-0.0014063760227899,31.95219123792599,0.0006,0.0,4176.719,14
14,24,1.7938155707698509,3.324858846136918,0.000821643714757,31.884357333421757,0.0006,0.0,4187.906,14
14,24,1.7938155707698509,3.325922699189945,0.0003445419111224,31.829744623034216,0.0006,0.0,4199.047,14
14,24,1.7938155707698509,3.3267840972089515,-0.0048807096670422,31.76920708685257,0.0006,0.0,4210.234,14
14,24,1.7938155707698509,3.255445944203551,-0.0035943565943013,35.7033655299264,0.0006,0.0,3683.844,14
14,24,1.7938155707698509,3.2580833265551408,-0.0004886897508568,35.573371386215825,0.0006,-0.0,3695.062,14
14,24,1.7938155707698509,3.3293778010139965,-0.0025559906113615,31.60289263333737,0.0006,-0.0,4243.875,14
14,24,1.7938155707698509,3.315419468326625,0.0016826873654781,32.538250754801815,0.0006,-0.0,4075.953,14
14,24,1.7938155707698509,3.330582215608497,0.0002676247393617,31.49593719625618,0.0008,-0.0,4266.219,14
14,24,1.7938155707698509,3.3313836464243924,-0.0018670129547919,31.430887446748027,0.0006,0.0,4277.453,14
14,24,1.7938155707698509,3.3321420477746955,-0.0032580929982556,31.378762081639223,0.0006,0.0,4288.672,14
14,24,1.7938155707698509,3.332850790798469,0.0012666059846764,31.325647544985724,0.0006,-0.0,4299.922,14
14,24,1.7938155707698509,3.274755928181397,-0.0019514889449378,34.80820356499097,0.0006,0.0,3773.422,14
14,24,1.7938155707698509,3.276841063154341,-0.0002299536016511,34.694224225669856,0.0006,0.0,3784.625,14
14,24,1.7938155707698509,3.3355945474909734,-0.0019219436030142,31.1846446149778,0.0006,-0.0,4333.484,14
14,24,1.7938155707698509,3.3231867042662504,-0.0026236753978021,32.01129706513657,0.0006,0.0,4165.578,14
14,24,1.7938155707698509,3.243630586906494,-0.0014335724318166,36.177532375129566,0.0006,0.0,3638.984,14
14,24,1.7938155707698509,3.246809263457016,-0.0018522961639193,36.0558530355314,0.0006,0.0,3650.187,14
14,24,1.7938155707698509,3.2498176298983337,-0.0014637270771657,35.928483306077574,0.0006,-0.0,3661.39,14
14,24,1.7938155707698509,3.2526445831819712,-0.0038863519955035,35.81042418989506,0.0006,0.0,3672.594,14
14,24,1.7938155707698509,3.346367061178628,0.0012266373913785,30.237461964002968,0.0006,0.0,4580.015,14
14,24,1.7938155707698509,3.3469303350446853,-0.0013147571478214,30.20756421492354,0.0006,0.0,4591.219,14
14,24,1.7938155707698509,3.2608706231433278,0.0001335325843499,35.45449069648233,0.0006,0.0,3706.234,14
14,24,1.7938155707698509,3.3298211771617727,-0.0025363620124432,31.5476280960823,0.0006,0.0,4255.078,14
14,24,1.7938155707698509,3.265661238497904,-0.0002208425572199,35.235778328739535,0.0006,-0.0,3728.594,14
14,24,1.7938155707698509,3.2679147404965363,-0.0036884732277806,35.12549758882549,0.0006,0.0,3739.812,14
14,24,1.7938155707698509,3.270418095300813,-0.0003907970808283,35.00657199161556,0.0006,0.0,3751.0,14
14,24,1.7938155707698509,3.27244519558506,-0.0020793358139391,34.89911374974709,0.0006,0.0,3762.187,14
14,24,1.7938155707698509,3.302389567689621,-0.0025775423973513,33.35226745662272,0.0006,-0.0,3952.812,14
14,24,1.7938155707698509,3.303610365622541,-0.0022424270201665,33.266905596448545,0.0006,-0.0,3963.984,14
14,24,1.7938155707698509,3.27887517081574,-0.0008772800834889,34.610916803799405,0.0006,0.0,3795.844,14
14,24,1.7938155707698509,3.2404572096073743,-0.0064011169575436,36.31899267448257,0.0006,0.0,3627.812,14
14,24,1.7938155707698509,3.344741877891369,-0.0017612492293395,30.39118805308843,0.0006,-0.0,4535.281,14
14,24,1.7938155707698509,3.34510526217837,-0.0018979976870336,30.34762549018968,0.0006,0.0,4546.453,14
14,24,1.7938155707698509,3.3454843256814057,0.0007235338532764,30.317608383399627,0.0006,-0.0,4557.609,14
14,24,1.7938155707698509,3.346014753117922,-0.000545453951596,30.269102717000592,0.0006,0.0,4568.781,14
14,24,1.7938155707698509,3.3124642218903118,-0.0017620690196826,32.74095144003663,0.0006,0.0,4042.422,14
14,24,1.7938155707698509,3.313196129486821,-0.0004846794548584,32.67139231380363,0.0006,-0.0,4053.578,14
14,24,1.7938155707698509,3.3474465270657205,-0.002304837324165,30.16322889515401,0.0006,0.0,4602.437,14
14,24,1.7938155707698509,3.3402444397412823,-0.0040306832850745,30.757213417457542,0.0006,0.0,4434.344,14
14,24,1.7938155707698509,3.348224302486724,-0.0014186220822999,30.098632613879257,0.0006,-0.0,4624.844,14
14,24,1.7938155707698509,3.3486013784820234,-0.0006679791158076,30.059884376581177,0.0006,0.0,4636.062,14
14,24,1.7938155707698509,3.3489135652471944,-0.001943956100163,30.03379246325123,0.0006,0.0,4647.234,14
14,24,1.7938155707698509,3.34936747043545,-0.0008932872417108,30.00043890708366,0.0006,0.0,4658.453,14
14,24,1.7938155707698509,3.3204669743456887,-0.0023856718925152,32.199918895110414,0.0006,0.0,4132.015,14
14,24,1.7938155707698509,3.321345799742649,-0.0039390681827138,32.15460031627528,0.0006,0.0,4143.156,14
14,24,1.7938155707698509,3.350382824429221,-0.0033848002413003,29.889340371875782,0.0006,0.0,4692.0,14
14,24,1.7938155707698509,3.3441567015654505,-0.0043066951831014,30.43828726043261,0.0006,0.0,4524.0,14
14,24,1.7938155707698509,3.307605136831753,-0.0014932974388208,33.02283888485183,0.0006,-0.0,3997.484,14
14,24,1.7938155707698509,3.308474364248574,-0.0044926377555055,32.946266654828946,0.0006,0.0,4008.687,14
14,24,1.7938155707698509,3.309913019155015,-0.0058179369145078,32.89212810221639,0.0006,-0.0,4019.953,14
14,24,1.7938155707698509,3.31118874805564,0.0001649067155605,32.8293762028227,0.0006,-0.0,4031.203,14
14,24,1.7938155707698509,3.3572181869289346,0.0007188659747605,29.296155846601675,0.0006,-0.0,4938.281,14
14,24,1.7938155707698509,3.3575356511877668,-0.0047341781993245,29.264577027003767,0.0006,0.0,4949.437,14
14,24,1.7938155707698509,3.3144092686235496,0.0013566457984408,32.60984547587617,0.0006,0.0,4064.781,14
14,24,1.7938155707698509,3.3475995334931543,-0.0040709063623531,30.13080707553978,0.0006,-0.0,4613.656,14
14,24,1.7938155707698509,3.316384289190672,-0.0033553773055968,32.46313535943153,0.0006,0.0,4087.14,14
14,24,1.7938155707698509,3.3176179271155037,-0.0049476114966839,32.394272637878906,0.0006,0.0,4098.375,14
14,24,1.7938155707698509,3.31841655327546,-0.0022368606892804,32.32680746889628,0.0006,0.0,4109.656,14
14,24,1.7938155707698509,3.319316309975315,-0.003293148986045,32.27067507087186,0.0006,0.0,4120.859,14
14,24,1.7938155707698509,3.333408892183725,0.0008257895877443,31.283128479333413,0.0006,-0.0,4311.14,14
14,24,1.7938155707698509,3.333920248968086,-0.0037806971214761,31.230580097826167,0.0006,0.0,4322.281,14
14,24,1.7938155707698509,3.322223989942828,0.0004371835387012,32.09989173417369,0.0006,0.0,4154.422,14
14,24,1.7938155707698509,3.3060410907731903,-0.0017826453525526,33.106375700358264,0.0006,-0.0,3986.328,14
14,24,1.7938155707698509,3.356088772982342,-0.0022516753250021,29.40026704185233,0.0006,-0.0,4893.437,14
14,24,1.7938155707698509,3.356554605153792,-0.003682597639469,29.375196207843747,0.0006,-0.0,4904.625,14
14,24,1.7938155707698509,3.3565468177467648,-0.0044875662824219,29.348674347772704,0.0006,0.0,4915.844,14
14,24,1.7938155707698509,3.356969508977458,-0.0021252089328764,29.31388731661371,0.0006,0.0,4927.078,14
14,24,1.7938155707698509,3.338514488298599,-0.0011901493267999,30.891467921695284,0.0006,-0.0,4400.75,14
14,24,1.7938155707698509,3.33879880158584,-0.0009837859456536,30.845370839945765,0.0006,0.0,4411.953,14
14,24,1.7938155707698509,3.3577601821218326,0.0005679747826267,29.246734834343464,0.0006,-0.0,4960.656,14
14,24,1.7938155707698509,3.353487042248801,-0.0035689049626357,29.642899386595623,0.0006,0.0,4792.75,14
14,24,1.7938155707698509,3.3582550153916304,0.0017378937516319,29.19543216618588,0.0006,-0.0,4983.047,14
14,24,1.7938155707698509,3.358517938317821,0.0015989337653735,29.187446744775745,0.0006,0.0,4994.25,14
14,24,1.7938155707698509,3.358539797767057,-0.0038612517990162,29.168734586648444,0.0006,0.0,5005.406,14
14,24,1.7938155707698509,3.3589720867043256,-0.0044298113177078,29.13433914744758,0.0006,0.0,5016.531,14
14,24,1.7938155707698509,3.3427799721440024,-0.0018128638140539,30.547910090814653,0.0006,-0.0,4490.453,14
14,24,1.7938155707698509,3.3432972531320173,-0.0019472200951271,30.51515610104714,0.0006,0.0,4501.578,14
14,24,1.7938155707698509,3.359513921143735,-0.0004441149282582,29.084594529535146,0.0006,0.0,5050.109,14
14,24,1.7938155707698509,3.3559837622622624,-0.0020419646494583,29.424103756194057,0.0006,0.0,4882.281,14
14,24,1.7938155707698509,3.336005063774629,-0.0016738602403518,31.08435302772581,0.0006,-0.0,4355.906,14
14,24,1.7938155707698509,3.336581895646129,-0.0019745867049129,31.03521027300064,0.0006,0.0,4367.125,14
14,24,1.7938155707698509,3.3373981374657893,0.0001344684904272,30.99201768891012,0.0006,0.0,4378.359,14
14,24,1.7938155707698509,3.337768891063696,-0.0042781798871286,30.93783588505016,0.0006,0.0,4389.531,14
14,24,1.7938155707698509,3.3641833430158186,-0.0031139194678564,28.656016366453706,0.0006,0.0,5296.234,14
14,24,1.7938155707698509,3.364424417964676,-0.0007581897385612,28.649716313021624,0.0006,0.0,5307.406,14
14,24,1.7938155707698509,3.33959714748987,-0.0007447141694,30.79893892424383,0.0006,0.0,4423.172,14
14,24,1.7938155707698509,3.357763217725157,-0.002469946423768,29.226856518550907,0.0006,0.0,4971.812,14
14,24,1.7938155707698509,3.3406269384790206,-0.0032767287117656,30.725032240059523,0.0006,-0.0,4445.578,14
14,24,1.7938155707698509,3.341085141879998,-0.0050108803089298,30.68349412951919,0.0006,-0.0,4456.797,14
14,24,1.7938155707698509,3.341533126618073,-0.0035301802455299,30.632643475498348,0.0006,0.0,4467.984,14
14,24,1.7938155707698509,3.3420414321748777,-0.001338946084414,30.587100763406795,0.0006,0.0,4479.203,14
14,24,1.7938155707698509,3.3498533850831747,-0.0013287021452773,29.96448212861359,0.0006,0.0,4669.656,14
14,24,1.7938155707698509,3.350170844402231,-0.0028182883415986,29.925780988282032,0.0006,0.0,4680.844,14
14,24,1.7938155707698509,3.3438511535231785,-0.002520499550447,30.48034359484641,0.0006,0.0,4512.734,14
14,24,1.7938155707698509,3.3353464871014618,-0.0008963510746329,31.133690643242616,0.0006,0.0,4344.719,14
14,24,1.7938155707698509,3.363386755684345,-0.0006201318210201,28.715754777336784,0.0006,-0.0,5251.453,14
14,24,1.7938155707698509,3.363632715890212,-0.0034637865844254,28.71065111920517,0.0006,0.0,5262.594,14
14,24,1.7938155707698509,3.363832647166154,-0.0038134632364193,28.69350916294158,0.0006,0.0,5273.844,14
14,24,1.7938155707698509,3.363940083130593,-0.0017786950920877,28.66552756028793,0.0006,-0.0,5285.0,14
14,24,1.7938155707698509,3.352536413457714,-0.0016205168933717,29.71714252104648,0.0006,0.0,4759.172,14
14,24,1.7938155707698509,3.3528897510309394,-0.0005801260539348,29.694851548068417,0.0006,0.0,4770.344,14
14,24,1.7938155707698509,3.364477512002856,-0.0021463376100327,28.62933242984184,0.0006,0.0,5318.656,14
14,24,1.7938155707698509,3.361449245035766,-0.0033990497245786,28.895893877372263,0.0006,0.0,5150.781,14
14,24,1.7938155707698509,3.364836741415948,-0.0015778742019081,28.59819450144916,0.0006,-0.0,5341.062,14
14,24,1.7938155707698509,3.365065337087457,-0.0005497514395231,28.574815117515293,0.0008,0.0,5352.265,14
14,24,1.7938155707698509,3.365106118330437,-0.0051159498043268,28.553815611753052,0.0006,0.0,5363.484,14
14,24,1.7938155707698509,3.3653300734356333,-9.325387501998842e-05,28.554178955209327,0.0006,0.0,5374.687,14
14,24,1.7938155707698509,3.3552195821765154,-0.0022378046742833,29.495441681165616,0.0006,-0.0,4848.75,14
14,24,1.7938155707698509,3.355239067309311,-0.0017025489906208,29.474430738245164,0.0006,0.0,4859.89,14
14,24,1.7938155707698509,3.366038298075573,-0.0016422702770745,28.494397363344397,0.0006,0.0,5408.281,14
14,24,1.7938155707698509,3.3630680097365606,-0.003734435548581,28.746040009862774,0.0006,0.0,5240.234,14
14,24,1.7938155707698509,3.3512032454385188,-0.0024071331606213,29.841097184723587,0.0006,0.0,4714.359,14
14,24,1.7938155707698509,3.351463109829849,-1.5933089448524547e-05,29.807620024553845,0.0006,0.0,4725.562,14
14,24,1.7938155707698509,3.3518450696794084,0.0020330340587506,29.78297335355757,0.0006,-0.0,4736.765,14
14,24,1.7938155707698509,3.3520721000474403,-0.0036480922435394,29.75669205625872,0.0006,-0.0,4747.906,14
14,24,1.7938155707698509,3.3693725176219536,-0.0007303292733693,28.220568506817653,0.0006,-0.0,5654.797,14
14,24,1.7938155707698509,3.3693554928719944,-0.001755553917016,28.203763392908776,0.0006,0.0,5666.015,14
14,24,1.7938155707698509,3.3530823014008644,-0.0021469634262241,29.669406900245885,0.0006,-0.0,4781.5,14
14,24,1.7938155707698509,3.364662460477025,-0.0052048646069663,28.608198559964222,0.0006,0.0,5329.875,14
14,24,1.7938155707698509,3.3538091359014883,-0.0030241933214637,29.61185022931367,0.0006,0.0,4804.015,14
14,24,1.7938155707698509,3.3542910859584105,-0.0032090828624553,29.59029167181528,0.0006,-0.0,4815.203,14
14,24,1.7938155707698509,3.354388355941942,-0.0028024136585887,29.556923886701927,0.0006,-0.0,4826.39,14
14,24,1.7938155707698509,3.354553562662746,-0.0027540737421062,29.52670476797863,0.0006,0.0,4837.578,14
14,24,1.7938155707698509,3.359240742057445,0.0016324000047004,29.12724791773198,0.0006,-0.0,5027.719,14
14,24,1.7938155707698509,3.3594126212350486,-0.0038441152346119,29.10638157442669,0.0006,0.0,5038.875,14
14,24,1.7938155707698509,3.3555958058163187,-0.0055471233654691,29.4491344846728,0.0006,0.0,4871.094,14
14,24,1.7938155707698509,3.350924079891442,-0.0016953545666185,29.86379289286034,0.0006,-0.0,4703.187,14
14,24,1.7938155707698509,3.3687400485583106,-0.0018825398105015,28.25623387314737,0.0006,-0.0,5609.969,14
14,24,1.7938155707698509,3.368737047577629,-0.0008385479579906,28.249379000988988,0.0006,0.0,5621.172,14
14,24,1.7938155707698509,3.36900100229472,-0.0027754673479943,28.244234590574685,0.0006,0.0,5632.406,14
14,24,1.7938155707698509,3.369111830970366,-0.0017180419512255,28.224730614610305,0.0006,0.0,5643.656,14
14,24,1.7938155707698509,3.3609797152840266,-0.0008545518949465,28.95430813608917,0.0006,-0.0,5117.234,14
14,24,1.7938155707698509,3.361112537605526,-0.0018060510410177,28.93927620269585,0.0006,0.0,5128.406,14
14,24,1.7938155707698509,3.369706509438703,-0.0016888697528827,28.20090330001342,0.0006,0.0,5677.234,14
14,24,1.7938155707698509,3.367361058410029,-0.0036082795881764,28.37517542839977,0.0006,0.0,5509.172,14
14,24,1.7938155707698509,3.369853114452204,-0.0013684629508898,28.17365170123848,0.0006,0.0,5699.64,14
14,24,1.7938155707698509,3.369950055425091,-0.0026642450081904,28.16935095080324,0.0006,0.0,5710.859,14
14,24,1.7938155707698509,3.370080599181481,-9.11285521573706e-05,28.15521117524708,0.0006,0.0,5722.125,14
14,24,1.7938155707698509,3.37031543094896,-0.0028117013874935,28.14070695600348,0.0006,0.0,5733.328,14
14,24,1.7938155707698509,3.362578497591372,-0.003161184723937,28.790811879628244,0.0006,0.0,5206.687,14
14,24,1.7938155707698509,3.362734542492284,-0.0022123994080895,28.76513308172512,0.0006,0.0,5217.859,14
14,24,1.7938155707698509,3.370630394865413,-0.0016160611651506,28.100931114891228,0.0006,0.0,5766.89,14
14,24,1.7938155707698509,3.368492600605718,-0.0028116690982581,28.28076691959873,0.0006,0.0,5598.797,14
14,24,1.7938155707698509,3.360093289516573,-0.0026722016178896,29.039734390882582,0.0006,0.0,5072.5,14
14,24,1.7938155707698509,3.360279770647553,-0.0023095143750784,29.018900255047605,0.0006,0.0,5083.656,14
14,24,1.7938155707698509,3.3606180822405025,-0.0026696016241866,28.99033849165387,0.0006,0.0,5094.828,14
14,24,1.7938155707698509,3.3608039186436995,-0.0015154752809446,28.96595770023718,0.0006,0.0,5106.047,14
14,24,1.7938155707698509,3.3734738915892897,-0.0026590639204513,27.90962981828969,0.0006,-0.0,6013.39,14
14,24,1.7938155707698509,3.373558233626634,-0.0027223542852635,27.901553885674687,0.0006,0.0,6024.594,14
14,24,1.7938155707698509,3.361377866515363,-0.0032000461033313,28.91079874521852,0.0006,-0.0,5139.578,14
14,24,1.7938155707698509,3.369737586039376,-0.0002671395266646,28.185805573826705,0.0006,-0.0,5688.437,14
14,24,1.7938155707698509,3.361843064607328,-0.0033017977455291,28.879704729131248,0.0006,-0.0,5161.969,14
14,24,1.7938155707698509,3.3620083739432234,-0.0007449350440263,28.85572031497571,0.0006,0.0,5173.125,14
14,24,1.7938155707698509,3.362232840291396,-0.0026261367769071,28.83535513415517,0.0006,0.0,5184.281,14
14,24,1.7938155707698509,3.3622590654868536,-0.0021441871073263,28.820803096890728,0.0006,0.0,5195.469,14
14,24,1.7938155707698509,3.36562562447992,-0.0011780340033172,28.533985264480545,0.0006,0.0,5385.906,14
14,24,1.7938155707698509,3.3657339356082643,-0.0049986510875696,28.51441476442778,0.0006,0.0,5397.094,14
14,24,1.7938155707698509,3.363082331275828,-0.0021414924196914,28.76200325679545,0.0006,-0.0,5229.0,14
14,24,1.7938155707698509,3.3601172620299256,0.0018415298026281,29.06556431466668,0.0006,0.0,5061.265,14
14,24,1.7938155707698509,3.3729254579367964,-0.0014401551041468,27.943213195010514,0.0006,0.0,5968.625,14
14,24,1.7938155707698509,3.3731367883289742,-0.002099587928719,27.948871463648224,0.0006,0.0,5979.812,14
14,24,1.7938155707698509,3.3732820236143928,-0.0020152118520399,27.9359563652994,0.0006,0.0,5990.969,14
14,24,1.7938155707698509,3.3733019474828785,-0.0001358298567031,27.9145266737998,0.0006,0.0,6002.156,14
14,24,1.7938155707698509,3.3666618625395253,-0.0017453238623381,28.41052931594149,0.0006,-0.0,5475.531,14
14,24,1.7938155707698509,3.3669166621919078,-0.0019555059243641,28.396605478929292,0.0006,0.0,5486.75,14
14,24,1.7938155707698509,3.3737152492151465,0.0002588633819651,27.895804059085567,0.0006,0.0,6035.89,14
14,24,1.7938155707698509,3.3716771447891527,0.001076766722942,28.014030633888364,0.0006,0.0,5867.719,14
14,24,1.7938155707698509,3.373856404761504,-0.0023808694419565,27.87232628591529,0.0006,-0.0,6058.375,14
14,24,1.7938155707698509,3.3740836543043877,-0.0005805404376616,27.870572159097478,0.0006,-0.0,6069.609,14
14,24,1.7938155707698509,3.3741812004603258,-0.002641367555404,27.862410746933413,0.0006,0.0,6080.859,14
14,24,1.7938155707698509,3.374336070085024,-0.0023109955084109,27.85448694784189,0.0008,0.0,6092.0,14
14,24,1.7938155707698509,3.368104566313284,-0.001067194482519,28.319396225200745,0.0006,0.0,5565.172,14
14,24,1.7938155707698509,3.3681906176466136,-0.0011578312681053,28.305574571431197,0.0006,0.0,5576.344,14
14,24,1.7938155707698509,3.3744338802962823,-0.0022903522209128,27.83697017475963,0.0006,0.0,6125.625,14
14,24,1.7938155707698509,3.372777040624095,-0.0032023416175647,27.942987397357307,0.0006,0.0,5957.422,14
14,24,1.7938155707698509,3.366089055533755,-0.0036726104655546,28.466751244552416,0.0006,0.0,5430.734,14
14,24,1.7938155707698509,3.366257147184587,-0.0015592139022551,28.45311660998286,0.0006,0.0,5441.922,14
14,24,1.7938155707698509,3.3664540871848168,-0.0022478077566691,28.434102313537096,0.0006,0.0,5453.094,14
14,24,1.7938155707698509,3.3667385670756405,-0.0039610580730013,28.420830639888518,0.0006,0.0,5464.281,14
14,24,1.7938155707698509,3.376824541211007,6.622776480370129e-05,27.68973416690297,0.0006,0.0,6372.297,14
14,24,1.7938155707698509,3.3770892645983706,-0.0025194590986151,27.680280904813465,0.0006,0.0,6383.547,14
14,24,1.7938155707698509,3.3671583556206928,-0.0005577832673758,28.38543799495235,0.0006,-0.0,5497.937,14
14,24,1.7938155707698509,3.3737085348449543,-0.002428300773743,27.885853080322768,0.0006,0.0,6047.094,14
14,24,1.7938155707698509,3.3674213923533918,-0.0006114814729996,28.36040372946675,0.0006,0.0,5520.344,14
14,24,1.7938155707698509,3.367743651282272,-0.0023039410272477,28.35570996511161,0.0006,0.0,5531.547,14
14,24,1.7938155707698509,3.3678099976104696,-0.0002731176329969,28.343219713789956,0.0006,-0.0,5542.719,14
14,24,1.7938155707698509,3.367969193404787,-0.0015550256755993,28.334604823029807,0.0006,0.0,5553.969,14
14,24,1.7938155707698509,3.3702933102285355,-0.0005986233382018,28.125313350740637,0.0006,0.0,5744.531,14
14,24,1.7938155707698509,3.3705509073480617,-0.0020257610741826,28.1141943214984,0.0006,0.0,5755.672,14
14,24,1.7938155707698509,3.368383555551949,-0.0023641455314638,28.293521089806248,0.0006,-0.0,5587.515,14
14,24,1.7938155707698509,3.366232310810803,-0.0012726741074187,28.48960718550584,0.0006,0.0,5419.484,14
14,24,1.7938155707698509,3.37656144355481,-0.0004448666638569,27.724426216463662,0.0006,0.0,6327.484,14
14,24,1.7938155707698509,3.3770775939806725,-0.0028018680360952,27.718428961460123,0.0006,-0.0,6338.672,14
14,24,1.7938155707698509,3.376755161203717,0.0061861294480158,27.707727681911813,0.0006,-0.0,6349.906,14
14,24,1.7938155707698509,3.376753984034332,0.0013003473094775,27.704608395709336,0.0006,0.0,6361.109,14
14,24,1.7938155707698509,3.6184558771081887,-4.027719974936455,29.394701528066467,4.0,1.778,214.875,14
14,24,1.7938155707698509,4.054454687866484,0.0003004798033415,29.54595619333511,0.0006,4.055,225.672,14
14,24,1.7938155707698509,3.485913429989719,-4.026549072924468,33.071363594657626,4.0,1.661,754.719,14
14,24,1.7938155707698509,3.9429911485443743,-0.0015257064952642,32.46458769829077,0.0006,3.944,592.969,14
14,24,1.7938155707698509,3.4816185492321856,-4.0254916686720685,33.11998150751546,4.0,1.657,776.297,14
14,24,1.7938155707698509,3.895498686518296,-0.0023073818976322,33.14531301199012,0.0006,3.896,787.094,14
14,24,1.7938155707698509,3.47688961369254,-4.027049761561348,33.17828723792559,4.0,1.653,797.89,14
14,24,1.7938155707698509,3.890534569453189,-1.0005534975662545e-05,33.191642625251745,0.0006,3.89,808.609,14
14,24,1.7938155707698509,3.594055738343536,-4.024507972020285,30.19890167847424,4.0,1.758,301.297,14
14,24,1.7938155707698509,4.025856280081415,-0.0019195189677102,30.36669260569725,0.0006,4.025,312.062,14
14,24,1.7938155707698509,3.467669737436392,-4.0272072936572245,33.29061197591468,4.0,1.646,841.0,14
14,24,1.7938155707698509,3.92004598782198,-0.0041557546960969,32.876203409486045,0.0006,3.921,679.203,14
14,24,1.7938155707698509,3.632913317361582,-4.025812646500208,28.9400470927724,4.0,1.79,171.703,14
14,24,1.7938155707698509,4.070842792021122,-0.0010725061493907,29.107386933353023,0.0006,4.071,182.484,14
14,24,1.7938155707698509,3.625695060991728,-4.025417112958788,29.16332718107645,4.0,1.784,193.25,14
14,24,1.7938155707698509,4.062343338103199,-0.0012724664411565,29.31910815204541,0.0008,4.063,204.047,14
14,24,1.7938155707698509,3.4205255857401986,-4.021741905545474,33.88687370394605,4.0,1.602,1078.703,14
14,24,1.7938155707698509,3.8308324243590057,-0.0015410178431374,33.96652756278835,0.0006,3.832,1089.562,14
14,24,1.7938155707698509,3.611758334167086,-4.024323151935807,29.586451069902605,4.0,1.772,236.453,14
14,24,1.7938155707698509,3.9005659934925534,-8.94982009899938e-05,33.099138062926535,0.0008,3.9,765.531,14
14,24,1.7938155707698509,3.6058638596216808,-4.026008336240625,29.813939005616614,4.0,1.766,258.031,14
14,24,1.7938155707698509,4.039808182908232,-0.0014127744685804,29.948998650546656,0.0006,4.039,268.797,14
14,24,1.7938155707698509,3.5992301588036333,-4.02507479980436,30.00591062519759,4.0,1.762,279.734,14
14,24,1.7938155707698509,4.032626129657011,-0.0003877746550324,30.143353183062885,0.0006,4.032,290.531,14
14,24,1.7938155707698509,3.552295268338437,-4.025390686019646,31.62682247911164,4.0,1.722,474.125,14
14,24,1.7938155707698509,3.975509576803955,-0.0016321898250744,31.745904805501556,0.0006,3.975,484.953,14
14,24,1.7938155707698509,3.5883613701139754,-4.023288145580408,30.38043985473989,4.0,1.753,322.906,14
14,24,1.7938155707698509,4.079396165061572,-0.0008297519187952,28.86771152102442,0.0006,4.081,160.844,14
14,24,1.7938155707698509,3.428510477336069,-4.024938409296674,33.73843310303314,4.0,1.609,1035.484,14
14,24,1.7938155707698509,3.839192022154597,-0.0003806561676457,33.82125317711278,0.0006,3.84,1046.281,14
14,24,1.7938155707698509,3.4243373829832437,-4.025785107987478,33.83014472491759,4.0,1.605,1057.125,14
14,24,1.7938155707698509,3.834898393763365,0.000171839261561,33.90714612937428,0.0006,3.835,1067.922,14
14,24,1.7938155707698509,3.374933272345912,-0.0011265203447087,27.809688460261963,0.0006,0.0,6170.422,14
14,24,1.7938155707698509,3.3752054229768667,-0.0017557708954963,27.80320805988486,0.0006,0.0,6181.656,14
14,24,1.7938155707698509,3.3753736112081465,-0.0012733850062066,27.789585839651007,0.0006,0.0,6192.875,14
14,24,1.7938155707698509,3.375209674280225,-0.0013220632218475,27.78887025241813,0.0006,-0.0,6204.156,14
14,24,1.7938155707698509,3.583153180916028,-4.024615058062244,30.557106459642423,4.0,1.749,344.531,14
14,24,1.7938155707698509,4.013005024932877,-0.0005280838830478,30.70475938033808,0.0006,4.013,355.234,14
14,24,1.7938155707698509,4.18806162606315,-2.144803822494256e-05,26.846354528059383,0.0006,0.0,0.0,14
14,24,1.7938155707698509,4.188056521110299,-0.0013242825539548,26.849799731491117,0.0006,4.203,9.344,14
14,24,1.7938155707698509,4.136432723268128,3.545979517569104e-05,27.54477695415016,0.0006,4.142,52.859,14
